entity_id	business_name	business_address	country
S1-708796012	Board of Consumer Affairs	122 Dayton Yellow Springs Road, Unit 4, Fairborn, OH	US
S1-769172378	Technocast Chit Private Limited	A/39, Kamla Nagar, Near Ram Mandir, Kotra Sultanabad, Bhopal, Madhya Pradesh	India
S1-131038804	Torres Heartland Northland LLC	5515 Strawberry Hill Drive, Charlotte, NC	US
S1-851769617	Ear Nose & Throat Group LLC	225 Mcalpine Drive, Fl 0, Saint Louis, MO	US
S1-679660495	Bolin's Signs LLC	15313 Olympic View Road, Silverdale, WA	US
S1-200376709	Herminia Dickerson, D.D.S., M.D., P.C.	5439 Meadowbrook Drive, Fort Wayne, IN	US
S1-791737059	DK Solutions Limited	Faridabad, Haryana, H.No-216 Sector-9	India
S1-984247811	East Lakshmi Investments Private Limited	Sf.No 259, Poyampalayam Pirivu, P.N. Road, Tiruppur, Coimbatore, Tamil Nadu	India
S1-661546474	Keshav Veg Pvt Ltd	D-151 Industrial Area Phase 8, Mohali, Punjab	India
S1-683192018	Gurgaon (india) Co	Ground Floor, Tower B, Buliding No. 5, Dlf Cyber City Phase Iii, Gurgaon, Haryana	India
S1-3341015	Bright Worldwide Inc	15 Heath Terrace, Unit Apartment 1, Tonawanda, NY	US
S1-828302204	Mac Foundation	214 C R Avenue, Kolkata, Calcutta, West Bengal	India
S1-406806264	Urvi Vidyalaya	C/O Himanshu Shankhdhar, H.No 551 Sector 21 Nada Sahib, Haryana, Panchkula	India
S1-632812909	Alto Healthcare Pvt. Ltd.	Mahat Road, Cuttack, Orissa	India
S1-259566176	Carpenters Local 555	20410 Blue Beech Drive, TX, Katy	US
S1-297334093	Ranevue Keystone Edison Inc	6307 Wimberly Drive, Chattanooga, TN	US
S1-173339872	Classic Minerals	17640 Maverick Drive, Natrona, WY	US
S1-545661875	Simran Investments Private Limited	House No.3565 First Floor, Sector-23, Gurgaon, Palam Vihar, Gurgaon, Haryana	India
S1-38345711	Urgent Care Physicians Inc.	301 Stacy Weaver Drive, Fayetteville, NC	US
S1-162399024	Fresh Pet Care Corp	13801 21st Avenue, Vancouver, WA	US
S1-118036223	Elite All Tungsten PLLC	89 Hudson Street, Camdenton, MO	US
S1-248350153	Ortiz Value Inc	2352 Breckenridge Court, VA, Harrisonburg City	US
S1-474997434	Advanced Payment Solutions Associates	1266 Kentucky Street, Bowling Green, KY, Unit 419	US
S1-212363226	Vision Physicians LLC	506 Harrison Street, City Of Appleton, WI	US
S1-450483598	4846 Lincoln Street Realty LLC	Glen Cove, NY, 11 Reynolds Road	US
S1-404137176	American Choice Dental LLC	64 Wydendown Road, New Canaan, CT	US
S1-53756907	Supreme Associates, L.L.C.	3950 Prosperity Mine Place, Tucson, AZ	US
S1-950704113	Scroggs Merger LP	787 60th Street, Pleasant Hill, IA	US
S1-420915986	Real Tech Private Limited	House No.339, Pocket A-01, Keshav Puram, Delhi, North West, Delhi	India
S1-944519934	PF Institute Ltd	House No 260C Bock Qu Landmark Pitampura, New Delhi, East Delhi, Delhi	India
S1-936095007	Kashyap Infratech Bangalore	201, Diamond Nest, Nr Colony, Old Airport Road, Konanaagrahara, Bangalore, Karnataka	India
S1-319645269	Rocky Patriot Sky LLC	Fl 0, Annapolis, MD, 67 Town Pines Court	US
S1-394271841	AWT Launchpad LLC	4569 43rd Street, WA, Tacoma	US
S1-270835520	Kaydee & Partners Company	Chaphalkar & Hublikarbrahma Chambers 4Th Floor 2010 Sadashiv Peth, Pune, Maharashtra	India
S1-648674437	Perfect Producer Private Limited	1-1-336/100/A/A, Near Tyagarayaganasabha Vivek Nagar, Chikkadpally, Hyderabad, Telangana	India
S1-981319832	Ss Global Pvt Ltd	9D/22(O), 12(N), Ramakrishnapuram East, Karur, Tamil Nadu	India
S1-716443744	Damos (India) Infratech LLP	C/O Mohd Anus Husainabad, Nizamabad Up, Sadar, Azamgarh, Uttar Pradesh	India
S1-310743924	Chapman Origin of Prince William County, Inc	3458 Caledonia Circle, Prince William County, VA	US
S1-207907319	Madeleine Jennings Clean Renaissancere Inc	1108 Meadowview Drive, Pulaski Town, VA	US
S1-750136146	Lotus Developers Private Limited	4Th Floor, 406-Kamdar Complex Seva Sadan Chowk, C . A Road Nagpur, Nagpur, Maharashtra	India
S1-966460762	Barbrik Trust	H.No. 8-4-380/1/7, Prem Nagara Erragadda, Hyderabad, Telangana	India
S1-361320251	TO Complete Alibaba	TX, Carthage, 427 452	US
S1-585720119	Prompt Import Pvt. Ltd.	Xviii/553/A, Vijayagiri, Kollam, Kerala	India
S1-835982432	Kishangarh Buildtech Limited	Khasra No. 503/323, 504/323, Plot No. 30, Kishangarh, Ajmer, Rajasthan	India
S1-681803897	Emmeline Chambers Continental Occupational Therapy LLC	1204 6th Street, OK, Ponca City	US
S1-244323995	Groff Ingredients LLC	2303 Arbor Pointe Pl, Unit 506, Jeffersontown, KY	US
S1-858620212	Vanguard Resource Inc	1514 Clydesdale Drive, Laramie, WY	US
S1-627912655	Mumbai Exports Private Limited	Unit No.132, 1St Floor, Kuber Complex, Opp. Laxmi Industrial Estate, New Link Road, Andher, I (West), Mumbai, Mumbai City, Maharashtra	India
S1-221949446	Walton and Donovan Inc	30 Cecil Lane, Unit APT G, Montgomery, AL	US
S1-365546572	Eternity Hospital	D- 14Preet Vihar Iind Floor, New Delhi, East Delhi, Delhi	India
S1-5196687	Superior Trading Consultants LLC	1013 Lake Forest Drive, Weddington, NC	US
S1-389832922	Services Ashtvinayak Steel Pvt Ltd	16, India Exchange Place 1St Floor, Room No. 26, Kolkata, Howrah, West Bengal	India
S1-713860673	Brinker and Janis Biosciences LLC	745 Neptune Street, Geneseo, IL	US
S1-216329213	Thomas Veterinary Clinic LLC	955 204th Place, Pella, IA	US
S1-821394358	Adora J. Mcelrath, D.C.	197 Squawigm Road, Dover, DE	US
S1-597359174	Creative Materials Partners LLC	10 Ravine Road, Wellesley, MA	US
S1-446568783	Barnes Holding Company LLC	44 Lee Avenue, NY, Gloversville	US
S1-477846117	Silva Hobbs Metropolitan Horse Inc	1219 16th Avenue, Hibbing, MN	US
S1-6418799	Sterling Integrated Hospitality Inc	1379 Coney Island Avenue, NY, Brooklyn	US
S1-285842810	Womens Health Specialists	172-19 129 Avenue, Jamaica, NY	US
S1-196773289	New Life Zion	4250 Bond Street, Kingman, AZ	US
S1-884914796	Aggie Howard Signature Neuberger	Unit D105, 1251 Arrow Pine Drive, NC, Charlotte	US
S1-640348004	Marketing Citistar Farms Private Limited	House No: 116, Parankimamvila Kizakethil, Mavelikkara, Alappuzha, Kerala	India
S1-12168085	Karita's Crystal Plumbing LLC	11629 Roslyn Road, Black Forest, CO	US
S1-105300779	Cymbre Fawbush Blackstone LLC	5605 Seventy Seven Center Drive, Unit 270, Charlotte, NC	US
S1-234726232	Pediatric Dental Physicians	1408 Blennerhassett Avenue, Belpre, OH	US
S1-587681015	Cardiology Medicine	5270 Mckendree Church Road, Tarboro, NC	US
S1-423356416	Erminia Oakes Rio P.C.	5625 Ainslie Street, Chicago, IL	US
S1-979544001	Rosonis, LLC	OH, 1027 Dodge Drive, Amherst	US
S1-71656643	Dynamic Producer LLP	Bihar, Patna, C/O-Rajeshwar Singh, Dinapur-Cum-Khagaul, Rukanpura, Rupaspur	India
S1-897312000	Choice Burtech	2960 Germantown Road, Charlotte County, VA	US
S1-999200406	Royal Management Pvt Ltd	513-B, Plot No-3, V/F T C Jaina Tower 1 Distt Centre Janakpuri, Delhi, West Delhi, Delhi	India
S1-274865327	Excel Systems-Ahmadabad City	14, Sadguru Dayal Society, Near Raj Appartment, Ahmadabad City, Ahmedabad, Gujarat	India
S1-136558519	Commission on Labor	5389 Milwaukee Avenue, Chicago, IL	US
S1-629105478	Jaipur Foods Corp	Bishnawala Sirsi Road, Jaipur, Kataria Krishi Farm, Rajasthan	India
S1-395078221	Moix	102 Winding Way, Unit UNIT K, Covington, KY	US
S1-28212376	Peak Greenfire	6977 High Street, Unit TNQ, Lockbourne, OH	US
S1-620120205	Tech Sas Marketing LLP	Krishna, Andhra Pradesh, Rs219/2C, Veerapanenigudem, Road, Gannavaram Mandal	India
S1-753069502	Innovative Investments Pvt Ltd	Plot No. 1021, M.I.E., Part A, Bahadurgarh, Jhajjar, Haryana	India
S1-989596134	Great Ventures LLC	Town Of Beloit, 379 Centre Street, WI	US
S1-532502121	Continental Veterinary Clinic	1667 85th Street, Cleveland, OH	US
S1-112218030	Mountain Committee Inc.	845 Johnston Highway, Newton Grove, NC	US
S1-328864149	Lotus International Limited	Thabore P O, Ernakulam, Building No: Ix/481B Olive Mount, Kerala	India
S1-242429762	CN Natural LLC	3809 Saturn Drive, Huntsville, AL	US
S1-533802013	American Fund	135 Whitaker Street, Portland, OR	US
S1-557177235	Holmen, Olson and Turner Inc	Stillwater, OK, 516 West Street	US
S1-137695613	Design	1411 Lake Street, Gastonia, NC	US
S1-507937064	Lois Castillo Classic Velos	2503 Barrys Bluff Court, Fl 1, Columbia, MO	US
S1-209078690	Piedmont Institute	1905 Las Palmaritas Drive, Unit 371, Phoenix, AZ	US
S1-183233338	Superior Aerospace Ventures	1850 Asbury Circle Drive, Unit 203, Joliet, IL	US
S1-533396893	Beige India Ltd	R/135, Mohan Garden, New Delhi, West Delhi, Delhi	India
S1-886655066	Coimbatore Real Pvt Ltd	C/O R. Viswanathan, 8/51 Pattarai Street Udaiyar Street, Samathur, Pollachi, Coimbatore, Tamil Nadu	India
S1-783435443	Future Traders Pvt. Ltd.	Block No. 36, Shree Ram Park, Street No. 2, Near Jakat Naka, Morbi Road, Rajkot, Gujarat	India
S1-275734532	Beth Ministries	3320 Leslie Lane, TN, Murfreesboro	US
S1-800549214	Rosalinda S. Estrada, DO, M.D., P.C.	106 Park Avenue, Village Of Luck, WI	US
S1-504095310	Poppy Camacho, L.C.S.W., P.C. LLC	587 Pebblecreek Court, Albemarle County, VA	US
S1-379861380	Super Agro Private Limited	47, Nair Road, Dukanwala Estates, South Wing, Opp. Nair Hospital, Mumbai Central, Mumbai, Mumbai City, Maharashtra	India
S1-703565737	Ess & Brothers Ltd	Fifth Floor, Matrix Tower, B-4, Sector-132, Uttar Pradesh, Gautam Buddha Nagar, 501, Noida	India
S1-516946648	Kochi Research Care	No Js-1, First Floor, Heavenly Plaza Apartment, Padamugal, Kak, Kanad, Kochi, Ernakulam, Kerala	India
S1-869471354	Ganga Industries Private Limited	Flat No-103, Dev-Arpan, Opp.Dev-Archan, Paldi, Ahmedabad, Gujarat	India
S1-133685020	United Foundation PLLC	4712 Devereaux Court, Fairfax County, VA	US
S1-916755050	Cazeau Technologies Inc.	16 Rockridge Road, Westerly, RI	US
S1-916926941	Cardinal LLC	1438 Forest Lake Heights Drive, Nebo, NC	US
S1-165337369	Golden Ridge Spacsphere Inc	Hanover County, 9335 Summer Oak Drive, VA	US
S1-999178930	Martinez Animal Hospital LLC	21067 Lynda Lane, Anderson, CA	US
S1-518612349	East Origin	12617 Rosencrans Drive, Hagerstown, MD	US
S1-854295433	Penous River, Inc	220 Welch Drive, Lincoln, IL	US
S1-631050308	Garcia and Paschal Foods Inc	12903 Leopold Trail, Frisco, TX	US
S1-542761267	Nexent Fifth LLC	34 Maple Road, Brookhaven, NY	US
S1-11414769	Ogletree Direct Ridge Inc.	20 Ron Reed Road, Terlingua, TX	US
S1-5190706	Proex Corporation	77 Main Street, Fentress, TX	US
S1-199785151	PAG Vanguard Mitsui Group	5215 Schaad Road, Knoxville, TN	US
S1-512612852	Opto Valuence LLC	Unit 96, MA, Danvers, 35 Collins Street	US
S1-814782756	Dawson Sciences LLC	323 Linhurst Drive, Plano, TX	US
S1-619379480	Verros Studios LLC	362 Wilbur Lane, Alma, WV	US
S1-374107867	120-121 East Owners Corp	1404 Scheffer Avenue, MN, Saint Paul	US
S1-765672232	Shelby Youth Services	11174 W Shelby Road, Shelby, NY	US
S1-470280256	Vision Care Associates	123 Stonewood Lane, Franklin, NC	US
S1-571223052	Dp Snack Private Limited	C/O Nur Mahammad Mondal, Vill-Patpukur, Budge Budge, Jaynagar - Ii, South 24 Parganas, West Bengal	India
S1-928738219	Dwarka Infratech Private Limited	60 Shop No 101 Express Road, Dalmandi The Mall, Kanpur, Uttar Pradesh	India
S1-128371212	Ghatkesar Barter Pvt Ltd	5Th Floor, Plot 10, Swath, Prashanth Nagar, Boduppal, Ghatkesar, Hyderabad, Telangana	India
S1-769738967	Shanta Group	Bangalore, Karnataka, Bangalore, No 4/10 N.S Palaya Main Road Btm Layout Banerghata Road	India
S1-136645823	Kesondyne Productions	2250 Victoria Street, Unit Apartment 119, Roseville, MN	US
S1-772849303	United Project-Rotterdam	1275 Main Street, Rotterdam, NY	US
S1-737887933	Sierra Integrated Charlton	Greenacres, WA, 1921 Dusk Lane	US
S1-361953076	Dawley and Salinas Special Inc	13307 Brant Drive, Baker City, LA	US
S1-207408931	Tee Commercial Co	Uttar Pradesh, 84 Om Sai Garden Chipiyana Bujurg Gotam Budh Nagar, Ghaziabad	India
S1-497414596	Historical Project Inc	3751 Lakeshore Drive, House Springs, MO	US
S1-819491897	Urgent Care Partners LLC	8400 276th Place, Unit 2, Stanwood, WA	US
S1-400911087	Morales Cap LLC	3349 21, Tyrone, NY	US
S1-140513036	Hudson Bright Merchants	1418 Jeffery Court, Homewood, IL	US
S1-384483467	Lakshmi Software Pvt Ltd	Plot No. 320, Gautham Nagar, Tonk Road, Jaipur, Rajasthan	India
S1-487519243	Marquette Silver PLLC	1200 Dimond Boulevard, Unit TRLR 1042, Anchorage, AK	US
S1-424167141	Blue Bistro	2704 Spring Side Drive, Royse City, TX	US
S1-382935130	Bombay Properties Private Limited	Flat No.8C / Tower D, Viceroy Park, Thakur Village, Kandivali (East), Mumbai, Mumbai City, Maharashtra	India
S1-358965330	Wagner Choice Charles, LLC	7318 Woodfin Avenue, Norfolk City, VA	US
S1-353329680	Pease, Hedstrom & Berndt	137 Blue Ridge Lane, Seymour, TN	US
S1-885189484	Bright Energy Systems LLC	200 Cooke Road, TX, Ennis	US
S1-419811934	Finance Megha Warehouse Private Limited	Shop No. 307, Plot No-4 Sect-4, Pankaj Plaza, Dwarka, Delhi, New Delhi, Delhi	India
S1-936449603	Commission on Parks and Recreation	1135 Stanley Avenue, Evansville, IN	US
S1-780497967	Better Metropolitan Tree	266 Camino Del Arroyo, Van Vleck, TX	US
S1-462517492	Solic Asia LLC	IN, Portage, 2400 Hamstrom Road	US
S1-134011988	Northern Complete Kpet	15428 Loomis Avenue, Harvey, IL	US
S1-597262520	Valley Precious-Ahmadnagar	Plot No. A-114, Shrirampur Midc, Shrirampur, Ahmadnagar, Ahmednagar, Maharashtra	India
S1-863025141	Shakti Industries Pvt Ltd	83, Park Street, Kolkata, Howrah, West Bengal	India
S1-875184945	Gedyne Center	403 59th Avenue W, Tulsa, OK	US
S1-89515542	Torgerson, Peavler and Torres LP	Decatur, 116 Hightide Drive, IL	US
S1-725115887	Mann Managers Center	11508 Stonewood Lane, Rockville, MD	US
S1-920473387	Big 75 Cafe	2640 Black Fir Court, Fairfax County, VA	US
S1-321114134	Harbor Federation of Hertford	102 Adams Court, Hertford, NC	US
S1-124334903	3819 First Street Holdings	OH, 200 Main Street, Leipsic	US
S1-891230171	Vipan Novo (India) Care	Scf 14, Dhandari Kalan Urban Estate, Ludhiana, Punjab	India
S1-325507054	Kinchen Star Public LP	Templeton, 38 Elm Street, MA	US
S1-899547494	Hyderabad Food Corp	404, Susheel Classic Avenue, Tsiic Colony, Ida Jeedimetla, Hyderabad, Telangana	India
S1-323094864	US Gulf Consulting LLC	6820 Knob Hill Drive, Kingman, AZ	US
S1-913438094	Siddharth Institute of Technology	C/O Lila Devi, Adalatpur, Hajipur, Vaishali, Bihar	India
S1-105568631	Economic Development Coalition IV	189 Laurel Road, Arden, NC	US
S1-75867723	Perfect Consultants Private Limited	No.223, 21St Street, Krishna Nagar, Maduravoyal, Chennai, Thiruvallur, Tamil Nadu	India
S1-353270376	Shivani Chits (India) Pvt Ltd	B-16Second Floor Sector-64, Noida, Gautam Buddha Nagar, Uttar Pradesh	India
S1-263027135	Star Trusted Table	4975 Peyton Street, Keizer, OR	US
S1-966175337	Prairie Medical Center	3301 C Street, Unit STE 505, Anchorage, AK	US
S1-82599979	White Ses Inc	715 4th Street, Fl 1, Central Point, OR	US
S1-633969517	Urgent Care Partners L.L.C.	1726 Cottage Avenue, Unit APT 17, Indianapolis, IN	US
S1-347749340	Best Heartland Public Inc	149 Toler Hollow Road, Coal Mountain, WV	US
S1-418342318	Secure Aerospace Alliance LLC	1025 St Rte 534, Newton Falls, OH	US
S1-704399480	Kira Clary, L.C.S.W.	1509 2nd Street, Waynesboro City, VA	US
S1-814895902	Sampatchak Institute Company	C/O Moti Lal Singh At, Patel Colony Po Mahendru, Sampatchak, Patna, Bihar	India
S1-77837577	FN House Private Limited	B-92 Whs Kirti Nagar, New Delhi, North Delhi, Delhi	India
S1-420494522	Certified Mobility Labs LLC	2680 Golden Spike Road, Sauk Rapids, MN	US
S1-32509364	Delhi Developersprivate Pvt Ltd	Delhi, West Delhi, A- 69 Tagore Garden Extension, Delhi	India
S1-157050918	Bangalore South Schools Private Limited	416, 19Th Main, 1St Block, 2Nd Phase, Bda Layout, Bangalore South, Bangalore, Karnataka	India
S1-704160920	Aditya Global Pvt Ltd	Calcutta, West Bengal, Kolkata, 119 A Chittaranjan Avenue	India
S1-703030279	Sandoval Group	NY, 100 Edgewood Avenue, Buffalo	US
S1-312021607	Orbium Guaranty	15 Deerhaunt Drive, Cortlandt, NY	US
S1-58952647	Rathbun Assets LLC	6325 Ilium Road, Rio Rancho, NM	US
S1-51166377	Gujarat It	102, Gmk Apartment Samanpura Raja Bazar, Patna, Bihar	India
S1-466701080	Grants Pass Heart Network	47 Eastern Avenue, Unit 6, Grants Pass, OR	US
S1-117566641	Keystone Tokyo	3730 Irby Drive, Conway, AR	US
S1-652500702	Ahmadabad City Solutions Partners	995 Dev Sheri, Gomtipur Ahmedabad 10, Ahmadabad City, Ahmedabad, Gujarat	India
S1-602704013	Olanara Dental Inc	9225 Ahrens Road, Ashford, NY	US
S1-650449101	Shivam Power Private Limited	Maharashtra, Bl C 2, Nda Road, Dsk Ranavara, Aditya Shagun, Bavdhan., Pune, Flat 202	India
S1-42520307	Clough, Hoff and Martin LLC	1939 Silver Bell Road, Unit Unit 113, Eagan, MN	US
S1-331775081	Bharat Infra Private Limited	Ward No. 17, 23 S.P.M. Western Region, Khasra No. 7/2, Hoshangabad, Hoshangabad, Madhya Pradesh	India
S1-283911780	Maxine Kirsch, DPM	17236 1st Place, Phoenix, AZ	US
S1-832858750	Hernandez Enterprises LP	1407 23rd Street, Parkersburg, WV	US
S1-934961508	Eastern Marketing Limited	Flat 2C, Aspira Gulmohor Apartment Nandankanan East, Rahara, Khardah, Parganas North, West Bengal	India
S1-562380004	Ace Innovative Duke LLC	2512 Sonoma Valley Drive, Charlotte, NC	US
S1-568388680	Samatva India Private Limited	Punjab, Ludhiana, 269, Industrial Area- A Ludhiana	India
S1-967322290	Tri-State Kogyo, LLC	516 Main Street, Unit #C, Henderson, KY	US
S1-492194060	Lopez Holdings	1802 Harbert Avenue, Memphis, TN	US
S1-19778635	Kasna Technologies LLP	M-902, Plumeria Garden Estate Omicron-Iii, Greater Noida, Kasna, Gautam Buddha Nagar, Uttar Pradesh	India
S1-149880375	Lucky Diner	3232 Pine Needles Road, High Point, NC	US
S1-534804733	Royal Foundation Private Limited	Plot No.4, Teachers Colony, D.C.M. Ajmer Road, Jaipur, Rajasthan	India
S1-466989811	Zenith, LLC	7506 Glenvista Street, Houston, TX	US
S1-692697113	Shriyansh Textile Private Limited	Flat No Ax2/206, Green Dew Chs, Vbhc Complex, Devkhop, Palghar East, Palghar, Thane, Maharashtra	India
S1-918330984	Jones Metro Gravity LLC	AL, 3414 Blue Spring Road, Huntsville	US
S1-256455222	Capital Toyo, PC	145 Washburn Street, Lockport, NY	US
S1-47165380	Thompson Express Magna	40 Lorna Road, Unit 2, Boston, MA	US
S1-761226068	Back Alley Deli	4350 Shining Star Drive, Unit D, Sacramento, CA	US
S1-801681033	Glasper Sumitomo LLC	NC, Candler, 223 Roper Street	US
S1-408998966	Apex Restaurants P.C.	949 Virginia Street, Tucson, AZ	US
S1-258419186	New Delhi Sciences Private Limited	7149, D-7 Vasant Kunj, New Delhi, Delhi	India
S1-502026142	Kalp Hvac Private Limited	Flat No.15, 4/A, 6Th Floor, Golden Valley, Opp Canara Bank, Kalina, Mumbai, Maharashtra	India
S1-863356564	Ahles Berkley LLC	11101 Spartan Court, Sun City, AZ	US
S1-989202611	597 Lake Street Owners Corp Inc	1131 Kendrick Ford Road, Warren County, VA	US
S1-501424226	Saharanpur Tech Limited	Saharanpur, Village Ambehata Chand Post Badgaon, Uttar Pradesh, Saharanpur	India
S1-5985280	Good Properties Private Limited	801 Millenium Tower Omax Heights Vibhuti Khand Gomti Nagar, Lucknow, Uttar Pradesh	India
S1-536631961	Rudolph and Broad Terra	122 River Drive, Fishkill, NY	US
S1-252878852	Ruthy Mauldin Tax Corp	1182 Mule Hell Road, Wythe County, VA	US
S1-84164384	Hf Solutionsprivate Pvt Ltd	Plot No. 25 Shri Vihar Colony Sector 107, Noida, Gautam Buddha Nagar, Uttar Pradesh	India
S1-578984243	Manik Services (India) Private Limited	6-3-249/5/Aroad No.1 Banjara Hills, Hyderabad, Telangana	India
S1-742699243	Mullins Rio	941 Twin Branch Road, Pineville, WV	US
S1-172644389	Arihant Foundation Private Limited	Shop No-15, Kanth Complex, Opp. Paldi Bus Stand, Paldi, Ahmedabad, Gujarat	India
S1-680314106	Pediatric Dentistry Express Health	674 Pittman Creek Road, Burkesville, KY	US
S1-345359905	Zisonus Interests	5606 Dayton Drive, Unit 1, Cheyenne, WY	US
S1-382117003	Little Deli Associates	62 Woodlee Road, Staunton City, VA	US
S1-419895621	George J. Defrancisco, P.A.	2632 Ajs Arbor Drive, Huntsville, AL	US
S1-213106801	Johnson Priority	8110 155th Avenue, Vancouver, WA	US
S1-482959405	Bales Capital	Wichita, Fl 0, KS, 1408 Selma Avenue	US
S1-335615674	Buex	35127 Sara Court, Orange County, VA	US
S1-271685934	Enrica Garcia Federal Spruce, Inc	4700 Beech Drive, Fl 1, Beaverton, OR	US
S1-643098922	Universal Construction Pvt Ltd	Khasra No 267 (D-86) 100 Feet Road Chhatterpur Enclave, New Delhi, South Delhi, Delhi	India
S1-288537970	Ss Impex Private Limited	B 06, Pavitra Ro House Bhulka Bhavan Rd, Rander, Surat, Gujarat	India
S1-629588655	NCM Regency Pvt. Ltd.	2/5, Sarat Bose Road, Sukhsagar 7Th Floor, Kolkata, Kolkata, Howrah, West Bengal	India
S1-428120173	Exponential (India) Consultant Private Limited	Vadodara, Gujarat, 140 Ghb Scheme 83, Nr.Laxmingr, Laxmipura Rd	India
S1-836137713	Williams Better Commodity LLC	1441 34th Street, Des Moines, IA	US
S1-572662063	Silver Engineering Private Limited	Village Bamnetaluka Shahapur, Thane, Maharashtra	India
S1-218450420	Malad (W) Construction Limited	11101/1102, 11Th Floor, Swapna Lok Ii, Opp Adarsh Nagar, Marve Road, Malad (W), Mumbai, Maharashtra	India
S1-333114012	All Services Private Limited	101Ansal Bhawan Kasturba Gandhi Marg, New Delhi, Central Delhi, Delhi	India
S1-737640804	Gangesh Institute of Technology	H.No:16-11-20/13/5/A/B, Plot No:6, Lakshmi Nilayam, 5Th Floor, Sripuram Colony, Moosarambagh, M, Alakpet, Hyderabad, Telangana	India
S1-856769914	Products Jvh Developers Ltd	123/705 Factory Area, Kanpur, Uttar Pradesh, Fazal Ganj, Kanpur	India
S1-886816150	WYF Art Private Limited	7-14-6, 1St Floor, 2Nd Lane, Srinivasa Colony Kurnool Road, Ongole, Prakasam, Andhra Pradesh	India
S1-857618046	Box Network Private Limited	G-28 Midc Areasatara, Satara, Maharashtra	India
S1-714431393	ZQ Payments LLC	645 Fm 1796, D'hanis, TX	US
S1-591372958	Hazel Spataro Constellation LLC	230 Main Street, Unit Apartment 2, Herkimer, NY	US
S1-276101699	Pauletta Medina Adr LLC	3851 Cobble Ridge Drive, UT, Unit 5301, West Jordan City	US
S1-681897702	Regional Patriot Safe LLC	2227 Reeves Court, Clarkston, WA	US
S1-680007763	Chronister Dental Associates	7031 2nd Avenue, Birmingham, AL	US
S1-697014409	Alexander Cable	14 Mountainbrook Road, Asheville, NC	US
S1-495552394	Middletown Community Ministries LLC	4625 236, Middletown, IN	US
S1-844459279	International Estate Pvt Ltd	6/10 B(Opposite Meenakshi Garden, Tilak Nagar, New Delhi, Delhi	India
S1-145448545	Coastal Coalition	5210 Fm 1463, Fulshear, TX	US
S1-70450706	Sterling	1593 Birdsong Court, Blacklick, OH	US
S1-938854229	Green Frontier Healthcare	7009 Seth Barwise Street, Fort Worth, TX	US
S1-935881037	Eye Associates LLC	615 Lenore Street, Unit 312, Nashville, TN	US
S1-571651114	Certified Grand Spartacus, Inc	983 Blossom Road, MA, Fall River	US
S1-131490572	My Software Private Limited	Dedhia Nivas 1St Floorganesh Gawade Road Mulund West, Mumbai, Maharashtra	India
S1-860138594	Tamera's Midwest Tax Service	38245 Tumbleweed Lane, San Tan Valley, AZ	US
S1-694467155	Loomis Bright Solutions, LLC	1808 Town Creek Circle, TX, Fl 0, Weatherford	US
S1-275081563	Shree Global Limited	33, 2Nd Floor, Samanvay Status-2, Bil Canal Road, Atladara, Vadodara, Gujarat	India
S1-619830078	Zinet Israel	8343 Wexford Lane, Chattanooga, TN	US
S1-822403281	Polyfab College	H No.19-7, Plot No.7, Lsr Colony, Dammaiguda, Hyderabad, Telangana	India
S1-582245354	East Technologies Pvt Ltd	North 24 Parganas, Kolkata, 4/14 Rathtala Govt Colony, West Bengal	India
S1-37540843	Blue Creative Tech Pvt Ltd	Shop No. 6, Ranwar Road, Near Palm Residency, Behind Heritage Garden, Karnal, Haryana	India
S1-20211117	Om Solutions Private Limited	Grace Villanear St Annes High School Changanassery, Kottayam, Kerala	India
S1-286023109	Krishna Investment Pvt Ltd	443/A, 1St Floor, 1St Main Road, 12Th Cross Near Telephone Exchange, 4Th Block, Korama, Ngala, Bangalore, Karnataka	India
S1-166490713	Novay Rate	2801 Harrison Avenue, Unit UNIT 03, Harlingen, TX	US
S1-246153273	Metro Institute of Technology	MT, Butte-silver Bow, 1823 Thomas Avenue	US
S1-823177878	Alpha Marketing Pvt Ltd	A4 202, Yogi Palace Chs Limited, Yogi Nagar, Eksar Road, Borivali (W), Mumbai, Mumbai City, Maharashtra	India
S1-85351656	Vn Group of Companies	#39, Ngef Lane, 2Nd Floor, Suite No.763 Indiranagar, Bangalore, Bangalore, Karnataka	India
S1-348632919	Pediatric Colonial Associates LP	701 Thoreau Drive, Burnsville, MN	US
S1-540054011	Anand Consultancy Private Limited	Madhya Pradesh, C/O Dalsingh Dansingh, Katara Jhabua Road Para, Jhabua	India
S1-676600240	Ujjan Star Private Limited	Flot 503 Sri Tirumala, Elite Mailardevpally, Hyderabad, Telangana	India
S1-955118307	Grace Chapel LP	828 Farmer Avenue, Springfield, MO	US
S1-432203086	KZ Media Private Limited	B-92, G/F, Durga Vihar Devli Extn., New Delhi, Delhi	India
S1-493193236	Lahari Brothers Private Limited	Shop No. 2, Sharma Market Sector 37, Noida, Gautam Buddha Nagar, Noida, Uttar Pradesh	India
S1-454092103	Lumova Hall	5367 Casa Royale Drive, Fl 0, Saint Louis, MO	US
S1-919179983	Yelton Reliable Architecture Care	CT, Rocky Hill, 48 Orchard Street	US
S1-394629585	Bangalore North Media Private Limited	Bangalore, 8Th Cross, Nagappa Street, Muneshwara Block, Palace Guttahalli, Karnataka, No. 5Th, Bangalore North	India
S1-339230631	Cairistiona Mcmahan Patriot Cyber	NY, Hempstead, 629 Webster Avenue	US
S1-269169472	Maha Group of Companies	Ali Towers, No.55, Greams Road, Chennai, Tamil Nadu	India
S1-138149741	Shyam Properties Private Limited	Delhi, New Mangla Puri, South Delhi, Office No-116/117 Ground Floor	India
S1-289413348	Umred Mission Pvt Ltd	House No. 8359, Abhayankar Chouk Itwari Peth, Umred, Nagpur, Maharashtra	India
S1-816947297	Helaine Heins Trusted Can Group	620 County Line Road, Malvern, AR	US
S1-715673259	Golden Chemical Company	City Of Ripon, WI, 316 Watson Street	US
S1-567503008	Elmira T. Xu, Ph.D.	134-59 174 Street, Jamaica, NY	US
S1-147254691	Continental Trust LLC	6325 Spring Ranch Drive, Fort Worth, TX	US
S1-802286979	Dibacco Metro Otg LLC	8802 Keenan Road, Iron, MN	US
S1-811019454	Sree Big Consultancy Private Limited	426 Bhurukundi, Purinda, Landmark:Near Purinda, Betnoti, Mayurbhanj, Orissa	India
S1-308358807	Nb Memorial Trust	44/1407 Puthiya Road, Kaloor, Kochi, Ernakulam, Kerala	India
S1-688528084	Barlow Metro Return Inc	280 Kilbourn Road, Pittsford, NY	US
S1-902387642	4240 Ocean Plaza Realty LLC	25 Hackett Boulevard, Fl Floor 1, Albany, NY	US
S1-396938179	Muniz Harbor Debt LLC	629 State Street, Bristol City, VA	US
S1-28390839	Shree International Private Limited	Sarhi Samruddhi Appt Sno 79 A1 And A2 Kumbare Garden K. Kothrud, Pune, Maharashtra	India
S1-977981220	Sign Solutions Private Limited	Survey No.3/11 Kiadb 2 Stge, Industrial Area, Near Belur Crs, Beside Old Yallaling Dallmil, L Compound, Uplaon Gulbarga, Gulbarga, Karnataka	India
S1-25155599	Cozy Diner! Associates	19000 Magenta Bay, Eden Prairie, MN	US
S1-967599347	Office of Education	16301 Hobbton Highway, Newton Grove, NC	US
S1-236175300	Safex Coating Private Limited	128/543/47, K Block R C Pandey Kidwai Nagar, Kanpur Nagar, Kanpur, Uttar Pradesh	India
S1-318556410	Tamra's Environmental Services	IL, Unit 410, 6980 Touhy Avenue, Niles	US
S1-854600583	Eleazer Precision Office Center	235 Burgess Road, Greensboro, NC	US
S1-998899002	Prime Media Pvt Ltd	Flat No.507, Building Hill Crest I-B, Raheja Vihar, Plot No-119, Tungwa, Off Chandivli Road, Po, Wai, Mumbai, Maharashtra	India
S1-175730936	Peridiq Park LLC	4103 Andrea Drive, Phoenix, AZ	US
S1-843972241	Lidyne PLLC	3035 Cotton Creek Place, Casper, WY	US
S1-966258394	Guru Projects	608-B Aggar Nagar, Ludhiana, Punjab	India
S1-565063965	Lyrova Quasaredge LLC	IN, Indianapolis, 4147 Ansar Court	US
S1-571194602	Cardiology Clear Health	6005 Long Street, VA, Henrico County	US
S1-962711858	Om Academy Private Limited	Chapra, Bihar, Saran, Vil-Qasba Ward-3, H/O. Braj Kishor Singh	India
S1-607354584	Primary Care Clinic of Anna	TX, 516 Amenduni Lane, Anna	US
S1-581423452	Silver Barbershop!	43 Estate Lane, Forney, TX	US
S1-969153658	Udvansh Investment Private Limited	Anusaya Ayodhya Nagarupnagar, Nashik, Maharashtra	India
S1-193244630	Shree Ventures Private Limited	Plot No. 1, Local Shopping Complex Mor Land, Vidya Bhawan School, New Delhi, Central Delhi, Delhi	India
S1-603347984	Shakti Engineering	A - 806 World Trade Tower, Behind Skoda Showroom, Ahmadabad City, Ahmedabad, Gujarat	India
S1-698523619	Red Tech LLP	Siddhi Vinayak Tower, Sur No. 212/2, Tp - 84 B/H Dcp Office, Off S G Highway, Makarab, A, Ahmedabad, Gujarat, Ahmedabad, 222-C	India
S1-619029545	Russell Bynordic PC	3012 Spearfish Drive, Fayetteville, NC	US
S1-141803603	Stesha's Detailing	3576 Forest Road, Bedford Town, VA	US
S1-840982445	Lotus Industries Private Limited	1139, 5Th Floor, 3Rdstage, Maruthicomplex, Bemllayout, Bangalore South, Bangalore, Karnataka	India
S1-616276228	Tirupati Developers	H/O Prabhu Upadhaya Sangrampur Road Ward No 7, Areraj, East Champaran, Bihar	India
S1-806204865	Haripriya Solutions Private Limited	Flat No 169, Ground Floor Type-A, Pkt-26, Sector 24 Rohini, Delhi, North West, Delhi	India
S1-793288111	Good One Consulting	Delhi, S/F, Krishna Plaza, Plot No.22, Sector-10, Dwarka, South West Delhi, Shop 202, New Delhi	India
S1-571466889	Forbes Enterprises PLLC	Missoula, 2506 55th Street, MT	US
S1-858750743	Community Association LLC	New York, 22 23 Street, NY	US
S1-697729794	Physical Therapy Highland Medicine LLC	1615 340th Street, Hiawatha, KS	US
S1-675434562	Ramirez Irenic Corp	2711 218 Road, Greensburg, KY	US
S1-796899154	Hawkins Greenfire, LLC	N9357 Meridian Avenue, Loyal, WI	US
S1-420901491	Harrison Cardiology	865 Limmer Loop, Unit 126, Hutto, TX	US
S1-740810097	Jay Healthcare Private Limited	Plotno16, Jayjivan, Swastikco-Op.Housingsoc, Sanalaroad, Opp.Newbusstand, Morbi, Gujarat	India
S1-937083421	Ashcraft Metals LP	146 Golden Autumn Place, Conroe, TX	US
S1-218925781	XCL Techno Pvt Ltd	No.65A, Halls Road Kilpauk, Chennai, Tamil Nadu	India
S1-111104187	Apex Alpine Clinic	1228 Blanchester Road, Lyndhurst, OH	US
S1-22824658	Surgical Physicians Co	OR, Oregon City, 114 Mccarver Avenue	US
S1-953117252	Green Developers Private Limited	North West, Delhi, 2Nd Floor, Ashok Vihar, Phase-1, D-275	India
S1-295371412	East Media Private Limited	64, Chakkarai Chetty Street Behind Padmanabha Theatre, Chennai, Tamil Nadu	India
S1-678156229	East Infra Private Limited	Karnataka, Dharwar, Dharwad, R C Colony, Near St Pauls Church, Gadag Road, Hubli, 7	India
S1-872474399	Dupree, Mclean & Sells	705 Grindstone Hollow Road, Dickson, TN	US
S1-640731308	Dental Quality Care Inc	3340 Wallace Drive, Grand Island, NY	US
S1-475138845	Aasen's Tattoo	6204 Moore Avenue, Portland, OR	US
S1-313512574	Sayre Standard LLC	1996 Lois Place, Atlanta, GA	US
S1-102890360	Hale Trust Inc	1907 336 N Grand Avenue, Springfield, IL	US
S1-707416354	Benjamin, Gilberte, M.D.	111 Minnesota Street, Ferguson Twp, PA	US
S1-243863621	Arp (India) Constructions Private Limited	9/1-43, C-303, Mehta Ambience, 4Th Cross, Magadi Main Road, Bangalore, Karnataka	India
S1-504541699	Western Markets LLC	Norfolk City, 5207 Argall Avenue, VA	US
S1-775328592	Pioneer Trailblazer	Tigard, Unit #41, 7582 Hunziker Road, OR	US
S1-8503313	Royal Cambridge Group	302 Warwick Avenue, Little Neck, NY	US
S1-361997210	Crowson, Vesey and Jackson	Staten Island, NY, 293 Park Street	US
S1-969993766	Integrated Trading Labs PC	AZ, Chandler, 3210 Gilbert Road, Unit 4	US
S1-914888555	Infosolutions Welfare Society	Rajyog Plaza, Near N.M.D. Colloge Gate Kudva Road, Gondiya, Maharashtra	India
S1-330604393	Family Fresh Physicians	8328 Lake June Road, Dallas, TX	US
S1-744524964	Jb Law Chambers Co	Bangalore, No 21/117, Bangalore, Gowri Complex, Manganahalli Cross, Ullal Road, Ullal Upanagar Post, Karnataka	India
S1-540159382	Ronet Lionheart	323 Main Street, Findlay, OH	US
S1-378071746	Tiki Logistics Pvt. Ltd.	559/3-A, Kolakudipatty Kolakudi Post, Thottiam Taluk, Thottiam, Tamil Nadu	India
S1-232978292	Argus Onestop Private Limited	No-5, Pillanna Garden 3Rd Stage, Nagawara Main Road, Bangalore, Karnataka	India
S1-222647779	Laxmi Consultants LLP	E-172, Kh No. 296, New Ashok Nagar, East Delhi, Delhi	India
S1-47242296	Joann Taylor, CPA LLC	586 Elmore Road, Cabot, AR	US
S1-219439118	Cascade Fund	8606 Seafield Lane, Rowlett, TX	US
S1-75248199	Lotus Technology Pvt Ltd	1833, Ground Floor Sector-B, Pocket-1, Vasant Kunj, New Delhi, South West Delhi, Delhi	India
S1-891444032	Richardson Pioneer Silicon LLC	705 Northill Drive, Richardson, TX	US
S1-493406649	Lakshmi Software	H.No.5-5-114/6 2Nd Floor, Opposite To Hdfc Bank, Banswada, Nizamabad, Telangana	India
S1-655838425	Desert Fund	208 Wickersham Drive, Statesville, NC	US
S1-381711212	Lantern Brookfield LLC	1005 Hawkeye Road, Alton, IA	US
S1-78526724	Desert Arrow, LLC	910 Second Street, St Charles, MO	US
S1-818370427	Burger Charter School LLC	1889 Swan Circle, Costa Mesa, CA	US
S1-336730852	Platinum Equity Union Inc.	1145 Lusk Drive, Tucson, AZ	US
S1-950863258	Office of Consumer Affairs	11800 Twinlakes Drive, Unit 802, Beltsville, MD	US
S1-821899649	Amruta Brothers Private Limited	Maharashtra, S/No/5 Samrudhi Appt, Nagpur	India
S1-45050360	Harvey Resolution LP	1505 Washington St, Davenport, IA	US
S1-69397534	Piedmont Pineapple Inc.	538 Huntington, Montpelier, IN	US
S1-48448188	Kandivali West India Limited	303, Gyan Darshan Chs Ltd, Svp Road, Next Municipal Garden, Kandivali West, Mumbai, Maharashtra	India
S1-648584174	Bava Capital Partners Inc	154 Meander Drive, Ruidoso, NM	US
S1-569107032	Tomi Villa, Ph.D., M.D., P.C.	408 Main Street, Hingham, MA	US
S1-250180384	Lindsey Efes	878 52 Street, Brooklyn, NY	US
S1-611450571	Arc Producer Ltd	C/O Goyal Sadan, G-1/7 A Phase-I, Block G-1, Budh Vihar, New Delhi, Delhi	India
S1-173460598	Smart Frontier Corporation	2399 322, TX, Palestine	US
S1-136009320	Downtown Cafe	1102 Anderson Drive, Palatine, IL	US
S1-161829828	TM Royal Arbor LLC	533 Barrington Hall Drive, Rolesville, NC	US
S1-467934335	Good Consultancy	Sr. No. 79/580/2 Sangamner Khurd, Sangamner, Ahmednagar, Maharashtra	India
S1-68477537	CV Efes, LLC	103 Park Avenue, Williamston, NC	US
S1-191970554	Delta Committee Inc.	25 Main Street, Andover, NY	US
S1-223572573	Shree Trading Private Limited	Door No.2/758, B1 Baba Flats, 6Th Street, Unmai Nagar, Engineers Avenue, Sunambuko, Lathur, Chennai, Tamil Nadu	India
S1-956809622	XG Proshares	567 Evanston Avenue, Independence, MO	US
S1-224293426	Stclair, Lebbie, DO, P.C.	4 Kingsley Hill Road, Monroe, MA	US
S1-966851369	Falcon & Connelly LLC	19 Woodlawn Drive, Conway, AR	US
S1-83862215	Caldis Health LLC	7441 Yolanda Drive, Fort Worth, TX	US
S1-69224008	Plotts's Desert Media Inc	6261 Rain Dance Trail, Roxborough Park, CO	US
S1-747179024	Prantech Corporate Pvt Ltd	1-1-460/F/206, Gandhi Nagar Hyderabad, Secunderabad, Hyderabad, Telangana	India
S1-293946603	Jubilant (India) Agro Limited	C 503 5 Floor Block C, Hind Appart. Dwarka Sec 5, Delhi, South West Delhi, Delhi	India
S1-463569965	Primary Care Specialists LLC	1140 James Trail, Halifax County, VA	US
S1-67904864	Silverline India Ltd	Shree Saolyam Chs, Sarve No 232, Shop No 11, Shivai Ngr, Thane, Maharashtra	India
S1-435910932	Peridus Cross Inc	316 Bodmer Avenue, Unit 11, Strasburg, OH	US
S1-479076856	Literacy Coalition V Inc	6807 Preston Grove Drive, Spring, TX	US
S1-148972025	United Healthcare Private Limited	B-71 Model Town B Jagatpura Road, Jaipur, Rajasthan	India
S1-849305435	Gulf Family Practice Inc	201 Richards Street, Oglesby, IL	US
S1-58848070	Sackett Family Practice	428 N Chubb Road, Willard, NC	US
S1-825762685	All Infrastructure Private Limited	35 Subhash Road, Natagrah, Kolkata, Parganas North, West Bengal	India
S1-702013182	FFI Royal Standard	163 One Loop Drive, Porter, NY	US
S1-956732059	Ritter, Cobb and Highfield LLC	125 Indian Drive, Smithville, TX	US
S1-664730049	Corner Pizza	3003 Washington Place, Broken Arrow, OK	US
S1-601567690	Maid Hair Studio	Colton, 1744 Virginia Drive, CA	US
S1-281351756	Dick Trading PLLC	3422 Peachstone Place, Spring, TX	US
S1-404896478	Star Apple LLC	8624 Cedar Drive, Rancho Cucamonga, CA	US
S1-134145563	24HR Towing	20 Timonium Road, Unit SUITE 111, Lutherville, MD	US
S1-278641040	Coastal Btc	1875 Dekalb Avenue, Ridgewood, NY	US
S1-888447475	Gujarat Trading Private Limited	01, Chobe Colony, Karauli, Rajasthan	India
S1-833358563	Daphene L. Stephens, D.O.	335 Tratebas Road, Chesterton, IN	US
S1-711509575	Cradel Golden Corporation	Ii Floor, R.V.Roadv.V.Puram, 141, Bangalore, Karnataka	India
S1-123408396	Pace Realty LLC	2970 Legg Lane, Cambridge, ID	US
S1-174285258	Kanika Embroidery Private Limited	Haryana, Guru Arjun P Ambala City, Ambala, 49-50	India
S1-512750669	Urban Nails Inc	2107 N 2 Street, Ironton, OH	US
S1-546008660	Munoz, Berke & Edwards Environmental Inc	25 Klaus Street, Buffalo, NY	US
S1-65542458	Apex Systems	House No. 1615 Behind Hotel Sonali, Jawaharnagar, Ichalkaranji, Kolhapur, W No. 21, Maharashtra	India
S1-648496133	Allied Reliable Marketing	San Tan Valley, AZ, 239 Canary Court	US
S1-673396611	Cooperative Semiconductor Systems Inc	6914 Robin Willow Drive, TX, Dallas	US
S1-13487831	Coimbatore Foundation Pvt Ltd	87 Century Plaza Room No 207 Second Floor D B Road R S Puram, Coimbatore, Tamil Nadu	India
S1-960775225	South Montessori School P.C.	1002 Elmwood Avenue, Willoughby, OH	US
S1-308516406	Montague Dollar	1048 Acorn Avenue, Columbus, OH	US
S1-708832426	Urology Allied Care Associates LLC	7312 1st Avenue, Knoxville, TN	US
S1-700260546	Ganpat & Sons Pvt Ltd	New Delhi, B-231 Saraswati Vihar, North Delhi, Delhi	India
S1-240677055	Pioneer Royal Foundation Limited	C1 22, Green Fields, Hsg Soc Antariksha Rd, Pune City, Pune, Maharashtra	India
S1-810698680	Main Street Bakery	254 Osborne Avenue, Madison, WV	US
S1-474784489	Hotel Consulting Private Limited	Bangalore North, Summit-B, B-9, Itpl Main Road, Brigade Metropolis, Garudachar Palya, Karnataka, 12Th Floor, Bangalore	India
S1-287692036	United Superior James, LLC	5 Country Club Drive, Danville, IL	US
S1-394030500	Rapid Securitas Private Limited	Office No.-207, Plot No-6, S/F, A-2 Friends Tower, Paschim Vihar, New Delhi, New Delhi, West Delhi, Delhi	India
S1-935582324	Sacks and Macfarlane Spring LLC	35 Main Street, Addison (webster Springs), WV	US
S1-147621689	Echavarria Equity Partners	635 Hyatt Avenue, Campbell, OH	US
S1-180567735	FHQ Media Limited	56, 57 & 58 Radha Bazar 1St Floor, Kolkata, Howrah, West Bengal	India
S1-955293823	Dadeville Bold Inc	AL, Dadeville, 45 Cottage Court	US
S1-693867487	Strategic Complete Hill PLLC	3510 Dell Rd, Jeffersontown, KY	US
S1-419614055	Teamsters Union Local No 342	Wichita, KS, 1616 Skinner Street, Unit APT 112	US
S1-627967020	Dental Sterling Medicine	2860 Spruceway Drive, Cincinnati, OH	US
S1-357476762	Una's Environmental Services	OH, Troy, 1369 Essex Court	US
S1-109593575	Memorial Project	1071 Eagle Valley Drive, Festus, MO	US
S1-578585340	Parker and Dreyfus	677 Little Britain Road, New Windsor, NY	US
S1-571123569	Mallikarjun Tours Private Limited	201 Meghraj Apartmentsocitey Road Jogeshwary (E), Mumbai, Mumbai City, Maharashtra	India
S1-527899659	Beers Amplify LLC	12763 Ferrara Drive, Hugo, MN	US
S1-283711671	Ollis & Martin	1626 Fleischli Parkway, Unit 1, Cheyenne, WY	US
S1-109269856	Superior Apparel Collective	3450 Ridgewood Street, Unit APT 317, Wichita, KS	US
S1-385745620	MF Synchrony	509 Lucia Drive, Buffalo, OK	US
S1-839368055	Silver Massage PC	6 Mondello Square, Unit 1, Gloucester, MA	US
S1-220849501	Alpha Bombay International Private Limited	M-7A, Plot No. A-4, Shalimar Garden Extension Ii, Sahibabad, Ghaziabad, Uttar Pradesh	India
S1-129519195	Nams Traders Private Limited	Vii/666Railway Station Road Aluva, Ernakulam, Idukki, Kerala	India
S1-44648007	Stanley, Haugh and Fye Immersion Associates	16155 292nd Street, Kent, WA	US
S1-509647950	Uptown Tattoo	1219 Easy Street, Irving, TX	US
S1-86750202	Mcgalliard, Thompson and Peterson Highview LLC	119 Margaret Street, Hot Springs National Park, AR	US
S1-40991471	Urology Clinic LLC	10012 Brinwood Drive, Wills Point, TX	US
S1-690655273	Cascade Trust	12315 Ada Street, Calumet Park, IL	US
S1-365351809	Frontier Apparel L.L.C.	CA, Thousand Oaks, 1810 Calle Salto	US
S1-661227812	Quinones & Miller Concepts LLC	515 Louisiana Street, Vallejo, CA	US
S1-743652168	Kpd Education Private Limited	Flat No S4, C3 Building, Shivranjan Towers, Someshwarwadi, Pashan, Pune, Maharashtra	India
S1-607048303	Beacon	105 Como Road, Boston, MA	US
S1-331704596	Cavins Enterprise LLC	195 Highland Avenue, Somerville, MA	US
S1-941077694	Back Alley Pub	140-50 Oak Avenue, Flushing, NY	US
S1-413771799	Deweese & Azzam LLC	805 Walnut Forest Court, Chesapeake City, VA	US
S1-772150173	Pioneer Developers Private Limited	Chennai, 4B, First Floor, Vasanth Apartments, No 41 Giriappa Road, Raman Street, T.Nagar, Tamil Nadu, Chennai	India
S1-98540790	Cultural Society IV	3917 Hemingway Drive, Conover, NC	US
S1-523368454	Swastik Southern Consulting Limited	57-58, Ivth Floor, Dawa Bazar, 13-14, R.N.T. Marg, Indore, Madhya Pradesh	India
S1-164013104	Sensible Software Private Limited	106, Santhome High Road (Phase Ii) Santhome, Chennai, Tamil Nadu	India
S1-13014129	Temple Zion	2915 Landover Street, Alexandria City, VA	US
S1-126232597	Global Power Private Limited	Siwan, Vill-Shakra Tola-Shakra, Panchsarangpur, Maharajganj, C/O Arvind Kumar, Siwan, Bihar	India
S1-324584200	Behavioral Health Integrated Clinic Corporation	CA, 6967 Park Boulevard, Joshua Tree	US
S1-810267703	Kumar & Associates Pvt Ltd	A-52, First Floor Anand Vihar, New Delhi, Delhi	India
S1-840990248	Anand Software Private Limited	21/B Parshottam Nagar Harmiroad, Baroda-22, Vadodara, Gujarat	India
S1-428865188	UD Boon Private Limited	40/8 Model Townnarwana Distt Jind, Haryana, West Delhi, Haryana	India
S1-842169805	Reliable Retail Solutions	40558 Sunland Drive, Maricopa, AZ	US
S1-614493280	Swafford Capital Rail	518 Lipscomb Court, NC, Raleigh	US
S1-388928497	Mumbai Services Pvt. Ltd.	A-Wing, 201, Bldg No 46, Vihangam Chs, Tilak Nagar, Mumbai, Maharashtra	India
S1-835245658	Flowers Integrated Long LLC	7689 Northern Oaks Court, Fairfax County, VA	US
S1-205794077	Lytle Capital Partners LLC	4848 Massachusetts Street, Gary, IN	US
S1-562607219	Foot & Ankle Clinic LLC	334 Grassland Drive, Lehi, UT	US
S1-449677743	Strategic Freight Associates	3385 250th Street, Nahsua, IA	US
S1-358412588	Smith, Shope and Ramos LLC	4316 Bennett Wood Drive, Millington, TN	US
S1-159030863	Memorial Global Foundation	5120 Bardstown Rd, Louisville, KY	US
S1-898254963	Arihant Impex Private Limited	No.A/4, 32Nd Cross 3Rd Main, 7Th Blk, Jnr, Blr-82, Bangalore South, Bangalore, Karnataka	India
S1-701642694	Vision Select Specialists	120 Shore-craft Drive, Lewisville, NC	US
S1-963987635	Tirupati Guru Logistics	H.No. 1-8-2/2, Trunk Road, Khammam Municipal Corporation, Khammam, Telangana	India
S1-85321152	Intuitive Chit Limited	Central Delhi, 25/34, Delhi, Iind Floor Front Side, East Patel Nagar, New Delhi	India
S1-823462003	AP Urban Partners	519 Wolcott Street, Unit 1, Albin, WY	US
S1-898334224	Oncology Preferred Care LLC	Unit 23, Auburn, MA, 47 Washington Street	US
S1-403912662	Erode Sports Private Limited	C/O 360/15, 1St Floor, Erode Road, Erode, Tamil Nadu	India
S1-823397696	Baptist Continental Church P.C.	1316 Old Pin Oak Road, Paige, TX	US
S1-862061431	Prime Infrastructure Private Limited	C/O. Balkishun, Jamalapur Deipur, Varanasi, Uttar Pradesh	India
S1-198064530	Varshin Building Public Limited	I-204, Orchid Sector Pashwanath Atlantis Park, Vill Sugad, Gandhinagar, Ahmedabad, Gujarat	India
S1-966979101	Rodriguez First Machines LLC	W7980 Thomaswood Trail, Town Of Lamartine, WI	US
S1-870627432	Jay Long Limited	B-1, House No H-15, Jagan Path, Chomu House, Jaipur, Rajasthan	India
S1-460060907	Rpl Raj (India) Pvt Ltd	D.No.20-40-Bharatha Nagar, Simhachalam Road, Prahaladapuram, Gopalapatnam, Visakhapatnam, Vishakhapatnam, Andhra Pradesh	India
S1-947972461	Shouse & Hernandez	9940 Fm 1960, Houston, TX	US
S1-623792187	Babcock Choice Platforms PC	5565 Edgar Way, Prescott Valley, AZ	US
S1-341188428	New Delhi Colonisers Corporation	Cottege No-1, Oberoi Appt Plot No-2, Sham Nath Marg, New Delhi, East Delhi, Delhi	India
S1-334265980	White Pure Private Limited	6, Turf Road, Kolkata, Kolkata, Howrah, West Bengal	India
S1-661286899	Satya India Associates	House No. 11, Vijay Clinic, Gunawad, Dhar, Madhya Pradesh	India
S1-922193160	Fortune Southern Foundation Private Limited	57, New Delhi, Lajpat Nagar - 2, Delhi, 2Nd Floor, Vinoba Puri	India
S1-722904512	Investa Institute	B3/76, First Floor Safdarjung Enclave, New Delhi, South West Delhi, Delhi	India
S1-57190322	Means Braves Inc	88177 Lindsay Lane, Veneta, OR	US
S1-456795739	Crt Pictures Private Limited	501 Shagun Archade, Plot No. 8, Pu-4, Scheme No 54 Vijay Na, Gar Circle, Indore, Madhya Pradesh	India
S1-231805999	Didynex LLC	5115 Locke Avenue, Fort Worth, TX	US
S1-147531129	Das Inframart	Flat No. B-211, Bldg No.2, Palmgroves Nanbhat Road, Vasai, Thane, Maharashtra	India
S1-22952111	IKE Solutions	T-2242 First Floor, Gali No-3, Baljit Nagar, New Delhi, Delhi, Central Delhi, Delhi	India
S1-46033367	Jimenez, Patsy S., L.C.S.W., PC Inc.	305 Michigan Avenue, Sebring, OH	US
S1-672330086	Yassin Templeton	132 Pond Shore Way, Orland, ME	US
S1-191206649	Seiler Union	1327 61st Street, Wichita, KS	US
S1-908256901	Dalinnet Blackrock LLC	5975 Old Spanish Trail, Tucson, AZ	US
S1-563666730	Williams Integrated Mid Inc	632 Michigan Avenue, Villa Park, IL	US
S1-567967034	Sun Hospitality Private Limited	Plot No 1552 Mig Tnhb Main Road Velachery, Chennai, Tamil Nadu	India
S1-775123161	Jack Wilco	602 Quail Drive, Bluefield Town, VA	US
S1-735468406	Surgical Clinic of Sugar Land	1814 First Colony Boulevard, Sugar Land, TX	US
S1-497363395	Metz Star	203 Broadway, Chesterton, IN	US
S1-13893190	Anvil Corp	10283 Bayou Oaks Drive, Conroe, TX	US
S1-668126070	Ss Advisors	Office No. A - 202, 3Rd Floor, Lotus Plaza, Opp. Karishma Complex, Sangam Press Road, Kothrud, Pune, Maharashtra	India
S1-375333010	Verreus Bridge LLC	721 Randolph Avenue, Milton, MA	US
S1-116819209	Spry Vani Private Limited	19, Raghuveer Sadan, Near Wilsonia School, Civil Lines, Moradabad, Uttar Pradesh	India
S1-952069020	Watkins and Hilborn Industries, LLC	23 Bedford Street, Waltham, MA	US
S1-287776257	Al Investments Private Limited	303, Thane, Cine Heights, New Golden Nest Road Bhayander East, Maharashtra	India
S1-888471304	Prairie Mines Inc	2629 Esthner Court, Fl 0, Wichita, KS	US
S1-794742714	Fresh Tavern	4855 Six Mile Road, Maryville, TN	US
S1-748719926	DKB Breeze LLC	50957 Osprey Lane, Kenai Peninsula Borough, AK	US
S1-607917259	Dermatology Global Specialists LLC	Omaha, NE, 2214 Grand Avenue	US
S1-254053251	VK City	House No. 839, National Highway No. 6, Parola Road, At.Po. Mukti, Mukti, Maharashtra	India
S1-171975950	Kars Life Private Limited	206, Mayu Tower, Nr. Bileshwer Temple, Shyamal Cross Roads, Satellite, Ahmedabad, Gujarat	India
S1-723333479	Ram Technologies Pvt Ltd	Rameshwar Park 2, Stree Number 1, Raiya Road, Rajkot, Gujarat	India
S1-522688237	Moser Safe Automotive Inc	VA, 10901 Old Brook Road, Spotsylvania County	US
S1-370006355	Maid Cleaning Service	78 Webster Street, Unit 202, Washington, DC	US
S1-240027570	Good Care Private Limited	H.No 22, Ram Sajivan, Chauna Babhani, Mirzapur Sadar, Sonbhadra, Uttar Pradesh	India
S1-344347269	Big Electronics Pvt. Ltd.	Davipura-2 Near Dhan Ki Chakki Dm Colony, Bulandshahr, Uttar Pradesh	India
S1-905533273	Shubh Sangh	No. 518/1 Kr Garden, 80 Feet Road, Kormangala, Bangalore, Karnataka	India
S1-233194764	Urology Associates LLC	6701 Dempster Street, Unit UNIT 239, Morton Grove, IL	US
S1-163101848	Great Fuels	27750 Bethel Road, Elkmont, AL	US
S1-198290933	Teja & Brothers	A-608, Shapath Hexa Nr. Gujarat High Court, S.G. Highway, Sol, A, Ahmedabad, Gujarat	India
S1-217137251	Sterling Clough Inc	40 Tennessee Street, Unit UNIT A, Vallejo, CA	US
S1-531367194	Shree Investments Private Limited	Flat No C 409, Janaranjan Nanded City, Sinhagad Road, Pune, Maharashtra	India
S1-492119684	Holmes Capital P.C.	5932 81st Street, Lincoln, NE	US
S1-780079838	Uni Technologies Private Limited	E G 2/9, Garden Estate, Sikanderpur Ghosi, (68) Dlf Qe, Gurgaon, Haryana	India
S1-223774033	Dermatology Associates of Indianapolis	Unit APT B, Indianapolis, 742 Blake Street, IN	US
S1-733497380	Rust & Rodriguez	IL, 8610 Orchard Drive, Hickory Hills	US
S1-529998057	Highland Huntington LLC	624 Vanderbilt Avenue, Brooklyn, NY	US
S1-547088930	Horta Blueport	10510 Tenleyton Lane, Houston, TX	US
S1-789856502	Indian Infrastructure Private Limited	A/404, Ritu Raj Chs Ltd, Poddar School Road, Thane, Maharashtra	India
S1-142671842	Christ Trends Private Limited	1/D1/1, Ashoke Nagar, 28, Netaji Subhash Chandra Bose Road, Kolkata, Kolkata, Howrah, West Bengal	India
S1-428710083	Twisha & Partners Private Limited	4Th Floor, Spectrum Tower, No 11, Mumbai, Malad West, Maharashtra	India
S1-702488326	Green Consumer Ventures LLC	WA, University Place, 3324 Crystal Springs Road	US
S1-202161591	Optlava LLC	7880 Aster Court, Park City (summit Co), UT	US
S1-560517289	Mindset Import Private Limited	H.No. 99 A, Rajendra Nagar, Sirsi Road, Vaishali Nagar, Jaipur, Rajasthan	India
S1-386730204	Shakti Investments Limited	Plot No.83, Electronics City, Bangalore South ., Karnataka	India
S1-914617909	Uttam Industries Group	B-2, Madhuban Building-55 Nehru Place, New Delhi, Delhi	India
S1-587792162	Garg Liability Private Limited	H. No.-43, Bakhrava-1 Modinagar, Ghaziabad, Uttar Pradesh	India
S1-102853901	Services Ebony Management Private Limited	D.No-1/423-3, Narayanan Nagar, Omalur, Salem, Tamil Nadu	India
S1-294934721	Continental Deutsche Inc	122 Sodom Road, Westport, MA	US
S1-734682341	Mata Origin Inc	87 Fourth Street, Worcester, MA	US
S1-312215962	Olanora Cbre Inc	62 Wedgewood Drive, Saco, ME	US
S1-38960049	Ferretti Garden LLC	500 Johnson Street, Marengo, IL	US
S1-290005668	Grm Agency Ltd	Panvel, Flat No.702, Maharashtra, Raigarh(Mh), Plot No- 158, Ashtavinayak Chs	India
S1-356414567	Tech Advanced Estate Private Limited	Plot No Scr-15/A, Bapujinagar, Bhubaneswar, Khordha, Orissa	India
S1-134635492	Big Impex Pvt Ltd	205(A), 2Nd Floor, Piramal Agastya Corporate Park, Kamani Junction, Lbs Road, Kurta(West), Mumbai, Maharashtra	India
S1-272354860	Delhi Plus Limited	B-94 Shivalik, Malviya Nagar, Delhi, South Delhi, Delhi	India
S1-489596931	Riedel, Edwards and Raney	1913 Ashley Circle, Sioux Falls, SD	US
S1-948605237	Willett and Molina Inc	7113 Needwood Road, Derwood, MD	US
S1-859019227	Bartlett Prime Agriculture	507 13th Street, Eloy, AZ	US
S1-635938782	Tirupati Foods Pvt Ltd	B 20/2Wazirpur Industrial Area, New Delhi, North Delhi, Delhi	India
S1-351765612	Pushti Memorial Trust	Plot No 358, 1St Floor, Kohat Enclave, Pitampura, New Delhi, North West, Delhi	India
S1-436378479	Vaishali Skyways Limited	Ff-2, Vinayak Apartment, 267/7, Sector-1, Vaishali, Ghaziabad, Uttar Pradesh	India
S1-718232526	XRI Realhomes Private Limited	C L 46 Sarnath Colony Kesar Bagh Road, Indore, Madhya Pradesh	India
S1-61814598	Golden Fortune Investments Pvt Ltd	Karnataka, Bangalore, 3169/C, 2Nd Floor Service Road, Hal 2Nd Stage	India
S1-296536496	Tirupati Consultancy	Shop No 404, 4Th Floor Shree Swami Samarth Building, Naupada Police Station Opp, Naupada, Thane, Thane, Maharashtra	India
S1-18681737	Prairie Rockwool	15519 59th Drive, WA, Snohomish	US
S1-302470277	Fitzgerald's Blue Hair Studio	112 New Street, Milford, IL	US
S1-323926807	Candra Mathis Standard	347 Kellogg Boulevard, Saint Paul, MN	US
S1-1537581	Hendrick and Rhodes Snow Inc	45 Cliff Road, Nantucket, MA	US
S1-800419832	Lighthouse Builders Private Limited	7-A, Opposite Narmada Bhawan, Butler Road Dalibagh, Lucknow, Uttar Pradesh	India
S1-204541733	Esquire & Brothers LLP	291 By 226 Old Bairahna, Allahabad, Uttar Pradesh	India
S1-24552337	Golden Auto Body	14815 State Street, Dolton, IL	US
S1-457243796	Frank, Ward and Homer Inc	1334 Perryman Bridge Road, Heflin, AL	US
S1-762475211	Reliable Royal Nexera Inc	1646 Plains Ridge Avenue, Zachary City, LA	US
S1-200432570	Aurora Welfare Society	We Work Latitude, 10Th Floor, Rmz Latitude, Commercial No 69/458/69 Bellary Road, Hebbal, Near Godrej Apptt, Bangalore North, Bangalore, Karnataka	India
S1-767891269	Empire Foundation	1145 Olson Drive, Unit Unit 110, Waukee, IA	US
S1-918052349	Garcia Dental Associates	IL, 813 Lake Street, Unit # 2N, Oak Park	US
S1-741036482	Internal Medicine Associates Inc	Unit #161, Beaverton, 15848 W Union Road, OR	US
S1-136827706	Star Technology Private Limited	#15/A, 1St Phase, Jigani Industrial Area Anekal Road, Bangalore, Karnataka	India
S1-714131888	Grv Singh Private Limited	Jaipur, Rajasthan, 5-5, Shastri Nagar, Ram Nagar	India
S1-725217361	Raine Mcneal Irenic LLC	1510 Duhart Avenue, Unit 8, Gastonia, NC	US
S1-678553922	Knapp Pharmaceutical LLC	2284 Battles Road, Ashford, AL	US
S1-120273584	Ivenelle Rockwool	11546 Concord Village Avenue, Unit UNIT J, Saint Louis, MO	US
S1-265156316	Smart Atlantic	1015 Foxmeadow Drive, Limerick Township, PA	US
S1-714284551	Hemingway's Spa LP	601 Birch Street, Unit 1, Fall River, MA	US
S1-969291250	Urgent Care Heartland Health Inc	10312 Saguaro Drive, Apache Junction, AZ	US
S1-895909215	Cherry Williams Futurecrest LLC	378 Longview Street, Fayetteville, AR	US
S1-666180180	1113 Lexington Blvd Owners Corp, LLC	1375 Pelham Road, Jacksonville, AL	US
S1-728211585	Bowman Highland Constellation	430 4th Avenue, Fl 1, Hillsboro, OR	US
S1-106517579	Innovative Healthcare Private Limited	F-18, 216, Dlf Centre Point Sector 11, Opposite Bata Flyover, Faridabad, Haryana	India
S1-106280670	Galaxy Builders Private Limited	10/283, Periyapathikkad, Annanagar, Moochamkund, Govindhapuram, Muthalamada, Chittur, Palakkad, Kerala	India
S1-588923428	White Global Better, Inc	63 Marina Ridge Court, Vallejo, CA	US
S1-808541908	Gray & Pope, LLC	125 Oak Street, Iowa Falls, IA	US
S1-822414829	Taylor Family Practice	Saint Paul, MN, 703 Watson Avenue, Unit Apartment 2	US
S1-871928772	Juniper Farmers LLC	1114 15th Street, Muncie, IN	US
S1-156535145	Ss Software LLP	At-Newardianbandha Po-Nayagarh Nayagrh Nac 3, Nayagarh, Orissa	India
S1-400541759	Jack, Ely & Torres Inc.	173 Dobbersville Road, Goldsboro, NC	US
S1-141737048	Sandoval Kkr LLC	NY, Staten Island, 904 Post Avenue	US
S1-369795576	My Products LLP	C/O-Prasan Kumar Mohapatra, Ward No.09, Plot No.156, Alandapada, Ketakipatana, Sakhigopal, Puri, Orissa	India
S1-608738387	Irias and Cummings Group	158 Valley Airport Place, Cotter, AR	US
S1-31229613	DGD Constructions Ltd	C - 178, Sector - 100 Gautam Buddha Nagar, Noida, Gautam Buddha Nagar, Uttar Pradesh	India
S1-449259051	Delta Kuries Private Limited	407 New Delhi House27 Barakhamba Road Connaught Place, New Delhi, Central Delhi, Delhi	India
S1-870706272	Rebeka's Cosmetics	2606 Burger Avenue, Dallas, TX	US
S1-119782409	Foot & Ankle Clinic LLC	7420 Brandshire Lane, Dublin, OH	US
S1-178793521	Webster and Oconnell Target	313 Van Bibber Street, Pocahontas, AR	US
S1-402160464	Bhavnagar Management Co	13/A Hariram Society, Laxmi Nivas, Subhashnagar, Bhavnagar, Gujarat	India
S1-686699918	1698 Fourth Blvd Properties	Chicago, 11809 Lafayette Avenue, IL	US
S1-42729772	Pune City Technologies Private Limited	Office No 402, A-Wing, Geras Imperium Gateway, Pune City, Pune, Maharashtra	India
S1-277972866	Kiran Foundation	116, Teja Ka Pura, Harisenganj Mauaima Abdalpur, Allahabad, Uttar Pradesh	India
S1-563786424	Supath Welfare Society	Co Sunil Kumar Singh, New Karman Tola Ara, Arrah, Bhojpur, Bihar	India
S1-649753693	Kin Traders LLP	Plot No 26 &27, Hyderabad, Flat No 101, Satya Sai Heights, Shiva Ganga Colony, L B Nagar, Hyderabad, Telangana	India
S1-87504276	Rycca Mansfield Cornerstone Oaktree PLLC	2428 Meloy Road, Kent, OH	US
S1-634196350	Commission on Finance	50 York Street, Unit 106, Cambridge, MA	US
S1-385821537	Delta Alliance	Silver Spring, MD, 3205 Norbeck Road	US
S1-560687173	Cedar LLC	10 Delaware Street, Edwardsville, KS	US
S1-820309966	Continental State LLC	166 Spicewood Drive, Hollister, MO	US
S1-650108829	Floria White, MD	2434 Linwood Avenue, Niagara Falls, NY	US
S1-36428078	Tech Ventures Private Limited	5-9-24/66/2, Shapurwadi, Shapurwadi Hyderabad, Ap, Telangana	India
S1-582100020	Classic Chits Private Limited	No.85, D.No.2, Kumarasamy Nagar 2Nd St, Saidapet, Kanchipuram, Tamil Nadu	India
S1-673403981	Eye Grand Health	IL, Carlyle, 20994 Walcott Road	US
S1-76539613	Shiv Trading Pvt Ltd	No.59, Ormes Road, Kilpauk, Chennai-10., Tamil Nadu	India
S1-760290056	Pittman's Hypnosis LLC	2044 Avalon Ridge Circle, Fenton, MO	US
S1-852676362	Foot & Ankle Group Group	69 Gardiner Drive, East Hampton, NY	US
S1-777270590	XK Doubleline LLC	90 Bliss Street, Westfield, NY	US
S1-727569394	Vis Ayurveda Private Limited	House No. 722 Huda, Sector-11, Panipat, Haryana	India
S1-167534891	Din (India) Foundation Pvt. Ltd.	Plot No. 4, Infocit, Madhapur Hyderabad, Telangana	India
S1-848462081	Opaline Long Continental Pioneer, LLC	2512 Highway 161, North Little Rock, AR	US
S1-792958598	Trinity Helping Private Limited	M / 3, Industrial Area, Rourkela, Sundargarh, Orissa	India
S1-9052517	Vision Associates Corp	OH, 2404 Dill Road, Bloomingburg	US
S1-589507097	Thrissur Innovations Pvt Ltd	Room No.3/794, Dream City Building, Pattikad, Peechi, Thrissur, Kerala	India
S1-992362204	Norean N. Rice, DMD, P.C.	3580 Hunters Path Drive, Sawmills, NC	US
S1-989341704	Alpha Finance Private Limited	Delhi Roadsaha Ranpur Saharanpur, Uttar Pradesh, Saharanpur, Uttar Pradesh	India
S1-675380886	Interstate Federal PLLC	1708 Bassett Hound Drive, Haslet, TX	US
S1-799107288	Shandeigh Skaggs Drugs Inc	807 Michelle Court, Montgomery, AL	US
S1-161344859	Mahalaxmi & Sons LLP	E24, Atmanagar Complex Behind Dr Ambedkar Statue, Pimpri, Pune, Maharashtra	India
S1-781153094	Jaipur Agencies Private Limited	G-70, Bhawani Nagar, Jaipur, Rajasthan	India
S1-388660244	Beyer, Gutierrez & Chadwell	313 Burnett Station Road, Seymour, TN	US
S1-478702673	Cano, Gonzalez and Hartle Associates	1335 Pleasant Ridge Road, Elkin, NC	US
S1-926133966	Cook Peak Lng Ltd	Leander, TX, 21315 Mount View Drive	US
S1-762191865	Creative Tri-State Aria LLC	12 Avon Drive, Babylon, NY	US
S1-953990200	Secure Supply LLC	844 Happy Hill Road, Lexington, NC	US
S1-923826096	Universal Tech Private Limited	C-19/102, Ff, Sec 15, Ghaziabad, Uttar Pradesh	India
S1-973933935	Shrinika (India) Fiscal Limited	Ottapalam, Kerala, 9/244-10, Palakkad, Vp Tower Thennadi Bazar, Opp.New Aswini Hospital	India
S1-596208423	Delhi Finsec	H. No. 4233-4238, 3Rd Floor, Arya Pura Subzi Mandi, Near Paarwati Despensary, Delhi, North East, Delhi	India
S1-967855232	Colonial Silver Managed	411 Papago Street, Gila Bend, AZ	US
S1-287629733	Doyle's Painting	6419 Earlham Drive, Bethesda, MD	US
S1-980447729	Vedi Business Private Limited	15/11 Telephone Extn. Road, Samalkha Village, New Delhi, Delhi	India
S1-74139886	Erna Bowles Premier Angel Inc	421 Creek Drive, Tremont City, OH	US
S1-829565132	Bangalore Realinfra Private Limited	C-15, Swaminarayan Nagar Vibhag-2, Nr. Kalakunj Temple, Varachha Road, Surat City, Surat, Gujarat	India
S1-571615853	Nexari Figx PC	30 Simone Circle, Irondequoit, NY	US
S1-72475745	Ferreon Utilities LLC	5136 Woodmark Drive, Fort Wayne, IN	US
S1-166054381	Tanguma Big, Inc	25668 177, Rodman, NY	US
S1-387913828	Ss Exports Limited	K Building, Plot No 24, Walchand Hirachand Marg, Ballard Estate, Fort, Mumbai, Mumbai City, Maharashtra	India
S1-535207976	Rama & Sartin Inc	1509 Maple Springs Church Road, Shelby, NC	US
S1-234633045	Oncology Group	29 Beacon Hill Road, North Hempstead, NY	US
S1-450495765	Tech Clinic	C/O Sobha Devi, Pragathi Nagar, Sipara, Sampatchak, Patna, Bihar	India
S1-940068233	Integrated Mortgage Holdings	1607 Viking Avenue, Village Of Holmen, WI	US
S1-145891061	Legg and Mcmahon Inc	341 Bowers Park Circle, Knoxville, TN	US
S1-741005025	Horizon Agricultural Company	1811 Roanoke Avenue, Portsmouth City, VA	US
S1-569966060	Happy Tavern	13221 Chrisman Road, Houston, TX	US
S1-683351355	Ingrid Boris Valley Dave Inc.	4218 Madison Street, Spokane, WA	US
S1-483990300	Glendale Research LLP	40 Strand Road Gr Floor, Kolkata, Calcutta, West Bengal	India
S1-215584606	Exports Live Metal Private Limited	Delhi, K-14, New Delhi, South Delhi, Third Floor, Part 1, Abul Fazal Enclave	India
S1-489668162	Polaris Trinity	31 Bayview Avenue, Sag Harbor, NY	US
S1-348704412	Capital Center	811 Lakeshore Ridge, Birmingham, AL	US
S1-753637847	Landaverde Collective LP	2600 Vaughn Lakes Boulevard, Unit APT 2712, Montgomery, AL	US
S1-800751486	Xiong Patriot Universal LLC	1270 State Rt 48, Ludlow Falls, OH	US
S1-396543030	Alvarenga Five, Corp	10105 Country Time Road, TX, Princeton	US
S1-979521858	YXT Good	519 Garfield Street, Middletown, OH	US
S1-120767207	Triangulum Services	9, Floor-0, Bmc F/S Ward Office, Dr Babasaheb Ambedkar Road, Parel, Mumbai, Mumbai City, Maharashtra	India
S1-277423381	Killebrew's Manufacturing	TX, 844 Henderson Street, Jacksonville	US
S1-922835910	Levin Chadwick L.L.C.	10300 Imperial Dam Road, Unit C46, Yuma, AZ	US
S1-693713018	Urgent Care Best Medicine	10 Rose Avenue, East Hampton, NY	US
S1-627098240	Supreme Constructions Private Limited	Fl 74-B Wing Sr No 9, Kailash Kutir, Pune City, Pune, Maharashtra	India
S1-286583393	Regional Australia Inc	5016 Rocky River Road, Indian Trail, NC	US
S1-678196939	Blue Tattoo	7931 Pecos Road, Unit 148, Mesa, AZ	US
S1-702496456	Burk's Bay Home Care	Ham Lake, MN, 3642 147th Avenue	US
S1-451446950	Kendra Farve, P.A.	1 Leighton Street, Albany, NY	US
S1-54560256	Downtown Bakery	2740 Brittany Terrace, Unit 11, Manhattan, KS	US
S1-19462154	Foxx Endocrinology	1036 Blessings Drive, Yadkinville, NC	US
S1-171477596	Mcgowan Safe Pimco Care	218 Ebenezer Church Rd, Mathews County, VA	US
S1-545479513	Jss (India) Nut Private Limited	05 Ashok Marg, Nalkheda, Shajapur, Madhya Pradesh	India
S1-147048204	C+ Era Inc.	107 Messmore Road, German Township, PA	US
S1-558827102	Blue Engineering Private Limited	85, S.N.Banerjee Road, Kolkata, Kolkata, Howrah, West Bengal	India
S1-193403620	Trinity Community Church	OH, Edon, 106 Main Street	US
S1-320050036	Gerling Better Lightwave LP	Fort Worth, TX, 1324 Blanco Court	US
S1-784001590	Holani Medical Centre	Flat No. 303, Utkarsha, Avantika Apts, Ramdaspeth, Nagpur, Maharashtra	India
S1-246341106	Sky Builders	No.4/461, 2Nd Floor, Suite, 1691, Valamkottil Towers, Ernakulam, Kerala	India
S1-790489297	Gwenore Villatoro Cornerstone Seneca LLC	TX, 7910 Tawny Bluff Court, Cypress	US
S1-488969841	Jpr Technologies Private Limited	Showroom No. 207, 2Nd Floor, Orbit Signature Walk, Rajpura, Mohali, Punjab	India
S1-835202065	Custom Telecom Labs, LLC	1593 County Road 4673, Atlanta, TX	US
S1-19431750	Uptown Ice Cream	5134 Hagemann Street, Kansas City, KS	US
S1-447153450	Life Software Limited	C/O Sudarshan Agarwal, 3377 Tegharia, Dakshin Chhayani, R K Pally, Narendrapur, Kolkata, Parganas South, West Bengal	India
S1-224258882	Precision Peak Direct Inc.	120 Gary Avenue, Ponca City, OK	US
S1-405354307	Jai Projects Private Limited	V P O Baza Khanateh Faridkot Distt Faridkot, Punjab, Faridkot, Punjab	India
S1-89481048	VT Spacsphere Corp	39 Sherwood Forest Drive, Winthrop, ME	US
S1-710503166	All Automation Services Corp	9379 Glenaire Court, CA, Rancho Cucamonga	US
S1-467818358	Oncology Group	104 Scorpio Drive, Geddes, NY	US
S1-503417925	Benavides, Reyes & Frederick	918 Fairmount Avenue, Phoenix, AZ	US
S1-562224497	Faridabad Realty Private Limited	A 29, Dabua Pali Road Dabua Colony Extension, Faridabad, Haryana	India
S1-896167510	Maxim Institute of Technology	Smt Manorama Devi Ashok Kumar Near Pani Illahibagh Opp Petrol Pump, Patna, Bihar	India
S1-155781227	Dynamic Systems Private Limited	Dr S K Chaudharybelabanwan Motihari Dist East Champaran, East Champaran, Purba Champaran, Bihar	India
S1-332246170	Rz (india) Delhi	Gh 2/ 107A, Paschim Vihar, Delhi, West Delhi, Delhi	India
S1-198952593	Premier & Sons Private Limited	Servey No. 299, At-Zak Ta Dehgam, Vill Zak, Gandhinagar, Gandhinagar, Gandhi Nagar, Gujarat	India
S1-904464919	Gerti Fuerst, DMD	658 Indian Church Road, West Seneca, NY	US
S1-856314398	Keystone Printing Innovations LLC	2307 Broad Avenue, Spokane, WA	US
S1-887330773	Gujarat Consulting	House No.1090, Sector-12, Sonipat, Haryana	India
S1-948225084	Bob Iron Private Limited	Rz-D-1/113 First Floor Gali No 7, Mahavir Enclave, Palam, New Delhi, South West Delhi, Delhi	India
S1-1033177	Chawla Clean Pvt. Ltd.	No.13, Kensignton Roadbangalore, Bangalore, Karnataka	India
S1-391136520	Metanet Ventures LLC	5039 Norris Drive, Dayton, OH	US
S1-510575518	Rodriguez & Ledford Iron LLC	26301 Newton Road, Canyon, TX	US
S1-72915914	Maniyal Building Tardeo Road Academy Pvt Ltd	4/75, C-1, Maniyal Building Tardeo Road, Mumbai, Maharashtra	India
S1-396507258	WAE Manufacturing Private Limited	Yogeshwar Apartment, Sola Road, Ghatlodiya, 21/247, Ahmedabad, Gujarat	India
S1-61272647	Interstate Taiwan Inc.	1168 Douglas Boulevard, Unit APARTMENT 119, Midwest City, OK	US
S1-123213165	Harbor Alliance	7012 23rd Street, Phoenix, AZ	US
S1-879634724	Cascade Plumbing	NY, Hempstead, 94 Hill Avenue	US
S1-183507955	Lee Charter School Corp	389 Jefferson Avenue, Staten Island, NY	US
S1-856283073	Construction Chaudhary Ventures	Rajasthan, Jaipur, B-61 Sethi Colony, Jaipur	India
S1-344092648	Perfect Infrastructure Private Limited	O Ii 30, Palam Vyapaar Kendra, Palam Vihar, Gurgaon, Haryana	India
S1-916470789	Smith, Stevens & Jasmin Real LLC	3845 Las Cruces Lane, Yuma, AZ	US
S1-119843053	Chandrva Global Private Limited	109, Mohan Place, Lsc, Block- C, Saraswati Vihar, Delhi, North West, Delhi	India
S1-455844563	Giraud Freight Corp	355 Highway 385, Judsonia, AR	US
S1-526901921	Oncology Clinic of Carrollton	2661 Westgrove Drive, Unit 342, Carrollton, TX	US
S1-961161373	Allen and Kimble Microelectronics	121 Van Es Lane, Russellville, AR	US
S1-30433076	QD Direct Gladstone	2406 Strait Lane, Houston, TX	US
S1-948311317	Matthews Colonial Logistics	500 133, City Of Boscobel, WI	US
S1-347654872	KI Buildwell Private Limited	No.8/2, Als Plaza, 1St Floor, Opp Bus Stand, Hosur, Krishnagiri, Dharmapuri, Tamil Nadu	India
S1-794052377	Clear Transportation, Inc	115 This Way, Chesterfield County, VA	US
S1-369572806	Vanguard Anchor Alphabet Inc	38400 Tamarac Boulevard, Unit 109~112, Willoughby, OH	US
S1-115669244	Indo & Co	Kh.No-155-Sa, Vill-Kanchanpur, Deva Road Chinhat, Lucknow, Uttar Pradesh	India
S1-659348748	Singleton Safe Perimeter LLC	13219 Gerrards Cross Drive, Houston, TX	US
S1-906955117	Star Trading Private Limited	B/403 Shreejivdani Apt, Ekta Vijay Ngr Narangi Rd, Vasai, Thane, Maharashtra	India
S1-167232692	Indo Media Private Limited	302 Narayanadri Nilayam, Srini Gold Ave Pakalkunta, Tirumalagiri, Hyderabad, Telangana	India
S1-487725241	Green Shiva Media Private Limited	Flatno.502, 5Thfloor, Sridevidayalcanopus, Kodicalmainroad, Ashoknagarpo, Dereba, Il Village, Mangaluru, Dakshina Kannada, Karnataka	India
S1-98422131	Villarreal Worldwide	700 12th Street, Unit 610, Washington, DC	US
S1-740109595	Shankar Distilleries Private Limited	F N0 1603, B Block, Meenakshi Trident Towers Gachibowli, Hyderabad, Rangareddy, Telangana	India
S1-58852190	Cascade Center Partners	Unit 1, 124 Adams Street, Boston, MA	US
S1-406496463	F 4 Innovative Flagstar	702 Graham Street, City Of Wilson, NC	US
S1-439705127	Vijay Projects Private Limited	Maharashtra, Thane, 53, 5Th Floor, Vijay Nagari Annex, Ghodbunder Road, Waghbil Naka, 14B, Thane	India
S1-315881869	Urgent Care Health of Georgetown, LLC	708 15th Street, Unit S1, Georgetown, TX	US
S1-908774395	KJA Technosoft Private Limited	B/202, Neelkanth Enclave, Adinath Building Lbs Marg, Ghatkopar West, Mumbai, Mumbai City, Maharashtra	India
S1-702100445	Mumbai Properties Private Limited	Flat - 302, Jyoti Orchid Chs, Plot No 54 Sher -E- Punjab Soc, Mahakali Caves Rd, Andheri E, Mumbai, Mumbai City, Maharashtra	India
S1-931827058	Smart Raj Agro Pvt Ltd	Swanand Complex, 4Th & 5Th Floor B Cabin Road, Shivaji Chowk, Ambernath-E, Ast, Thane, Maharashtra	India
S1-199642687	Hedges & Cortese Spark, Inc	W7132 Drager Road, Town Of Marquette, WI	US
S1-85872003	Chauvin Origin LLC	10397 V Avenue, New Hartford, IA	US
S1-137335929	Preferred Complete Aurora, LLC	24 Sylvia Lane, Brownsville, TX	US
S1-849155144	CVE Maywood L.L.C.	2005 -2 Queen Victoria Court, Virginia Beach City, VA	US
S1-165536262	My Estate Pvt Ltd	Vikramaditya Marg, Lucknow, Christian Colony 21, Lucknow, Uttar Pradesh	India
S1-590430656	Western Vulcan	Brunswick, ME, 7 Gallows Island Road	US
S1-775987616	Key Precision Grade PLLC	Joliet, 1001 Hacker Avenue, IL	US
S1-380362142	CII Winvest	2401 Louis Place, Harlingen, TX	US
S1-670062101	Rodriguez & Mohamed Spring PC	321 Jasper Street, Cloquet, MN	US
S1-236646554	Kit D. Casias, DPM, DDS PC	9925 Sofield Place, Unit 301, Ijamsville, MD	US
S1-356489740	Heard Metro Ultra	260 2nd, St Johns, AZ	US
S1-257587801	Silver Pub	3267 Hill Road, Andover, VT	US
S1-767155135	Pinnacle United Furniture	3523 Market Street, Petroleum, IN	US
S1-519178141	Vista Arts Private Limited	198/22 Ff Ramesh Market East Of Kailash, New Delhi, South Delhi, Delhi	India
S1-244118803	IT Classic Chenghe LLC	517 Martin Road, Northport, AL	US
S1-878542817	Green Equity Collective LLC	Weeping Water, NE, 305 H Street	US
S1-167474078	Autism Assistance Coalition LLC	19611 Cambridge Drive, Mokena, IL	US
S1-149458147	Lyrance Regional	6161 66th Avenue, Sacramento, CA	US
S1-249364412	NG Strategic Dogecoin LLC	8440 Jacklin Avenue, MO, Hazelwood	US
S1-131932801	Sv (India) Percent Private Limited	Green Valley Apartment, Fl, 2Nd Floor, 87 Nalta School, Kolkata, Kolkata, Howrah, West Bengal	India
S1-866372210	Empire Endocrinology LLC	Bldg Room 405B, NY, 4071 Hardt Road, Eden	US
S1-290176159	Troupe Northwest, Inc.	1971 Jackson Dr, Marion, IA	US
S1-759219771	Lucilia B. Conard, DDS	17270 State Highway 76, Lindsay, OK	US
S1-762353866	Producer Shree Alumni Private Limited	Vallabh Soc, Pantnagar, Ghatkopar East, Mumbai, Maharashtra	India
S1-479782271	UV Health Private Limited	House No. 451, First Floor, Azadpur Village Ring Road, Opp Adarsh Nagar, Delhi, North West, Delhi	India
S1-725397823	Bright Bistro	1149 Hoover Avenue, Utica, NY	US
S1-405740174	Bush Hotels Inc	1029 Perry Street, Unit 01, Washington, DC	US
S1-977924867	Coimbatore Exports Public Limited	Tamil Nadu, No. 12/350, Coimbatore, Anbu Nagar Madukkarai Market, Coimbatore	India
S1-802350641	Quality Payment Digital P.C.	5 Tamara Court, Brookhaven, NY	US
S1-585262841	Elkins, Araujo & Najjar	40 Oak Street, Norristown Borough, PA	US
S1-208135183	Red Coffee	17402 Curry Branch Rd, Louisville, KY	US
S1-718361997	Estep Classic Cell	4940 Old Main Street, Unit 207, Henrico County, VA	US
S1-758509037	Knapp Holding Company, LLC	WV, 459 National Street, Ranson	US
S1-788768113	Federal Council	7906 165th Street Court, Puyallup, WA	US
S1-194445268	Value Golden Hair Studio-Elizabeth	207 Tanglewood Lane, Elizabeth, AR	US
S1-982925348	Mount Industrial Private Limited	Flat No C-102, Plot No No.20, Sector 02, Sai Swar, Kharghar, Navi Mumbai, Raigarh, Maharashtra	India
S1-703548818	147 Main Lane Apartments	9249 Glenwater Drive, Unit 1309, Charlotte, NC	US
S1-558946481	Sustainable Beverages (India) Private Limited	Ditpl, Sw51, Apparel Park, Ph-2, Kiadb, Shed No-22, Karnataka, Doddaballapura, Bangalore Rural	India
S1-556754412	Akshara Infralink Limited	Old No 20, New No 51, 1St Floor, 1St Main Road Jawahar Nagar, Permabur, Chennai, Tamil Nadu	India
S1-171909150	Prime Power	S/O Ram Narain, Tara Chak Danapur, Patna, Bihar	India
S1-870790314	Pacific Institute VI	Alexandria, 3000 82, MN	US
S1-333046855	Ember Co	780 Capitol Road, Valparaiso, IN	US
S1-335397796	Reichard Safe Portfolio Corp	5522 96, Helper, UT	US
S1-600352249	Behavioral Health Center Corp	14136 Los Robles Court, Rancho Cucamonga, CA	US
S1-152063913	Rebecca Mangual Grifols Inc	1 State Street, Unit 1510, Boston, MA	US
S1-278723982	Innovative Enterprises Private Limited	No. 5, 1St Cross Street, Rajaji Nagar, Camp Road, Selaiyur, Chennai, Tamil Nadu	India
S1-992044907	Blue Trusted Dragon LLC	29 Gaylord Avenue, Shelby, OH	US
S1-282953481	Nexor Assets Inc.	6106 196th Street, Douglas County, NE	US
S1-760595824	Gold Developers Private Limited	A-49, Mohan Co-Operative Industrial Estate Matura Road, New Delhi, Delhi	India
S1-774935430	Manipal Foundation Pvt. Ltd.	706, Taboot Street, Camp, Pune, Maharashtra	India
S1-847055222	Golden Ecommerce (India) Private Limited	B-1/140 Janak Puri, New Delhi, West Delhi, Delhi	India
S1-753793009	XW Restaurant Inc	32264 46th Place, Auburn, WA	US
S1-180082605	Painters Union Local No 166	3320 4th Lane, Ankeny, IA	US
S1-273375362	Guru Software Private Limited	Plot No. 543 To 560 - Extended Area, Kandla Sez, Gandhidham, Gujarat	India
S1-858529363	Mack Bay Frequency LLC	10950 Union Hills Drive, Unit 1533, Peoria, AZ	US
S1-79602056	Pierce, Emeline W., DO	11 Sever Street, Unit 810, Worcester, MA	US
S1-35421030	1845 Lake Blvd Management Inc	1080 4th Street, Benson, AZ	US
S1-396964732	Olio Holdings	G-13 The Idea Apartment 14A-1, Opp. Allahabad Bank New Fatehpura, Girwa, Udaipur, Rajasthan	India
S1-481663412	Packaging Ventures Associates	Maharashtra, Thane, Samarth Krupa Apartment, Nagwadi, Diwa West, 2/23	India
S1-522559323	Associates (India) Studio Private Limited	A-105, Shree Vihar Colony Behind Hotel Clarkes Amer, J.L.N. Marg, Jaipur, Rajasthan	India
S1-337004465	Ranoix LLC	7106 Copacabana Drive, Leland, NC	US
S1-719340974	Pediatric Care of Ashland	865 Montgomery Avenue, Ashland, KY	US
S1-157696828	Delhi Homes Private Limited	275, Piccadily House Floor I, Captain Gaur Marg, Srinivaspuri, Delhi, New Delhi, Delhi	India
S1-663538857	W/Q Energy Inc	8925 Burr Street, Schererville, IN	US
S1-628951701	Baba Finance Private Limited	Home No 47/1, Hanuman Chowk At Post Majalgaon, Taluka Majalgaon, Beed, Bid, Maharashtra	India
S1-700969093	Guru Tech Private Limited	Building-46, Village-Nagla Fatela, Sansi, Post Tatarpur, Hathras, Uttar Pradesh	India
S1-559060556	Sree Finance Pvt Ltd	C/O Suhail Khan, Opp Dr., Arif Siddiqui, Rahemurtaza, Rampur, Uttar Pradesh	India
S1-769019426	Colette Currie Telecom Inc	149 Pines Bridge Road, Somers, NY	US
S1-25671897	Integrated Commercial Partners	6896 Springview Drive, Westerville, OH	US
S1-607565286	Global Navneel Wollen Pvt. Ltd.	Plot No. 26/A, Shop No. 4, Sfa, Bhandara Road, Nagpur, Maharashtra	India
S1-660667320	Dynamic Financial Brands Center	61 Wbuc Road, Buckhannon, WV	US
S1-798284874	Harvey, Ramos and Fitzpatrick LLC	16801 Vienna Street, Stiritz, IL	US
S1-405698845	Star Two LP	51-19 46 Street, Woodside, NY	US
S1-5901028	Downtown Grill L.L.C.	12456 Mainstreet, Rancho Cucamonga, CA	US
S1-452721090	Royal Asset Enterprises	151 Hallet Street, Unit 428, Boston, MA	US
S1-394624068	Seema Rerolling Private Limited	Gf-28/11 Kirti Shikhar Building, Distt Centre, Janakpuri, New Delhi, New Delhi, West Delhi, Delhi	India
S1-812302522	Krishan Provident	Near Vijay Iti, Maharana Pratap Colony, Dausa, Rajasthan	India
S1-322628199	Apex Avalanche Inc	280 Edison Road, Grayson, KY	US
S1-20327613	Shree & Partners Private Limited	R.8, 3Rd Floor, 31, Dhirjlal House, C.P Tank, Sindhi Lane, Girgaon, Mumbai, Mumbai City, Maharashtra	India
S1-197303653	NJ Amc Corp	5546 33rd Avenue, Seattle, WA	US
S1-256638601	Natalya Jones Motors LLC	Minnetonka, MN, 5345 Williston Road	US
S1-431914453	QM Cornerstone Wisekey	2417 Briarwood Road, Baltimore, MD	US
S1-633933260	Crescendo Trading Private Limited	35, Sudama Nagar, Jaipur, Rajasthan	India
S1-147101516	New Delhi Sports LLP	Shop-G-95 G/Floor Plot No-2 Sec-19, Lsc Vardhman Crown Mall Dwarka, New Delhi, South West Delhi, Delhi	India
S1-201304670	NN Internet Limited	C/Omunni Devi, Vishavkarma, Colony, Shiv Mandir, Farrukh Nagar, Gurgaon, Haryana	India
S1-923251126	Peak Security Inc.	9184 Longfellow Lane, Machesney Park, IL	US
S1-419145961	Middle Coimbatore LLP	West Bengal, Kolkata, 7/1 Raj Krishna Lane, Howrah, Kolkata	India
S1-941774291	Dobie Idea	3513 Independence Avenue, New Hope, MN	US
S1-145313217	Brynne Slagle, D.O.	2911 381st Way, Auburn, WA	US
S1-221696566	Wagner Royal Future Inc	3615 Devilwood Court, Fairfax City, VA	US
S1-923571960	East Ridge Aria, LLC	91 Little Beason Road, Pennsboro, WV	US
S1-765370620	Vantora Copper Group	1901 Scarborough Lane, Pasadena, TX	US
S1-664554836	Thatcher Health Center	516 Keith Street, Knightdale, NC	US
S1-9532325	Urgent Care Clinic	877 Bishopsgate Road, Nashville, TN	US
S1-434341170	Shiva Estate Private Limited	S/O Dhan Singh Bhati, P No. 49, 82 & 83 Ram Nagar, Near Municipal Corporation, Jodhpur, Rajasthan	India
S1-323635266	New Management Private Limited	Fl A30 Popular Colony, Sno 45 Warje Malwadi, Pune City, Pune, Maharashtra	India
S1-678053573	National Transportation Inc	Polk County, OR, 15990 Oakdale Road	US
S1-285908073	Clear Peak Coastal LLC	37 Westwood Drive, Auburn, NY	US
S1-275053625	Desir Foods	PA, East Greenville Borough, 628 Third Street	US
S1-351719411	Beus Inc	12626 211th Court, Kent, WA	US
S1-712937430	Legacy Gulf Myers	4700 Valla Rd, Unit 115, Louisville, KY	US
S1-480708275	Mamie Dsouza Management LP	Wetumpka, 100 Dena Court, AL	US
S1-450786991	Interstate Fund	1033 Rogue Drive, Fl 0, Grants Pass, OR	US
S1-738128729	Faclara Capital Partners LLC	8 Web Road, Georgetown, MA	US
S1-560823986	Value Design Advisors	12202 Highlander Court, Laurel, MD	US
S1-446328472	Summit LLC	821 Wayne Avenue, Greenville, OH	US
S1-809693832	Smart Foods Pvt Ltd	601, Shiv Kutir, End Of Janki Devi School Road, Mahada, Andheri (W), Mumbai, Mumbai City, Maharashtra	India
S1-220638624	Clean Industrial Laboratories	1229 Stagecoach Trail, Gordon, TX	US
S1-219849798	Metropolitan Media Concepts LP	6175 Virginia Road, OH, Nashport	US
S1-859978210	Neon Platinum Nextera Inc.	105 Stone Glen Road, NC, Pikeville	US
S1-150726726	Trans International Co	Dhar, Madhya Pradesh, Bl-268 Mphb Colony, Dhar	India
S1-312010548	Ramdev (India) Technologies Limited	Kolkata, Gajraj Chambers 86B/2 Topsia Road(S), Howrah, 3F, West Bengal	India
S1-483658300	Alpha Properties Private Limited	11-9-49, Flat No 103 Ace Prime Krishna Bulding Lakshmi Nagar Colony Road No 1, Kothapet, Hyderabad, Telangana	India
S1-745293076	Urology Care Associates Inc.	1306 131st Circle, Vancouver, WA	US
S1-681030652	Bangalore North India LLP	No 136, Bangalore North, New Borewell, Hal, 3Rd Stage, Konena Agrahara, Karnataka, Bangalore	India
S1-624610076	Kritya India Care	#H.No.8-3-828/16/C/1, 3Rd Floor, Yellareddy Guda, Khairatabad, Hyderabad, Telangana	India
S1-563829071	Navi Mumbai Tech Private Limited	A-9/9:3, Sector-9, Millenium Tower, Sanpada, Navi Mumbai, Thane, Maharashtra	India
S1-186826241	Rasonify Staked Associates	3303 Hanover Avenue, Richmond City, VA	US
S1-463660205	Global Finance Private Limited	Kathukulangara H, Flt.S8, Neelanjanam Ap Mavelimoola, Koratikara P O, Kadavalloor, Thrissur, Kerala	India
S1-221059703	Foot & Ankle Group of Ames	815 Wave Dr, Unit UNIT 202, Ames, IA	US
S1-983059748	Satterly Telecom Inc	3014 Willow Road, Millwood, WA	US
S1-786608989	Price Assets Inc	10984 Bianco Way, Rancho Cordova, CA	US
S1-507517189	Om Centre (India) Private Limited	Office No. 602-603, Sai Samarth Business Park, Near Wasan Motors, Deonar, Govandi (East, ), Mumbai, Mumbai City, Maharashtra	India
S1-291812414	Construction Medical Centre Private Limited	Hyderabad, Plot No 535. Door No 16-3-21/535 Bhagath Singh Nagar, Hyderabad, Kukatpally, Telangana	India
S1-963080695	Raviansh Fiance Private Limited	Nahaka, Jajpur Road, Jajpur, Orissa	India
S1-522074381	Zilvia C. Hosmer, Esq.	555 Waters Edge Lane, Unit 225, Lombard, IL	US
S1-598761786	Red Auto Body Inc	2422 V Street, Unit APT 5, Sacramento, CA	US
S1-156624540	Apex Guardian LLC	921 Timberlake Drive, Virginia Beach City, VA	US
S1-75614346	Chiropractic Health LLC	4688 Wallace Lane, City Of Holladay, UT	US
S1-433107823	Select Investment Holdings	229 Washington Avenue, Souderton Borough, PA	US
S1-365645792	Davis Platinum Eastern LLC	2575 Verde Drive, Unit 4003, Gilbert, AZ	US
S1-593308496	Bay Pioneer Metal LLC	385 Cotta Way, Vallejo, CA	US
S1-361237454	Rodriguez Financial	12810 Hampton Avenue, Village Of Butler, WI	US
S1-206752924	Nao Polska Clinic	IN, Columbus, 2281 Meadow Bend	US
S1-368917122	Moreno School of Medicine	IL, 828 Damen Avenue, Chicago	US
S1-702841802	Joe Energy Private Limited	Andhra Pradesh, Vidyuth Nagar Housing Board Colony, Anantapur, 12-4-54	India
S1-666969489	Vision Grand Partners LLC	21104 Le Sueur Avenue, Waterville, MN	US
S1-191950072	Kenney Cornerstone Kgaa Inc.	140 Main Street, Unit 6F, Attleboro, MA	US
S1-636521996	I 4 Horizon Nextera	20516 University Street, Carlinville, IL	US
S1-481031203	Holy Zion	16637 Mccullar Court, Harlingen, TX	US
S1-886488950	Rosene K. Johnson, M.D. Group	5700 Rapid Forge Road, Bainbridge, OH	US
S1-705701290	Zeo Alternative	1912 Carl Road, Unit 240, Irving, TX	US
S1-552531315	Veterans Certified Federation LLC	2341 Cedarwood Ridge, Minnetonka, MN	US
S1-425415103	Faex LP	3499 Valley Hollow, Norman, OK	US
S1-948449042	Phillips Acquisition	2157 Cloverdale Drive, OH, Mansfield	US
S1-80198256	Sunrise Future Industries Pvt Ltd	1052, 1St Main, 1St Cross, Yeswanthapur, Bangalore, Karnataka	India
S1-148363006	Crystal Secure Montreal Inc	562 Pine Court, Creswell, OR	US
S1-780696483	India Doctor Inventions Private Limited	9-1-193, Girmajipet, Warangal, Warangal Urban, Telangana	India
S1-824655016	Fenderson Holdings	1402 Hawthorne Street, Arlington Heights, IL	US
S1-974215292	Future Power	303 Sarita Cross Road No.5, I C Colony, Borivali, Mumbai, Maharashtra	India
S1-563631567	Superfine Law Chambers Limited	402, 4Th Floor, Plot No. 402-403, Officers Campus Extension, Sirsi Road, Jaipur, Rajasthan	India
S1-136494210	Raj Shiva Engineering	R-77A, Second Floor Greater Kailash-I, New Delhi, Delhi	India
S1-617353313	Nanavati Legal Ltd	Namakkal, No. 6/4, Namakkal, Tamil Nadu, Subramaniyapuram, Mohanur	India
S1-276115112	WX Com Private Limited	A.D.R.Towers, No.74-A, 74-B, Theni Main Road P. P. Nagar, Kochadai, Madurai, Tamil Nadu	India
S1-478708465	RV Beverages Private Limited	House No. 173 D-1 01St, Floor Ward No 3 Mehrauli, New Delhi, South West Delhi, Delhi	India
S1-738975518	Data Transit Laboratories Inc	224 Greg Smallwood Road, Rineyville, KY	US
S1-732452377	Womens Health Care	225 Goldenrod, TX, San Marcos	US
S1-483715802	Continental Clear Mae LLC	3601 Meadow Briar Drive, Tucson, AZ	US
S1-818256367	Hulda Reiman Valley Peace LLC	28 St Johns Avenue, Staten Island, NY	US
S1-469594077	Ace Printing Laboratories Inc	939 Schroll Drive, Forsyth, IL	US
S1-124072506	T & H Stores, LLC	25 Smith Court, West Haven, CT	US
S1-728564067	Twisted Book Store	29718 Colony Drive, Dagsboro, DE	US
S1-583972384	Liberty School of Medicine	2716 Cedar Hill Road, Cuyahoga Falls, OH	US
S1-998172549	Mab Cullins Clear Biomedical	City Of Racine, WI, 1353 Washington Avenue	US
S1-473112887	Billings Media	3254 Granger Avenue, Unit Unit D6, Billings, MT	US
S1-383025855	Cornelia Blythe Sunstone, LLC	80 226 Red Berry Street, Benson, NC	US
S1-835190749	Quinn Systems (India) Pvt Ltd	148/3 00 New Patel Nagar, Jalaun Orai, Orai, Jalaun, Uttar Pradesh	India
S1-120954828	Mumbai Buyers Limited	Office1002, Sanjona Chambers, Building No.Iiigovandi St.Road, Deonar, Plot C.T.S.No.315-D, Opp L, Akme Co, Mumbai, Mumbai City, Maharashtra	India
S1-984254858	Madhusudan Vivek Private Limited	3Rd Floor, Nirlon House, Opp. Sasmira College, Dr Annie Besant Ro, Ad, Worli, Mumbai, Mumbai City, Maharashtra	India
S1-307784833	Healthcare Gowri Chits Private Limited	# F No:312, B-Block, Ark Towers, Mayuri Nagar, Miyapur, Hyderabad, Rangareddy, Telangana	India
S1-85478968	Rbj Holdings	H. No. B-74 Mig Vidhya Nagar, Bhopal, Madhya Pradesh	India
S1-518642842	Cypress	2524 Minerva Avenue, Columbus, OH	US
S1-324445265	CFZ Surgicals Private Limited	Revenue Ward No. 26, H No. 26/615-11, R S Road., Nandyal, Kurnool, Andhra Pradesh	India
S1-620923286	Vivi Blackwell Concepts	500 Dodge Avenue, Evanston, IL	US
S1-866991935	Carney Angel LLC	7575 35, Unit 214, Alvarado, TX	US
S1-208433843	Federal Genomic Brands LLC	625 Jackson Avenue, Unit #A28, Tacoma, WA	US
S1-379668613	Sam Foundation Pvt. Ltd.	C - 3, Okhla Industrial Area, Phase - 1, New Delhi, South Delhi, Delhi	India
S1-457087698	Big Global	Uttar Pradesh, Noida, C-14 Shatabadi Enclave, Gautam Buddha Nagar	India
S1-360571129	Ugarte Chemical, LLC	486 Co Rd 42, Proctorville, OH	US
S1-348726223	Regional Association Inc	820 University Place, Wheaton, IL	US
S1-942938677	King Metal Works Inc	2252 Lake Road Boulevard, Canton, OH	US
S1-637199785	Signature Biotechnologies Inc.	1100 Gateway Boulevard, Unit 5315, Forney, TX	US
S1-565880783	Heckman & Rivera Pizza Inc	302 Treetops Drive, Seneca, SC	US
S1-81311561	Al Media Private Limited	Lalitadelle 3Rd Fl99 Maharshi Karve Rd, Mumbai, Maharashtra	India
S1-722227394	Golden Deli	16658 Moss Lane, Porter, TX	US
S1-224361062	AV Higher	1187/68 Modern Building Shivajinagar, Pune, Maharashtra	India
S1-917212003	3257 Ocean Ave Company	2527 Ferndale Lane, Unit APT 201, Helena, MT	US
S1-77473714	Royal Real Pvt. Ltd.	Shop No-376, 3Rd Floor, D, Block, New S.T. Bus Stand, Ahmadabad City, Ahmedabad, Gujarat	India
S1-545611219	Camargo Canadian	1199 Rustler Pass, Kyle, TX	US
S1-499611887	Prairie Robinhood	12553 Clark Manor Circle, Fl 0, Saint Louis, MO	US
S1-244613171	Biharsharif Platforms Ltd	C/O Soni Kumari, Biharsharif, Bihar, New Nalanda Colony, Nalanda	India
S1-74217025	Harshit Focus Private Limited	Plot No. 125-126, 4Th Phase, Bommasandra Industrial Layout, Jigani Main Road, Ban, Galore, Bangalore, Karnataka	India
S1-672944178	Bharat Trading Private Limited	Riddhi, Rameshwar Park, Street No.3, 2 Corner Plot No. 90, B/H Rail Nagar, Rajkot, Gujarat	India
S1-867922131	Adrian, Cha & Hawkins Garden	218 Pospeck Lane, Hoyt Lakes, MN	US
S1-204753643	Asper Ramaco LP	238 Winesap Court, City Of Janesville, WI	US
S1-15207657	A Advanced United	8116 Cicero Mills Road, Cicero, NY	US
S1-644899387	Red Laxmi Hospitality Pvt Ltd	Jaipur, Gopal Bari, Metro Plaza, Rajasthan, S-2	India
S1-281156073	Better Prairie Supply, Inc.	2416 Saint Pauls Square, Raleigh, NC	US
S1-744892675	Gold Freedom Inc.	2269 Adams Street, Wilmington, NC	US
S1-78527912	Tomi's Staffing	15418 Mercer Lane, Surprise, AZ	US
S1-824236166	Temple Baptist Church	3636 Gunderson Avenue, Berwyn, IL	US
S1-403374275	Prakash Travels Private Limited	4 Floor, 147/B/1, 10Th, Main, 3Rd Block, Bengaluru, Bangalore South, Bangalore, Karnataka	India
S1-52401741	Metropolitan Federation III	2901 Ave O, TX, Galveston	US
S1-423662230	Carney Grand Stock LLC	24976 40, Goshen, IN	US
S1-654016539	Technologies Concept Consultants Private Limited	Gammon House, Veer Savarkar Marg Prabhadevi, Mumbai, Mumbai City, Maharashtra	India
S1-952342649	Iveneon Crumrine Inc	4311 Nichols Avenue, Dickinson, TX	US
S1-922197453	Kjos Colonial Otg	1139 Robin Hill Court, Bel Air, MD	US
S1-499315058	F C Bolyard Kodiak	76 Highland Street, Smicksburg, PA	US
S1-76268584	Shakambari Industries Private Limited	S N 144 149/1 Fl-202 Bldg-A/2/2 Sector-T Ajmera, Pimpri, Pune, Maharashtra	India
S1-111199932	Melrose Rights Pvt Ltd	Ahmedabad, Gujarat, Ahmedabad, 239 Saijpur Gopalpur Out Sideshahwadi Octroinaka Narol	India
S1-268106486	Reon	1814 178th Street, Lynnwood, WA	US
S1-969954136	Ranjana Solutions Clinic	Upper Gf Back Side E 6 Kh No 92/5 Gali No 16 Sadh Nagar Palam, Delhi, New Delhi, Delhi	India
S1-970105847	Shivai Nagar Infra Pvt Ltd	51, Ground Floor, Shri Siddhivinayak Apt, Pokharan Road No. 1, Shivai Nagar, Thane, Maharashtra	India
S1-584391469	Nariman Point Projects Limited	Mumbai, Nariman Point, B Wing, 16Th Floor, 210, Maharashtra, Mittal Tower	India
S1-273932196	Nelotech Inc	8136 Tedder Road, Lucama, NC	US
S1-410284623	Brook Hao Opportunity, LLC	9611 Marnewood Drive, Johnston, IA	US
S1-80257021	Trimurti Developers Public Limited	1004 Silver Nests V Patel Nagarfour Bunglow Mhadaandheri(W), Mumbai, Maharashtra	India
S1-57652511	Housman's Silver Cafe	4292 140th Street, Cleveland, OH	US
S1-316304460	Meera Technologies Pvt Ltd	15B Clive Row2Nd Floor, Kolkata, Calcutta, West Bengal	India
S1-2294353	Zaria's Direct Home Care	67 East Street, Honeoye Falls, NY	US
S1-715495688	Summit Center	17 Union Street, Watertown, MA	US
S1-27606235	DZ Realestate Pvt. Ltd.	Unit-126, Dlf Cybercity, Bhubaneswar, Khordha, Orissa	India
S1-352052325	Rev It Up Auto Body LLC	7101 Fern Flat Road, Aptos, CA	US
S1-841431696	Silva and Dowd Inc	1801 Warner Ranch Drive, Unit 419, Round Rock, TX	US
S1-899826806	Clyara Biracilik PLLC	13574 Lynn Street, Prince William County, VA	US
S1-658210954	Bright Seva Samiti	C/O Sachin Yadav, Etawah, Shri Nagar, Bharthana, Etwah, Uttar Pradesh	India
S1-533833987	Autism Assistance Institute LLC	405 Bills Lane, Unit UNIT A 111, Columbia Falls, MT	US
S1-992592753	Retecum	3963 Bernice Road, Hempstead, NY	US
S1-959695992	Pramukh Trading Pvt Ltd	Dalabeda, Umerkote, Nabarangpur, Orissa	India
S1-993043994	Shaligram Minerals Private Limited	Cm No 825 Wework 13 Flr, 247 Park Tower B Vikhroli, Mumbai, Maharashtra	India
S1-315277960	24HR Fitness P.C.	131 Wanda Lake Place, West Terre Haute, IN	US
S1-705373399	Polaris	71691 33, Syracuse, IN	US
S1-418781031	Pious Traders LLP	314, Amba Tower, Near D.C. Chowk Sector - 09, Rohini, Delhi	India
S1-933482751	Behavioral Health Quality Clinic	3012 Ventura Road, Oxnard, CA	US
S1-196201570	Red Enterprises Pvt Ltd	Plot At Khasra 609 & 610, Village Tusyana, Noida, Gautam Buddha Nagar, Uttar Pradesh	India
S1-64065965	Better Sports PLLC	1620 Eagle Crest Drive, Winston-salem, NC	US
S1-205139527	Kolkata Fabrics Private Limited	20 B British India Streetr.No 3B 3Rd Floor, Kolkata, Calcutta, West Bengal	India
S1-901352930	Velque Magna, LLC	8001 Appaloosa Lane, Charlotte, NC	US
S1-982117555	Mckinnis Industries LLC	132 Ramunno Circle, Hockessin, DE	US
S1-977872333	Novel (India) Break Private Limited	Village- Halai, Samastipur, Po-P.Halai, Ps-Tajpur, District-Samastipur, Bihar, Samastipur	India
S1-961521410	Sdj Public School Private Limited	D 994, Vej Parsiwad, Bharuch, Gujarat	India
S1-289792760	Bangalore Cargo Private Limited	No 106 Mandhana 3Rd Main 2Nd Stage 1St Block Block Dollar Colony, Rm V Extan, Bangalore, Karnataka	India
S1-153157816	Madrid Piedmont Couture PLLC	109 Roger Smith, VA, James City County	US
S1-986940110	Shade Poultry Private Limited	3 Home Lands55 Hill Road Bandra, Mumbai, Maharashtra	India
S1-885489266	Maj (India) Interiors Private Limited	At/Po-Dera Talcher, Angul, Orissa	India
S1-387723031	Sterling Hospital Inc.	357 23 Old Britton Ford Road, Springville, TN	US
S1-647275817	Youth Federation LLC	147 300, Washington City, UT	US
S1-649119400	Caldera Electric LLC	42 Dempsey Branch Road, Robson, WV	US
S1-468430910	Rohatak Road Bahadurgarh Trendz Private Limited	Shop No - 9/25 Khesra No - 2214, Rohatak Road Bahadurgarh, Jhajjar, Haryana	India
S1-468870653	Cardinal Companies	571 1st Street, Unit Unit 501, Bend, OR	US
S1-855170340	Southern Vijay Producer Private Limited	F-66, Upper Ground Floor, Near Mangal Bajar Road Vishnu Garden, New Delhi, West Delhi, Delhi	India
S1-215974785	DMG Logistics Private Limited	Jaiswal House 1St Floor, Niyamatabad Chandauli, Chandauli, Uttar Pradesh	India
S1-490808628	Stephenson Superior Oncology	14249 Blackfork Drive, Heavener, OK	US
S1-57497892	Bodycare & Sons Pvt Ltd	South Delhi, New Delhi, Delhi, G/F Kh No 460/188, Okhla Vihar, Jamia Nagar, Okhla, H. No D- 19/19	India
S1-180440160	Internal Medicine Dynamic Care Associates LP	16345 51st Street, Redmond, WA	US
S1-542990261	Construction Wellness Land Private Limited	Kolkata, Howrah, West Bengal, 63, Radha Bazar Street 3Rd Floor, Room No. 36, Kolkata	India
S1-430262477	Tonia Mcneal Communications LLC	45 Loomis Street, Unit 220B, Malden, MA	US
S1-123181965	Technologies Khandelwal Yamuna Private Limited	1/87, 3Rd Street, Mgr Nagar, Gingee, Villupuram, Tamil Nadu	India
S1-475340341	Carpenters Local 915 Inc.	1808 Defoor Avenue, Atlanta, GA	US
S1-987248741	Sivan Institute	B-1404, August Grand Doddakanhalli, Bangalore, Karnataka	India
S1-408253145	Vishwa Traders Private Limited	Holding No-1170, Siyaldanga, Midnapore, West Midnapore, West Bengal	India
S1-873324904	S/I Token LLC	3 Idlewood Lane, Canyon, TX	US
S1-369691139	Southern Clean Barclays Inc.	19985 Ryegrass Lane, Lenore, ID	US
S1-607000600	Complete Business Laboratories Inc	8855 Radcliff Drive, Unit 4A, Calabash, NC	US
S1-700770408	Gardner Capital Partners	24470 Hillcrest Drive, Sterling, IL	US
S1-976363688	Systems Resonance Medical Partners	Ashok Raj Path, Purab Darwaza, Begampur P.S.- Sultanganj, Patna, Bihar	India
S1-210264008	JCP Up Corporation	Madhubani, Bihar, Village- Mahatha, P.O.-Mahatha, Panch- Mahatha, Blo, Ck-Ladania, Madhubani, C/O- Mahesh Prasad Sah S/0- Biltu Sah	India
S1-782247799	Gae Obermiller, D.C., M.D., P.C.	3026 Springvale Street, Charlotte, NC	US
S1-252543501	Rester Pioneer States LLC	2822 Bookhout Street, TX, Dallas	US
S1-571531854	Aukerman & Driggers	446 100, Bldg APARTMENT, Ephraim, UT	US
S1-235322142	Pegasus Ventures	Block 2 F/F, Block L, Hari Nagar, New Delhi, West Delhi, Delhi	India
S1-523732579	Hall, Carroll & Hilton LLC	NM, Ignacio, 85 Road 4025	US
S1-921166575	Best Systems Limited	C/O Kumari Pushpa Sinha Vill- Baikathpur, Tola-Duanni, Patna, Bihar	India
S1-974354349	Pediatric Quality Clinic LLC	9108 Springhill Lane, Unit 103, Greenbelt, MD	US
S1-791177433	Oncology Specialists	Sutton, WV, 92 Byrne Street	US
S1-916737786	Secure Prairie Mining LLC	4760 De Invierno Place, Mount Airy, MD	US
S1-412087678	Clean Procap	9027 Fascine Court, Hanover County, VA	US
S1-495243844	Busy & Sons Private Limited	2 A Dhum Bldg 1St Floord P Cross Road Dadar (E), Mumbai, Maharashtra	India
S1-978946442	Tyo, Susie P., D.C.	2236 Fairway Circle, Atlanta, GA	US
S1-794327522	Ramirez Pediatrics	Parkers Prairie, MN, 14205 505th Ave	US
S1-808684603	First Catholic Church LLC	6260 Carrara Place, Unit 102, Charlotte, NC	US
S1-676634553	Premier Management Limited	126, Damji Shamji Industrial Estate L.B.S. Marg, Vikhroli (West), Mumbai, Maharashtra	India
S1-111320353	First Biomedical Studios LLC	3209 Turtle Point Drive, Fayetteville, NC	US
S1-851073386	Halcan Grid LLC	4501 Central Avenue, Unit Ste 164, Hot Springs, AR	US
S1-444653987	Diann Williams, CPA, M.D., P.C.	Riverton, UT, 1964 Carriage Avenue	US
S1-971538640	Montova Rogers	9111 Thixton Ln, KY, Louisville	US
S1-47603285	Life Beverage Private Limited	D-2, Bal Udhyan Marg Uttam Nagar, Delhi, West Delhi, Delhi	India
S1-943474964	Slack's Wireless	5303 Pacer Ln, Unit 203, Louisville, KY	US
S1-884753324	Smart Heritage Harmony Inc	43 Water Street, Unit Apartment 2, Lyons, NY	US
S1-667588190	Silver Pub LLC	3836 3rd Street, Clinton, IA	US
S1-552444304	Sterling Social LLC	TX, El Paso County, 199 Lake Summer	US
S1-370852019	All Mountain Crescent	NY, Brookhaven, 19 Hamlet Drive	US
S1-109807160	Technologies Magic Engineers Private Limited	Rajput House, 01St Floor Opp. Ved Pathak Hospital Gokhale Road, Thane West, Thane, Maharashtra	India
S1-134646779	Wax Safe Sachs LLC	MO, Nixa, 811 Wheaton Hills Drive	US
S1-12108482	Littlejohn's Maintenance	45 Church Street, Unit Apartment 1, Springville, NY	US
S1-653056385	Applied Commercial Partners LLC	DE, 226 Zion Drive, Smyrna	US
S1-175992457	Rapid Acres	18215 Foothill Boulevard, Unit UNIT 248, Fontana, CA	US
S1-818004314	Technologies Financial Power Private Limited	R. No. 76/2B, Anaikattu, Elumathur (B), Erode, Tamil Nadu	India
S1-688824892	Tharu Land Private Limited	New Delhi, Rohtak Road Delhi, Delhi, 118-Bjanta Flats Ekta Enclave Peera Garhi	India
S1-628858190	Youth Federation	133 Ellsworth Street, OH, Wintersville	US
S1-545130496	New Delhi Techno Private Limited	D-24, Jangpura Extension, New Delhi, South Delhi, Delhi	India
S1-789849338	Aureus Capital	1349 Cambridge Avenue, Flossmoor, IL	US
S1-611458368	Renaud First Dime LLC	15387 Robert Terrell Road, Hanover County, VA	US
S1-181159019	Duncan Ventures LLC	2677 Innsbruck Drive, Unit Unit E, New Brighton, MN	US
S1-636980392	Burnside Sciences Group	593 Nancy K Crossing, Roanoke, IN	US
S1-965295601	Beyond (India) It Private Limited	Tamil Nadu, 312/01 Belly Area, Annanagar West, Egmore Nungambakkam, Chennai	India
S1-798938859	Indico Service Private Limited	Vasai, Maharashtra, Mani Bhavan, Wagholi Nirmal Road, Nr Shani Mandir, H No Wg01/1015, Thane	India
S1-102351702	Shivam Foods Private Limited	74/18, Gali No.-2 Friends Colony, Gurgaon, Haryana	India
S1-744575298	Aaa Leasing LLP	Module No S4, It Park Parsodi, Nagpur, Maharashtra	India
S1-683046364	Cash Global River LLC	1290 Park Drive W, Unit 8, Greenville, NC	US
S1-203059991	Raj Infra	263 /902 Rhb Sanganer, Jaipur, Rajasthan	India
S1-623173070	Hunger Ministries	13218 4th Place, Tulsa, OK	US
S1-412461145	Innovative Corporation	7410 Sr 60, Wakeman, OH	US
S1-974534620	Choudhary Foods, Corp	34 Bayberry Road, Abington, MA	US
S1-767180983	Falcon, Inc	OK, Cushing, 1211 Central Avenue	US
S1-899471154	Hari Engineering Private Limited	Kanta Marwah Marg, Opp., Police Ground, Police Line, Ajmer, Rajasthan	India
S1-428587907	Watt Guild	301 Miller Street, Natalia, TX	US
S1-94844467	FR Green Horse Inc	1 Franklin Street, Unit 4706, Boston, MA	US
S1-288544077	Machinists Local Union 45	19 Oneil Avenue, Johnstown, NY	US
S1-844746242	Dynamic Equity Collective	2995 Misty Ridge Lane, Rockwall, TX	US
S1-444134786	Mirella's Massage	5041 Valois Drive, Taylorsville City, UT	US
S1-324834453	Pinnacle Precision Direct Corp	25 Elmwood Street, North Attleborough, MA	US
S1-483427898	1765 Third Ave Owners Corp Inc	3 Brookside Avenue, Bellport, NY	US
S1-574955035	Aarvesh Enterprises Private Limited	Level 6, Citi Center No 10/11 Dr Radhakrishnan Salai, Mylapore, Chennai, Tamil Nadu	India
S1-873184948	Velasco's Biotech Center	N8308 Amsterdam Prairie Road, Town Of Holland, WI	US
S1-521496572	Chicago Equitable LLC	4055 Lake Park Avenue, Chicago, IL	US
S1-987735795	Atalanta Phillips Diamond Supply Partners	13723 Amaranth Street, Peoria, AZ	US
S1-104563105	B+ Legato Ninnekah	1284 Highway 277, Ninnekah, OK	US
S1-266809342	Eggert Prime Apple PC	Stevensville, MD, 108 Market Court	US
S1-567690340	Hornbaker Cardiology LLC	5023 W Bay Road, Baytown, TX	US
S1-139061021	Sai Krishna Logistics Pvt Ltd	A 60 Ground Floor B/P Gali No 3 Block A Near Mcd School Gagan Vihar, Meethapur B, Adapur, New Delhi, South Delhi, Delhi	India
S1-859067655	Jesse Garcia Global Healthcare LLC	147 Monroe Street, Dyer, TN	US
S1-520694384	QS Bhav L.L.C.	4808 Pines Brook Road, Walton, NY	US
S1-197471630	Ace Foundation Private Limited	West Bengal, Howrah, Swami Vivekananda Road Santragachi, 58	India
S1-422093804	Complete Thunder LLC	2750 Ferrell Street, TN, Humboldt	US
S1-572572672	Pediatric Dental Care LLC	3507 Howland Avenue, Village Of Weston, WI	US
S1-456010440	Star Management Private Limited	61/5532, First Floor, Palayam, Oyitty Road, Kozhikode, Kerala	India
S1-109401009	Secure Ramaco LLC	131 Maple Ridge Road, Reisterstown, MD	US
S1-786877538	Corpuz Glass LLC	11345 Hammack Drive, Bridgeton, MO	US
S1-848047440	Helios Inc	NC, 2009 Ramblewood Drive, Apex	US
S1-554749108	Solutions Aarambh Mercantile LLP	H No. 63, Ground Floor, Pvt No 18, New Delhi, West Delhi, Delhi	India
S1-273397149	Pure Ventures Private Limited	Ff-2, Plot No. 649, Shakti Khand 3 Indirapuram, Ghaziabad, Ghaziabad, Uttar Pradesh	India
S1-827990450	Hamill River LLC	4312 Corral Road, Rio Rancho, NM	US
S1-143989805	Uptown Bistro	3615 55th Court, Cicero, IL	US
S1-293944894	MM Inn Private Limited	West Bengal, Howrah, 71 Ambica Towers40 Dobson Rd, Howrah	India
S1-901658410	Corporate Analytics Consultants	4451 Junction City Highway, El Dorado, AR	US
S1-613909726	Romito Box	116 Ravine Avenue, Lake Bluff, IL	US
S1-976613184	Hotel Engineering Private Limited	D-911, Shiromani Complex, Opp. Ocean Park, Nehrunagar, Satellite, Ahmadabad City, Ahmedabad, Gujarat	India
S1-675512899	Digital Power Private Limited	Plot.No-108/B, Janapath, Unit-3 Master Canteen, Bhubaneswar, Khordha, Orissa	India
S1-807130009	Indian Systems Private Limited	F 5, Uttar Pradesh, 1802, Panchsheel Greens I Sector 16B, Greater Noida West, Gautam Buddha Nagar	India
S1-840876220	Maharishi India Pvt Ltd	S.F.No.1045/2, 1 Kurumbapalayam Main Road, Kalapatty, Coimbatore, Tamil Nadu	India
S1-143754078	Gagan & Co	No.210, 5A Cross, Hrbr 3Rd Block, Hrbr Layout, Bangalore, Karnataka	India
S1-426087654	Tevue Partners Inc	Batavia, OH, 1455 Clough Pike	US
S1-805092306	Ps Vinimay	No.8, 3Rd Floor, Geo Residency, 1St Main, Talakaveri Layout, Amrutahalli, Bangalore, Karnataka	India
S1-938300367	Cooper and Woodward Cayman Corp	33 Lawn Street, Unit 2, Boston, MA	US
S1-934781874	Hedy W. Le, L.C.S.W.	718 Brookridge Drive, MD, Boonsboro	US
S1-579688614	Foot & Ankle Group	CA, 4500 Bain Avenue, Santa Cruz	US
S1-730625581	Darius Indiaprivate Limited	Shop No.514, Corporation Door No.15-5-223/141, 5Th Floor, Milestone 25, Balmatta Circle, Kad, Ri Village, Mangalore, Dakshina Kannada, Karnataka	India
S1-377271394	Value Marine Global LLC	142911 Whippoorwill Road, Town Of Marathon, WI	US
S1-226362719	Aura Quarry	C/O-Rita Naskar, Target Plaza, 2Nd Floor Room No-202, Delhi Road Chowmatha, Hooghly, West Bengal, Dankuni	India
S1-124591643	Al Products Private Limited	Manathanath, Cherandathur Post, Kozhikode Dist, Kozhikode, Kerala	India
S1-787146726	Pediatric Crystal Center LLC	4148 Park Avenue, Brookfield, IL	US
S1-698570134	Garza Fresh Peoples Corp	263 Bay 22 Street, Brooklyn, NY	US
S1-942666484	Floris J. Mckinney, Esq., DDS PC	466 Unclemier Road, Ohio, NY	US
S1-362580595	Abernathy Charter School Co	Dublin, 6303 Emberwood Road, OH	US
S1-829097229	Royal Healthcare Private Limited	C/O Gajanan Anandrao Sutar, H No 1075 Chiprital Shirol, Kolhapur, Maharashtra	India
S1-92054226	Continental Society IV	1225 Baltimore Avenue, Fort Worth, TX	US
S1-735091928	Avila Harbor States LLC	101 Number Seven Green Drive, St Charles, MO	US
S1-417699804	2386 Center Way Owners Corp LLC	429 Lahoma Avenue, Norman, OK	US
S1-949604558	Vvk Consultants Company	Flat No 211, Bhanu Enclve Sundernagar, Near Esi Hospital, Erragadda, Hyderabad, Telangana	India
S1-736565366	Christiansen and Crider Safe LP	571 Wildbriar Road, Henrietta, NY	US
S1-737490024	A Cure 7 You	8403 Old Relic Road, Natrona, WY	US
S1-926126243	GTT Ocean, LLC	3526 Langrehr Road, Windsor Mill, MD, Unit APARTMENT 1B	US
S1-49013056	Innovative Breeze	754 Bronx River Road, Unit Apartment B28, Yonkers, NY	US
S1-427706809	Continental Horse	4739 Elm Street, Hammond, IN	US
S1-633796281	Reichard Interstate Globa, LLC	401 May Street, Fairmont, WV	US
S1-728887844	Sun Properties Private Limited	Tarak Nath Mukherjee Road Makhla 2, West Bengal, Raghunathpur, Hooghly	India
S1-634536243	Mui Jpmorgan LLC	309 North Avenue, Unit Apartment 12A, New Rochelle, NY	US
S1-554131381	Roberto, Pool and Baier Chimera	5508 Barrington Country Circle, Collegedale, TN	US
S1-78373553	Coleman Interests LP	15013 La Vale Road, Monkton, MD	US
S1-925766717	Shankar Road Cosmetics Ltd	4A/58, Shankar Road, New Delhi, Delhi	India
S1-130604358	Jai Urja Care	Andhra Pradesh, Nellore, Opp. Abhiram Hospital, Atmakur, Shop 8	India
S1-35570033	Crimson Design (India) Private Limited	Ponnos, Kera 138, Harismrithi Lane, Thiruvananthapuram, Thiruvananthapuram, Trivandrum, Kerala	India
S1-304151016	Ftl Infotech Private Limited	D No. 5/300/2 Karaimedu, Salem, Paruppu Mill, Kotta, Tamil Nadu	India
S1-80582395	Paper Radiance Private Limited	Uttar Pradesh, Flat No. 102, 1St Floor, H .N. Sa 7/30 2, Benipur, Aktha, Varanasi, Tirupati Tower	India
S1-769841639	My Solutions Limited	B Wing, Flat No. 601, Premises Residency, Plot No. 71, Sec-11, Kharghar, Navi Mumbai, Raigarh, Maharashtra	India
S1-707331354	Y 6 P Global LLC	25 New City Street, Essex, CT	US
S1-17318158	Orthopedic Specialists PLLC	9801 Grunewald Road, Yakima, WA	US
S1-168101607	Nguyen Equipment Inc	5906 Deal Avenue, Unit B, Nashville, TN	US
S1-98221163	DTJ Infra LLP	21/1, G-2, Ground Floor, A.M. Plaza, Plain Street, Hospital Road, Bangalore, Karnataka	India
S1-156913460	Consolidated Design Consultants Center	340 3rd Avenue, Milan, IL	US
S1-66214334	Pacific Animal Hospital	8074 Skystone Loop, Prince William County, VA	US
S1-341014657	Bangalore Educational Pvt Ltd	#116, Third Floor, 11Th Cross Margosa Road, Malleshwaram, Bangalore, Karnataka	India
S1-795314295	Delta Center Inc	18 Maple Street, Unit 14, Pepperell, MA	US
S1-579280595	Bay Center IV LLC	35 Franklin Street, Wallingford, CT	US
S1-129605746	Nucleus Brothers Ltd	# 602, Giridhari Exe..Park, 6Th Floor, Peeramcheruvu, Golconda, Hyderabad, Telangana	India
S1-456500362	Management Avm Bio	202, Konark Apartment I.P.Extension, Patparganj, Delhi	India
S1-522333353	Palermo Capital	6856 Delma Drive, Fl 0, Saint Louis, MO	US
S1-115604272	Pediatric Dentistry Clinic of Sylvania	5044 Green Pine Court, Sylvania, OH	US
S1-871836667	Lonni Garcia, DDS	1025 S 7th St, Unit 7, Louisville, KY	US
S1-334483516	Cascade Network III	165 Edwards Run Road, Capon Bridge, WV	US
S1-750844689	Al Shiv Investment Pvt Ltd	Navi Khadki, Borsad, Anand, Gujarat	India
S1-583580358	Riter & Williams LP	111 Minnesota Avenue, Walker, MN	US
S1-998952395	Aasthaa Builders Limited	Block A Office - 1301 To 1303 13Th, Navratna Corporate Park, Ambli Bopal Road, Opp Jayantilal Park, Daskroi, Ahmedabad, Gujarat	India
S1-337413417	QG Colonial Holding LLC	Bozeman, MT, 1221 Elk Lane	US
S1-305289229	Caldify Lifestyle	10413 Sedalia Drive, Mckinney, TX	US
S1-506957521	Dynamic Network Industries LLC	345 Atkinson Street, Truro, IA	US
S1-192537403	IH Water Inc	62 Wildwood Drive, Fluvanna County, VA	US
S1-159564532	Downtown Hypnosis LLC	5412 Monterey Cove Avenue, Albuquerque, NM	US
S1-917724306	Fancy Manasa	B-205, Big Splash, Sector 17 Vashi, Navi Mumbi, Thane, Maharashtra	India
S1-356474973	Anchor Wellness Global	10335 Fair Desert Drive, Oro Valley, AZ	US
S1-958047420	Chennai Solutions LLP	Pc 6, 2Nd Block, Mog West, Chennai, Tamil Nadu	India
S1-504381533	Polaris Inc	5604 35th Avenue, Seattle, WA	US
S1-464640273	Chiropractic Physicians	8661 Rush Lake Grade, Duluth, MN	US
S1-64150197	Om Producer	60 S.N. Roy Chowdhury Sarani, Birati, Kolkata, Kolkata, Howrah, West Bengal	India
S1-282372935	Ridge Guild Care	32525 180, Orleans, NY	US
S1-972287912	EUP Trucking Private Limited	No. 68, Satkesh, 2Nd Floor, Sbi Colony, 40Th Main, 9Th D Cross, Bangalore South, Bangalore, Karnataka	India
S1-988008540	Eck Management LLC	38430 Breezy Lane, Unit 635, Frankford, DE	US
S1-529338514	Gandhidham Agro Private Limited	Shop No. 6, Neelam Complex, Plot No.298, Ward No.12/B, Gandhidham, Kachchh, Gujarat	India
S1-957174834	Children's Institute	345 Phifer Road, Cleveland, NC	US
S1-206186841	Ramirez Southwest of Vallejo	CA, Vallejo, 1221 Bush Avenue	US
S1-131807912	Fresh Cleaning Service PLLC	24 Roberta Street, Farmingdale, ME	US
S1-521958924	Ujjaiya Services Group	Shanta Complex, Office No. 1, Nutan Colony, Aurangabad, Maharashtra	India
S1-47000058	Delhi Solutions Private Limited	S/F B-97, Sector-8, B Block, Dwarka, Delhi, South West Delhi, Delhi	India
S1-491276103	Ivenos Law Group PC	3682 Columbia Street, Williams, AZ	US
S1-835350349	Noum Interests Inc	City Of Edgerton, 326 Stricker Way, WI	US
S1-103843781	Sai Trading Pvt Ltd	Kh.No. 465, Ram Krishana Kunj, Sahibabad Ghaziabad, Uttar Pradesh, Sahibabad, Ghaziabad, Uttar Pradesh	India
S1-566537339	Davangere Educational Society	L.S.No.414, Mithirohar, Gandhidham, Kachchh, Gujarat	India
S1-694075438	Jaipur Land	Plot No. E-569, Near Water, Tank, Murlipura Scheme, Jaipur, Rajasthan	India
S1-591041724	Right Educational Society	C/O Nikhil Harne, Narayanpur, Paratwada, Amravati, Maharashtra	India
S1-433738353	Eastern Logistics	So Ahmad Hussain E-33 9Th Floor Pocket-9A Dda Hig Flat Jasola, Newdelhi, New Delhi, Delhi	India
S1-21296760	One Estate Private Limited	Vaishno Bhawan Cuttak Sadar Ps-Purighat B.B Alam Masjid, C/O Rahul Kumar Bajoria, Cuttack, Orissa, Cuttack	India
S1-351075047	Shahi & Co	F.No.004, P.N.11, Yogeshwari Apt Bhidewadi, Kansai Vibhag, Ambarnaththane, Maharashtra, Thane	India
S1-377264953	Ibarra, Terrie, DPM Inc	20865 Julie Lane, Montgomery, TX	US
S1-449876211	Om Tirupati Infra Pvt Ltd	Sy No. 46/3, Kalanatti Road, Santi Bastwad, Belgaum, Karnataka	India
S1-51229547	Boston Youth Services PC	245 Kelton Street, Unit 23, Boston, MA	US
S1-371102391	UIZ Excellence Private Limited	Salem, Tamil Nadu, Salem, No.89 Gandhi Road	India
S1-937270142	Womens Health Interstate Physicians	11331 Glen Cross Drive, Dallas, TX	US
S1-765735163	Olanara Stellar LLC	1865 Haring Street, Brooklyn, NY	US
S1-403435707	Coastal Direct End	3370 6735, West Jordan City, UT	US
S1-571934350	TR Warehouse Private Limited	Pune, Maharashtra, Unit No. 210, Sr. No. 17/1A/1(P) Goodwill Square, Dhanori	India
S1-869215285	P+ Industrials LLC	Worcester, MA, 27 Southview Road	US
S1-633996104	Radheykrishna Technologies Ltd	1D, Canal Road, Mahabir Sadan, Kolkata, Howrah, West Bengal	India
S1-795013082	Catarina Cornett Safe Nexpoint	810 Church Avenue, Kannapolis, NC	US
S1-507783301	Cornerstone Briacell LLC	NY, 1 Andrews Memorial Drive, Henrietta	US
S1-542646113	Golden Enterprises Limited	1122/6, R.No.C./3, 1St Floor Shanti Sagar Apartment, Narpoli-2 Bhiwa, Ndi, Thane, Maharashtra	India
S1-326357198	Star Royal Impex Pvt Ltd	Office No 5, 2Nd Floor, Tur, Ning Point, Waghawadi Road, Bhavnagar, Gujarat	India
S1-450123051	Taylor Royal Montage Group	454 Stratford Drive, Henderson, NC	US
S1-101519225	Dale Goldman Inc	WI, Town Of Jackson, 3375 Country Aire Drive	US
S1-588375333	Lama Investments Inc	930 Hyak Drive, WA, Snoqualmie Pass	US
S1-427075325	Continental Institute	416 First Street, Mebane, NC	US
S1-168758555	Prime Foods Private Limited	Suc-083, The Summit Dlf Ph-V, Sector-54, Gurgaon, Haryana	India
S1-515579608	Camry Group of Companies Ltd	H. No. 1266P, First Floor, Sector 9A Gurgaon, Shivaji Nagar, Gurgaon, Haryana	India
S1-750673097	Yarrow Ventures Pvt Ltd	S-19, Jaipur, Bhawani Singh Road C Scheme, Jaipur, Rajasthan	India
S1-567086201	United Damodar	177/2, Barenda Gunjauli Purwa, Unnao, Uttar Pradesh	India
S1-36368763	United Empire Perimeter Inc	7739 E Prairie Road, Skokie, IL	US
S1-408408982	Vanguard Staffing Consultants	727 Swan Street, West Burlington, IA	US
S1-37460954	Elite Business Innovations Inc	2086 Winterstone Way, Bowling Green, KY	US
S1-280370233	Shrida Housing (India) Private Limited	45/3, Opp. Apmc Market, Maktampura, Sarkhej Road, Ahmedabad, Gujarat	India
S1-204719901	American Foundation	505 Division Street, Unit 85, Olympia, WA	US
S1-131742121	Classic Consultants Private Limited	Ernakulam, Kerala, Padanilath, Thrikkakara, Kanayannur, 19/725, Ernakulam	India
S1-745327270	Y 4 I Systems Inc	12112 11th Avenue, Vancouver, WA	US
S1-97675871	Shiba Ventures (India) Private Limited	17/2, Murai Mohalla Chhawani, Indore, Madhya Pradesh	India
S1-25646491	Nguyen Resources LLC	W172N9256 Shady Lane, Village Of Menomonee Falls, WI	US
S1-912708584	Parama (India) Pressing Pvt. Ltd.	Plot No 2, Railway Station, Behind Rahemania Masjid, Aurangabad, Maharashtra	India
S1-514362997	Jain Modern Agro Pvt Ltd	155, New Gandhi Nagar, Ghaziabad, Uttar Pradesh	India
S1-49491025	Opttaum LLC	230 Winthrop Road, Henry County, VA	US
S1-951090639	Valadez Corporation Group	615 Cactus Bend Drive, Pflugerville, TX	US
S1-500310312	Secure Cascade Galaxy LLC	3008 1333, Poteet, TX	US
S1-65510600	Urgent Care All Center LLC	12846 45th Street, Phoenix, AZ	US
S1-934197430	Apex Business	1St Floor, 47/E Ballygunge Terrace, Kolkata, Kolkata, Howrah, West Bengal	India
S1-173359423	Sentinel Alloy Pvt Ltd	Maharashtra, Shop No.5, Om Shree Ganesh, Cts-374-B/19 Opp. Phonix Hospital, Chikuwadi, Borival, I West, Mumbai City, Mumbai	India
S1-914847760	Sree Technologies	Maharashtra, Sector-2, Vashi, B-3/9/02, Navi Mumbai	India
S1-952900624	Karleen Mason Enterprises PC	617 -104 Piney Branch Drive, Virginia Beach City, VA	US
S1-36208538	Ayala, Dolan and Jones LLC	Austin, 1702 Wild Basin Ledge, TX	US
S1-188910386	GDC Infotech Private Limited	Flat No. 208, Lahar Divya 34 Premium Park, Joakhya, Indore, Madhya Pradesh	India
S1-414566240	UX Autotech Private Limited	Coimbatore, Aks Nagar, Thadagam Road, No. 5, Tamil Nadu, Coimbatore	India
S1-750309339	Anilika Solutions Pvt. Ltd.	Ho. No. 13, Baraipatti, Tarkulwa, Deoria Sadar, Deoria, Uttar Pradesh	India
S1-910183478	Marie-Ann Allen Anchor Vance LLC	146 Lexington Street, Springfield, MA	US
S1-429550901	Susie's United Appliance	153 R Andover Street, Danvers, MA	US
S1-584636123	Cheslie Hickman Prime Chase Inc	2310 Howard Street, Walla Walla, WA	US
S1-109691132	Andi H. Zamarron, CPA, PC	TX, 1006 Chad Loop, Round Rock	US
S1-602380222	Nilgiris Services Pvt Ltd	2/228, Kettikeri, Aravenu Post, Nilgiris, Tamil Nadu	India
S1-725243580	Jaipur Projects Private Limited	625, Sirsi, Opposite, Royal Greens Appartment, Jaipur, Rajasthan	India
S1-685781470	Rangareddy Foods Private Limited	3Rd Floor, 4-195, Pno. 21S/P, Abdullapurmet, Rangareddy, K.V.Rangareddy, Telangana	India
S1-847635757	Lotus Tech LLP	Hno 1149/2 A/P Ganganagar Shirur Tal Shirur, Pune, Maharashtra, Pune	India
S1-54650728	Sai Impex Limited	Casablanca, Office No. 1202, 12Th Floor, Sector No. 11, Cbd Belapur, Navi Mumbai, Thane, Maharashtra	India
S1-568371179	Healthcare Mahesh Services	Bihar, Begusarai, Ground Floor, House No. C-20, Ward No. 23, Road No. 06 Ka Gali No. 04, Bishwanath Nagar, Indian Oil Petrol Pump, Begusarai	India
S1-739911032	Heartland Program II	45 Exchange Street, Unit Apartment 61, Binghamton, NY	US
S1-576090285	Synus LLC	918 Martin Lane, Crawfordsville, IN	US
S1-55988561	Perfect Producer Private Limited	# 301, 3Rd Floor, Nilgiri Block, Aditya Enclave, Ameerpet, Hyderabad, Telangana	India
S1-574197860	Magdaia Reed Term LLC	5507 Scott Street, Village Of Mcfarland, WI	US
S1-504277218	KM Tours Co	Hyderabad, Charlapalli, Telangana, Plot-7/D Phase-5 Ida, Rangareddy	India
S1-853155476	Mohan Chemical Private Limited	Plot No. N-2/105(A), Irc Village, Nayapalli, Bhubaneswar, Khordha, Orissa	India
S1-302523897	Interstate Charities LLC	8137 Way Street, Houston, TX	US
S1-906588898	Lucky Grill!	6915 Sorrells Road, Pine Bluff, AR	US
S1-69294114	Monroe Diamond Boral LLC	1501 Clark Street, City Of Racine, WI	US
S1-826848875	Sandalwood Cluster Partners	C/O Rakesh Kumar Sharan, Bangali Tola, Karbigahiya, Phulwari, Patna, Bihar	India
S1-316983920	Scholarship Federation	365 Windemere Loop, Oakland, TN	US
S1-977979044	Regional Green Keen Inc	Aledo, 125 Whitetail Drive, TX	US
S1-643171369	Pinnacle Karman LLC	18 Williamsburg Court, Unit 12, Shrewsbury, MA	US
S1-798933660	Coleman Capital Partners LLC	65 Poplar Drive, East Hills, NY	US
S1-608352828	Upper Empire Inc	329 Garwood Avenue, Earlsboro, OK	US
S1-779877069	Lovue	418 32nd Street, Unit 1A, Washington, DC	US
S1-265907616	Kolkata Engineering Private Limited	7 Munshi Premchand Sarani, Kolkata, Calcutta, West Bengal	India
S1-53347038	Udita India Ltd	D-42 Iind Floor N.D.S.E Part I, New Delhi, South Delhi, Delhi	India
S1-295469600	High It	A/104 Common M L Space Ctc No.1229, 1229/1, Opp. Mc Doun Alds, Tps-Iii, D. J. Road, Ville Parle (W), Mumbai, Maharashtra	India
S1-678569540	Priya Nursing Home	T1106, Logix Blossom Green, Sector 143, Gulshan Ikebana, Dadri, Gautam Buddha Nagar, Uttar Pradesh	India
S1-740705181	Services Ck Projects Private Limited	B-605, Tirupati Aakruti Greenz, B/H Nirma Uni., Daskroi, Ahmedabad, Gujarat	India
S1-319258867	ZB School	Damariya Vakigoi, H. No. 221, Barwani, Madhya Pradesh, Barwani	India
S1-168301951	United United Neurosciences, Inc	310 117th Street, Tacoma, WA	US
S1-339563211	American Network	3809 Diablo Circle, Sioux Falls, SD	US
S1-898625006	Blakeley Rueda, DDS, M.D., P.C.	3 Clint Court, Unit Unit B, Little Rock, AR	US
S1-464268200	Surya Agro Limited	Plot No-5, Bhawani Nagar, Punapur Road, Pardi, Nagpur, Maharashtra	India
S1-401829856	North Life It LLP	8, Misrty House, Near Post Office, 300, S. V Road, Jogeshwari West, Mumbai, Bandra Suburban, Maharashtra	India
S1-531469084	Interfaith Committee VI	637 70, Smyrna, NC	US
S1-729355346	Global Solid, L.L.C.	20859 Coastal Highway, Unit 1, Rehoboth Beach, DE	US
S1-751315972	Sudharsan Infrastructures Pvt Ltd	Sy 197P & 198P Kondapur, S Lingampally, Hyderabad, Telangana	India
S1-283493033	First Lutheran Church	68 Rockwood Avenue, Lebanon, OH	US
S1-957366919	Abad, Kitti, MD	104 Shelter Street, Rochester, NY	US
S1-139311832	Physical Therapy Center	539 Hunters Fork Road, Belington, WV	US
S1-449559707	Density & Sons Company	Howrah, Waterloo Street Ground Floor, Room No.1, Kolkata, West Bengal, 6, Kolkata	India
S1-133293417	Silver Foundation	Flat No.3F., 50C Srikrishnapuri Ps- Budha Colony, Patna, Bihar	India
S1-371904317	Krishi Industriesprivate Private Limited	C-Ii/147 Fourth/F, New Ashok Nagar, East Delhi, Delhi	India
S1-809067285	Direct Packaging	1602 Shining Willow Court, Richmond, TX	US
S1-325560367	Innovative Tech Private Limited	No.C5A, Kamarajar Salai, Durga Amman Koil Street Opp.All India Radio, Mylapore, Chennai, Tamil Nadu	India
S1-224904047	Clyial Horse Inc	5904 Dove Court, Venus, TX	US
S1-645247139	Tech Foundation Limited	Flat No - 07, Shyamnath Apartment, Sudarshan Nagar, Near Jagtap Petrol Pump, Haveli, Pune, Maharashtra	India
S1-46125458	DM Consumer Inc	6358 Church Road, Ferndale, WA	US
S1-876328780	Jyoti Constructions Limited	Shop No. 311, Tf Nanavati Chowk, 150 Ft Rd Village:Rajkot, (M Corpog), Taluka:, Rajkot, Rajkot, Jasal Complex, Rajkot, Gujarat	India
S1-581234770	Rian Traders Private Limited	No 06 Attivatta Village Dasarahalli Post Jadigenahalli Hobali Hoskote Taluk, Bangalore, Karnataka	India
S1-57663946	South Hospitality Private Limited	Karnataka, 2Nd Main Road, Padmeshwari Nagar, Near Garden City College, Bidarahal, No.34, Bangalore, Bangalore Rural	India
S1-750237890	Bilberry Solutions Private Limited	71, Park Street, Park Plaza Ground Floor, Room No-34, Kolkata, Howrah, West Bengal	India
S1-525191099	C+ Flag	2307 Country Club Boulevard, Sugar Land, TX	US
S1-949017463	First Global Private Limited	72/4 Hindusthan Chowkmulund Colony Mulund West, Mumbai, Mumbai City, Maharashtra	India
S1-170294633	Rodrigue Star Hawaii Inc	30 Arnica Court, Cle Elum, WA	US
S1-9260664	Sumeru Online Private Limited	160/2 Rabindra Sarani, Kolkata, Calcutta, West Bengal	India
S1-955001568	Indore Power Private Limited	Lg 08, 28 Bcm City, Navlakha, Indore, Indore, Madhya Pradesh	India
S1-509276353	Bright Technologies Pvt Ltd	M-15 New Mandoliindustrial Area Saboli Shahdara, Delhi, West Delhi, Delhi	India
S1-731905469	Wildlife Grand Initiative	1145 Oakridge Drive, Memphis, TN	US
S1-653303518	Pediatric Dentistry Prime Specialists	7913 Chartwell Lane, Fort Worth, TX	US
S1-542724045	Rsm Infra Limited	24 B.H Road Chikkaballapu, Karnataka, Kolar, Hms Complex 1St Floor, Gauribidanur	India
S1-300794758	Sivika Sales Pvt Ltd	Punjab, Plot No F 93 & 102Phase Vii Focal Point Ludhiana, Punjab	India
S1-897509668	Galaxy Global Private Limited	House No-512, Sector 43 Ground Floor, Gurugram, Gurgaon, Haryana	India
S1-896393786	Novent Xii Inc	11500 725, Loogootee, IN	US
S1-383072880	Rhr Engineering Private Limited	3Rd Floor Raut Industrial Estate Mogal Lane Mahim, Mumbai, Maharashtra	India
S1-163251426	Skc & Sons Private Limited	179A/1C, Manicktala Main Road, Kolkata, Kolkata, Howrah, West Bengal	India
S1-497242632	RZ Fashion	1800 Park Avenue, Des Moines, IA	US
S1-272855529	North Solapur Services Private Limited	Plot No 310/311, Rohini Nagar, 3 Jule, North Solapur, Solapur, Maharashtra	India
S1-788250541	Prodique PLLC	7911 Heatherleigh Place, White Plains, MD	US
S1-915559306	Robbins Strategic Tribeca Inc	1829 Pueblo Pass, Evansville, IN	US
S1-709202518	Vargas Charter School LLC	Unit Apartment 912, NY, 400 Fulton Avenue, Hempstead	US
S1-869685854	Indo Healthcare Private Limited	Shahdara, Delhi, Pushpanjali Enclave, 25	India
S1-310412663	Clay Imperial Inc	104-04 Corona Avenue, Corona, NY	US
S1-174411484	Dougher United Stock	424 Moyers Road, Ferris, TX	US
S1-535024050	Urgent Care Capital Partners Group	2660 Nags Head Road, Supply, NC	US
S1-968318130	Bowman & Solis	1 Longwood Road, Mashpee, MA	US
S1-737307771	Krishna Infra Private Limited	13/101 Deepak Sahara State, Lucknow, Uttar Pradesh	India
S1-605462009	Internal Medicine Clinic Inc	227 Adams Street, Shell Rock, IA	US
S1-462890306	Neptune Software Co	357-1G T Road Shahdara, Delhi, East Delhi, Delhi	India
S1-548878654	ME Stone L.L.C.	Warrenton Town, VA, 484 Blackwell Road	US
S1-888352582	Abhaya It Private Limited	Plot No. E-4/12, Type B Tajnagari Ph-2 Sectore And Sub Sector E-4 Tajganj Ward, Agra, Uttar Pradesh	India
S1-253168923	First Projects Private Limited	Maharashtra, 86 1St Street Anand Aundh, Pune	India
S1-362927859	Gajpati & Co	74, 6Th Cross, 2Nd Main Sanjeevini Nagar, Hegganahalli, Bangalore, Karnataka	India
S1-656086467	Global Exports Pvt Ltd	E-4/25 Arera Colony, Arera Colony, Bhopal, Huzur, Bhopal, Madhya Pradesh	India
S1-600720167	Anchor Preferred Grading	348 Avenida Estrella, Brownsville, TX	US
S1-145237612	GSU Capital Private Limited	R-1001 Prateek Wisteria Sector 77 Supertech North Eye, Noida, Gautam Buddha Nagar, Uttar Pradesh	India
S1-173637371	Willow Ventures	7202 Foxridge Circle, Unit COND F, Anchorage, AK	US
S1-17742800	Pediatric Dental Clinic of Delphi	7020 1100, Delphi, IN	US
S1-617236092	Black Agro Private Limited	9-B, Friends Paradise, Shirole Road, Deccan, Shivajinagar, Pune, Maharashtra	India
S1-741112568	Chiropractic Partners L.L.C.	1336 Sunset Drive, Salt Lake City, UT	US
S1-881680934	Heartland Council	174 Holly Springs Drive, Charles Town, WV	US
S1-612496420	All Staffing Associates LLC	3125 Monte Drive, Monroe, NC	US
S1-125433839	Strategic Solutions Private Limited	Shop No.4, Shiv Gauri Building, Opp. Greens Restaurant, Off Link Road, Malad - (West, ), Mumbai, Mumbai City, Maharashtra	India
S1-25428612	Siva Family Office	17439 Linthorne Street, Humble, TX	US
S1-775107991	Anita Bosler Great Digital Inc	10802 4th Avenue, Seattle, WA	US
S1-653723203	Foo & Ritchie Inc	1521 Coloma Court, Wheaton, IL	US
S1-729463636	Dermatology Care LLC	7917 Lansford Road, Charlotte, NC	US
S1-656315190	Antonetta C. Henry, D.C.	212 Belden Drive, Edwardsville, IL	US
S1-20411953	RL Reality Pvt Ltd	06 Shivam Apartments Nearbhanusagar Talkies Kalyan West, Thane, Maharashtra	India
S1-687064371	Kosik's Sterling Distribution	155 Center Street, Fairview, UT	US
S1-239851136	Hardy America LLC	195 Columbia Road, Unit C, Boston, MA	US
S1-361032617	Arihant Investments Private Limited	Fp No. 1099, Lohar Chakla Road, Bhuj, Kachchh, Gujarat	India
S1-991366287	Pediatric Dentistry Fresh Physicians Inc	IN, 19 Map Street, Rosedale	US
S1-191730733	PU Andconsultants Private Limited	No.10, 2Nd Floor, 3Rd Main Police Station Road, Hebbal, Bellary Roa, D, Bangalore, Karnataka	India
S1-305833797	Dnk Technologies	B 540 Mig Flats Chitrakut Colony Loni Road Shahdara Mandoli, New Delhi, North East, Delhi	India
S1-411027507	Ram City Exports Limited	Kachhpura Mal Godam, Ganesh Nagar Jabalpur, Jabalpur, Madhya Pradesh	India
S1-358042790	Coastal Association Inc.	840 Asbury Road, Candler, NC	US
S1-399664484	Soleus Proem LLC	304 Harris Avenue, Eutaw, AL	US
S1-60906751	Hari Construction Private Limited	Plot No. - 491 Pace City - Ii, Sector - 37, Gurgaon, Haryana	India
S1-783661985	Rajpura Siddhi Private Limited	H.No. 83, Village Khanpur Bangar P.O. Manakpur, Teh. Rajpura, Distt. Pati, Ala, Rajpura, Patiala, Punjab	India
S1-113007213	Capital Preparatory Academy Group	2205 Chestnut Street, San Bernardino, CA	US
S1-358017347	Morris Flex LLC	2911 Kildaire Drive, Baltimore, MD	US
S1-635504022	Bonner's Bay Fisheries	4312 Selkirk Drive, Fairfax County, VA	US
S1-453649531	My Marketing Private Limited	E-704, Ivy Botanica Ivy Estate, Wagholi, Pune, Maharashtra	India
S1-54327184	FO Housing Inc.	25327 Balvaird Drive, Katy, TX	US
S1-547352296	Laxmi Trading Pvt Ltd	608A, M3M Urbana, Sector 67, Golf Course Extn., Dlf Qe, Gurgaon, Haryana	India
S1-466590618	Robby Burchett Fresh Pioneer LLC	4529 Texoma Parkway, TX, Denison	US
S1-712845575	Innovative Exports Private Limited	D. No. 13-99, Rajiv Gandhi Colony, Rajiv Nagar, S.N. Puram, Tirupati, Chittoor, Andhra Pradesh	India
S1-991714038	Prime Energy Limited	40A Bhupendra Bose Avenue, Kolkata, Calcutta, West Bengal	India
S1-735356833	RX Creations Corp	1/9C, Rupchand Mukherjee Lane, Kolkata, Kolkata, Howrah, West Bengal	India
S1-145448965	Cardiology Partners LP	OH, Chardon, 11590 Claridon Troy Road	US
S1-678316816	Lotus Silver Impex Private Limited	B 108 Omshrinath Krupasubhash Lane Kandivali West, Mumbai, Maharashtra	India
S1-293894845	Capital Grid LLC	4615 Starnes Road, Spencer, IN	US
S1-971855454	BTS Home Improvements	302 Porter Court, Federalsburg, MD	US
S1-878225187	Cardiology Specialists of Cle Elum	6030 Lower Peoh Point Road, Cle Elum, WA	US
S1-494652730	Primary Care Metropolitan Associates LLC	18343 Little Elk Road, Athens, AL	US
S1-745710002	Fair Quantum (India) Pvt Ltd	B-88, G.F& F.F Panchsheel Vihar, Khirki, Malivya Nagar, South Delhi, Delhi	India
S1-211793528	Ram Finance Private Limited	32 Madhusudan Nagarunit 4 Bhubaneswar-1., Khurda, Puri, Orissa	India
S1-186347944	A Creative Regency LLC	6141 Marshall Avenue, Otsego, MN	US
S1-138167731	Sree Marketing Partners	Plot No. 707 Ashirwad, Nagar, Nagpur, Nagpur, Maharashtra	India
S1-994058822	KEO Federal, LLC	90 Wonderlust Place, Painesville Township, OH	US
S1-182096015	Krishna Solutions Private Limited	West Bengal, Kolkata, 22 Buroshibtalla Main Road, Parganas North, 2Nd Floor, New Alipore	India
S1-902338084	Value Nagar Ltd	319/5 Tavdipura, Shahibaug, Ahmedabad, Gujarat	India
S1-311344058	Blue Indian Business Private Limited	S/O Janardhan Padhy, Near Reading Room Near Chokadola Cloth Store, Gajapati, Paralakhemundi, Gajapati, Orissa	India
S1-609220225	Mills Atlantic	4329 Audubon Place, Indian Head, MD	US
S1-635300612	Orthopedic Physicians	6 Capitol Court, Smithtown, NY	US
S1-245480760	Curry Bioworks Corp	1324 Broadway Street, Peoria, IL	US
S1-397358582	Delgadillo Continental Southern LLC	6403 Laurel Run, Houston, TX	US
S1-967217855	Land Institute of Technology	8115 Loos Drive, Prescott Valley, AZ	US
S1-256233605	Butler and Bryson Inc	1311 Gavin Drive, Waverly, IA	US
S1-965940230	Excellent Solutions Private Limited	C/O Sitabai Gangaram Thorat H No 200 Vetal Mala Taluka Ambegaon, Pune, Maharashtra	India
S1-575078132	Gaither, Newton and Sanor PC	1015 Deerfield Road, Unit UNIT 231, Deerfield, IL	US
S1-107341383	New Delhi Buildcon	G-83/201Vijay Chowk Laxmi Nagar, New Delhi, East Delhi, Delhi	India
S1-486199691	Brittney Cox Direct Fargo LLC	2707 Bethesda Road, Batesville, AR	US
S1-48360456	Shalne G. Miles, MD Inc.	18035 Alora Springs Trace, Cypress, TX	US
S1-15478289	Garden World Private Limited	Shop-3, Pt:283, 284 Armani, Avenue Pragathi Nagar, Hyd, Hyderabad, Telangana	India
S1-904784121	Legacy Direct Innovations Inc	IL, 2100 West Boulevard, Belleville	US
S1-168773850	Pacific	5206 Sugar Camp Road, Milford, OH	US
S1-190336599	All Keystone Oak Inc.	3127 Madison Street, Phoenix, AZ	US
S1-96550544	Mountain Legacy Zeo	5619 Winter Garden Court, Fl 0, Saint Louis, MO	US
S1-963442166	Martinez Diamond Advantage	5720 Hartman Road, OH, Lima	US
S1-417821159	Bright Financial Enterprises	2145 18 Street, NY, Brooklyn	US
S1-559403206	Peck, Hammond & Patton Co	7019 Villard Avenue, Portland, OR	US
S1-258616659	Master Consultancy	Door No. 6-2-43/2, Near Ladyhill Circle, Kulur Ferry Road, Mangalore, Dakshina Kannada, Karnataka	India
S1-220077939	Bruce Clean, LLC	78 Old National Road, Las Vegas, NM	US
S1-12350714	Global Jsw Recruitment Private Limited	Shop No. 28/29, Moraj Residency Palm Beach Road, Plot No. 1, Sector 16, Sanpada, Navi Mumbai, Thane, Maharashtra	India
S1-54383817	M H & Q Elite Associates	608 Peacock Road, Richmond, IN	US
S1-411735050	Loree Ellison, DO, DDS PC	3676 Millvale Avenue, Canton, OH	US
S1-399504178	Shirey Better Hotel Inc	7677 Paragon Road, OH, Fl 1, Dayton	US
S1-547994760	Vijay Power Private Limited	Tc 39/1313, Kothuval Street, Chalai Po, Thiruvananthapuram, Trivandrum, Kerala	India
S1-348410413	American Arbor	1425 3rd Avenue, Mesa, AZ	US
S1-825235669	Virtual Projects Private Limited	213West High Court Road Dharampeth, Nagpur, Maharashtra	India
S1-441054967	Stelter Rio PC	802 Clifton Circle, Bldg 3, Cambridge, MA	US
S1-459890174	Ferrex Sun LLC	1107 County Home Road, Blanch, NC	US
S1-933928197	Shree Tower LLP	Telangana, Hyderabad, 102 Skill Spectrum 3-6-36, Himayathnagar	India
S1-877374302	Nomura Biotech, LLC	43 Providence Estate Circle, Wentzville, MO	US
S1-87678216	American Dental Associates	32290 Core Way, Millsboro, DE	US
S1-516175493	Smith Silver Enterprises LLC	779 Elm Road, Green, PA	US
S1-528892355	Harris and Perryman, Inc	407 Center Drive, Frankfort, IN	US
S1-889769751	Ear Nose & Throat Safe Health Inc	4 Perkins Avenue, Reading, MA	US
S1-586972742	Gujarat Maa Care Private Limited	660, 6Th Floor, Jmd Megapolis, Sector 48, Sohna Road, Gurgaon, Haryana	India
S1-327668190	Leslie Jensen Thunder LLC	DE, 407 10th Street, Wilmington	US
S1-706591509	Division of Buildings	104 Bachtel Avenue, Unit 1/2, Akron, OH	US
S1-836948879	Big Projects	H. No.875/1 Kalewadi Rahatani, Pune, Maharashtra	India
S1-575299030	National Learning Limited	64, Sir Hariram Goenka Street, Kolkata, Kolkata, Howrah, West Bengal	India
S1-782117974	Glb Trading Private Limited	Shop 6, Asha Heritage Sno 12/1 Bagarwai Towers Hadapsar, Pune, Maharashtra	India
S1-596542776	Credit Media Networks	313 Fonsoe Street, Columbia, NC	US
S1-756781455	Benson's Empire Spa	12 Lippincott Place, Deposit, NY	US
S1-589487715	Teng Pioneer Stanley, LLC	3500 721 Fowler Street, Hobbs, NM	US
S1-892449496	Premier Metro Bdc	18834 Lyford Drive, Katy, TX	US
S1-560279977	Phoenix Coca	35041 14th Street, Phoenix, AZ	US
S1-747809160	Glacier Vidyalaya Private Limited	P. No. 43, Kiran Vihar, Jaipur, Rajasthan	India
S1-722110759	Orbyn Aldabra	13417 20th Street, Jenks, OK	US
S1-72031983	Bright Enterprises	P No 715/Tf-2 Smg 1, Ghaziabad, Uttar Pradesh	India
S1-725193053	First Lutheran Church	4449 Spaulding Avenue, Chicago, IL	US
S1-488918103	Bambi's Machine Works	518 Fayette Street, Washington Court House, OH	US
S1-171810901	Kalinga Solutions Pvt Ltd	Kansraipurbye Pass Road Bhadohi, U P, Sant Ravidas Nagar Bhadohi, Uttar Pradesh	India
S1-962934043	Lia Tech LLP	12-2-827/A/2/1, Flat No. 304 3Rd Floor Banafe Mansion, Mehdipatnam, Hyderabad, Telangana	India
S1-396289307	Hauz Khas Consulting Private Limited	Khilonewala House A-2, Hauz Khas, New Delhi, Delhi	India
S1-721216362	Chiropractic Strategic Physicians LLC	1603 Eva Street, TX, Austin	US
S1-65040638	Nexari Block Care	111 Bay Street, Unit Apartment 2, Glens Falls, NY	US
S1-704340002	Legacy Infrastructure Industries Inc	10465 State Rt 303, Windham, OH	US
S1-478431799	Education Society LLC	3058 Scenic Avenue, Fl 1, Central Point, OR	US
S1-39327496	Aditya Infrastructure Private Limited	Cs.No.2524, B Ward, Sathmari, Near Ptm, Mangalwar Peth, Karvir, Kolhapur, Maharashtra	India
S1-238120053	Optdyne Superior Vine	Hagerstown, MD, 9520 Saints Lane	US
S1-203809764	Hotel Sun Logistics Limited	Flat 402, B Wing Build No2 Space Residece Opp Pleasant Park Mira Road East, Thane, Maharashtra	India
S1-813578888	Snead Silver Westin LLC	30987 Eagle Trace, Town Of Webb Lake, WI	US
S1-531344974	Downey Crystal Copley LLC	1175 Whitney Drive, Aberdeen, NC	US
S1-515112970	Urban Book Store!	4941 Overland Road, Village Of Hobart, WI	US
S1-316685580	Board of Buildings	18599 Olmito Road N, Unit UNIT 02, Rio Hondo, TX	US
S1-416871688	Heartland Federation of Grand Prairie	1610 Hill Street, Unit 1201, Grand Prairie, TX	US
S1-135693589	Prarthana & Brothers Private Limited	P Pad Bhasme Midc Plt D41, Kadegaon Dist Sangli, Miraj, Sangli, Maharashtra	India
S1-389304014	Colonial Heartland Foods, Inc	525 Elm Street, Hempstead, NY	US
S1-651975773	Spurgeon, Bielawski & Forsman LLC	2050 League City Parkway, League City, TX	US
S1-201166618	Trinity Catholic Church	11 Melvin Avenue, Unit 5, Boston, MA	US
S1-343838750	Sai Consultancy	73 M K N Roadguindy Madras-600 032, Madras-600 032, Chennai, Tamil Nadu	India
S1-980777254	Creator Impex Private Limited	787, 2Nd Main, 20Th Cross 3Rd Floor, Banashankari Ii Stage, Bangalore, Karnataka	India
S1-105520454	Nonoix Inc	2921 53rd Drive, Phoenix, AZ	US
S1-272136933	Emeline Hunter Grill LLC	2816 3173, Tyler, TX	US
S1-909918502	Spagnuolo Rexford of Hampton City LLC	3 Sherry Dell Drive, Hampton City, VA	US
S1-370088201	New Good Global Pvt Ltd	A-606, Krish Elite, Nr., Vishala Land Mark, Ahmedabad, Gujarat	India
S1-369242282	Hotel It Pvt Ltd	Haryana, Urban Estate, Gurgaon, B-309, Urban Square, Golf Course Extn. Road, Sector-62, Gurugram, Haryana	India
S1-650581764	Liberty Council LLC	Unit APT A, 12462 Natural Bridge Road, Bridgeton, MO	US
S1-766056227	Consultants Masha (india) Company	Khasra No. 75, Tatarpur Road Asawati, Jatola, Palwal, Faridabad, Haryana	India
S1-21820782	Urgent Care Total Associates Inc	129 Hidden Creek Circle, Dothan, AL	US
S1-378401119	Oncology Best Partners	2904 Beatty Street, West Memphis, AR	US
S1-465498416	Bamaify Corp	1460 Ping Court, Auburn, AL	US
S1-138153333	Vedantam Technologies	House No-3011/C/42 Mire La Gurudev Nagar, Nagpur, Maharashtra	India
S1-266373992	Lucas Animal Hospital Associates	IN, Indianapolis, 1840 Perkins Avenue, Unit APT 123	US
S1-641740520	Hari Builders Private Limited	C/O - Guljhari Lal, Ward No - 7, Bissau, Jhunjhunu, Jhujhunu, Rajasthan	India
S1-725923783	Capital Better Housing	4715 Windsong Street, Sacramento, CA	US
S1-336953056	Smart Foundation Private Limited	Delhi, Gandhi Nagar, 7383, Delhi, Guru Govind Singh Gali	India
S1-930281622	Interstate Capital Inc	3016 Road 591603, Cleveland, TX	US
S1-709699601	Royal (India) Techno	D-125, Rohit Apartment Plot No.-30 Sector-10 Dwarka, Dwarka Sec-6 S.O, New Delhi, South West Delhi, Delhi	India
S1-825705011	Indo Media Private Limited	R/O.H.No.1, G/F Kh.No.444, Village Dayalpur, Delhi North East, North West Delhi, Delhi	India
S1-565164111	Biddy Nudelman Clean Stanley Inc	596 London Court, Round Lake Beach, IL	US
S1-534291364	Shivam Marketing Private Limited	Innov8 Ucp, 9 Fl, Tower D, Unitech Cyberpark, Sec 39, Sadar Bazar, Gurgaon, Haryana	India
S1-521699242	Moon Realtors (India) Private Limited	Plot No -1 Near Mcd School Nangli Vihar Dwarka Mor, New Delhi, South West Delhi, Delhi	India
S1-377971860	Empire Dynamic Sachem, LLC	11101 Carter Canyon Road, Mount Lemmon, AZ	US
S1-321267232	Ivenos Mitsubishi	5221 161st Street, Brook Park, OH	US
S1-998338114	Sangam Memorial Trust	Office No2, Jagram Complex, Salarpur, Maharishi Nagar, Dadri, Gautam Buddha Nagar, Uttar Pradesh	India
S1-764038819	Urban Exports Private Limited	Sambhaav House Opp Judgesbunglows Premchandnagar Road Satellte, Ahmedabad, Gujarat	India
S1-828945178	United Consultants Private Limited	#C-81, 2Nd 'A' Main, Peenya Industrial Area, Peenya Ii Stage, Bangalore, Karnataka	India
S1-480652994	Vaccaro & Aranda, LLC	13275 Prasada Parkway, Unit 2012, AZ, Surprise	US
S1-437223568	Krishna Foundation Private Limited	Tirupati Tower, Flat No. 102, 1St Floor, H .N. Sa 7/30 2, Benipur, Aktha, Varanasi, Uttar Pradesh	India
S1-23867334	Swander Tax LLC	2718 Terry Avenue, Billings, MT	US
S1-512548389	Budyne Applied Clinic	7065 Brownstown Road, Osgood, IN	US
S1-736040923	Rand, Malina, O.D.	Fairfax County, VA, 8357 Leesburg Pike	US
S1-745213577	Acg Cane Private Limited	Varanasi, Amar Nagar, C14/175-51-Ka, Uttar Pradesh, Sonia	India
S1-673727479	Southern Real LLC	1950 Farnsworth Lane, Unit # 304, Northbrook, IL	US
S1-847967218	Shyam Builders LLP	120, Hyderabad-73., Sanali Apartmentsbehind Kamma Sangham Ameerpet, Hyderabad-73., Ameerpet, Telangana	India
S1-851284736	Kishori Textiles Private Limited	Maharashtra, 6 125, Sanjay Mittal Estate M V Road, Andheri, Mumbai, Mumbai City	India
S1-11512818	Corner Cafe, LLC	300 Jackson Way, Manzanita, OR	US
S1-12303191	Pediatric Dental Pinnacle Specialists, LP	448 1000, Unit 8, Clearfield, UT	US
S1-826627243	Express Optics LLC	2422 Maufferd Street, Houston, TX	US
S1-174512725	Robinson Private LLC	20 Pine Street, Windsor, VT	US
S1-292558545	Vaayuora Home Pvt. Ltd.	No 29/4, Ambrosia Appartments Pycrofts Garden Road, Nungambakkam, Chennai, Tamil Nadu	India
S1-212545345	Wheatley Sun LLC	1054 Zophi Street, Unit A, Nashville, TN	US
S1-489509439	Southern Blackrock LLC	27732 122nd Avenue, Graham, WA	US
S1-387993422	Roopin Ventures Pvt Ltd	S No 2411 A F.C 16 Gurebajar Jhopadpatti Siddhanathwadi, Satara, Maharashtra	India
S1-192906326	Sandeep Trust	Tamil Nadu, Agricultural College & Reaearch Institute, Melur Road, Madurai, Tnau, Madurai	India
S1-857836733	First Anand Industries Private Limited	B4404Gulmoharshantinagar, Chssector9Miraroadthane, Thane, Maharashtra	India
S1-544475067	Celebrity Creations LLP	24, Vipin Garden Extn Nawada, New Delhi, Delhi	India
S1-739087648	Krishna Traders Private Limited	Plot No 102, Haripriya Enclave Yapral Secunderabad Alwal Hyderabad Kowkoor Rd, Secunderabad, Rangareddy, Telangana	India
S1-376741621	Ashima Advisors Private Limited	Lot No. 75, Sugat Nagar, Road, Jagrut Nagar, Nagpur, Maharashtra	India
S1-714188364	Adoree's Summit Seafood	513 S G Street, Gas City, IN	US
S1-991015460	Chopra Development Pvt. Ltd.	Vill-Hanskhari, West Bengal, P/O-Charghari, North Dinajpur, Chopra	India
S1-147962267	Bangalore Infrabuild Pvt Ltd	No 3, Hosakerehalli Main Road, Javarai Ahna Doddi, Rajarajeshwari Nagar, Bangalore, Karnataka	India
S1-243632678	Cardiology Clinic, Corp	3525 Parc Circle, Atlanta, GA	US
S1-330218733	Economic Development Program IV LLC	17100 Sheldon Road, Brook Park, OH	US
S1-441277146	Wenk Medical Center LLC	364 Chan Court, Folsom, CA	US
S1-903336553	Ram Products Private Limited	C-40, Okhla Industrial Area, Phase Ii, New Delhi, Delhi	India
S1-970639024	Leon Technologies LLP	New Delhi, S-77 Upper G/F, New Delhi, Delhi, Front Side Parampuri Uttam Nagar	India
S1-544666391	Shree Software Private Limited	Shop 46, Plot 29-32/36/37 Sector 30A, Vashi, Mumbai, Maharashtra	India
S1-883565059	Ace Cannabis LLC	CA, 7700 Brown Otter Drive, Antelope	US
S1-670333488	Bimal Nursing Home	Sco-170 Red Square Market, Hisar, Hissar, Haryana	India
S1-530769350	Family Bright Partners, Inc	6711 Osborn Road, Unit 72, Phoenix, AZ	US
S1-44232122	Ridge Project Inc	147 Jordyn Lane, Unit APT 329, Mineral Wells, WV	US
S1-365544771	Swabhiman Marines (India) Private Limited	Unit No 201, Second Floor Time Tower, M.G. Road, Sector 28, Gurgaon, Haryana	India
S1-507468988	Savitri Technologies Private Limited	149, Pavanbhumi Somalwada, Nagpur, Maharashtra	India
S1-1138216	Surya Software Private Limited	Door No.480, At Nittuvali, R.S No. 67, Hadadi Road, Davanagere, Karnataka	India
S1-139100651	Womens Health Physicians P.C.	2343 Rustic Trail, Fayetteville, NC	US
S1-29041525	Summit Trust	1201 Thomas Green Road, Jonesboro, AR	US
S1-568708464	Burns Stardust LLC	1721 Highland Street, Tarrant, AL	US
S1-611992048	Synsanet	AL, Huntsville, 7061 72	US
S1-74420976	Consulting Solutions Private Limited	Sh-402, Traffic Lite Building, Cts No 2739 To 2753 Mg Road, Ghatkopar West, Next To Bank Of, Baroda, Mumbai, Mumbai City, Maharashtra	India
S1-314104726	Surgical Partners PC	310 Beyers Court, New Castle, IN	US
S1-498541945	Rebeca Schacht, D.C. Corp	47062 Chuckwagon Ranch Road, Saddlebrooke, AZ	US
S1-552522886	Nexio House	Barnstable, Unit B, MA, 87 Enterprise Road	US
S1-931741313	Horizon Silverbox Inc	9380 Trebbiano Circle, Elk Grove, CA	US
S1-450001604	Amie Stewart Mfa LLC	9240 Point Twenty-two Boulevard, Unit 1024, Mesa, AZ	US
S1-638274726	Pioneer Infrastructure Private Limited	No.610, S.A. Polytechnic College (Opp), Ayappakkam Road, Paruthipattu Avadi, Chennai, Tamil Nadu	India
S1-814719853	Ds Agrimart Co	Thane, Pokhran Road 2, Maharashtra, Shop No 1 Shivam Niwas, Thane	India
S1-931075904	Chandram Constructions	488, 7Th Cross, 9Th Main Vijaya Bank Layout, Bennerghatta R Oad, Bangalore, Karnataka	India
S1-175184662	Montgomery Hunger Foundation	209 Marshall Street, Montgomery, AL	US
S1-788195131	Consolidated Investment Labs LLC	1333 Brick School Road, Gallipolis, OH	US
S1-190583520	First Hospitality LLP	Hn G 302&303 Hbcs Sport Ville Sec 2&35 Sohna Road Near Gd Goenka School, Gurgaon, Haryana	India
S1-379286660	Palko Modern Quartzsea Inc	10984 Lazy J Drive, Fayetteville, AR	US
S1-641368941	West Tambaram Management Private Limited	Door No 4 (446), Ground And First Floor Nehru Nagar, Sanatorium, West Tambaram, Chennai, Tamil Nadu	India
S1-762095076	Evansville Urology Empire Physicians	7508 Brinkley Court, Evansville, IN	US
S1-334396709	Noque Atlantic Aegon, LLC	782 Statler Road, Piqua, OH	US
S1-203146058	Hartman and Mcevoy LLC	42855 Dulles Run Drive, Loudoun County, VA	US
S1-130196680	Empire Holdings	3060 Caravan Drive, Lake Havasu City, AZ	US
S1-554503611	Sagar Capital Company	Adarsh Colony Katni, Katni, Madhya Pradesh	India
S1-142019193	Blue Consulting Inc	2949 Lineville Road, Village Of Howard, WI	US
S1-457047009	Beachem and Funes	31 Sherwood Road, MA, Medford	US
S1-661675245	Global Infrastructure	Telangana, Balanagar, Hyderabad, K-Topaz 808, Cybercityrvrg, Green Hills Road	India
S1-229740967	Albanese Coffee LLC	2000 Davis Street, Mcminnville, OR	US
S1-905059574	Dakshin (india) Corp	296/2353, Motilal Nagar No.2 M.G.Road Near Manthan Hotel, Goregaon West, Mumbai City, Maharashtra	India
S1-84166329	Projects & Brothers Private Limited	B-14, Keshopur Industrial Area Vikashpuri, New Delhi, West Delhi, Delhi	India
S1-473027154	Bates Coastal Impact	280 Antelope Drive, Unit 7V, Layton, UT	US
S1-382142356	Adhunik Network (India) Private Limited	Office 306, Plot 71, Sector 17, Vashi, Navi Mumbai, Thane, Maharashtra	India
S1-619780706	Miex Renewable LLC	NY, 76-54 168 Street, Fresh Meadows	US
S1-311753208	Bright Pilates	122 71, Columbus, OH	US
S1-196668262	Eye Group LLC	290 Glen Charlie Road, Bldg 279, Wareham, MA	US
S1-73600975	Vision Institute	C/O Neeraj Singh, Shop No.- 311 Pushpanjali, Mall Office, Patna, Bihar	India
S1-596889466	Sampoorna & Co	B 304 Ashutosh Flat Taj Hotel Hansol, Gandhinagar, Ahmedabad, Gujarat	India
S1-205064391	Collins Superior Kgaa Group	229 Cordell Street, Gadsden, AL	US
S1-139555987	Oncology Federal Care Care	270 Hopewell Drive, Struthers, OH	US
S1-590201672	Martin and Barroso Polestar	2009 Trillium Bend Drive, Fl 2, Galloway, OH	US
S1-137257982	Coastal Muniholdings	709 Nino Aguilera Street, Unit 17, City Of El Paso, TX	US
S1-429779999	Wahid Nursing Home	Mangal Bhawan Bhanunagar Colony, Birpara, Jalpaiguri, West Bengal	India
S1-995615193	Mendez's Premier Nails	20 Diane Drive, Brookhaven, NY	US
S1-544862368	Russell Commodities Inc	3429 Poppy Crescent, Virginia Beach City, VA	US
S1-503216720	Krishna Impex Private Limited	H.No.83A, Block-A, Sector-11, Ballabgarh, Faridabad, Haryana	India
S1-708716740	Custom Proshares Corporation	4940 700, Arlington, IN	US
S1-516933073	Foresight Industries Group Private Limited	1/277A, Sf No 463, Tnhb Kaveripattinam Town, Krishnagiri, Krishnagiri, Dharmapuri, Tamil Nadu	India
S1-555303238	Sherwood Educational Society	Sno134/4A 134/4B 134/4C/9, Basant Bahar, Pashan, Pune City, Pune, Maharashtra	India
S1-985574130	Kanthi Merchant Private Limited	Surajdeep Complex2Nd Floor 1 Jopling Road Lucknow, Uttar Pradesh, Lucknow, Uttar Pradesh	India
S1-911926928	Dream Investments Private Limited	Chaya Sugandhi Apt Kharodi Naka, Bolinj, A/704, Thane, Maharashtra	India
S1-656762946	Global Associates Private Limited	C-110, Delhi, East Of Kailash, New Delhi	India
S1-95667377	North Properties Private Limited	Plot No. 1-7-210/B2, No 301, 302, 3Rd Floor, Bhavani Plaza, Secunderabad, Hyderabad, Telangana	India
S1-95655880	Supreme Infotech Private Limited	Sh G/12 Juhu Lane Milap, Chs Ltd Gilbert Hill Road, Mumbai, Maharashtra	India
S1-96555188	Aila Jackson Midwest Top LLC	1213 Tibbs Street, Dyersburg, TN	US
S1-70052829	Charlotte Costamare	2127 Pleasant Dale Drive, Charlotte, NC	US
S1-178948263	Ambica & Sons Pvt. Ltd.	C/O Rostfrei Steels, Gt Road Prithla, Palwal, Faridabad, Haryana	India
S1-605895393	Harbor Money	5811 265th Street, Ridgefield, WA	US
S1-51476437	Textiles Kumar	Pune, 430/461, Shaniwar Peth, Flat No.2, Dhavalgiri Appartment, Maharashtra, Pune	India
S1-505268768	Damodar Clinic Co	Unit No. 559, 5Th Floor, Jubilee Walk, Sector 70, S.A.S.Nagar (Mohali), Rupnagar, Punjab	India
S1-27383742	Good Enterprises Limited	609, Ground Floor, 17 B Main Hal, 2Nd Stage, Indiranagar, Bangalore, Karnataka	India
S1-332784262	Aditya & Co	Plot No. 73, Basement, Jagriti Enclave Phase Iii, New Delhi, East Delhi, Delhi	India
S1-935581529	NFX Industries Limited	5438 Basti Harphool Singh Sadar Thana Road, New Delhi, Central Delhi, Delhi	India
S1-617103528	Clarkedale Arch Inc	44 Juniper Drive, Clarkedale, AR	US
S1-613467933	Resaus Inc	21 Intervale Road, Dedham, MA	US
S1-950002257	Hall Preferred Aktiengesellschaft	125 Peck Service Road, Unit 3200, Edwardsville, IL	US
S1-103695802	Golden Auto Body Inc	1745 Walkers Well Road, Pittsylvania County, VA	US
S1-439981855	Singhania Oil Pvt Ltd	219-B, Pocket-F, G.T.B Enclave, Nand Nagari, North East Delhi, Delhi	India
S1-590749311	Espinoza & Perkins Inc	3745 Bari Way, Unit K109, South Jordan, UT	US
S1-993578816	Pos Finance Private Limited	405 Abc Complex 20 Veersaverkar Block, Shakarpur, East Delhi, Delhi	India
S1-609764415	Midway Community Program	535 Homestead Drive, Midway, UT, Unit 17	US
S1-754991656	Armstrong Target LLC	20 Herget Drive, Unit 2, Pepperell, MA	US
S1-931406813	Balaji Products Private Limited	C-96, Patna, Bihar, A.G. Colony Ashiyana Nagar, Patna	India
S1-2498176	Fajardo Great Agnc, Inc	321 Webster Street, Hampton City, VA	US
S1-816817943	Umargam Systems Private Limited	C115 B/H Kalbhirav Mander, Umargam, Mamltdar Kachri Rod, Gujarat, Valsad	India
S1-792331828	Highland Guild	8331 Huttig Avenue, Dallas, TX	US
S1-735970563	Vincent Apex Cola Inc	540 Evening Rose Avenue, Tucson, AZ	US
S1-690536942	Beryl Bolton, L.C.S.W.	1001 Utah Street, Pine Bluff, AR	US
S1-908156332	Ungar Rapid Ocean LLC	1731 Key Lane W, Fairfax County, VA	US
S1-555318685	Complete Environmental Works	3963 Massachusetts Street, Gary, IN	US
S1-700070808	B+ Alliancebernstein Inc	4954 Corinth Church Road, Loudon, TN	US
S1-570282434	Green India Private Limited	Mc Tower, Calicut, Rd, Puthanathani, Tirur, Malappuram, Malapuram, Room.81, Kerala	India
S1-311940741	Roaming It Private Limited	No.86, 3Rd Cross, Bhoopasandra Main Road Rmv 2Nd Stage, Bangalore, Karnataka	India
S1-843244716	Grand Star White Inc	10142 Morecamble Boulevard, Unit 2, Leland, NC	US
S1-426287797	United Properties Pvt Ltd	Pornima Nursing Home Pn Bg Road, Umbraj, Satara, Maharashtra	India
S1-945209755	Allied Spartacus P.C.	2517 Paraiso Drive, Phoenix, AZ	US
S1-196654030	Firefighters Local Union 925	1359 Grand Avenue, Unit APARTMENT 1007, Newport, KY	US
S1-688740188	Delhi Crushing	202, F/F Back Side Sainik Nagar Uttam Nagar Near Nawada, Delhi, New Delhi, Delhi	India
S1-666748945	Futurecorp	1814 Remount Road, Unit G, Charlotte, NC	US
S1-774520755	Maxwell Prairie Northwest, LLC	12012 Maple Court, Claremore, OK	US
S1-448284064	Jvr Consultancy	D-2, 1St Floor, D Block Market, L.S.C., Vivek Vihar, Phase - 1, New Delhi, East Delhi, Delhi	India
S1-229149106	Hebert Cleaning LLC	7604 Stuyvesant Avenue, Amarillo, TX	US
S1-28726877	Sibar Fabrics Private Limited	74 2 12 A Ashok Nagar Beside Siris Company, Vijawada, Krishna, Andhra Pradesh	India
S1-816883795	All Liberty Summit Inc	203 79 Street, Brooklyn, NY	US
S1-805695000	D/Q Steers LLC	W10915 Webster Road, Town Of Waupun, WI	US
S1-305174828	Le's Apparel	214 Downing Way, Lebanon, TN	US
S1-893658313	Foot & Ankle Specialists Clinic	29913 Euclid Avenue, Wickliffe, OH	US
S1-830864109	Baez Interests, Inc	1412 Lost Padre Mine Drive, City Of El Paso, TX	US
S1-430516061	Zephon Holdco Inc	770 Deal Street, Junction City, OR	US
S1-126219041	Animal Welfare Society Inc.	3470 Horn Lake Road, Memphis, TN	US
S1-555057738	Baba Infra Private Limited	House No 172, Lucknow, Uttar Pradesh, Vastum City New Gudaura, Sarojni Nagar Lucknow, Lucknow	India
S1-973690337	Credit Automation Works LLC	1919 Baldwin Street, Waterbury, CT	US
S1-219328684	East Projects Private Limited	Office No 3, Plot No 170 Sector 1A, Gandhidham, Kachchh, Gujarat	India
S1-961208646	Krishna Trading Private Limited	Bazaza Market, Rupaidiha Kewalpur, Nanpara, Bahraich, Uttar Pradesh	India
S1-111171787	E/M Karbon Inc	9421 Thompson Road, Alvarado, TX	US
S1-499868468	Neena & Partners Pvt Ltd	1A Janardan Bldg 2Nd Floor48 Prector Road Grant Road, Mumbai, Maharashtra	India
S1-860200600	Olympia's Royal Hospitality	144 Cr 342, Swinney Switch, TX	US
S1-131263157	Royal Hospitality Private Limited	7105/5 B-2 Office No. 27, Wellness Zone, North Sada, Solapur North, Solapur, Maharashtra	India
S1-408964941	Nexora Vornado LLC	Unit B, 2823 Chatelain Court, Independence, MO	US
S1-453053069	ACO Light LLC	35275 San Pedro Drive, Maricopa, AZ	US
S1-654754803	Indore Events Pvt Ltd	132, Swasthya Nagar, Near Royal Banglows, Indore, Madhya Pradesh	India
S1-582413421	Electronic Infrastructure Technologies Inc	1600 East Avenue, Unit Suite 211, Rochester, NY	US
S1-671474435	South Trusted Lifeco Inc	17239 State Road 70E, Bokchito, OK	US
S1-325610511	Premier Big Services Limited	Shop No. 8, Sr. No 214 & 214A Near Makhmali Talav, Ag Ala, Thane, Thane, Maharashtra	India
S1-429643736	Brown & Reed Inc	9 Route 55, Sherman, CT	US
S1-858299304	Washington Autism Assistance Frontier League	Washington, 66 Berkshire Court, WV	US
S1-880672007	Precision Apparel Services L.L.C.	TN, Tullahoma, 290 Parkway Road	US
S1-163153908	N.A.A.Dt Consultancy	35, Bhel Ancillary Estatemukundarayapuram Ranipet, N.A.A.Dt, Ranipet, N.A.A.Dt, Vellore, Tamil Nadu	India
S1-939949427	Ace Silver LLC	1467 Shady Birch Road, Memphis, TN	US
S1-757014973	Mhow Guidance	Madhya Pradesh, Indore, 29A, Mhow, 30A	India
S1-236611120	Sianna's Piedmont Graphics	816 Roosevelt Avenue, Columbus, OH	US
S1-479787974	Secure Property Dynamics LLC	613 Beacon Avenue, City Of New London, WI	US
S1-604997355	Galaxy Foundation Limited	K-65, Ground Floor, Kh No-804 Block- K-Ii, Mahipalpur Extension, New Delhi, South West Delhi, Delhi	India
S1-69010076	Vision International Private Limited	Kurukshetra, Haryana, 358 Sector - 13, Housing Society	India
S1-404000997	Verrium Alussa	370 Woodruff Avenue, Wakefield-peace Dale, RI	US
S1-148307787	Chiropractic Best Specialists	59113 Timber Trail, Goshen, IN	US
S1-965433090	Ragle and Owens Merger	TX, Arlington, 7200 George Finger Road	US
S1-39174905	Rooney Sony LLC	2700 Bent Tree Lane, TX, Arlington	US
S1-29122030	Regional Initiative	8238 82nd Avenue, Justice, IL	US
S1-3001357	Smit Academy Private Limited	23-F Chaitrabhan Socaundh, Pune, Maharashtra	India
S1-728080300	Legacy Engineering Dynamics Inc	601 Pleasant Drive, Durham, NC	US
S1-281262138	Pinnacle Supply Industries Co	1110 Norwood Street, Wheelersburg, OH	US
S1-733177135	Dulichand Solutions Private Limited	I 506 Akruti Orchid Park Andheri Kurla Rd Kurla(W) Village Mohili, Sakinaka, Mumbai City, Maharashtra	India
S1-683774201	Onida Gonzalez Wisconsin	8801 Plymouth Street, Silver Spring, MD	US
S1-207971916	Vosburg Generating LLC	13 Belmont Avenue, Brockton, MA	US
S1-718260216	Spandan Systems Private Limited	609, Tulsiani Chambers, Free Press Journal Marg, Mumbai, Maharashtra	India
S1-629525066	Snider Home	15605 Everglade Lane, Unit 204, Bowie, MD	US
S1-952367177	Superior Opendoor	5151 Atlanta Highway, Montgomery, AL	US
S1-475175648	Great Trust of Mokena Inc	9231 Arquilla Drive, Mokena, IL	US
S1-556626124	4375 Washington Place Owners Corp LLC	Western Springs, 5728 Lawn Drive, IL	US
S1-384939549	Vision Software Private Limited	5F Esdverest46 \C Chowringhee Road, Kolkata, Calcutta, West Bengal	India
S1-226137354	Duncan Boutique	2512 Flora Street, Dallas, TX	US
S1-652208532	Krishna Sky Builders Private Limited	6, Shivam Apartments Sector-15, Rohini, Delhi	India
S1-390285287	Total Polytechnic	109A. Kumar Picasso, Sade 17 Nalli, Near Siddeshwar Hotel, Behind Amanora Ha, Dapsar, Pune, Maharashtra	India
S1-313200493	Balaji Exports LLP	D-207, Floor-2Nd, B2 Wadala Truck, Teriminal Wadala Truck Terminal Road, Opposite Bhakti Park, Antop Hil, Mumbai, Mumbai City, Maharashtra	India
S1-283565437	National South	399 Thompson Creek Road, Fl 1, Jacksonville, OR	US
S1-443590784	Kria (india) Private Limited	Mumbai, Kamlacharan Comm. Premises Co. Op. Soc. Ltd., Jawahar Nagar Phatak, Above Srv Hospital, Goregaon W, Maharashtra, Mumbai City, 404	India
S1-97085823	731 Fifth Place Realty Inc	1302 Duncan Avenue, Cincinnati, OH	US
S1-177761000	Shivam Engineering	Village Sahnewal Kalan, Ludhiana, Ludhiana (East), Punjab, G.T Road	India
S1-142037019	Harbor Desert Outdoor LLC	1 Hill House Road, Bldg Main Building, Colonie, NY	US
S1-467101030	Education Coalition	1208 144, Mooresville, IN	US
S1-321417841	Gorman Furniture LLC	245 Harris Road, Huntsville, AL	US
S1-725044637	Gabbi's Contracting	1930 Lake Street, IL, Kewanee	US
S1-866832620	Tech Consulting Private Limited	36 Ubjawahar Nagar, Delhi, North Delhi, Delhi	India
S1-33260101	Dermatology Physicians LLC	533 Tyrone Avenue, Waukomis, OK	US
S1-882686970	Technology Vinayak Bpo Pvt Ltd	Uttar Pradesh, Mathura, Krishna Plaza, Mathura, Shop No 244 Iind Floor	India
S1-618796838	Standard Staffing Collective LLC	330 300, Crawfordsville, IN	US
S1-711560110	Networth Memorial Trust	Elluminati, Shivdhara Par, Nr Shivam Jemin Party Pl, Rajkot, Gujarat	India
S1-77024154	Fox, Della F., M.D., P.C.	116 Martin Ridge Drive, Unionville, NC	US
S1-838613378	Digital International Limited	Flat No., 206, 2Nd Floor, Bhikaji Cama Place, New Delhi, Delhi	India
S1-914133402	Marketing Kamla Infocom Pvt. Ltd.	West Bengal, Islampur, Uttar Dinajpur, C/O- Khalil Mahammed Tinpool; Near Maa Kali Rice Mill	India
S1-131445778	Tevue Hospitality, LLC	8802 Sterlingame Drive, Houston, TX	US
S1-703311465	Keshav Public School	No. 66, Halanayakanahalli, Varthur Hobli Road, Bangalore, Karnataka	India
S1-22174908	L+ Specialists	101 Edward Warren Drive, OH, Stout	US
S1-653870372	Precision Cloud Services LLC	980 Rich Street, Unit 17, Columbus, OH	US
S1-472377955	Infinite Water Private Limited	C/O Suman, Murthal, Sonipat, Haryana	India
S1-207491251	Stauffer, Hunt and Lundberg Good LLC	MN, Minneapolis, 2708 4th Street	US
S1-670449425	Creagh Golden York	TX, Stephenville, 28793 219	US
S1-162500377	Patricio Drugs Clinic	525 12th Street, Logansport, IN	US
S1-671565447	Voss Hartford	20597 Alta Vista Way, Redding, CA	US
S1-442024916	(india) Pat Systems Private Limited	Khasra No. 1259-1269, 1267/2898, 1258/2809, 1260/2677, Gram Bhankrota, Tehsil Sanganer, Ajmer Road, Jaipur, Rajasthan	India
S1-401342428	Surat Worldwide Private Limited	Uttar Pradesh, Ghaziabad, Sector 9, Ghaziabad, H-141	India
S1-86825320	Apex Inc	1816 Cardinal Drive, City Of Waukesha, WI	US
S1-384899251	Orthopedic Elite Care LLC	Wharton, TX, 4529 Cr 166 Road	US
S1-395157181	Pioneer Impex Private Limited	1 Flr, Shri Nilanchal, Priyadarshni Layout, Bangalore, Bangalore North, 56, Karnataka	India
S1-892075754	Patriot Interests Corp	Saint Paul, 1405 Jessamine Avenue, MN, Unit Apartment 201	US
S1-53886888	Precision Appliance	W4785 H, Town Of Fredonia, WI	US
S1-565902016	Greer Israel LLC	215 Alfalfa Avenue, Osceola, AR	US
S1-792473622	Behavioral Health Medicine	Unit 5, Boston, 41 Morton Street, MA	US
S1-567836458	Piedmont Animal Hospital	1019 Wellwood Avenue, Babylon, NY	US
S1-10280612	Sight Consulting Pvt Ltd	Mahila College Road Ward No. 8 Madhubani, Madhubani, Bihar	India
S1-641226743	Galloway & Finnerty Next LLC	40963 Wild Trail W, Phoenix, AZ	US
S1-336391976	Commission on Labor	1101 Rockledge View Way, Unit UNIT 308, Prince William County, VA	US
S1-269802305	Northwind Arc LLC	11 Washington Street, Belmont, MA	US
S1-394028051	Lakshmi Jai Systems Limited	C/O- Rajkishor Prasad Singh Vill-Barma, P.O-Kaithwan, Sheikhpura, Bihar	India
S1-427054535	Rocky Fund	MN, Crystal, 4933 53rd Avenue	US
S1-104486692	Dlf Qe Tech Pvt Ltd	Innov8 Orchid Center, 3Rd Floor, Orchid Centre, Near Iiim Institute Sector 53 Next To Sector 54, Dlf Qe, Gurgaon, Haryana	India
S1-14040442	Tuazon's Desert Pilates	4434 Pacifica Way, Unit 204, Marion County, OR	US
S1-514746182	Bodakdev Organisation Private Limited	Block-D, 3Rd Floor, Satyam Corporate Square, Behind Rajpath Club, Bodakdev, Ahmedabad, Gujarat	India
S1-362724033	Garduno, Ilise, MD, M.D., P.C.	380 St Olaf St SW, Cedar Rapids, IA	US
S1-905362040	K 6 N Ridge LLC	120 W Virginia Avenue, Fl 0, Severn, MD	US
S1-422710122	IF Harbor Pimco LLC	5026 Shadyside Court, Charlotte, NC	US
S1-686059364	Reilly Mining Inc	312 6th Street, Rockport, IN	US
S1-528124567	Credence Polytechnic Private Limited	Meerut, 110, Uttar Pradesh, Sardar Patel Ganj Loha Mandi Kabari Bazar	India
S1-849285815	Mcdonough Safeguard Corp	4040 Blue Springs Drive, Middletown, OH	US
S1-880306991	Peak Idea LLC	4806 Menard Avenue, Chicago, IL	US
S1-389024186	Dredi's Homecare	7340 Grovers Avenue, Glendale, AZ	US
S1-927963632	Clean Continental Electronics, LLC	279 Barbara Street, Staten Island, NY	US
S1-674527779	Brightelle Collective	6868 Clearhurst Drive, Bldg 19, Columbus, OH	US
S1-153861183	Yash & Partners	Unit No. F12, First Floor, Kohinoor City Mall, Mumbai, Maharashtra	India
S1-971154584	Classic America Inc	215 Elm Street, Fl 0, Alvord, TX	US
S1-447295053	Zorah Odonnell Catalyst	5365 Chipwood Lane, Unit CONDO, Indianapolis, IN	US
S1-63511887	Vaughn Horizon Term LP	5 Hydrangea Lane, Mashpee, MA	US
S1-979163693	Maid Diner Inc	1237 Winnebago Street, Rockford, IL	US
S1-318820315	4788 Lexington Plaza Properties Group	512 Oak Street, Anaconda-deer Lodge, MT	US
S1-445966383	1 800 I Care 4 U	107 Main Street, Almyra, AR	US
S1-984016960	Royal Unique Consultants	Office No. 102, First Floor, Namo Narayan Building, Vijay Block, Laxmi Nagar, E 49, Delhi, East Delhi, Delhi	India
S1-199107673	Family Cornerstone Fellowship Care	559 Tom Turkey Circle, Branson West, MO	US
S1-658200806	Solstice Telecom Clinic	1250 Anchor Way, Portland, OR	US
S1-558685309	Perfect Infrastructures Private Limited	B-609, Jj Colony Inderpuri, New Delhi, South West Delhi, Delhi	India
S1-362019271	Riva LLC	1650 Premium Outlets Boulevard, Unit #8, Aurora, IL	US
S1-433742754	YIO Robotics	VA, 10412 Old Camp Road, Chesterfield County	US
S1-440807755	Foran Enterprise	4446 Winter Avenue, Klamath Falls, OR	US
S1-836956958	Alyda Morgan Desert Materials	61204 247 Lane, Grove, OK	US
S1-289145071	DZG Great Consultants, LLC	IL, 9230 Olcott Avenue, Morton Grove	US
S1-420447687	GZ Asia	278 Larrimer Avenue, Columbus, OH	US
S1-842917402	Orthopedic Care Associates PC	142 Vintage Drive, Chapel Hill, NC	US
S1-628967109	FZ Technology Private Limited	Kala Mahal, Uttar Pradesh, Agra, 29/294 Katra Hazi Hussan, Agra	India
S1-479131933	Children's Initiative PLLC	25228 133rd Avenue, Peoria, AZ	US
S1-325102994	Arts Committee	4620 Bell Road, Powhatan County, VA	US
S1-930655026	Veterans Committee Group	2462 Linden Avenue, Knoxville, TN	US
S1-460258109	Smith Interests LLC	Watford City, 305 6th Street, ND	US
S1-501418989	Yates Westin	109 Us Hwy 50 Highway, Unit SPACE 7A, Avondale, CO	US
S1-981552811	Pinner Enterprises Inc	10107 Hatfield Road, Charlotte, NC	US
S1-41644320	Education Guild	220 Cannon Street, Green Island, NY	US
S1-277310972	Imprint Health Private Limited	Annalayam 12/270, Jayanthi Road, Maradu P O, Ernakulam, Kerala	India
S1-5276879	Sai Consultants Pvt Ltd	N.H. 11, Momasarbass, Vasundhra Nagar, Bikaner, Rajasthan	India
S1-22920497	Electronic Agricultural Worldwide LLC	1428 Oxford Avenue, Canton, OH	US
S1-525832066	Ear Nose & Throat Apex Associates LLC	4005 Monsoon Lane, Fl 1, Columbia, MO	US
S1-373321047	Trading Excel Business Limited	C/O Y R Reddy, Desireddigaripalli, Piler, Chittoor, Andhra Pradesh	India
S1-991671970	Fresh Pilates Inc.	OH, Columbus, 2496 Ravenel Drive	US
S1-530973688	Ninth Prakashan Limited	Shed No. 52 Ind., Area Phase Ii, Panchkula, Haryana	India
S1-220624069	Interact Electrotech Private Limited	Shop No. 8 Sector No. 9, Malviya Nagar, Jaipur, Rajasthan	India
S1-595554606	Agri Consultants Private Limited	H No 167 Vajreshwari Road, Palghar, Shirvali, Vasai, Thane, Maharashtra	India
S1-413017315	Surgical Physicians L.L.C.	Phoenix, Unit 1038, AZ, 17435 7th Street	US
S1-941697983	Solara Freight PLLC	Unit 3107, 130 Rosewood Drive, TX, Jasper	US
S1-203686928	Route 46 Massage Clinic	106 Boggess Street, Saint Jo, TX	US
S1-576374391	Jalan Trading Corporation	39, S. Block, M. I. D. C. Bhosari, Pune, Maharashtra	India
S1-107870838	Price, Harris and Eberts	12250 Prince Of Peace Drive, Eagle River, AK	US
S1-440600145	Basant Trading (India) Private Limited	130 C Pragati Vihar, New Dharampur, Gorakhpur, Uttar Pradesh	India
S1-824776246	Stinson, Greer and Fisher Lifestyle LLC	2996 Beeman Hollow Road, Erwin, NY	US
S1-55302001	Silver Super Consultancy	Hotel Mansingh, Sansar Chandra Road, Jaipur, Rajasthan	India
S1-270877495	Bombay Associates Private Limited	Flat No 261, Ground Floor, Tagore Garden Extension, New Delhi, West Delhi, Delhi	India
S1-880132309	Golden International Private Limited	Haryana, 41/24 New Sabzi Mandi, Haryana, Near Pnb Bank	India
S1-774492929	Express Global Ameren, Inc	39 Bridle Path Road, Chicopee, MA	US
S1-92213695	Makewell Welding LLP	Parganas North, Kolkata, T.B.Sarani, Arati App N.Nagar, North 24 Parganas, 101, West Bengal	India
S1-326728372	Foot & Ankle Care Associates	Douglas County, NE, 5505 216th Street	US
S1-180543512	Youngblood, Yoko R., MD, M.D., P.C.	Unit STE 4267F, 4267 Americana Drive, VA, Fairfax County	US
S1-348814655	Loyd Octave Inc	3134 Ridge Road, Lansing, IL	US
S1-874724071	AH Complete Sea Inc	249 Buttonwood Beach Road, Earleville, MD	US
S1-605163939	Sai & Associates Pvt Ltd	Ahmedabad, B/4, Gujarat, Silverlake, Rambaug Maninagar	India
S1-599982725	Express Graf LLC	1714 Old Spencer Mountain Road, Dallas, NC	US
S1-348896585	Sterling Gulf Premier LLC	616 Pintail Drive, Suisun City, CA	US
S1-486181984	Ram Ventures Private Limited	Sno126/1Ab2Ab Kunal Icon Pimple Saudagar Shop-12, Pune, Maharashtra	India
S1-225185151	Bauer Talon	3535 Echo Spring Trail, Kettering, OH	US
S1-724227217	Black Impex Limited	Ashapura Ind. Estate, Ramol Chokdi, Vatva Ph. 4, Ahmedabad, Daskroi, 115, Gujarat	India
S1-655180972	Vision Solutions Limited	Hyderabad, 6-3-1098, Hyderabad, Flat No: 608, Garden Manor Apartments Somajiguda, Telangana	India
S1-341297023	2018 Washington Court Apartments LLC	4313 70th Street, Urbandale, IA	US
S1-906330858	Veterans Fund	Keller, 12712 Lizzie Place, TX	US
S1-752908501	Chemicals Developers Private Limited	Unit No 105 First Floor, Irsi Tech Park Sector 48, Gurgaon, Haryana	India
S1-793918416	Taratech Educational	A-5, Naraina Industrial Area Phase-I, New Delhi, South West Delhi, Delhi	India
S1-470253998	A G & D Equipment	3318 Keystone Avenue, Chicago, IL	US
S1-785327273	Larrick Renewable	433 Vanderbilt Loop, Brookhaven, NY	US
S1-327662270	Ember LLC	740 30th Avenue, Unit 111, Santa Cruz, CA	US
S1-834904326	Jai Royal Finance Private Limited	No.16 Dindigul Road, Palani, Dindigul, Tamil Nadu	India
S1-726076423	Natures (India) Solutions Private Limited	C/O-Sukumar Mandal, Sangrampur Petrol Pump, Sangrampur, North 24 Parganas, West Bengal	India
S1-182350090	Choate and Schnabel Bioworks, L.L.C.	24914 43rd Avenue, Arlington, WA	US
S1-937360664	Commodities & Co	Kmc 477/33Maryland Building K P Road Kayamkulam P O, Alappuzha, Kerala	India
S1-583273348	Downtown Diner	UT, 345 350, Ivins Town	US
S1-760445782	Inesita Bowman Templeton LLC	1420 Doran, Mesa, AZ	US
S1-99603256	1304 Jefferson Boulevard Associates PLLC	4602 Black Powder Drive, Herriman Town, UT	US
S1-604982372	D 4 X Logistics Inc	Temple, 9030 Lonesome Oak Drive, TX	US
S1-18146877	Lucknow Trade LLP	H No 332/65, Hiran Park, Chowk, Lucknow, Uttar Pradesh	India
S1-320794639	Silver Real Systems Private Limited	Common Pratik Chs Ltd, J.P. Road, Andheri (West), Mumbai, Maharashtra	India
S1-428812816	Pediatric Dental Center of Town Of Ixonia, LLC	W1031 Hunter Lane, Town Of Ixonia, WI	US
S1-732935039	Varnell Preferred Manufacturing Inc	805 Lincoln Street, Seaford, DE	US
S1-395578487	Clear Canary-Mesa	1742 Kachina, Mesa, AZ	US
S1-593937140	Sellers Pinnacle of Lake Stevens	1829 72nd Avenue, Lake Stevens, WA	US
S1-193540193	Colonial Charities Inc	7650 Williams Drive, Unit UNIT 1076, Scottsdale, AZ	US
S1-777017513	Blue Pilates	1910 Stroker Road, Crosby, TX	US
S1-97835920	Fellner Technologies	405 Dixie Drive, Selma, NC	US
S1-428599493	Gali No B-6 Ashok Vihar Ph-Iii Extn. Advisors Partners	House No 42, Gali No B-6 Ashok Vihar Ph-Iii Extn., Gurgaon, Haryana	India
S1-465351330	Clyeon Futurecrest Care	74455 Joe Davis Drive, Unit UNIT 86, Twentynine Palms, CA	US
S1-667995742	Optimal Logistics LLC	7 High Street, Unit 1/2, Oxford, OH	US
S1-813740518	Value Railway	284 Wardman Road, NY, Kenmore	US
S1-776834601	Value Harbor LLC	1027 Worthington Road, Owensboro, KY	US
S1-133711830	Dishita Mind Private Limited	62/869 Ground Floor, Dd Trade Center, Ernakulam, Kerala	India
S1-849958134	Ahmedabad Informatics Private Limited	B-102, Saral Heights, Kargil Petrol Pump To Sola Road, Nr. Amiraj Party Plot, Sola, Ahmedabad, Gujarat	India
S1-832544227	Peak Rapid Array	149 Elm Street, Ravenna, OH	US
S1-73381745	Flores, Colas & Quintero Edison	6104 20th Street, Omaha, NE	US
S1-766499784	Bangalore South Foundation Pvt Ltd	4Th Sector Hsr L/O, No 360/462, Karnataka, Bangalore, Bangalore South	India
S1-902062517	Galaxy Infrastructure Pvt Ltd	B-2, Rangkrupa Complex, B/S Gujarat Gas Bldg., Parimal Garden Cross Road, C G Road, Ahmedabad, Gujarat	India
S1-789983716	Good Products Private Limited	Vellore, No 21/30 Auxiliam College Road Gandhinagar, Tamil Nadu, Vellore	India
S1-13868352	Dominguez's Gulf Property Solutions	631 Pimlico Street, Oswego, IL	US
S1-711580408	Southern Foods Limited	Sudama Nagar, Indore Mp, Madhya Pradesh, Indore, 7 E, Indore	India
S1-683529481	Interfaith Guild	1350 11th Street, Unit B, Cleveland, TN	US
S1-233796577	Liberty Fellowship	206 East Street, Patoka, IN	US
S1-61299283	Lantern Associates	3505 Orchard Shade Road, Randallstown, MD	US
S1-116924607	YCZ Pharmaceutical Private Limited	#162, Anil Complex, Pete Chennappa Industrial Estate, Bangalore North, Bangalore, Karnataka	India
S1-145515920	Swastik Metro Limited	#227, Muthanallur, Karnataka, Sarjapur, 4Th Avenue Perarl City, Bangalore	India
S1-171250350	Eastern Exports Private Limited	Flat No. C-13, Jagruti Krupa Chs, Karve Road, Vishnu Nagar, Dombivali, Kalyan, Maharashtra, Thane	India
S1-691126076	Best Sea LLC	449 Janes Lane, Macedonia, OH	US
S1-102266300	Ogden, Glyn, D.O.	12140 Big Lowe Road, KS, Garden City	US
S1-925374929	Miller Berkley Inc	2204 Rodman Road, Unit A, Wilmington, DE	US
S1-42952122	Jain Foods Private Limited	C/O M/S Advamed Hospital Near Ganga Nursery, Lohgarh, Zirakpur, Mohali, Punjab	India
S1-144637922	Dynamic Blue Ventures Private Limited	Delhi, Ground Floor N-1, South Extension, Part 1, Shop No. 4, South Delhi, Delhi	India
S1-913805861	Collier Supreme Tree Inc	6025 30th Avenue, Seattle, WA	US
S1-428606408	Jeanette Francis First Merger	601 1st Street, Hoisington, KS	US
S1-102541475	Life Technologies Private Limited	Pune, Plot No. 81 B/4 Midc Bhosari Pune, Maharashtra	India
S1-24397495	Supreme International Pvt Ltd	361-378, Om Nagar Dindoli, Kharvasa Road, Surat, Gujarat	India
S1-345549588	Nanette Grenier, CPA	2009 Maul Ridge Road, Bedford, IN	US
S1-337791694	Supreme Advanced Bond LLC	4 12th Street, Sand Springs, OK	US
S1-818291842	Custom Grading LLC	455 Chiswell Road, Schenectady, NY	US
S1-115172111	Midc Satpur Suresh Private Limited	W-24, Midc Satpur, Nasik, Maharashtra	India
S1-355666451	Global Industries Private Limited	Office No. 302, G O Square, 3Rd Floor, S.No.249/50, Kasptewasti, Wak, Ad, Pune, Maharashtra	India
S1-257205797	Kerala Builders	Plot No 022, Sector 1A, Thane, Maharashtra	India
S1-921163385	South Coca	510 Frank Street, Mitchell, IN	US
S1-107466872	Steven Brick Public Limited	House No Old-Wz-6, New 27, Ground Floor, Village Basai Darapur Park, Extn Blk-A Sudershan Park, New Delhi, West Delhi, Delhi	India
S1-830916404	Gulmarg Brothers Private Limited	Shop No-11, Mannat, Plot-44, Sector-20, Panvel, Raigarh(Mh), Maharashtra	India
S1-863365038	Ramsons Live (India) Private Limited	191, Dhawalgiri Yashodham-Gokuldham Gen A.K.Vardya Marg, Goregaon (East), Mumbai, Maharashtra	India
S1-295086280	Galaxy Products Private Limited	House No. 417, First Floor Sector-29, Faridabad, Haryana	India
S1-375128633	Steffie Anderson Trusted Laboratories Corp	8138 Cottage Grove Avenue, Chicago, IL	US
S1-209052632	Mathilda Velasquez, L.C.S.W.	VA, Bedford County, 1109 Wheats Valley Road	US
S1-278336163	Perez Laboratories LLC	75 Hartt Hill Drive, Kalispell, MT	US
S1-328047827	New Good Trading Private Limited	H. No - 33A, Ganeshji, Jalaun, Uttar Pradesh	India
S1-343593475	Siobhan Lander Briacell Inc	Memphis, TN, 794 Hamilton Street	US
S1-748644596	Smith Cascade Roofing Inc	Dallas, 1318 Renner Drive, TX	US
S1-537776002	Raka Key Limited	New Delhi, Raka, Delhi, Vardhman Bahnhof Plaza Plot No. 10, Pocket - 7, Sector - 12, Dwa, Shop No. 123	India
S1-749322819	Pinnacle Infrastructure Brands LLC	611 Beth Drive, Great Falls, MT	US
S1-450414076	Golden Ice Cream	1070 Noble Avenue, Bridgeport, CT	US
S1-379625157	Stevens Premier Eureka	5116 Chicago Avenue, Chicago, IL	US
S1-24009279	Laa Inc	152 Clifton Street, Unit 1, Malden, MA	US
S1-49782489	Ujjan Shore Ltd	13-1-71, P. No. 5/12, Mothinagar, Bobbuguda, Hyderabad, Telangana	India
S1-30507710	Johnson, Alvarado & Douglas P.C.	2556 Edison Avenue, Granite City, IL	US
S1-566474675	Prime Atlantic Kogyo	110 Colinas, Sedona, AZ	US
S1-604792196	Saint Zion	5380 Elgin Drive, Grand Bay, AL	US
S1-39594537	Yoder, Lilly & Allen Communications Group	VA, 90 Seneca Ridge Drive, Loudoun County	US
S1-200002407	Evans, Canter & Martinez, Inc	2993 Sprague Street, Port Orchard, WA	US
S1-47826850	Jones Hub of Yanceyville Inc	9331 Highway 62, Yanceyville, NC	US
S1-443351226	Dermatology Associates, LLC	19875 Andover Place, Deephaven, MN	US
S1-150658920	Interfaith Council L.L.C.	1394 Amherst Street, Unit Apartment 14, Buffalo, NY	US
S1-90572802	Regional Holdings	2051 Jordan Hill Way, Gold River, CA	US
S1-927998048	Superior Cloud Ventures LLC	1845 100th Street County Road H, Town Of Georgetown, WI	US
S1-590715811	Lumos Resilience Center	IN, Brookston, 2010 18	US
S1-491232758	Ear Nose & Throat Group	Islip, NY, 15 Lawrence Lane	US
S1-677859512	Prime Desert Universal LLC	21442 Lake Drive, Dewey Beach, DE	US
S1-879355024	Infonet Ev Limited	2-3-3, 2Nd Floor, Ganapathi Complex, Muppas Panchavati Colony, Lanco Hills Ro, Ad, Maniko, Hyderabad, Telangana	India
S1-70237247	Celovue LLC	514 Wildwood Avenue, Birchwood Village, MN	US
S1-938690687	Family Clinic PC	362 Cedarcrest Avenue, Newark, OH	US
S1-270024818	Preston Research	78-07 41 Avenue, Elmhurst, NY	US
S1-829150577	Dermatology Platinum Care Associates PC	Elmore, 1712 Ingram Road, AL	US
S1-11993559	Pioneer Logistics Innovations Inc.	22 Prescott Street, Unit PH1, Columbus, OH	US
S1-387340068	BVR Investment LLC	90-29 176 Street, Jamaica, NY	US
S1-898003899	Helga Scott, DO	817 Hillsborough Street, Unit C202, Raleigh, NC	US
S1-138983379	Code Trading Private Limited	Riyazul Hasan Sayeednoori, Bangalore, Karnataka, No 282 Mico Layout, 7Th Main, Btm Layout	India
S1-57138672	United Clinic	House No - 1593, Sector - 4, Gurgaon, Haryana	India
S1-129703790	Midwest College	307 2nd St, Pilot Mound, IA	US
S1-196241652	Elsa's Massage P.C.	1411 Main Street, El Dorado, AR	US
S1-135343637	Global Alliance	19 Congress Street, Worcester, MA	US
S1-75182966	Cluster Brothers Pvt Ltd	B-30/31, Western Park, Opp. Shiv Darshan Apptn Near Sneh Sankul Wadi, Anand Mahal Road, Surat, Gujarat	India
S1-585513926	Primary Care Health	4300 Norbrook Dr, Unit 103, Louisville, KY	US
S1-642909409	Main Street Book Store	1702 Crockett Street, Garland, TX	US
S1-497687687	Barbra's Analytics	1235 Ray Place, Falcon Heights, MN	US
S1-324488496	Peters Colonial Australian Inc	67 Central Avenue, Fl 0, Edgewater, MD	US
S1-756703571	Liberty Hydro LLC	2123 Woodcrest Drive, Woodbury, MN	US
S1-262926714	Delta Alliance Tucson	6832 Star Garden Way, Tucson, AZ	US
S1-706040206	Goldsmith (India) India LLP	No 14 2Nd Floor51 Popatwadi Kalbadevi Road, Mumbai, Maharashtra	India
S1-940601866	Almire's Elite Book Store	205 Corning Street, 01, IA	US
S1-800119748	Celestial Welfare Society	Door No-56/1714 (Old No. 27/2890), Bvm Road, South Girinagar, Ernakulam, Kerala	India
S1-38840263	Sas Confederation Private Limited	20/22, Sham Seth Street, Kalbadevi, Mumbai, Maharashtra	India
S1-686942718	Mason Limited	85 Dickson Loop, Monroeville, AL	US
S1-548496581	Insta Advisors Private Limited	37 Floor-1, 78, B Dd Chawl, Bhagoji Waghmare Road, Mumbai, Maharashtra	India
S1-301984798	Sunrise Krishna Constructions Pvt Ltd	A-703, Lily Building, Yashwant Nagar Bolinj, Virar West, Palghar, Thane, Maharashtra	India
S1-276204040	International Christian India Ltd	H No.193, At Post Kerli, Taluka Karveer, District Kolhapur, Karveer, Kolhapur, Maharashtra	India
S1-939196886	Cedar Horizon	WV, Ceredo, 410 1st Street	US
S1-273453108	Miller's Capital	9307 Bluffton Road, Fort Wayne, IN	US
S1-649231261	Arihant Hotel Trading Pvt Ltd	S. No. 835 P1/P2, Near Gspc Gas Terminal Lakhdhipur Road, Tal. Morbi, Dist. Morbi, Ghuntu, Rajkot, Gujarat	India
S1-844992507	Minerva Solutions Private Limited	Hyderabad, Telangana, P.No.198-7-92/A/19 Hasthinapuram, Bairamalguda	India
S1-53922242	Dynamic Enclave	6732 Chauncey Drive, Indianapolis, IN	US
S1-456957093	Shubham Agro Partners	211 And 211-A, Kalpana Plaza 24/147 B, Birhana Road, Kanpur, Uttar Pradesh	India
S1-657011733	Tech Investment Private Limited	C/O Ganour Ray, Vill-Jahangirpur Sham, Tola/Panch-Jahangirpur Sham, Desri, Vaishali, Bihar	India
S1-501720936	Lakshmi Properties Private Limited	D-175, Okhla Industrial Area, Phase-I, New Delhi, Delhi	India
S1-532716583	Al Unique Construction LLP	16, Appadurai Streetteynampet Chennai-18., Chennai-18., Chennai, Tamil Nadu	India
S1-292048378	Regional For Inc	3621 Sand Point Road, Fort Wayne, IN	US
S1-738461679	Black Finance Limited	C-003 Indraprasht Behind Swamy Ayyappa Temple Ponam Vihar, Mira Road East Thane, Mumbai City, Maharashtra	India
S1-651129534	Unex Power Private Limited	Common Construction Service, Om Residency, Satyam Appartment, B/H Medawali, Rakhiya, L, Ahmedabad, Gujarat	India
S1-283771817	Hindustan Enterprise Private Limited	3Rd Fl, Parishram, Building, Ranchhod Nagar, Pl-36, Surat, Surat City, Gujarat	India
S1-50092772	Mcdonald Apogee LLC	7761 Greenback Lane, Unit APT 133, Citrus Heights, CA	US
S1-545084607	Ss Marketing LLP	Unit208 Pragyaaccelerator, Ii Road 1C Gift Sez, Gandhi Nagar, Gujarat	India
S1-52428776	Bluechip System (India) Private Limited	8, Ho -Chi-Mini Sarani, 1St Floor, Kolkata, Kolkata, Howrah, West Bengal	India
S1-89492820	Northern Interstate Pharmaceuticals Inc.	NC, 991 Bill Waters Road, Faison	US
S1-455563769	Painters Union Local No 231	458 Connecticut Street, Unit Apartment 2, Buffalo, NY	US
S1-138254594	TD Services Pvt Ltd	6/206 S-Ii, Vaishali, Ghaziabad, Uttar Pradesh	India
S1-27117308	First Baptist Church Inc.	88-11 164 Avenue, Howard Beach, NY	US
S1-389448781	Value Clean Mining	7923 Sofiana Avenue, Raleigh, NC	US
S1-287425347	2063 First Boulevard Properties LLC	110 Goodman Street, Unit UNIT A2, Charlottesville City, VA	US
S1-601540251	Apex L.L.C.	2408 Granite Circle, Bullhead City, AZ	US
S1-578767920	Legacy Biotherapeutics LLC	500 Sunstone Drive, Irving, TX	US
S1-683371522	Ortiz, Smith & Michell Activate Inc	5611 Cinch Drive, NC, Clemmons	US
S1-318614201	The Dent Coffee Inc.	6955 Throop Street, Chicago, IL	US
S1-443423436	Q E & M Companies	195 Hawthorne Avenue, Polk County, OR	US
S1-511149522	Velocity Grandeur Private Limited	Studio No. 001, Ground Floor, Ihdp Globals Building, Plot No. 07, Sect, Or - 127, Noida, Gautam Buddha Nagar, Uttar Pradesh	India
S1-380886438	Behavioral Health Crystal Associates L.L.C.	9421 Blue Mountain Way, CA, Sacramento	US
S1-613311355	Gurgaon Mills Private Limited	212-B Satguru Apartment, Sector 52, Gurgaon, Haryana	India
S1-45948533	Pediatric Clinic Inc	13703 Prospect Trail, Fountain Hills, AZ	US
S1-197104275	Friel First LLC	513 Shoreline Drive, Sunset Beach, NC	US
S1-465503570	Cinder Outdoor LLC	177 -8 Merrimac Trail, Williamsburg City, VA	US
S1-627553118	Aishwarya Brothers	13 Iii Floorlsc Savita Vihar, Delhi, East Delhi, Delhi	India
S1-112548959	Womens Health Direct Partners L.L.C.	916 Raven Road, Peoria, IL	US
S1-902423230	Ram Estate Pvt Ltd	A-7 Third Floor Street No Â 03 Gurunanak Pura Laxmi Nagar, Delhi, East Delhi, Delhi	India
S1-48623715	Certified Chain LLC	4230 101, Lincoln City, OR	US
S1-512834916	Golden Factory	South West Delhi, Block B, 10/F Sec-2 Ph-1 Dwarka The Sb Yuth Cghs, Ltd, Pno -6B, Delhi, New Delhi, Flat No ÂB-1003	India
S1-306864184	Villa Liberty Martin	1518 26th Street, City Of Two Rivers, WI	US
S1-549400388	Big Food Private Limited	Khata No 43, Opp Shalimar Cold Storage Byepass Anisabad, Patna, Bihar	India
S1-771430573	Seven Seva Samiti	C/O Vishwambhar Nivrutti Kharade Dwarka H No 46, Chh Shivaji Maharaj Chowk At Matephal Post Murud, Latur, Maharashtra	India
S1-257071106	Chesnut Grand Allegro L.L.C.	1430 Marion Street, Schaumburg, IL	US
S1-316468889	Norwood Keystone Inc	82-43 214 Street, Queens Village, NY	US
S1-916349902	Jess's Logistics Inc	Milwaukie, 18314 River Road, OR	US
S1-734832115	Garcia Enterprise L.L.C.	Waldorf, MD, 10483 Sugarberry Street	US
S1-964921886	Wu Intercontinental	AR, 776 Baxter County 478 Road, Clarkridge	US
S1-231301945	Fortune Business Private Limited	Flat No.3111, Gayatri Towers, Block - 3, Madinaguda, Hyderabad, Telangana	India
S1-340322205	XQ Fox L.L.C.	4612 28th Avenue W, Tulsa, OK	US
S1-589882029	Spot Technologies Pvt. Ltd.	Lane Adj To Kachiguda Jr College Rajendra Colony, Hno:3-4-1013/24, Hyderabad, Telangana, Barkatpura	India
S1-365290028	A Peak Midland	125 Guadalupe Road, Unit 176, Gilbert, AZ	US
S1-954456785	Ultra Solutions Private Limited	Sh Rm No 7, 2Nd Floor Yashomandir Avenue, S.No.717/1B/1B/464 College Road, Nashik, Maharashtra	India
S1-969961536	Ornelas & Webb Lifeco Inc	18 Grandview Avenue, Quincy, MA	US
S1-712699370	India Vidyalaya	Ladpura, Akola, Nagaur, Rajasthan	India
S1-204753392	Caldeus Huntington	875 Lisha Kill Road, Niskayuna, NY	US
S1-305816766	YL Communications Care	Office No. 312, 3Rd Floor, Ambience, Plot No 53/54, Sector 19A, Vashi, Thane, Maharashtra	India
S1-520167499	Ear Nose & Throat Partners Inc	3617 1400, West Valley City, UT	US
S1-450994468	Proa Federal Dime, LLC	MN, 402 12th Street, Brainerd	US
S1-354974856	Shakti Infra Private Limited	Kempe Gowda Nagar, 8Th Mile, T Dasarahalli, Bangalore, No 58/2, Bangalore North, Karnataka	India
S1-138570706	Zeroix Patriot Pharmaceuticals	618 Homestead Avenue, Ossian, IN	US
S1-688737552	Metro Irenic	37 Sterling Place, Stamford, CT	US
S1-940135455	East Peace LLC	IL, 4476 Keeler Avenue, Chicago	US
S1-11598270	Superior Defense Brands Inc	319 Woodmont Drive, Staunton City, VA	US
S1-515753417	Albright, Hollinger and Walker Intermediate, Inc	1979 Argyle Drive, Columbus, OH	US
S1-868653897	Global Agricultural Labs, LLC	139 Nevada 111, Emmet, AR	US
S1-776211742	Osteen Ventures LLC	2330 Rita Court, Anderson, IN	US
S1-262018893	Hackett National Association LLC	AZ, Snowflake, 5212 Wickberg Road	US
S1-187267643	Middletown Pediatric Dentistry Center Inc	4460 Summit Bridge Road, Middletown, DE	US
S1-256294247	Global Chugh Infocon Private Limited	2509, A S/F, Old No. N 20-21, Gali No 11 Bihari Colony, Shahdara, Delhi, Shahdara, East Delhi, Delhi	India
S1-316083056	Farmington Heart Cascade Foundation	80 Church Street, Farmington, AR	US
S1-584898715	Hari Enterprises Private Limited	171A, South Sinthi Road, Kolkata, Kolkata, Howrah, West Bengal	India
S1-358204103	A Silver Battery Inc	930 Rio Grande Drive, Rio, WV	US
S1-994528923	Shiva Unique Infrastructure Private Limited	27 Akash Puram, Bareilly, Uttar Pradesh	India
S1-178099093	Sam Ducksworth Fast	648 Waterford Lane, Calera, AL	US
S1-978085452	EN India Pvt Ltd	12/634, 3Rd Floor, St Joseph Arcade, Pala, Kottayam, Kerala	India
S1-728237267	Parker and Flanagan Madison Inc	2328 Us 90 Highway, Weimar, TX	US
S1-508950511	Ramos's Pioneer Audio Installation	16 Bay Avenue, Amityville, NY	US
S1-470499440	Vanguard Premier Mae LLC	1269 Gilbert Road, Unit 88, Gilbert, AZ	US
S1-281859716	Elvina Elder Alliance PLLC	25085 Queens Road, Parsons, KS	US
S1-737820891	Nagaksh Farms Private Limited	Pandey Bhawannorth Maharaja College Gate Mahavir Tola, Ara, Bhojpur, Bihar	India
S1-92275764	Villarreal Quality Fast	Maricopa, AZ, 53499 Fresno Road	US
S1-918442913	Back Alley Nails	11541 Beaverdale Road, Unit 16, West Burlington, IA	US
S1-504627734	Kumaran Food Private Limited	Gat No 605/1 Pirangutmulsi, Maharashtra, Pune	India
S1-445922487	Virtual International School Company	Kolkata, West Bengal, 2 Hare Streetnicco House5Th Floor P S Hare Street, Kolkata, Howrah	India
S1-668985317	Amalea Winters, P.A., DDS PC	2680 Frontage Road, Reedsport, OR	US
S1-375153527	Apex Om Infotech Pvt Ltd	Laxmi Bldg 2Nd Fl6 Shorrji Vallabhdas Marg Ballard Estate, Mumabi, Mumbai, Maharashtra	India
S1-151042377	Smart Foundation Private Limited	303, Floor-3, Plot-24 Monica Chs, Fazal Road, Mumbai, Maharashtra	India
S1-222892908	Trusted Crystal Usa Inc.	CT, Danbury, 211 White Street	US
S1-892636549	Interstate Guild	3984 Specks Run Road, Bunker Hill, WV	US
S1-11113383	Innovant Systems Private Limited	Nagpur, Appt No- 203/36A-40K Pioneer Greenvalley Oppo Aflal Bakery Mouza Borgaon, Nagpur, Maharashtra	India
S1-309135648	Midwest Strategic Robinhood	53 Emerald Isle, Dover, DE	US
S1-95189615	L Z Houston Value	2800 Woodley Road, Unit 140, Washington, DC	US
S1-134484414	Gurugram Traders Private Limited	Plot No. 11 Sector-33, Gurugram, Gurgaon, Haryana	India
S1-975385579	Internal Medicine Care Inc	15789 Hickory Lane, Lowell, AR	US
S1-546065600	Cornerstone Neighborhood Associates	8688 Side Saddle Court, Randallstown, MD	US
S1-11779675	Kolkata Services Limited	West Bengal, Kolkata, Unnayan Complex 1050/1, Survey Park, Ajay Nagar, Kolkata, Unf 52, Howrah	India
S1-891833169	Super 11 Barbershop	200 Arrow Street, Hempstead, NY	US
S1-940689739	Peak Transition	15800 Oatfield Road, Milwaukie, OR	US
S1-448730534	Creative Constructions Pvt Ltd	G-86, Vardhman Grand Plaza District - Manglam Palace, Sector-3, Roh, Ini, Delhi	India
S1-941131386	Chiropractic Care	4335 Woodland Avenue, Cleveland, OH	US
S1-255023470	Garcia Indigo, LLC	East Wenatchee, 1343 Jean Street, WA	US
S1-165377342	Pks Dal Ltd	39/40, Vishvesvaria Nagar, Near Gopalpura Flyover Jaipur, Jaipur, Rajasthan	India
S1-423368851	Beacon Bay Robinhood LLC	41 Grover Street, De Witt, NY	US
S1-372708994	Huzur Food	539, K.K. Nagar, Sarvdharm B Sector, Huzur, Bhopal, Madhya Pradesh	India
S1-400670204	Transcontinental Medical Services LP	102 West Street, Hebron, CT	US
S1-817116959	Dixon Strategic Property LLC	115 Squantum Street, Unit 315, Quincy, MA	US
S1-247201393	Sweet Pilates	7 Somers Lane, Brookhaven, NY	US
S1-264571724	Interstate Integrated Corporation	4200 Joyce Lane, Brooklyn Center, MN	US
S1-870827144	Delinda Cawley, DDS	4195 Brookdale Court, Batavia, OH	US
S1-369168321	Shivratna Labs Pvt. Ltd.	C/O Gita Shukla Saman Behind Kishore Nyayalay, Ward No 15, Rewa, Madhya Pradesh	India
S1-318047698	Big Infrastructure Limited	365, A2 Shah And Nahar In, Sj Marg Sun Mill Compound, Mumbai, Maharashtra	India
S1-881135848	Cooper's Printing	613 Porter Hill Road, Stevensville, MT	US
S1-566019346	Bartz Sony LLC	938 Ansel Road, Cleveland, OH	US
S1-405373391	Talyah's Insurance	900 Fain Avenue, TN, Kingsport	US
S1-223973004	Helios Clinic	2375 Newby Road, Badger, AK	US
S1-115882065	Kasey Fahnestock Safety Inc.	9211 Lambs Creek Church Road, King George County, VA	US
S1-792062501	Rockfort Foods Private Limited	301 Krishna Kunj Vl Mehta, Road Jvpd Vile Parle, Mumbai, Maharashtra	India
S1-977946490	Preferred Signature Public LLC	460 Comfort Road, Danby, NY	US
S1-694118499	Ostwal Leasing Pvt. Ltd.	956 A/1, Bharathi Street, Thiyagarajanagar, Palayamkottai, Tirunelveli, Tamil Nadu	India
S1-996050074	Beecher Precision Spacsphere Inc	4510 -517 Holland Office Park, Virginia Beach City, VA	US
S1-375044030	Rra Healthcare Private Limited	C/O Ramanand Singh, Varanasi, Uttar Pradesh, Ratnakar Vihar Colony Chhittupur	India
S1-978068589	Rudraksh Polytechnic	252, Ground Floor, Nazar Singh Palace, New Delhi, South Delhi, Delhi	India
S1-905601691	Jaipur World Corporation	Shop No. 11, First Floor, Block- A Rajputana Tower, Jaswant Nagar, Jaipur, Rajasthan	India
S1-477253748	West Prime Chemical, LLC	517 11th Avenue, Unit 28, Olympia, WA	US
S1-898104276	Hotels Ropes Private Limited	Shop No. 13, Plot No 8/8A, Sec 14, Ajanta Sea Bridge, Thane, Maharashtra	India
S1-987092443	Intercontinental India Private Limited	Dno 5-16/29/G3/A/1, Aaryans Pride Srivani Nagar, Ramachandrapuram, Medak, Telangana	India
S1-273724778	Womens Health Horizon Partners Inc.	3128 Potshop Road, East Norriton Township, PA	US
S1-635681639	Hind Services LLP	255/199/A2, Bai Ka Bagh, Allahabad, Uttar Pradesh	India
S1-37855827	Heritage Association LLC	NC, Mebane, 6020 Corbett Ridge Road	US
S1-694284818	Water Associates Pvt Ltd	Dimple Arcade, 1St Floor Asha Nagar Off Western Express Highway, Kandivali E, Ast, Mumbai City, Mumbai, 214, Maharashtra	India
S1-239160370	Divinity India Private Limited	Tonk Road, Rajasthan, Jaipur, Plot No. E-21 Madhuban Colony, Jaipur	India
S1-659577565	Sarastech Engineering	Office No 136, First Floor, Sunrise Chambers, Mini Bazar, Varachha Road, Surat, Gujarat	India
S1-48663745	Noida Gusto Pvt Ltd	Alt F Mr1, A-100, Sector 58, Noida, Gautam Buddha Nagar, Uttar Pradesh	India
S1-85448089	Pioneer Software Private Limited	587, Maharashtra, Pune, Shukrawar Peth	India
S1-589249751	Damelio Tire Shop Inc	4518 60th Street, Urbandale, IA	US
S1-993509824	Pediatric Dental Health LLC	211 Tropical Drive, Victoria, TX	US
S1-419083158	Krishnarajapuram Securities Limited	S.No.47, K.No. 35/7, P.No .35/7 M.G. Halli, Ramurthy Nagar, Krishnarajapuram, Bangalore, Karnataka	India
S1-785130154	International Power Private Limited	8Th Floor, Le-Meridien Commercial Complex Raisina Road, Windsor Place, Janpath, New Delhi, Central Delhi, Delhi	India
S1-521307914	Small Modern Aldel PC	6605 Whitmore Court, Unit C106, Glen Burnie, MD	US
S1-429981290	Endless Technologies Private Limited	Rajasthan, F-2 Kavita Enclave 3/23 Chitrakoot Vaishali Nagar, Jaipur	India
S1-873511399	City Producer Private Limited	425, Block-C, Sumel 11, Indian Textile Plaza, Ahmadabad City, Ahmedabad, Gujarat	India
S1-148463365	Maknojia, Maryann C., D.D.S., M.D., P.C. Inc	41 Sheila Drive, Hampton City, VA	US
S1-164703848	ZC Pennymac LLC	400 Sycamore Drive, Unit D 7, Franklin, TN	US
S1-773603870	Q/A Pmv Inc	2431 Mystic View Place, Missouri Valley, IA	US
S1-339794592	Shamrock Trust	Maharashtra, Pune, Pune City, Off No 101 102 103 Sr No, 348A-1/3Suyogfusion Dp Rd	India
S1-612786743	Sydel Palacios Elite Iron Works Inc	441 Tokle Avenue, Watertown, NY	US
S1-696785150	Duke Star Restaurants	646 Monroe Boulevard, Ogden City, UT	US
S1-380682378	Primary Care Dynamic Medicine PLLC	734 Yorkwood Pl, Jeffersontown, KY	US
S1-918134909	Continental Wholesale Systems LLC	4889 Bates Pike, TN, Cleveland	US
S1-487113768	St. Baptist Church	2608 77th Street, Lubbock, TX	US
S1-679434271	Williams, Alicea and Marino LLC	1580 Mira Lago Boulevard, Unit 276, Farmers Branch, TX	US
S1-57717999	Gems Petrochemicals Pvt. Ltd.	Flat01, Property No 11412, Shraddha Complex, Laxmi, Kopergaon, Ahmed Nagar, Maharashtra	India
S1-37377298	Coastal Charities	235 Forest Street, Medford, MA	US
S1-735946893	Burnett Trust	44917 Metz Road, Columbiana, OH	US
S1-606974168	Shree (India) Labs Private Limited	709B, Atlantis Heights, Near Genda Circle, Vadodara, Gujarat	India
S1-200950699	Total Direct Quasaredge, LLC	6516 Franklin Boulevard, Sacramento, CA	US
S1-905716868	Cobalt LLC	7952 Homan Avenue, Chicago, IL	US
S1-476694417	A Certified Enterprise LLC	5 Elderberry Drive, Easton, MA	US
S1-942909640	Panchali & Brothers Public Limited	Arazi 846 Arail Uparahar, Shivnagar Gali 3, Allahabad, Uttar Pradesh	India
S1-353445875	Car Social Limited	730, Udayan-1, Eldeco Near Bangla Bazar, Lucknow, Uttar Pradesh	India
S1-907412371	Sohi Leasing Private Limited	B/702, Building No. 1, Laxmi Park, Kanchangaon, Thakurli [East], Thane, Maharashtra	India
S1-546131199	Reboot Welfare Society	313 Sadhu Vasvani Nagaraundh, Pune, Maharashtra	India
S1-597326699	Ashton Pharma	229 Wood Street, Steele, AL	US
S1-155796103	Rodriguez Petroleum LLC	5449 Swamp Fox Highway, Tabor City, NC	US
S1-742245564	Sunrise Consulting Private Limited	No.22B, Tepark, Doddenakundi2Ndphase, Industrialarea, Whitefieldroad, Bangalore, Karnataka	India
S1-941994352	Bharati Enterprises	37A, Baker Road Alipore, Kolkata, Kolkata, Howrah, West Bengal	India
S1-200229569	Simons Charter School	1721 Carey Avenue, Cheyenne, Unit 1, WY	US
S1-590578012	Shree Fin Private Limited	19/17A, Seal Lane, Tangra, Kolkata, Kolkata, Howrah, West Bengal	India
S1-316409418	Super 53 Cafe LLC	25 Walker Road, Burke, VT	US
S1-574474642	Ivenola Pharmaceutical Inc	3203 Holly Street, Seattle, WA	US
S1-579350468	Hyundai Advisory Private Limited	3Rd Floor, Rama Arcade, 49, Hospital Road Shivajinagar, Bangalore, Karnataka	India
S1-686863050	Jai Power Private Limited	5/1102 Rivera Tower, B/H. Lalji Nagar, Adajan, Surat City, Surat, Gujarat	India
S1-80349054	Prestwood Horizon Western LLC	5725 29th Place, Gary, IN	US
S1-191142284	West Elite Recruiting Corp	121 Village Trace, Kingston, TN	US
S1-840325386	North Constructions	Patna, 2Nd Floor Danka Imli, Gaighat Bijli Office, Gaighat, C/O Kamlesh Kumar Sinha, Patna, Bihar	India
S1-831260831	YC Lion LLC	917 Golden Crest Drive, Durham, NC	US
S1-969605363	Zeia Fargo, Inc	2025 Dallas Avenue, Cincinnati, OH	US
S1-59732586	Harper, Hurtado and Saunders Sports	814 Southwest Boulevard, Jefferson City, MO	US
S1-642021685	Global Manna Products Public Limited	15- Mangal Estate Nr. Chakudia Mahadev, Rakhial, Ahmedabad, Gujarat	India
S1-977850642	Rojas Processing Inc	Wilmington, NC, 5831 Greenville Loop Road	US
S1-12819640	Asset Building Program	13740 Leigh Drive, Bonner Springs, KS	US
S1-718118348	Lakshmi Industries Private Limited	C-28, Second Floor Panchsheel Enclave New Delhi, New Delhi, South Delhi, Delhi	India
S1-89086614	Buex Group	3729 Waitley Drive, Richfield, OH	US
S1-56101189	@ Home 9 All Inc	2831 Smiley Road, Shelby, OH	US
S1-715840485	Gujarat Logistics Private Limited	Plot No . 451, Secretariat Sri Ram Nagar Colony, Puppalguda Manikonda Hyderabad, Rangareddy, Telangana	India
S1-411365128	Ratnagiri Marketing Corporation	Chirayu Hospital Salvi Stop, Ratnagiri, Maharashtra	India
S1-196000740	Prairie Jaws LLC	3123 Crescent Circle, Huntsville, AL	US
S1-569253219	Capital Direct Ingredients LLC	249 3rd Avenue, New Brighton, MN	US
S1-826139719	Sharp Foundation	Pno-74, Syno-85/P, Golden Tulip, Kondapur, Serilingampally, K.V.Rangareddy, Telangana	India
S1-444170117	Star Media Private Limited	168B Jamunalal Bajaj St, Kolkata, Calcutta, West Bengal	India
S1-267181873	Virgo Technologies Private Limited	Karnataka, Bangalore, No.75, Jp Nagar 4Th Phase, Dollar Layout, Bengaluru, Karnataka, Bangalore South, 2Nd Floor	India
S1-51814249	Teamsters Local 870	3817 Ash Street, Goldsboro, NC	US
S1-945156307	Card, Schreckengost and Lerman LLC	324 Main Street, Unit Apt 1, Walnut Ridge, AR	US
S1-610044920	Pellegrini Great Integrated	149 160th Avenue, Portland, OR	US
S1-627618137	Lakshmi Trading Private Limited	No. 72, 1St Floor Coromandel Town, Meenambedu Road Ambattur Industrial Estate, Chennai, Chennai, Tamil Nadu	India
S1-331890905	Ridge Fellowship	20290 8, Bristol, IN	US
S1-343492052	Indo Infrastructure Private Limited	Flat No. 570, Paschim Vihar, Delhi, New Delhi, Delhi	India
S1-776938684	Leshia's Continental Pharmaceuticals	14400 Fremont Avenue, Unit APT 304, Dove Valley, CO	US
S1-258987551	Gujarat It Limited	No. 19, 3Rd Floor, 24Th Main Road, 4Th Cross, J P Nagar 2Nd Phase, Bangalore South, Bangalore, Karnataka	India
S1-728437419	Sree Black Estate Private Limited	286, Mahaveer Nagar, Sangli, Maharashtra	India
S1-163450452	Patriot Properties PC	5150 Rosewood Street, Tucson, AZ	US
S1-851435195	Pediatric Specialists P.C.	AZ, Mesa Falcon Field, 601 Higley Road	US
S1-561244541	Apex Continental Realty LLC	216 Watkins Drive, Hampton City, VA	US
S1-81883255	Atlantic International LLC	11217 Mt Carmel Road, Cleveland, OH	US
S1-124748961	Davis & Barnes Co	22 Daniel Road, Wakefield, MA	US
S1-795107791	Optimal Alchemy Inc.	3441 Overglen Drive, Garland, TX	US
S1-780831037	Sparano and Parker LLC	43101 Hazel Dell Road, Meeker, OK	US
S1-81220873	Shahanshah Partners	Mumbai, 8Thfloor, Plotno.220Makerchambervi, Mumbai, Unitno.82And83, Maharashtra	India
S1-475814715	Ss Exports Pvt Ltd	577/579, 2Nd Floor, Om Shanti Bhavan, J.S.S Road, Mumbai, Mumbai City, Maharashtra	India
S1-361233814	North Veterinary Clinic	725 Summit Avenue, MN, Saint Paul Park	US
S1-632058871	Raga Engineering Private Limited	1H/30, M.G., Nagar, Kanti, Factory, Road, Bahadurpur, Sampatchak, Patna, Bihar	India
S1-8671920	Apex Solutions Private Limited	2Nd Floor, 474, Hedge Nagar Bus Stop, Medplus Building(Near Canara Bank), Bangalore, Karnataka	India
S1-210102081	Adhunik Advertising (India) Private Limited	West Bengal, Dr. Sc Banerjee Road, Beleghata, Kolkata, Howrah, 60A/1S	India
S1-584312556	Services Kala Masala Private Limited	Bihar, Patna, Abhimanu Nagar, Khagaul, Danapur, Bailey Road, C/O Pramod Raman Kumar Plot 347	India
S1-611419583	United Metlife Inc	2903 Waters Lake Lane, Missouri City, TX	US
S1-803986960	Hammond, Sullivan & Shirley Rocky Inc	813 Graham Drive, Bloomington, IN	US
S1-981939326	Lee, Lamb and Villareal Clinic	460 Lexington Avenue, Brooklyn, NY	US
S1-315756020	Smith Worldwide Inc	7948 Old Springfield Pike, Nashville, TN	US
S1-521858015	Perez, Lingle & Barnett Asa LLC	668 3200, Pleasant View, UT	US
S1-586504895	Grethel Marquez, D.O.	908 1 91st Avenue, WA, Yakima	US
S1-264459665	3555 First Court Apartments	75 Firetower, Louisburg, NC	US
S1-775589959	QMQ Electronics	32310 Cypress Street, Accomack County, VA	US
S1-704777875	Ace Microcare Private Limited	72-4-B/5 Ii Cross Behindtelephone Exchange Hosur, Dharmapuri District, Dharmapuri, Tamil Nadu	India
S1-769511181	Laborers Local Union 368	IL, 14623 143rd Street, Homer Glen	US
S1-320298157	Febres, Murray and Freeman Mercury Inc.	2914 Wasson Road, Cincinnati, OH	US
S1-164060206	Caty F. Buchanan, MD, PC	11 Lilah Springs Court, Manvel, TX	US
S1-229295478	I E. Kukatpally Networks Private Limited	Prashanthi Nagar, Telangana, Plot No.5-35/40, Hyderabad, I E. Kukatpally	India
S1-981854223	Pediatric Dental Bay Physicians LLC	3955 12th Street, Unit UNIT 174, Casper, WY	US
S1-469102606	Archuleta & Hershey Source	619 Bain Bridge Hill Court, Richmond, TX	US
S1-425055464	Foundry Inc	14332 Forest Row Trail, Chesterfield County, VA	US
S1-369414325	Sundarapada Beverages Private Limited	Plot No-207/272, Azad Nagar, Sundarapada, Khordha, Orissa	India
S1-908826050	Interfaith Committee of Lynn LLC	145 Jenness Street, Lynn, MA	US
S1-595015689	Pioneer Consultants Private Limited	House No. 5455, New Chandrawal Jawahar Nagar, Delhi	India
S1-625093210	Lakshmi Guru Consulting Limited	Delhi, New Delhi, H.N. 529 Plot No. 8 Floor 5Th S.G. Shopping Mall D.C. Chowk, North West, Sec-9 Rohini New Delhi	India
S1-733672323	Royal Lotus Food Private Limited	L-2/41, F/F, L-2 Block, Mohan Garden, Uttam Nagar, Near Raghubir Singh School, New Delhi, West Delhi, Delhi	India
S1-545524803	Basia Fritz, D.O., P.C.	436 Schiller Drive, Fayetteville, OH	US
S1-175990771	Vijay Projects Pvt Ltd	No 22, Bangalore South, Bangalore, 1St Floor, 9Th Main Road, Karnataka	India
S1-769154366	Rays Reality Private Limited	H No 15-31-2M-60/5, Telangana, Hyderabad, Phase-Iii, Kphb Colony, Kukatpally, Hyderabad	India
S1-222290927	International Builders Private Limited	B 31/13A-1, Malviya Kunj, Lanka, Varanasi, Uttar Pradesh	India
S1-299543916	Long Uranium	6126 Graceland Avenue, Cincinnati, OH	US
S1-950203051	Heritage Realty Systems	149 Keho Court, Loudon, TN	US
S1-645637872	Uptown Nails	WI, 927 Divot Place, City Of Green Bay	US
S1-500650454	Lian L. Stone, CPA	11732 Corona Crest Avenue, City Of El Paso, TX	US
S1-901472583	Allied Pinnacle Boa	1845 Pauls Path Road, Kinston, NC	US
S1-691482699	Narciso Health Center	1511 Pemberton Lane, Cordova, TN	US
S1-592002136	Hoover Peak Goldman LLC	314 89th Street, Seattle, WA	US
S1-53874980	Ridge Networks LLC	14008 Gullivers Trail, Bowie, MD	US
S1-593511102	Gujarat Media Private Limited	11 K.M.Stone, Balaghat Road Murpar, Gondiya, Maharashtra	India
S1-547568953	Wilson, Jania, CPA, DDS PC Inc	2683 Burnite Mill Road, Felton, DE	US
S1-37006519	Saucedo Cea	413 Miami Street, West Milton, OH	US
S1-634962698	Allied Program	37555 Stone Hollow Drive, Kenai Peninsula Borough, AK	US
S1-941106540	Ak Brothers Private Limited	Door No. 139/1 Merkupudur Nasianoor, Erode, Tamil Nadu	India
S1-687846051	Zsazsa Wright Dominion Inc	1000 33rd Street, Vienna, WV	US
S1-220632236	Luong Prairie Cola Inc.	904 Kingston Avenue, Isle Of Wight County, VA	US
S1-280652569	QSH Tech Private Limited	Delhi, New Delhi, Flat No. 40., Vasant Enclave Near South Delhi University, Vasant Viha, R, South Delhi	India
S1-25684571	Education Fellowship LLC	3233 Clapham Road, Nashville, TN	US
S1-225645145	Twisted Massage	UT, 324 Harvard Drive, Midvale	US
S1-566717878	Veterans Network	Scottsdale, AZ, 17700 Hayden Road, Unit UNIT 1105	US
S1-169606115	Brenda S. Philbeck, Esq. LP	8338 Traford Lane, Unit STE 8338, Fairfax County, VA	US
S1-71838033	Bloom Group of Companies	175, Kagalwala House, 2Nd Floor, Vidyanagri Marg, Santacruz(E)Behind Honda Showroom, (Metr, O Est), Kalina, Mumbai City, Maharashtra	India
S1-484781178	Berger's Tattoo	195 Kentucky Trail-haines Road, Minford, OH	US
S1-368271424	Longshoremen Local Union 384	7557 Cowtail Lane, Connelly Springs, NC	US
S1-234668656	Dynamic Tech Pvt Ltd	29-19-67/A, Dornakal Road Surya Rao Pet, Vijayawada, Krishna, Andhra Pradesh	India
S1-226201390	Division of Health	3560 John L Avenue, Kingman, AZ	US
S1-880584548	Ausbrooks United Oyster, LLC	4565 Ashcroft Avenue, Unit 56, Sacramento, CA	US
S1-443297987	Atlantic Charities	Pleasanton, 351 Crownhill Drive, TX	US
S1-738440426	Golden Classic Finance Limited	Sun Exotica Flat No. A-, 403 Jindal Mittal Gruhan, Pune City, Pune, Maharashtra	India
S1-472678371	Raks & Co Company	New Delhi, H. No-198A, Delhi, South West Delhi, Babu Lal Chowk Munirka Village	India
S1-130136534	Unified Superior Immersion of Warren Inc	47 Peach Lane, Warren, OH	US
S1-120889220	Rolia Mortgage of Washington	2231 1st Street, Washington, DC	US
S1-730126257	Real Estate Private Limited	B-12, Triveni Complex E-10-12, Jawahar Park Laxmi Nagar, Delhi	India
S1-233192070	Gmm Constructions Private Limited	D - 154 Regent Shipra Suncity Indirapuram, Ghaziabad, Uttar Pradesh	India
S1-72461653	Interfaith Coalition	71 Briggs Street, New Bedford, MA	US
S1-420394598	Morse, Berndt and Moore Big Corp	91 Muskingum Street, Depew, NY	US
S1-722189741	Jai Software Limited	H.N 4 Mittal Row Bungalow, Shri Ram Nagar, Nashik, Maharashtra	India
S1-718279880	Silver Crystal Scuti P.C.	1319 9th Street, Freeport, TX	US
S1-239638178	Michel Freedom LLC	3415 Robertson Street, Houston, TX	US
S1-8583539	Lucknow Networks Private Limited	Shop 8 And 9, Lgf, Swaroop Arcade, Kapoorthala, Aliganj, Lucknow, Uttar Pradesh	India
S1-322208464	Best Xrp L.L.C.	2050 54 Congress Drive, AZ, Nogales	US
S1-882601053	DUF Technologies Private Limited	Tex Centre N-402/403 4Th Flr26-A Chandivali Saki Vihar Andheri (E}, Mumbai, Mumbai City, Maharashtra	India
S1-464271766	Fresh Shanghai Inc	IL, Winnetka, 375 Sheridan Road	US
S1-371692247	Indian Impex Pvt Ltd	Orion Enclave, Flat 1/C, Block C, 186, M.G. Road, Kolkata, Kolkata, Howrah, West Bengal	India
S1-588217427	Speedwell & Partners	Delhi, Central Delhi, Gf, New Rohtak Road, Anand Parbat Indl., Area, Shop No-2/1B, New Delhi	India
S1-941860360	Tower & Brothers Limited	Ranka, No. 224, Sy No. 80/3, 3Rd Floor, Old Madras Road, Bangalore, Bangalore North, Bangalore, Karnataka	India
S1-205559913	A Cure 9 You	3 Main Street, Unit 3, Acushnet, MA	US
S1-382448570	Metropolitan Cargo Services PLLC	11463 Queens Drive, Omaha, NE	US
S1-517333119	Environmental League LLC	501 Bernard Street, Billings, MT	US
S1-495601056	Allied Project of Lowell	183 Walker Street, Unit 2, Lowell, MA	US
S1-416288279	Womens Health Associates, Inc	1018 Avenue J, Lovington, NM	US
S1-214696847	Hitech Hospitality Private Limited	189 Bashyakaralu Roadopp Maruthi Theatre R S Puram, Coimbatore, Tamil Nadu	India
S1-795722936	Arline Richmond, DDS	WI, Town Of Baraboo, S4951 Moore Street	US
S1-775199677	Hari Consulting Pvt Ltd	57, Arunodya Appartment, Near Mamta Modern School, Vikas Puri, New Delhi, West Delhi, Delhi	India
S1-584787641	Chiropractic Strategic Health LLC	1 Pond View Road, Proctor, VT	US
S1-586132573	Allied Alliance	127 100, Kaysville, UT	US
S1-323845488	Junina Graves Hair Studio LP	139 County Rd 287, Niota, TN	US
S1-988063290	Smart Consulting Limited	29/A Gowri Reddy Nilaya 10Th Cross, Avani Shrungeri Nagar, Nyanayappanahalli, Bangalore, Karnataka	India
S1-152801969	Krittech Edutech Ltd	Office No.1, Ground Floor, Plot No.16, Block-D Sec-3, Noida, Gautam Buddha Nagar, Uttar Pradesh	India
S1-547122588	Thomas's Star Digital	Vancouver, 15718 27th Circle, WA	US
S1-657101389	Gogineni Charitable Trust	Plot No 40 & 41 Santhoshcottage, Vijayae Nagaram, Extn Settiyapatti Post, Dindigul, Tamil Nadu	India
S1-54887702	Slack Pinnacle Nextera Co	4600 Witmer Industrial Estate, Unit Suite 2, Niagara, NY	US
S1-893658711	Alonzo Horizon Flaherty	7597 St Rte 305 E, Burghill, OH	US
S1-588725090	Chirayu Granites Private Limited	C/O Gangaram Munde, At.Vill Rohina, Tq. Udgir, Udgir, Latur, Maharashtra	India
S1-346331570	Surbhi (India) Consultants Private Limited	81 Kalol Apartment Patparganj, Delhi, East Delhi, Delhi	India
S1-207734485	Coastal Diamond Ligand LLC	1928 Allen Street, West Tawakoni, TX	US
S1-466564786	Lister Grupo LLC	51 Two Does Lane, Clayton, NC	US
S1-343542269	Chemicals Movers Limited	Verka Majitha Bye Passpo Khanna Nagar Vil Pandori Warraich Amritsar, Punjab, Amritsar, Punjab	India
S1-850446969	Inika (India) Construction	Plot No Rh 27 Sec 6, Kopar, Khairne, Thane, Maharashtra	India
S1-564700269	Mobrio Inc	921 University Drive, Unit 1155, Mesa, AZ	US
S1-738342524	Jain Hitech Infotech Pvt Ltd	Ruby-32 Vayu Enclave Silver Spring Township, Indore, Madhya Pradesh	India
S1-134396769	Burk Bold Group	153 Maravista Avenue, Falmouth, MA	US
S1-341619504	Scope Institute of Technology	Gurugram, C-21, Gurgaon, Haryana, Oasis Apartment Plot 72, Sector-55	India
S1-22387971	Al Marketing Private Limited	634-2B, Priydarshini Complex, Flat 43, Pune City, Pune, Maharashtra	India
S1-99831869	Cartwright & Hudson Eagle L.L.C.	25756 Cypress Lane, Splendora, TX	US
S1-961469637	Hari Network-Bhadaini	B-2/8, Bhadaini, Varanasi, Uttar Pradesh	India
S1-586994382	Ss It Limited	57, Koliwara, 2Nd Floor Behind Rawat Book Store, Udaipur, Rajasthan	India
S1-190212005	Unique Properties Private Limited	Haveri, C/O Ramesh T Navale, Karnataka, Haveri, Laxmi Nivas, 3Rd Cross	India
S1-426945182	North Health Center Group	14463 Silverdale Drive, Prince William County, VA	US
S1-252082465	Life Energy Limited	C/O Padmawati Kalyan Mand, Mandir Murli Manohar Gang, Jaipur, Rajasthan	India
S1-856897964	Perrine's Couriers Care	3837 Eastport Road, Dennison, OH	US
S1-759233256	Clem & Hass	Lake Havasu City, AZ, 3756 Bear Drive	US
S1-608038725	Anchor Staking Inc	2330 Central Avenue, Kansas City, KS	US
S1-438240273	Malinde's Diamond Tire Shop	107 Centre Court Road, Charleston, WV	US
S1-836322564	Global Delta Xcel	209 Dawson Road, Princeton, KY	US
S1-750340263	Wasserman & Mendoza Inc	3415 36th Street, Unit 6, Phoenix, AZ	US
S1-470814269	Vora Ventures Clinic	C/O.Rupayan, Hakim Para, Siliguri, Darjiling, Darjeeling, West Bengal	India
S1-576187730	Vande Trading	209, Iscon Elegance, Nr. Prahladnagar Cross Road, S. G. Highway, Ahmadabad City, Ahmedabad, Gujarat	India
S1-104941001	Careway Group of Companies	8, Mahalaxmi Apartment Oppo. Ahd Dis Co Op Bank Sabarmati, Ahemedabad, Ahmedabad, Gujarat	India
S1-764539372	Industries Spera Infrastructure Private Limited	New Delhi, 38-A, Okhla, Johri Farms, Noor Nagar Extn. Jamia Nagar, Delhi	India
S1-423893954	Golden Technical Union Inc	1103 Quaker Creek Drive, Mebane, NC	US
S1-275773509	King Old	MA, 11 Golden Cove Road, Chelmsford	US
S1-953201642	Durable Consultancy	A22-308 Singaporetownship, Pocharam Ghatkesar, Secunderabad, Hyderabad, Telangana	India
S1-615307265	Sun Infra Limited	H.No 67, Old Basti Bag Sewaniya, Bhopal, Madhya Pradesh	India
S1-491142951	Swarit Pulp Private Limited	Bireswor Bhawan, Local Road Safdarjung Development Area, Vivekanand, Vihar, New Delhi, Delhi, C-4/5, South Delhi	India
S1-24588920	Gemini Traders Pvt. Ltd.	C/O Ravji Thakarshi Gajipara, Jetpur Road, Anurup Guest House, Village:Virpur, Rajkot, Gujarat	India
S1-613855566	Rks Brothers Private Limited	H202 Silver Gardeniya Opp Manan Auto S.G Highway, Gota, Ahmedabad, Gujarat	India
S1-440509110	Ivenay Banco LLC	13295 33rd Place, Applewood, CO	US
S1-315747331	Vision Tech Private Limited	901, Sanjona Chambers, B. S. Deeoshi Marg, Deonar, Mumbai, Mumbai City, Maharashtra	India
S1-149129042	Bharat Impex Private Limited	Surya Mahal, 2Nd Floor Nagindas Master Road, Fort, Mumbai, Mumbai City, Maharashtra	India
S1-158040177	Joseph Horizon Lafayette LLC	27 Chiles Avenue, Asheville, NC	US
S1-126750908	UM Management Private Limited	E-1/101 Arera Colony, Bhopal, Madhya Pradesh	India
S1-504304257	Cornerstone Group	18 Pavilion Ridge Way, Unit Unit 6, Suffern, NY	US
S1-426560207	Primary Care Health LLC	OR, 12990 Kuehn Road, Milwaukie	US
S1-66351542	Arts Initiative LLC	1585 Grosbeak Run, Fort Wayne, IN	US
S1-626104941	RJ Vision Inc.	22163 Brookwood Drive, Sauk Village, IL	US
S1-975931226	Longoria Transport	67 Blue Trail Drive, Thomaston, CT	US
S1-397100168	St. Zion	1235 County Rd 609, Etowah, TN	US
S1-129102595	Bison Inc	4263 Willow Oak Way, Eagle Mountain, UT	US
S1-510566437	Beth Cathedral	928 Aberdeen Road, Hampton City, VA	US
S1-920468345	Vinayak Exim Private Limited	Surat, 419 Harikrupa Mkt Opphariom Mkt Begamwadi, Surat, Gujarat	India
S1-687038128	Shakti Hitech Estate Limited	Sno 60B Gala 1/1A Rajaram, Plaza College Corner, Miraj, Sangli, Maharashtra	India
S1-830990940	Vision Care LLC	1709 Honey Creek Road, Jefferson City, MO	US
S1-851355765	Apex Rush LLC	3815 Vincent Avenue, Peoria Heights, IL	US
S1-322519204	Johnson Accounting, LLC	4155 Donald Street, Eugene, OR	US
S1-739315395	Guru Perfect Products Pvt Ltd	D-1/33 Vasant Vihar, New Delhi, South West, Delhi	India
S1-341907921	Garcia Aktiengesellschaft	11609 Carbrook Road, Manor, TX	US
S1-220375902	Lemons Atlantic Community Clinic	74 300, Salt Lake City, UT	US
S1-339085314	Innovative Builders Private Limited	A-1, Gitakunj, Bholav, Bharuch, Gujarat	India
S1-41599016	Pinnacle Investment Services	2782 Fm 31, Deberry, TX	US
S1-946766248	Cornerstone Insurance Services LLC	3935 Welcome Avenue, Robbinsdale, MN	US
S1-300509080	Silver Technologies Private Limited	C/O Sh. Ramesh Kumar Vpo Babain, Kurukshetra, Haryana	India
S1-842747521	New Life Fellowship	36 Montgomery Street, Goshen, NY	US
S1-873114680	Royal Transalta	237 Park Avenue, Fl Floor 1, Albany, NY	US
S1-245649528	Vanguard Peak Kochav	Unit Apartment 201, NY, Corning, 184 Bridge Street	US
S1-784378287	Jones & Bustillo Plutonian LLC	12911 Indian Hollow Road, Grafton, OH	US
S1-573923600	PD Solutions	WI, Town Of Shelby, W4805 Harvest Lane	US
S1-315492120	Bright Pizza!	210 Deer Hill Lane, Lafollette, TN	US
S1-312938895	Fiction Wrestling Clinic	C/O Satyanarayan Lal, Shop No 5, Prda Flat, Phulwari, Patna, Bihar	India
S1-151921763	Hari Solutions Private Limited	House No. 56, Sector-55, Gurgaon, Haryana	India
S1-64679468	Sapphire LLC	2311 Heritage Ranch Drive, Siloam Springs, AR	US
S1-31415144	Goldline Rajeshwari Pvt Ltd	188 Thok Jatwan Songoan, Deeg, Bharatpur, Rajasthan	India
S1-193804148	Montial Cayman LLC	8707 145th Avenue, Vancouver, WA	US
S1-365483378	Solyx Blockchain LLC	4057 Cloverlawn Drive, Fl 0, Grants Pass, OR	US
S1-890267450	Freeman Insight LLC	4119 Laurel Ridge Drive, Unit F, Greenville, NC	US
S1-403939894	Maid Ice Cream	WA, 30 Barberry Lane, Sequim	US
S1-901811881	Electricians Local 33	3020 Smoke Tree Road, Pinon Hills, CA	US
S1-781138784	Mangalore Buildtech Private Limited	No 61-B, 3Rd Floor, Commerce Center, Kulur Kavoor Road, Kulu, R, Mangalore, Bangalore, Karnataka	India
S1-950762193	Perez Pioneer Value Inc	Hudson, Unit 12, MA, 9 Brigham Circle	US
S1-913121521	Rodriguez Best Deutsche	2315 Maple Avenue, Bloomington, MN	US
S1-856310744	Mesa Regional Blue Church	2512 Main Street, Unit 25, Mesa, AZ	US
S1-467146210	Ehs Works Limited	50, Bhagwandin Nagar, Indore, Madhya Pradesh	India
S1-19634936	Laceys Spring Memorial Highland Council	8781 36, Laceys Spring, AL	US
S1-795204471	Surgical Partners LLC	196 Lacock Street, Canton Township, PA	US
S1-617292948	Apex Hospitality Pvt Ltd	6/522/3(New 19/918/3) Koramkuzhiyil House, Puthur Po, Thrissur, Kerala	India
S1-646687184	New Projects Private Limited	4-7-15/72/304, Sai Vinayak Residensy Raghavendra Nagar Nacharam, Hyderabad, Telangana	India
S1-750424540	Thomas & Gonzalez	1617 32nd Avenue, Fargo, ND	US
S1-999894830	Vanessa Jacobson Community Group	14 Woodland Drive, Benton, KY	US
S1-998531834	Ace International Private Limited	Kh No 286 Kukrail Vihar Sugamau Near, Power House Manas City Indira Nagar, Lucknow, Uttar Pradesh	India
S1-910010120	Om Consultants Private Limited	#44, 3Rd Floor, 4Th Block, Koramangala Extension, Ejipura Ward No 6, 8, Bangalore, Karnataka	India
S1-259651388	Ravitech Investment Pvt. Ltd.	Chennai, First Floor, Triplican High Road Triplicane, Chennai, Tamil Nadu, No.1	India
S1-108005563	Nique	1447 Mckinley Avenue, Niles, OH	US
S1-287305556	Siliguri Management Pvt. Ltd.	301 Jamuna Shree Kunj Sukanta Sarani, New Milan Pally, Siliguri, Darjeeling, West Bengal	India
S1-186349428	Wegmans (India) Writing Private Limited	Gata No. 1056/1317, Jainabad Goela, Dewa Road, Lucknow, Uttar Pradesh	India
S1-114965632	Gv Boss Private Limited	172, Hapur Road, Mukand Nagar, Ghaziabad, Uttar Pradesh	India
S1-159109680	Vision Care LLC	62 Summit Avenue, Chicopee, MA	US
S1-582408075	Modern Industries Private Limited	A-203, Raheja Heights General A.K.Vaidya Marg, Dindoshi, Malad, (East), Mumbai, Mumbai City, Maharashtra	India
S1-477813471	Raj Hospitality Pvt Ltd	5, Kabir Road, 2Nd Floor, Kolkata, Howrah, West Bengal	India
S1-406801702	Chunabhatti Workz Care	Bldg No.5, Gala No. 112/113, Jogani Indl Complex, V.N.Purav Marg, Sion, Chunabhatti, Mumbai, Maharashtra	India
S1-966375645	Golden Pub	3301 A, Snyder, TX	US
S1-160737494	Solial Waste	1908 Brookshire Lane, Sherman, TX	US
S1-719058727	White International Pvt Ltd	301/J, Delhi, New Delhi, South West Delhi, 3Rd Floor, D21 Corporate Park, Sector 21, Dwarka	India
S1-851819883	Csc Industries Group	77, G V M S Audyogic Vasapatltd, Ahmedabad, Gujarat	India
S1-67140944	Skv & Brothers Private Limited	North West Delhi, Delhi, Shalimar Bagh West, Delhi, Bl-95	India
S1-652761634	Miller Keystone Ethereum	825 Azalea Drive, Unit C, Spring Lake, NC	US
S1-642096823	Precision Era L.L.C.	Broken Arrow, 2616 Commercial Street, OK	US
S1-142186803	Allied Academy	28 Summit Avenue, Shelby, OH	US
S1-390304708	Trusted Snow, LLC	11 Edward Street, Highland Falls, NY	US
S1-998752479	Diller Great Development LLC	2018 Carriage Hills Cove, Cedar Park, TX	US
S1-388626772	HN Continental Mobility LLC	17781 North Road, Town Of Peeksville, WI	US
S1-657098629	Barbee Brooke Cornerstone Gsr	KY, 901 15th Street, Mayfield	US
S1-541980335	Nonna's Consulting	856 Yaupon Drive, Calabash, NC	US
S1-624971255	Lee, Smith and Keel	15335 Big Horn Pass, MN, Prior Lake	US
S1-185357528	Kestio Iheartmedia Inc	101 Dena Drive, Westfield, IN	US
S1-126033120	Chesson & Ortiz Monte	966 Deerland Road, Long Lake, NY	US
S1-831913697	Mass Broadband Pvt Ltd	C/O V R Momya & Co Army & Navybldg 3Rd Flr 148 M G Road, Mumbai, Maharashtra	India
S1-28762548	Aditya Marketing Pvt Ltd	Ahmedabad, 15, Kartik Nagar Chs.Ltd.-8, Prabhuvan Twin Bunglows, Nr.Samkit Bunglows, Judges Bunglows Road, Ahmadabad City, Gujarat	India
S1-192538276	Orissa Trading Corp	Old No. 77, New No. 50, A T T Colony, Avinashi Road, Coimbatore, Tamil Nadu	India
S1-619435534	Race Developers Private Limited	Hig-203 (Second Floor) Hb Colony Bagmugaliya, Bhopal, Madhya Pradesh	India
S1-205499620	Express Wholesale Enterprises LLC	1597 Park Street, Beaumont, TX	US
S1-818473656	Heartland Bay Electronics Inc.	8172 Lick Creek Road, Big Sandy, TN	US
S1-241117464	Interfaith Trust LLC	203 Eisenhower Street, Morrilton, AR	US
S1-239575794	Parker Family Office	314 Bragg Street, Raleigh, NC	US
S1-9994066	Carrico Health Center Carlisle Borough	56 Courtyard Drive, Carlisle Borough, PA	US
S1-720543723	Rush Mitsui	1725 8th Avenue, Camas, WA	US
S1-403919768	Addon Trading Pvt Ltd	Flat No. B-112, Nehru Colony, Kolkata, Kolkata, Howrah, West Bengal	India
S1-464159967	Natural Autocomponents LLP	A-93, 2Nd Floor, Defence Colony, New Delhi, South Delhi, Delhi	India
S1-944113846	Vancouver Regional Total Services Partners	2245 Harborside Drive, Vancouver, WA	US
S1-93692202	Bangalore Andconsultants Partners	Sy No 396/1, Kannamangala, Kasaba Hobli Hoskote Taluk, Bangalore, Bangalore, Bangalore Rural, Karnataka	India
S1-743611856	Prewitt, Clarice T., D.C., M.D., P.C.	2539 Boyd Street, Des Moines, IA	US
S1-668551100	Quality Reliable Hydro	395485 1170 Road, Henryetta, OK	US
S1-486205353	Fts Services Private Limited	Khodal Nivas-48, 13/B, Darpan Row House, B/H Nutan Row House, Palanpur Jakat Naka, Surat, Gujarat	India
S1-125224325	Integrated Park	5510 19th Street, Arlington County, VA	US
S1-998404378	Delta Roman LLC	211 Gage Street, Bennington, VT	US
S1-946464225	Midwest Heartland Fund	880 121, Mount Pulaski, IL	US
S1-943190295	Pune Environmental LLP	Pune, Maharashtra, Pune, S 11, T Block, Midc, Bhosari	India
S1-980573118	Acharya Packaging Private Limited	Ground Floor, No. 441, 12Th Main, 9Th Cross 5Th G Block, Anjanapura Bda Layout, J.P, Nagar, Anjanapura, Bangalore, Karnataka	India
S1-255954188	Gallaway, Cook & Viner LLC	1021 Andy Circle, Sacramento, CA	US
S1-45571287	Rogers, Henderson and Petty Inc.	14 Pasture Lane, Glastonbury, CT	US
S1-40625321	United Charities LP	128 Burton Street, Unit COND A, Anchorage, AK	US
S1-209185606	Good Construction Pvt Ltd	Beml Nagar Gk Nilayam, Kolar Gold Field, C/O Gunasekaran No 10 1St Cross, Kolar, Bangarapet, Karnataka	India
S1-79640638	Ace Exports Private Limited	8-2-293/82/Nl/242, 2Nd Floor, Mla & Mp Colony, Road No - 10C, Jubilee Hills, Hyderabad, Telangana	India
S1-476860123	Ferman's Communications	101 Bridge Street, Unit Unit 1, Oswego, NY	US
S1-477817039	Deekay Institute Private Limited	Sharda Universityblock-2, 4Th Floor Plot No. 32, 34, Gautam Budh Nagar, Gautam Buddha Nagar, Uttar Pradesh	India
S1-732622399	Upper Health Center	326 Northampton Street, Buffalo, NY	US
S1-669766686	Pioneer Estate Private Limited	C/O Bhakare Muralidhar Amrutrao, H.No24/1 Wno7, Khodkeline, Gadge Nagar, Bhakare Plot, Amravati, Maharashtra	India
S1-749371059	Logan Rocky Banc	2 Sage Court, Austin, TX	US
S1-258319940	Desi Consultancy (India) Private Limited	No. 988, Old No 504, P.H. Road Arumbakkam, Chennai, Tamil Nadu	India
S1-70217720	JZN Institute Corp	1911, Arc One, B55, Oshiwara New Link Road, Mumbai, Maharashtra	India
S1-816233033	Mora Capital Holdings	NY, 21 Depot Street, Richville	US
S1-475557369	MF Rain Inc	5591 Bowland Place, Unit 234, Dublin, OH	US
S1-704289755	Wright Midwest Arcelormittal	379 S Ridge Lane, Carbondale, IL	US
S1-152237504	Shriyash Solutions Private Limited	Mulund, Mumbai City, Tipnis Plot, Main Road, Gavde Vinze Scheme, Maharashtra	India
S1-24183312	Blue Adhesive	Office No. 003, 1St Floor, Swarna Premises, Plot No. 13 And 14, Sector-7, Near Bank Of India, Panvel, Raigarh(Mh), Maharashtra	India
S1-67084282	K+ Diagnostics	207 Regent Road, Norfolk City, VA	US
S1-290883165	Metro Center	627 Willow Oak Street, Nacogdoches, TX	US
S1-541662178	Helen-Elizabeth D. Mcquain, DPM, M.D., P.C.	4901 Fitch Place, Washington, DC	US
S1-333186482	Pediatric Associates	4308 Meadow Crest Drive, Folsom, CA	US
S1-366287290	Thrissur Products LLP	Thrissur, Kerala, Xxxvi Ii Ivijaya Bhavanthottekkatu Lane P O Punkunnam, Thrissur	India
S1-265853670	Modern Technology Private Limited	63/5200A, Nr Sv Colony Eranhipalam So, Kozhikode, Kerala	India
S1-724255271	Hansen and Rector	4255 9th Avenue Circle, Unit Apartment 304, Fargo, ND	US
S1-533715224	Sigrid Mitchell Atlantic Hcm PC	3521 1709, Tyner, KY	US
S1-458220734	Villasana Canary Inc	1118 Harmon Street, City Of Spooner, WI	US
S1-476222464	Metropolitan Industrial Concepts Group	785 Elmo Court, Godley, IL	US
S1-651259781	Mumbai Advisory Private Limited	Unit No. 207, Reliables Pride Anand Nagar, Opp. Herra Panna, Jogeshwar, I (West), Mumbai, Mumbai City, Maharashtra	India
S1-328151659	Surya Projects Private Limited	V P O Gopal Purp O Dahlon Distt Ludhiana, Punjab, Ludhiana, Punjab	India
S1-728814210	First Agro Private Limited	Villa No.31A, Sy No- 202, 203, 204, Vertex Lake View Villas, Nizampet, Hyderabad, Telangana	India
S1-212476769	Lyrara Tree	645 Norris Drive, Unit Unit 64, Rochester, NY	US
S1-328124515	Swastik Consultancy Private Limited	1269B Civil Line Baddhaiyaveer, Sultanpur, Uttar Pradesh	India
S1-717109392	Jai Properties Private Limited	E 2601/W-2602, World Crest Tower, S.B Road World Tower, Lower Parel, Mumbai, Mumbai City, Maharashtra	India
S1-418983739	Balaji Marketing Limited	Flat No.104, First Floor, Kh.No. 1760/2 Babamohalla, Aya Nagar, Delhi, South Delhi, Delhi	India
S1-343835119	Pura Clinic	B-694, Sector-3, Greater Noida West, Noida, Gautam Buddha Nagar, Uttar Pradesh	India
S1-991416882	Jasper Resolution	106 Riviera Drive, Hendersonville, TN	US
S1-925512468	Aditya Infrastructure Pvt Ltd	#20, 80 Feet Road, Hmt Layout, Rt Nagar, Bengaluru, Bangalore, Karnataka	India
S1-422164554	Shiva Consultants Pvt Ltd	Ashok Heights, Vasudev Mishra Marg, Gundavali, Andheri (East), Maharashtra, 403, Mumbai, Mumbai City	India
S1-319262195	GOK Finance Private Limited	1161 Civil Line Laldiggi, Sultanpur Sadar, Sultanpur, Uttar Pradesh	India
S1-503207768	Balestrieri Defense Corp	209 Harvard Street, Unit 2, Brockton, MA	US
S1-700167210	Uzma Promoters LLP	Chennai, No.12, Thatha Muthiappan Street, Sowcarpet, Chennai, Tamil Nadu	India
S1-848108887	Kerrin Mungo Innovative Fifth of Dayton	2450 D Street, Unit 20, Dayton, OH	US
S1-686406047	Chiropractic Heartland Physicians	84 King Street, Unit Apartment 3, Troy, NY	US
S1-287233935	Shree Services LLP	2 Warasi Guda, Telangana, 12-11-517, Hyderabad, Secunderabad	India
S1-103936120	Schmid Independence Inc	700 1st Avenue, Unit 407, Nashville, TN	US
S1-299443390	Mangal & Brothers Pvt Ltd	C/O Tarun, Nr Chandan Farm, Rakba Abdulagarh, Ambala, Haryana	India
S1-793053431	Ettie Newton Bright Canada Group	11435 Roseville Drive, City Of Socorro, TX	US
S1-44138416	Dermatology Partners LLC	505 Western Avenue, Sioux Falls, SD	US
S1-245105819	Community Alliance	579 Sandwich Road, Unit 19, Falmouth, MA	US
S1-742741871	SM Breeze LLC	3321 16th Street, City Of Wisconsin Rapids, WI	US
S1-651167663	Merrili H. Gerber, Ph.D.	1412 Millville Road, Brunswick County, VA	US
S1-907948529	Torrent Infra Private Limited	Sh No. 86 M K Compound, Mumbai, Kherani Road Saki Naka, Mumbai, Maharashtra	India
S1-621320803	Gabriele Metro Realty Corp	2621 Castine Way, Columbus, OH	US
S1-216895627	Sunrise Estate Private Limited	Dno 105-6/2E, Anna Nagar, Mariapuram, Mettupalayam, Coimbatore, Tamil Nadu	India
S1-907858130	Rathi Brands Private Limited	826 And 827, 8Th Floor, Dlf Prime Tower, F-79 And 80, Okhla, Phase-1, New Delhi, South Delhi, Delhi	India
S1-763104445	Sai Products Private Limited	House No 491 Blk-N Mangolpuri City, Delhi, North Delhi, North West Delhi	India
S1-391111577	Zenith Emerging LLC	400 Lennon Drive, Newport News City, VA	US
S1-461653516	Georgiana's Frontier Manufacturing LLC	1006 Echols Road, Unit #304, Suffolk City, VA	US
S1-818115523	Bharat Ventures Private Limited	H.No.46, Bharath Nagar, Vidyaranyapura, Bangalore., Karnataka	India
S1-844840684	Williams Creative Utilities, Inc	Ogden, 15 Windsorshire Drive, Unit Unit A, NY	US
S1-691086283	Scholarship Network	117275 4090 Road, Eufaula, OK	US
S1-986335926	Solstice LLC	9502 University Avenue, Unit 11, Lubbock, TX	US
S1-102414785	Coastal Charities	8964 Rand Avenue, Unit Unit 6102, AL, Daphne	US
S1-683075043	Leta C. Delgado, D.D.S., DDS PC Inc.	1 Arden Lane, Brookhaven, NY	US
S1-464408228	Sky Indo Developers Pvt Ltd	1201, 12Th Floor, Lotus Link Square, D. N. Nagar, New Link Road, Andheri (West), Mumbai, Maharashtra	India
S1-29820385	Royal Maa Ventures Private Limited	Plot No 5, Mla And Mp, Colony, Rd No 10-C, Shaikpet, Hyderabad, Telangana	India
S1-727552471	Arihant Investment Limited	New Touch Technology, Khasra No. 202, Sybl Ind. Abupur, Muradnagar, Ghaziabad, Uttar Pradesh	India
S1-825078081	Hotel Systems Limited	34, Nirant Park House Owners Association Opp Sun - N - Step Club, Nr Sattadhar Cr, Oss Road, Ahmedabad, Gujarat	India
S1-9677911	Divova Inc	336 C Street, Ephrata, WA	US
S1-463065182	Rocky Healthy Inc.	Germantown, TN, 1941 Arden Walk Lane	US
S1-962454335	Coastal Managers	5293 Stop 7 Road, Westmoreland, NY	US
S1-489732190	Colonial Global Institutions Group	9842 Egypt Road, Boonville, NY	US
S1-393779176	Poole, Lee & Totten Centurion Inc.	13037 Fm 2546 Road, El Campo, TX	US
S1-646359343	Williams, Barton & Otano Offshore LLC	454 El Camino Real, Vallejo, CA	US
S1-965425504	Elliott College	12240 Ortega Street, Dallas, TX	US
S1-409727084	Audie Spicer, M.D.	513 Balsam Street, Hungry Horse, MT	US
S1-449560308	Straight Edge Ice Cream	50 Mystic Avenue, Melrose, MA	US
S1-486502718	Logistics Products Private Limited	Dlf Qe, Gurgaon, M3M Golf Estate, Mgp Ps-1-14 B, Haryana	India
S1-86289680	Suryaesh Health Private Limited	Khasra No. 85, 86 Infront Of Green Garden, Hiranchhipa Khurai Road, Bina, Sagar, Madhya Pradesh	India
S1-442719819	Warner Winvest LLC	Jefferson, 769 Clay Street, OH	US
S1-226515067	Gulf Fund VI	808 Patton Avenue, Austin, TX	US
S1-340821504	Drayio Acquisitions PLLC	14205 Bell Road, Athens, AL	US
S1-201324913	Wilson Animal Hospital	73 Beach Road, Riverhead, NY	US
S1-788173110	Tech Impex Private Limited	Kolkata, Howrah, 44B Suri Lane, West Bengal, Kolkata	India
S1-988142876	Pesoft Pacific Cargo L.L.C.	Fulshear, TX, 5410 Fleming Rock Lane	US
S1-864330163	Shiv Healthcare	3F/2, Plaza Kalpana, 24/147-B, Birhana Road, Kanpur Nagar, Uttar Pradesh	India
S1-326088820	Janhavi India	R 296 B Greater Kailash Part 1, New Delhi, South Delhi, Delhi	India
S1-507861937	Atlantic Alpex, LLC	208 Northfield Road, Islip, NY	US
S1-275500294	National Foundation	2536 Grady Williams Drive, Asheboro, NC	US
S1-388944128	Bhiwandi Go Pvt. Ltd.	Shop No. 003, Moongipa Complex Purna Road, Bhiwandi, Thane, Maharashtra	India
S1-373097350	Buva Complete Tree Inc.	10233 16th Avenue, Phoenix, AZ	US
S1-28492603	Midwest Pediatrics	1076 Raven Stone Drive, Washington City, UT	US
S1-350479161	Pediatric Health Inc	1648 Laurel Top Drive, Chesterfield County, VA	US
S1-810531282	Chase's Pacific Grill	120 Winshire Street, Norfolk City, VA	US
S1-508386168	Primary Care Clear Medicine Group	13815 1/2 Ceylon Tea Circle, Pflugerville, TX	US
S1-243163990	Dinium LLC	Beaverton, 4200 107th Avenue, OR, Unit #3402	US
S1-840644751	SAO Spring Associates	OH, 10970 Brookville Phillipsburg Road, Phillipsburg	US
S1-546921530	Jai Trading Private Limited	Survey No. 109, At. Pipaliya, Opp. Woodpulp Particle Board, Pipaliya-Mahendragadh Road, Near Pipaliya Char Rasta, Morbi-Navlakhi Road, Morbi, Rajkot, Gujarat	India
S1-854973920	Ram Products Private Limited	Old No.40, New No.45, 2Nd Street Anjugam Nagar, Ashok Nagar, Chennai, Tamil Nadu	India
S1-88047073	Bitner Markets	4012 141st Street, Savage, MN	US
S1-152284300	Chaney's Tax Service LLC	5578 11, Grifton, NC	US
S1-368288926	Bowers Brown LLC	7581 Luz De Lumbre Avenue, City Of El Paso, TX	US
S1-715245684	V/G John	34184 County Line Road, Unit UNIT 22, Yucaipa, CA	US
S1-968741502	Ruby's Preferred Therapy	NY, 373 Laurelton Road, Irondequoit	US
S1-327899973	Continental Integrated Rare Inc	215 Calton Road, Bostic, NC	US
S1-197243480	Fortune Business Private Limited	Office No 1805, Solus, Hiranandani Estate, Thane, Maharashtra	India
S1-667348909	Persad Value Globa LLC	4737 Navarre Road, OH, Canton	US
S1-278081517	Lawrence Alliance Inc.	501 Jacks Mill Drive, Harris Twp, PA	US
S1-958153866	Jaipur & Sons Private Limited	Suman House, Opposite Dp Resort, Kudwa, Gondia, Maharashtra	India
S1-699164418	RO Bay Infrastructure LLC	419 Clear Springs Road, Limestone, TN	US
S1-697820679	Eastern Interstate Calisa Inc	4630 Freewill Road, Cleveland, TN	US
S1-663822817	Bhorakalan Infotech Company	Plot No 685, 686, 689&690, Pioneer Industrial Park, Bhorakalan, Gurgaon, Haryana	India
S1-675565403	Kolkata Health LLP	Kolkata, Howrah, Kolkata, West Bengal, 9 India Exchange Place 7Th Floor	India
S1-164723348	Eisen Pgim LLC	44370 Sunset Maple Drive, Loudoun County, VA	US
S1-49649673	Mountain Charities	45 Captains Neck Lane, Southampton, NY	US
S1-268247161	Vansh Facility Group	West Bengal, Howrah, Block A 7/3 Bharat Co Operative Housing Society Ltd., Howrah, Vill, P.O, P.S : Sa, Nkrail	India
S1-130913321	Clabaugh Piedmont Oyster LLC	11617 Birchbark Trail, Austin, TX	US
S1-381761728	Hooks, Robles & Shahan Greenland LLC	10200 San Bernardino Avenue, Albuquerque, NM	US
S1-738495552	Bunny Hough Peak Drilling, LLC	Sacramento, 4960 Mack Road, CA, Unit 311	US
S1-792484468	Mishal Hospital	Building No. 15/99, First Floor Vyppinmadathil(H), Pinarmunda, Peringala P O, Ernakulam, Kerala	India
S1-596230046	Ichapur Creations Private Limited	C/O Ajit Kumar Bandyopadhyay, Ichapur Goalapara Gurudwara, Ichapur, North 24 Parganas, West Bengal	India
S1-281623638	Jordan, Lane & Ward Wilco LLC	Fl 0, 801 Covington Street, KS, Wichita	US
S1-397402531	JIQ Carolina LP	285 Third Street, Unit 412, Cambridge, MA	US
S1-652110649	Quinn Patriot Guardian	Williamsburg, IA, 111 Maple Street	US
S1-434663379	Drusie Duell Rocky Finance, Inc	2901 Hillside Avenue, Springfield, OH	US
S1-281641466	Life Construction Private Limited	House No- 24/153, 3Rd Floor Blk-24, Delhi, North Delhi, Delhi	India
S1-83002942	Noveus Railway L.L.C.	216 F High Ridge Drive, Sanford, NC	US
S1-197686084	Vium Energia	6400 Old Oak Ridge Road, Unit G22, Greensboro, NC	US
S1-198912725	India Super Comfort	805, 2Nd Floor, Arjun Nagar Kotla Mubarak Pur, New Delhi, Delhi	India
S1-228707183	Urgent Care Group	1175 Castle Hill Avenue, Bronx, NY	US
S1-270475627	First Blue Eureka LLC	5713 Rosanna Place, Ellicott City, MD	US
S1-364917628	Tech Jay Technologies Pvt Ltd	Gat No-814/5/1 Mula Bajar Shejari, Ahmednagar, Maharashtra	India
S1-40410687	Cornerstone Grid	5614 Ettrick Drive, Houston, TX	US
S1-47226386	Ember Corp	1215 93rd Street, Niagara Falls, NY	US
S1-888569004	Systems Shogun Renewable Limited	Bolangir, Gandhinagarpara, Balangir, Orissa	India
S1-236247546	Shivam Hospitality	B.No. A1/15, S.No. 207, Mahalaxmi Complex, Kaspate Wasti, Wakad, Pune, Maharashtra	India
S1-332921024	Major Village, LLC	14341 Fullerton Road, Prince William County, VA	US
S1-237120198	Scholarship Coalition PC	1312 Eighth Street, City Of Cornell, WI	US
S1-584067129	Anchor Comstock	Broken Arrow, 1908 Willow Avenue, Unit SUITE D, OK	US
S1-445759141	Classic Infotech	3/31, First Floor West Patel Nagar, New Delhi, West Delhi, Delhi	India
S1-865705751	Averil's Patriot Salon	Fl 0, 1631 Garland Avenue, KS, Wichita	US
S1-877530500	Literacy Project LLC	2102 Ozark Avenue, Unit B, Gastonia, NC	US
S1-88633305	Feliza Montoya Express Bioworks, LLC	3206 Tina Avenue, Missoula, MT	US
S1-551376548	Arumugam Pharma Pvt. Ltd.	Shop No. 225, Kda Mkt. Express Road, Canal Pattri, Kanpur, Uttar Pradesh	India
S1-807976497	FMK Solutions Pvt Ltd	Satara, At Post Gote, Vedant Arked, Warunji Fata Near Badiyani Pump, Tal-Karad, Satara, Maharashtra	India
S1-722191465	Liberty Fellowship III	3478 Crosswinds, Alexander City, AL	US
S1-877845301	Optimal Heritage, Inc	2043 10th Street, Roanoke City, VA	US
S1-441709860	Trusted Textile Holdings	1984 Madras Street, Unit 2107, Salem, OR	US
S1-827195209	Shiv Storage Private Limited	B-81, First Floor Defence Colony, New Delhi, Delhi	India
S1-235230404	Heritage Diamond Mercator LLC	4548 James Wharf Road, Northampton County, VA	US
S1-166014270	Phillips Eaton, LLC	4634 328th Place, Federal Way, WA	US
S1-556350997	Shree (India) Industries	Ahmedabad, Gujarat, Ahmedabad, 16/1 Punitnagar Societysatelite Road	India
S1-246213447	Har Traders Private Limited	Aashiyana City, Ghaziabad, Uttar Pradesh, Kh No 470, Ghaziabad	India
S1-268204657	Pls & Brothers Private Limited	Gata No 68-71, Raitha Road, Sadhupur, Bakshi Ka Talab, Lucknow, Uttar Pradesh	India
S1-610510125	Kaizen Advisors Pvt Ltd	1-98/8/9/A, Sm Reddy Cmpx, Garden Rd, Cyber Hills Cly, Shaikpet, Hyderabad, Telangana	India
S1-818073119	Johnson & Tobler Madison	7659 Oak Hill Drive, Chesterland, OH	US
S1-664668690	Total Legacy Bancshares	117 April Lane, Goldsboro, NC	US
S1-950441302	Orthopedic Elite Specialists	1546 55th Street, Chicago, IL	US
S1-67901119	Agarwal Enterprises Private Limited	Flat No 204, Iind Floor, Aryed Villa Plot No 1076/1077, Sector B, Mahanagar, Lucknow, Uttar Pradesh	India
S1-601952752	All Insurance Technologies	308 8th Street, Sterling, KS	US
S1-914584709	Tova Trust LLC	17621 6th Street, MN, Ham Lake	US
S1-352752494	Colonial Beacon Entergy Inc	5300 Kildare Avenue, Chicago, IL	US
S1-800092153	Golden Textile Works	101 Gamay Drive, Chapel Hill, NC	US
S1-487204231	Cindra Carr Guaranty LLC	3605 Kohler Place, Unit 1, Hampden Township, PA	US
S1-753671245	Global Sashi Servicesprivate Pvt. Ltd.	C/O Hanuman Godara S/O Ranjeet Singh R/O H.No 215, Vill-Kheowali, Po-Anandgarh, Sirsa, Haryana	India
S1-192418615	Perez Bright Apparel LLC	3137 Headrow Lane, Fairfax County, VA	US
S1-803578899	Agarwal Developers Partners	202, Plot No Gh-06A, La Residentia Techzone Iv, Bishrakh, Gautam Buddha Nagar, Uttar Pradesh	India
S1-877420240	Zenith Co	140 Virgil Avenue, Unit Apartment 10, Buffalo, NY	US
S1-736911114	Bay Bain Inc	931 Pacific Avenue, Everett, WA	US
S1-578024489	Unicon & Partners Private Limited	8B, Rammoy Road, Kolkata, Kolkata, Howrah, West Bengal	India
S1-125293310	Olvera Motor L.L.C.	1916 Orchid Bloom Drive, Indianapolis, IN	US
S1-695641995	Alexander, Potts and Carruthers LLC	813 Moulton, Louisburg, NC	US
S1-912577368	Pediatric Dental Care of Detroit Lakes	23225 Roosevelt Beach Lane, Detroit Lakes, MN	US
S1-575216001	Global Tech Private Limited	A27 D, Gautam Buddha Nagar, Noida, 5Th Floor Sector-16, Uttar Pradesh	India
S1-423333394	Urban Exports Pvt Ltd	No 7 A, 7Th Floor, Gee Gee Emerald 151 Village Road Nungambakkam, Chennai, Tamil Nadu	India
S1-865273332	Mumbai India Private Limited	19/3, Vijay Nagar, Marol Maroshi Road, Opp, Pallotti Church, J.B. Nagar, Andher, I East, Mumbai, Mumbai City, Maharashtra	India
S1-448865957	Ming Strategic Aurora	27711 State Highway 10, Ola, AR	US
S1-519054244	G & R Insurance, LLC	Rogersville, TN, 268 Cedar Lane	US
S1-341762370	Sterling Capital Blockchain	308 Patterson Road, Cross Creek Township, PA	US
S1-870389068	Om Trading Private Limited	C-127, Sector-63, Noida, Gautam Buddha Nagar, Uttar Pradesh	India
S1-813723642	Interfaith Society	137 S Main Street, Hubbard, OH	US
S1-323211435	Sullivan Legacy Venture LLC	6126 Station Way Drive, Fort Worth, TX	US
S1-993932326	Golden Book Store!	18 Leavitt Place, Lynn, MA	US
S1-411769004	Bitech LLC	2800 Manitou Road, Gates, NY	US
S1-410537296	Bhubaneswar Vision Private Limited	Pl-22, H B Colony, Lewis Road, Bhubaneswar, Khordha, Orissa	India
S1-73310156	United Business	West Bengal, Barddhaman, Baranilpur Saktipara, Dhobapara Sripally, Bardhaman, C/O Kalachand Rajak Das	India
S1-745566767	Gordon Keystone Partners	Jerusalem, NY, 768 Esperanza Drive	US
S1-544945591	Venaex LLC	1150 Pennygent Lane, Channelview, TX	US
S1-524341593	Buraify International	428 Vandenburgh Point Road, Mayfield, NY	US
S1-163954608	Gujarat Trading LLP	Shop No. 406, 4Th Floor, Shree Rang Heihts And Arcade, Bhaijupura, Gandhinagar, Gandhi Nagar, Gujarat	India
S1-243029048	Guzman Endocrinology	4147 Apache Road, Snowflake, AZ	US
S1-228985495	ZO Electrical	TN, Sevierville, 1046 Fine Glen Drive	US
S1-183994158	Perfect Impex Private Limited	Pune, Hill View Residency, S 112 Nr Sai Sayaji Nagar Warje, Fl No D-4, Pune, Maharashtra	India
S1-774307256	Cornerstone Royal Quetta	821 Stanley Street, Unit A-107, Medical Lake, WA	US
S1-993660734	Trict Infratech Private Limited	Balaji Nilayam Complex, Sy.No.1182/A, Plot No-21, Sun City Colony, Kodangal, Vikarabad Dis, Trict, Kodangal, Telangana	India
S1-259412805	T E Owens Line Inc.	8 Maggie Court, Smithtown, NY	US
S1-435387764	Sainikpuri Fit Pvt Ltd	Plot No.155, H.No.34-109/1, G2, Ridge Classic Apts Vivekanandapuram Colony, Sainikpuri, Hyderabad, Telangana	India
S1-53091215	Cinder Connection	2194 Howes Street, NY, Hempstead	US
S1-995974634	Bistro Nursing Home Private Limited	174 A, 7Th Floor, Tower A, The Corenthum Sector 62, Noida, Noida, Gautam Buddha Nagar, Uttar Pradesh	India
S1-793564308	Evershine & Associates Private Limited	Flatnoa/202, Shaktiparadis, Hanspal Banamali Pur Road, Bhubaneswar, Khordha, Orissa	India
S1-155197685	Ardoin Block Center	Town Of Berlin, WI, N8750 Landing Road	US
S1-659519749	OF Clean Aeon LLC	ND, 511 Lasalle Drive, Bismarck	US
S1-967131160	Wortham Preparatory Academy	2614 Remsen Road, Granger Township, OH	US
S1-362676759	Pinnacle Healthy LLC	211 Yankee Road, Middletown, OH	US
S1-156043061	Shree Vidyalaya Private Limited	A-47, Rathi Nagar, Gopalpura Bye Pass Ajmer Road, Raj Singh Pura, Jaipur, Rajasthan	India
S1-519095612	Garg Agencies Care	C-219, Sector -C Mahanagar, Lucknow, Uttar Pradesh	India
S1-204674748	Urban Ventures Pvt Ltd	C/O Vishal Malviya, Huzur, Madhya Pradesh, Bhopal, H No 43 Shivom, Green Park Colony, Sanjeev Nagar, Karond	India
S1-819154596	Robinson, Poole and Bryan Oyj Inc	3105 12th Avenue, Chattanooga, TN	US
S1-845458908	Cardiology Group	AL, Satsuma, 109 Bayou Avenue	US
S1-295045202	Radhika Academy	Shop No. 3, Ground Floor, Shiv Samarth Nagar, Building No. 3, Pragati Road, Moregaon, Village Tulinj, Nallasopara East, District Palghar, Vasai, Thane, Maharashtra	India
S1-239220133	Williams Suisse	315 14th Street, Charlottesville City, VA	US
S1-900121561	Urgent Care Specialists of Sacramento LP	2693 Darwin Street, Sacramento, CA	US
S1-998734336	Golden Electronics Worldwide Inc.	Independence, KY, 6685 Frontier Drive	US
S1-20989996	Delhi Estates Private Limited	E-6A, G.F. Kailash Colony, New Delhi, Delhi, South Delhi, Delhi	India
S1-973396211	Interstate Tokyo Inc	501 Madison Drive, Lavergne, TN	US
S1-846653166	Quantum & Co	No 156/3E Hulimavu, Bangalore, Karnataka, Bannerghatta Road, Bangalore	India
S1-735216792	Milos, Darby and Cooper PLLC	200 Linden Avenue, Unit UNIT 17N, Rialto, CA	US
S1-56337589	Laxmi Power Private Limited	Bangalore South, Bangalore, Doraisanipalya Village, Bilekahalli Begur Hobli, Bangalore, Karnataka, Kalyani Galaxy No. 152/9 & 152/10	India
S1-705044535	Future Marketing	6, Gurudarshan, Agb.Ii Stage, Saraswathipura Mahalxmipuram, Bangalore, Karnataka	India
S1-518758513	Bangalore South Cooling Pvt Ltd	Karnataka, Shilpitha Sunflower, Borewell Road Nallurhalli, Bangalore South, D-907 Summer, Bangalore	India
S1-638707089	Oshea Entergy Inc.	27 Maverick Street, Boston, MA	US
S1-48661435	Kolkata Hospital Private Limited	17/10/1 K B Sarani, Kolkata, South 24 Parganas, West Bengal	India
S1-543190718	Classic Apex Duke LLC	5550 Luna Drive, Eloy, AZ	US
S1-618175396	Ujwal Institute	43/2, Green Garden Layout, Munnekolal, Bangalore North, Bangalore, Karnataka	India
S1-951842800	Ear Nose & Throat Specialists LLC	2551 Huntington Drive, Troy, OH	US
S1-995939408	Platinumcorp Kanak Private Limited	Chorasi, 135, Gujarat, Surat, Ff, Gopinathji Nagar	India
S1-857403979	WGZ Sab LLC	1213 Cheery Lane, Columbia Heights, MN	US
S1-388726002	Whalen, Klarrisa T., L.C.S.W., PC	816 Park Avenue, Sanford, NC	US
S1-803506157	South Infotech Private Limited	Valsad, (Old Survey No. 26/3/P3), Village Manda, Taluka Umbergaon., Survey No.1816, Gujarat	India
S1-580487130	Zephora Sterling Inc	2192 Third Avenue, Busti, NY	US
S1-23566606	Arihant Power Private Limited	No 27/1, 4Th Cross, Near Shiva Temple Bhuvaneshwari Nagar, C V Raman Nagar, Bangalore, Karnataka	India
S1-688880244	Shree International School Pvt Ltd	Balaraman Road Adyar, Tamil Nadu, No.2/2, Chennai	India
S1-487469942	Sunrise Services Limited	Rohtak, Haryana, Omaxe City, Delhi Road, Sector-28, Rohtak, 106	India
S1-804139444	Advanced Digital Solutions Inc	6641 Lake Avenue, Williamson, NY	US
S1-784573402	Sam Green Private Limited	Mumbai, 504, Mumbai, Maharashtra, Floor-5, Plot-3, Anuradha, Amrutkumbh Chsl	India
S1-923865367	Vijayawada Holdings	D.No.74-1-22/1, 1St Floor, Opp J D Towers Main Gate, Patamata, J D Nagar, Vijayawada, Krishna, Andhra Pradesh	India
S1-29373917	Paonessa, Brown and Maloney Scientific LLC	VA, Newport News City, 1150 23rd Street	US
S1-514654936	Choice Athena	IN, 1041 Skyline Drive, Greensburg	US
S1-426318396	Pediatric Dentistry Group	501 Lafayette Avenue, Harlingen, TX	US
S1-360266381	Espinoza, Garland, D.C.	313 3rd Avenue, Unit 3, Salt Lake City, UT	US
S1-72774327	Wisdom Vidyalaya Corp	C/O Kumar Priyadarsi, B.C.Road, Patan, S.K.Puri, Phulwari, Patna, Bihar	India
S1-119832368	Apex Engineering Private Limited	Purusattampur, Mollasimla, Singur, Hooghly, Chandannagar, Hooghly, West Bengal	India
S1-486104807	Surgical Interstate Care L.L.C.	502 Linda Lane, Lynwood, IL	US
S1-752480303	City Smart Foods	D-289, Second Floor, Defence Colony, New Delhi, South Delhi, Delhi	India
S1-985931104	All Management Private Limited	D-10, Vikas Marglaxmi Nagar, New Delhi, Delhi	India
S1-922587620	Producer Ambience Mills Limited	C/O Dilip Kumar Gupta Gandhi Nagar Nr.Madrasa, Salugara, Siliguri, Darjeeling, West Bengal	India
S1-77670373	Bouldin Equity Partners	869 Bricklanding Road, Shallotte, NC	US
S1-913136931	Zapata & Jackson	4410 Alpha Street, Muscatine, IA	US
S1-158438642	Better Realty	323 Taylor Street, Zanesville, OH	US
S1-883458833	Mauk, Friday & Clark LLC	500 Holly Thorn Trace, Holly Springs, NC	US
S1-207077205	Meque Holding Company Inc	East Liverpool, 16129 State Rte 267, OH	US
S1-998574168	Carrera Capital Salon LLC	713 Grande Drive, Mesquite, TX	US
S1-632975606	Alfa Hospital Limited	132 Lenin Sarani, Kolkata, Calcutta, West Bengal	India
S1-239734258	Environmental Project	707 Hilton Park Drive, St Peters, MO	US
S1-752009952	Empire National Telecom	344 Hay Rake Drive, Madison, AL	US
S1-748657465	Turner, Hayton & Nuckolls Tankers LLC	916 Fork Mountain Lane, Nelson County, VA	US
S1-836479877	Gujarat Developers Private Limited	At Lehani Mzp.C. Tq. Risod, Washim, Maharashtra	India
S1-652807575	Shree Business Private Limited	Ff-107, Ansal Fortune Arcade, Sector-18, Noida, Gautam Buddha Nagar, Uttar Pradesh	India
S1-992827820	Global Learning Center, LLC	3483 50th Street, Fargo, ND	US
S1-165475560	Bhubaneswar Synthetic Limited	Plot No 219/A P.O/P.S - Shahid Nagar, Bhubaneswar, Khordha, Orissa	India
S1-425424363	Precision Defense Digital	1537 100th Street, Niagara Falls, NY	US
S1-698819992	Pediatric Dental Trusted Physicians	29888 Enid Road, Eugene, OR	US
S1-760880296	Golden Massage	1427 Racine Avenue, Unit Unit H, City Of Waukesha, WI	US
S1-315722722	Pacific Council	310 Franklin Street, Denton, MD	US
S1-226249096	Honey Real Private Limited	No 86/1, Shop No.1 Ground Floor Gandhi Circle Near Anjaneya Temple Marsur Village & Po, St, Anekal, Bangalore, Karnataka	India
S1-424325400	Mitchell and Locke Pinnacle LLC	1069 Elm Ridge Drive, Glencoe, IL	US
S1-716766360	Molina Cornerstone Analytics LP	UT, Moab, 3600 Johnston Place Avenue	US
S1-325154825	Panchvati Ventures	C/O Dr.Parmeshwar Murlidhar Sawant Padmini Tower Staidium, Road, Beed, Bid, Maharashtra	India
S1-675289169	Office of Veterans Affairs	56 Chamberlain Avenue, Bridgeport, CT	US
S1-780479121	Gold Investments Pvt Ltd	Uttar Pradesh, Sarane, C/O Ramesh Chandra Tiwari Niyamatabad, Chandauli	India
S1-591540546	Animal Welfare League	1118 Riva Ridge Boulevard, Gahanna, OH	US
S1-682472628	UPY Services Limited	47/C Pottery Road, Kolkata, Calcutta, West Bengal	India
S1-416477215	Patna Infrastructures Pvt Ltd	C/O Vasundhara Mital, D/O Sri Navneet Kautendewala, Patnatayer Building, Doomri House, Ex Road, Kadamkuan, Patna, Bihar	India
S1-187702408	Price Endocrinology	78599 5, Bird Island, MN	US
S1-989963374	Bison Memorial Trust	C-207, Mansarover Garden, New Delhi, West Delhi, Delhi	India
S1-418058344	Behavioral Health Delta Care Inc	Unit D, 916 5th Avenue, Lexington, NC	US
S1-10116501	Rama Infrastructures (India) LLP	B2/4/20, Sector - 16, Vashi, Navi Mumbai, Maharashtra	India
S1-192394463	Shakti Sree Finance Pvt Ltd	Shop No 116, Channel Asia, Moriswala Manzil, Saboo Siddique Road, Mumbai, Mumbai City, Maharashtra	India
S1-459855473	MY Harbor Toyo	439 Spinnaker Lane, Milton, DE	US
S1-833202185	Liberty Network Inc	702 Elbe Avenue, Staten Island, NY	US
S1-532453960	Associates Clinic	129, Huda Market, Sector-23, Gurgaon, Haryana	India
S1-958036792	Management Wonder Education Private Limited	77, Netaji Subhas Road, 5Th Floor, Kolkata, Howrah, West Bengal	India
S1-604364797	A Cure 3 IT	5016 Jamie Sloop Lane, Charlotte, NC	US
S1-978353926	Complete Express Transportation PC	NC, Spruce Pine, 250 Stafford Road	US
S1-528030453	Eastern Desert Osisko Inc	1501 Bandera Boulevard, Bandera, TX	US
S1-634040447	Sai Consultancy	Pilliyar Koil Street, Venkataraman Nagar, Korathur, Tamil Nadu, No: 2, Chennai	India
S1-892459679	Beum Ventures Inc	18995 Old Hwy 63, Fl 1, Hartsburg, MO	US
S1-86505350	Mumbai Veneers Private Limited	Mumbai City, Jugal Kishore Building, Maharashtra, R No.8 Malad West Opp Shankar Mandir, S.V. Road, Mumbai	India
S1-534204443	Gay Caldwell Midwest Bankshares Inc	108 Lakeview Circle, Waxahachie, TX	US
S1-473358041	Ear Nose & Throat Specialists	504 107th Street, Vancouver, WA	US
S1-83695016	Chiropractic Patriot Center Co	Rm ROOM D301, DE, Wilmington, 2020 Tatnall Street	US
S1-398967949	All Futurewave LLC	214 Loftis Road, Parrottsville, TN	US
S1-539689928	Grapes Select Alternative	804 Robin Hill Road, Edmond, OK	US
S1-417508454	Integrated Finance LLC	91 Westland Avenue, Unit 214, Boston, MA	US
S1-576024210	Gramlich Midwest Robotics LP	2 Crestway Court, Canyon, TX	US
S1-524386742	Western Express Pineapple Corp	Wellsville, KS, 4439 Shawnee Terrace	US
S1-249916218	Ads Educational Society	Amit House, 1902, Sadashiv Peth, Bajirao Road, Pune, Maharashtra	India
S1-278977765	A Silver Medicines of Stoneham LLC	300 Mountain View Drive, Unit 212, Stoneham, MA	US
S1-416069820	Dowden's Choice Enterprises	10212 Greenview Avenue, Columbia Station, OH	US
S1-294471716	North Consultancy Associates	1St Fl, Shop F-3, Shubham, Residency, Magob, Surat City, Surat, Gujarat	India
S1-706005709	Hitech Food Pvt Ltd	74/1, Karnataka, Lrde Layout, Karthik Nagar, Marathahalli Colony, Bangalore, Bangalore, Bangalore North	India
S1-884575132	Hotel Exports Private Limited	B-30, Wing B, Cts No 714 Opp Telli Gully Cross Lane, Andheri East, Mumbai, Mumbai City, Maharashtra	India
S1-544945401	Quality Prairie Advisors LLC	5230 Stargrass Street, Fl 1, Hillsboro, OR	US
S1-240835089	Mcmullin and Kennedy Eye Care	1456 Philadelphia Street, Unit UNIT 134, Ontario, CA	US
S1-728859778	Imojean N. Arnett, DO	2723 127th Street, Seattle, WA	US
S1-464470331	Vantora Mitsui Inc	IL, Peru, 3030 SUITE B 4th Street	US
S1-100433541	Bay Creative European	359 Washington Avenue, American Fork, UT	US
S1-285092388	Rajpura Expo Pvt. Ltd.	6, Sunflower, Ashok Nagar Vakola Bridge, Santacruz (E), Mumbai, Mumbai City, Maharashtra	India
S1-384097632	Heart Coalition	3333 Bristol Street, Unit 2620, Costa Mesa, CA	US
S1-953434727	Rajendranagar Narrow LLP	Rajendranagar, Telangana, Hyderabad, Door No. 7-2-67, Opposite To Gopal Service	India
S1-211918171	Bright Technology Private Limited	Flat No. F-03, Block 1 S-3 Rukmani Vihar Avasiya Yojana, Vrindavan, Uttar Pradesh	India
S1-92175403	Pioneer Interstate Burtech Inc	203 Washington Court, WV, Harpers Ferry	US
S1-537996827	Greenleaf Foundation	S-94 Medha Appartment Mayu Vihar, Delhi, East Delhi, Delhi	India
S1-1931066	Sumangal (India) Infracon Private Limited	L-22, New Mhada Colony, Wardha, Maharashtra	India
S1-339910313	Clark, Rodriguez & Holton Ventures, LLC	619 Market Grove Drive, Wake Forest, NC	US
S1-731472829	Perez Harbor Corporation	710 Golfcrest Road, Unit 5, Normal, IL	US
S1-906373874	Homeyer Midwest Alternative LP	8860 Sam E Hagy Road, Irvington, AL	US
S1-629482052	Hill Companies Partners	14473 Josh Drive, Coaling, AL	US
S1-384796202	Cardiology Associates Inc	392 42, Clayton, NC	US
S1-637256654	Rocky Elite Amplify Inc.	2146 350, Clearfield, UT	US
S1-745020892	Nitya & Sons LLP	Bhagwan Tupe Chawl, Parsi Panchayat Road, Near Govind Bal Mandir Road, Andheri East, Mumbai, Maharashtra	India
S1-220036113	Charles Brothers (India) LLP	W A/202, Yesh Avenue, Plot No 51C, Sector 20, Kharghar, Raigarh, Maharashtra	India
S1-601750936	Cascade Aurora Inc	600 Bootleg Road, Clarkdale, AZ	US
S1-764306571	Grow Dealtrade Corporation	484, Mitra Mandal Colony, Parvati, Maharashtra	India
S1-979221452	Grand Payment Labs, LLC	6420 Winchester Boulevard, Canal Winchester, OH	US
S1-492613195	Verma Services Private Limited	H.No.26, Nanded, Karkala, Maharashtra	India
S1-65494388	International Foundation Private Limited	Lala Ji, H No.-391-G Tirkha Colony, Faridabad, Haryana	India
S1-98771588	Jaya & Sons Pvt Ltd	Plot No. 6-66, Sy No. 165, Gaganpahad, Rajendranagar Mandal, Rangareddy, Telangana	India
S1-231338418	Superior Supply Associates LLC	5952 Flip Flop Lane, AL, Gulf Shores	US
S1-347340751	Danis Interests	10447 Whispering Woods Court, Demotte, IN	US
S1-813849066	Silver Deli	1314 Barkley Boulevard, Bellingham, WA	US
S1-178698137	Goodearth Traders Pvt Ltd	Sco 4, Ground Floor, Aapka Bazar, Gurgaon, Haryana	India
S1-888838678	Al Trading of Thane West	Unit 112, 1St Floor, Lodha Supremus, Road No. 22, Wagle Estate, Thane West, Thane, Maharashtra	India
S1-734713030	Murlidhar Welfare Society	Plot No-24, Vaibhanand G. N. S. Santha, Zingabai Takli, Nagpur, Maharashtra	India
S1-304846099	Southern Legacy Dragon LLC	5842 Dunglady Court, Dublin, OH	US
S1-909397283	Isabel Martin, DO	756 Main Street, Monmouth, ME	US
S1-541562976	Ambica India Private Limited	Maharashtra, Khar Wadi, Bandra East, Plot No 97, Mumbai, Mumbai City	India
S1-115095576	Ryle Jones	48 Ranch Road, Moab, UT	US
S1-812524513	Coo General	2 Pomona E, Unit APARTMENT 407, Pikesville, MD	US
S1-514027744	Katare Skin Private Limited	3Rd Floor, Room No. 2 7, Ganesh Chandra Avenue, P.S. - Bowbaza, R, Kolkata, Kolkata, Howrah, West Bengal	India
S1-27986544	Lotus Impex Private Limited	Sector 68, Mohali, House No.1301, Punjab	India
S1-453628336	Julianna Wade Horizon Biotechnologies	162 Daniel Lane, Burgin, KY	US
S1-825427091	Infotel Steel Private Limited	Sf-1, Keshar Kunj Complex, Opp. A.M.C. South Zone Office, Krishna Baug Char Rasta, Maninag, Ar, Ahmedabad, Gujarat	India
S1-513021414	Sunglow Travels Private Limited	Mattam Housechalakudy Chettikulam P O, Trichur, Thrissur, Kerala	India
S1-691912351	Sun Express Alto	9 Riverside Place, Hornell, NY	US
S1-535519777	Eastern Lotus Construction Private Limited	A 34/1 Naraina Industrial Areaphase I, New Delhi, Delhi	India
S1-677655069	Family Center LLC	119 3rd Street, Augusta, AR	US
S1-717998761	Woods Delta Tax	17605 56th Avenue, Glendale, AZ	US
S1-16991953	Surya Consultants Private Limited	Sco - 3, Sec - 12 Huda, Panipat, Haryana	India
S1-585189166	Berna Grant, DO	20147 Russellville Lane, Lawrenceville, IL	US
S1-226062159	Bius LLC	128 Mccord Hill Road, WV, Wellsburg	US
S1-166413568	Back Alley Barbershop Inc	5060 Lunata Way, Round Rock, TX	US
S1-679247095	Saransh & Sons Private Limited	Hig-185, Kananvihar Phase-1, Chandrasekharpur, Bhubaneswar, Khordha, Orissa	India
S1-394362510	Shringar Shimla Private Limited	A/205, Narsinha Smruti, Gavthan Nr Parijath Appt, Vasai, Thane, Maharashtra	India
S1-27554343	Ik Build Ltd	40H, Kanyakumari, Nagercoil, Tamil Nadu, Keezha Ramanputhoor	India
S1-37717875	Southern Food	Aluwalia Chambers Madangir, New Delhi, South Delhi, Delhi	India
S1-467508294	Daia LLC	9 Misty Wood Circle, Unit APARTMENT K, Lutherville, MD	US
S1-149644286	Dynamic Construction Limited	2Nd Floor, Krishna Building, S.P.Verma Road, Patna-1. Ps-Kotwali, Patna, Bihar	India
S1-24238717	Maid Pizza	405 Norwood Road, Staunton City, VA	US
S1-536744579	Nielsen Williams	11 B Birmingham Road, Worcester, MA	US
S1-46172379	Thomas Special	2363 97, Fort Payne, AL	US
S1-99967290	Kali Pharma Private Limited	A1 Plot No.-497, Nearshivmandir, Beri Gate, Jhajjar, Haryana	India
S1-34726235	Meyer Aimei of Sulphur Springs	6637 County Road 4760, Sulphur Springs, TX	US
S1-223309242	Family Medicine LLC	190 24th Avenue, OR, Eugene, Unit Apartment 11	US
S1-125141941	Office of Transportation	2406 New Berne Road, Henrico County, VA	US
S1-786357108	Cortes, Hughes and Stovall Inc	134 Jerry Smith Road, Indian Mound, TN	US
S1-503032415	Hall, Gilbert and Wyatt LLC	Graysville, TN, 196 Sixth Street	US
S1-916689265	Zaliva Holding Company LLC	720 Gotham Street, Unit Apartment 2, Watertown, NY	US
S1-20555637	Novelty & Brothers Corp	Smt. Komal Devi, W/O Santosh Kumar Plot No-502 Police Station-34, At Azad Nagar, Maner, Patna, Bihar	India
S1-415457463	Peluso Endocrinology	Perinton, 17 Bucklebury Hill, NY	US
S1-721791359	Black Finance LLP	27I Chittaranjan Avenue, Kolkata, Calcutta, West Bengal	India
S1-651037665	Zonda Williams Continental Industries	2915 Scottish Pike, Knoxville, TN	US
S1-77352718	Dolores Lopez Apollo	4617 Cinnamon Hill Drive, Fort Worth, TX	US
S1-482564181	Lauryn Patel Graphics LLC	418 Plum Street, West Union, OH	US
S1-621316839	Snowden Legato, LLC	11118 Doyle Overton Road, Del Valle, TX	US
S1-744650117	Peterson Shanghai	428 Hayden Station Road, CT, Windsor	US
S1-658039597	Fernandez Select Harbor LLC	13290 Terra Cascade Drive, Happy Valley, OR	US
S1-296461667	Marvi Clinic LLP	2108, Omkara Nilaya, 7Th Main, Kumaraswamy Layout 2Nd Stage, Bangalore South, Bangalore, Karnataka	India
S1-838777864	Builders Maheshwari Ventures Limited	Plot No.52, Ushodaya Colony Phase 2 Lahari Enclave, Gajualaramaram, Hyderabad, Rangareddy, Telangana	India
S1-809680042	Deva Adams Blue Uranium	70 Leo M Birmingham Parkway, Unit 212, Boston, MA	US
S1-845593283	Lakshmi Care Private Limited	No10, Jawahar Road Chokkikulam, Madurai, Tamil Nadu	India
S1-411816303	Regional Association Inc	7260 Hunter Road, Talbott, TN	US
S1-338180196	Capital Sciences LP	52 Hopkins Street, Reading, MA	US
S1-699757450	Aham (india) Private Limited	Bangalore, 1St Floor, 5Th Main Road, Kasturinagar East Of Ngef, Karnataka, Bangalore, #5M-126	India
S1-190273154	Golden Aerospace Partners Inc	1945 Myrna Lane, Tempe, AZ	US
S1-347024333	Select Anchor Purecycle	826 Lawrence Drive, Wadsworth City, OH	US
S1-265222560	Schreiber's Grill	2608 Admiralty Bend Lane, Spring, TX	US
S1-999083827	Colonial United Jackson LLC	North Tonawanda, NY, 545 Tremont Street	US
S1-381942670	Strickland Choice Chile PC	285 Lord Byron Lane, Unit APARTMENT 103, Cockeysville, MD	US
S1-400514017	Eastern Signs Inc	15 Oak Grove Drive, Unit APARTMENT B, Middle River, MD	US
S1-676346022	Consultants Liv Solutions Limited	Flat 16, D-Wing, Manish, Market, Shivaji Road, Khalapur, Raigarh(Mh), Maharashtra	India
S1-484653372	Sree Traders Private Limited	759 Ward No 5 Parsoda, Ramtek, Nagpur, Maharashtra	India
S1-233227723	Shree Construction Limited	77, 1St Flr, Sahajanand Shopping Centre Opp. Rajasthan School, Shahibag, Ahmedabad, Gujarat	India
S1-394348934	Stout Consultants LLC	62962 Crown Point Road, Coos Bay, OR	US
S1-928368818	SVW Cables Private Limited	C 18 Sahyog Chs Ltd Gorai Rd No 2, Sector 2, Plot No 218 Nr Nalanda College Borivali (W), Borivali West, Mumbai, Maharashtra	India
S1-969400525	Total Monte	7944 Turner Road, Norfolk City, VA	US
S1-773411653	Anj Academy	New Delhi, Delhi, Sf-03, 2Nd Floor, Southern Park, Plot No.D-2, District Centre, Saket	India
S1-809947086	Blue Network LP	CA, Sacramento, 2787 Clay Street	US
S1-112114857	Cummings Cornerstone Drive LLC	2409 17th Street, The Dalles, OR	US
S1-485196051	Perfect Infrastructure Private Limited	Maharashtra, Nagpur, H.No.378, Hansapuri, Nagpur	India
S1-29310077	Rev It Up Massage	434 Prowell Drive, Hampden Township, PA	US
S1-140793406	Southern Products Pvt Ltd	Flat No 4 & 5, U/G/F, North Block Vipin Garden, Uttam Nagar, New Delhi, West Delhi, Delhi	India
S1-233585540	HLY Multitech Private Limited	H No.- 189-G Savitri Nagar Malviya Nagar, Delhi, New Delhi, Delhi	India
S1-508841261	Matoshree Solutions Ltd	C/O Nu-Man Collection Uco Bank Building 156. Hill Cart Road, Siliguri, Darjeeling, West Bengal	India
S1-97113603	Rapid Digital Labs	313 Adair Avenue, Columbia, KY	US
S1-547721984	Gupta Academy Company	Hig 165, Gorakhpur, Shastri Puram Colony, Gorakhnath Gorakhpur, U.P., Gorakhpur, Uttar Pradesh	India
S1-932491625	Cloris Pratt Floating, PC	159 8th Street, Hungry Horse, MT	US
S1-249168650	Crabtree, Norris and Rone Nexus Inc	4925 Desert Cove Avenue, Unit 138, Phoenix, AZ	US
S1-911230676	Creative Silver Energy Inc	15000 Village Green Drive, Unit 56, Mill Creek, WA	US
S1-125443573	Montium Winvest Associates	101 Bay Shore Court, Maple, NC	US
S1-892882320	Delta Heartland Hudson	Town Of Anson, Unit 11, 18127 O, WI	US
S1-766760770	Stephens City LLC	3547 5, Unit 157, Yuma, AZ	US
S1-419094432	Martinez's Skin Care	58 Yonder Lane, Murphy, NC	US
S1-27142903	Office of Sanitation	110 Barkside Lane, New Bern, NC	US
S1-431443216	Ear Nose & Throat Partners LLC	72 Herzwoods Road, Davis, WV	US
S1-726231113	Sutherland Vendome LLC	321 Bercut Drive, CA, Sacramento, Unit 1222	US
S1-405855331	Yamuesh Equipment Private Limited	27, 1St Floor, Parasmani, K. C. Jain Nagar, Maruti Mandir, Ratnagiri, Maharashtra	India
S1-739049056	Ava Swami Limited	Door No. 55/792 A & A1 (G 48) Street A, First Cross Road, Panampilly N, Agar, Cochin, Ernakulam, Kerala	India
S1-762111452	Pune Quality Limited	04, Shatrunjay Appartment, Sn -120Ab Pl-545/22, Navsha Maruti, Sinhagad Road, Pune, Maharashtra	India
S1-211053947	Internal Medicine Health	3806 Armour Street, AR, Fort Smith	US
S1-820943601	International Power Private Limited	C Peace Building And Apartments Room No 1073 H, Near Smgvhs School Edavanna Post, Ernad, Malappuram, Malapuram, Kerala	India
S1-572447282	Anushakti Brothers Private Limited	No.35/12, Niranjan House, 1St Floor, Langford Road Cross, Bheemanna Garden, Shanthinagar, Bangalore North, Bangalore, Karnataka	India
S1-372293504	XRP Strategic	200 Business 37, Unit APT 32, Purdy, MO	US
S1-937806501	Sai Silk Pvt Ltd	B/06, Om Devikrupa Apartment, Opp. Asha Industry, Virar East, Vasai, Thane, Maharashtra	India
S1-165328876	Hunger Ministries II Inc.	28836 State Street, West Union, IA	US
S1-607295565	EGK Fortis LLC	1881 Benson Road, Point Roberts, WA	US
S1-358539163	Pediatric Dentistry Peak Associates LLC	4703 Tuxedo Avenue, Parma, OH	US
S1-523185428	Ernakulam Logistics Private Limited	18/75Parry Junction Thoppumpady Cochin, Ernakulam, Kerala	India
S1-85764811	Creative Services Private Limited	Myhq, Building No. 55, Panchkuian Road, Cannaught Place, Delhi, Central Delhi, Delhi	India
S1-309403969	Signature Drops Pvt Ltd	5Th Floor, Tower A, Global Gateway Towers, Mehrauli-Gurgaon Road, Sikanderpur, Sector-26, Gurugram, Dlf Qe, Gurgaon, Haryana	India
S1-979938415	Midwest Fund LLC	103 Bear Creek Lane, Unit 8, Asheville, NC	US
S1-439957781	Haynes Capital Corporation	325 Rotary Road, Huntington, WV	US
S1-469528408	Onyx Publishing LLC	523 Kelley Drive, Dothan, AL	US
S1-178108140	Sterling Allegro L.L.C.	487 Andall Street, Lino Lakes, MN	US
S1-142270648	JSG Garments	1216 A, Phase-Ii Sathuvachari, Vellore, Tamil Nadu	India
S1-517052291	Grace It Private Limited	10/14, Navalar Nagar 3Rd Street Ss Colony, Madurai, Tamil Nadu	India
S1-833697835	Alexis L. Lee, Esq., PC	1026 Mile High Road, Twin Peaks, CA	US
S1-247497181	Global Polytechnic Limited	C/O-Nawal Kishore Singh, Adarsha Nagar, Pandye Colony, Mahavir Lane, Konnagar, Kolkata, Hooghly, West Bengal	India
S1-713015499	Gross Total Ithax	31-12 79 Street, Jackson Heights, NY	US
S1-563745794	Zigma Valley Limited	Jharsuguda, Anubhav Villa Sarbahal, Jharsuguda, Orissa	India
S1-742134484	Hotel Investment	2Nd Floor, Sohan Palace 455, Mall Road, Ludhiana, Punjab	India
S1-356793479	Fortune Software Private Limited	Khanpur, Milkipur, Kuchera, Faizabad, Lucknow, Uttar Pradesh	India
S1-390561520	Henry, Bonilla and Frazier Financial, Inc	Ashford, NY, 6154 Emerson Road	US
S1-593692398	Creative Investment Private Limited	D-57, Sector-10, Noida, Noida, Gautam Buddha Nagar, Uttar Pradesh	India
S1-510631734	Metro Institute	1321 Highpoint Circle, Grand Prairie, TX	US
S1-881218309	Wahl Elite Dominion	1375 145th Avenue, Unit 6308, Goodyear, AZ	US
S1-829216142	Ram Industries Private Limited	Dlf Phase-Ii, Haryana, Gurgaon, S 36/6 S.F., Gurugram	India
S1-327744338	Dental Express Care, LLC	318 Tyler Avenue, Brookhaven, NY	US
S1-594479894	Caressa Geary Central, Inc	790 29A, Johnstown, NY	US
S1-966827975	Tirupati (Urban) Agency Private Limited	19-7-87/T/1, Gopal Raju, Colony, Revenue Ward 19, Tirupati (Urban), Chittoor, Andhra Pradesh	India
S1-95437790	Tighe Connecticut of Indianapolis	4002 Cherry Blossom Boulevard, Indianapolis, IN	US
S1-784994616	Hicks Grand Globa Inc	7 Frog Hollow, Wilmington, VT	US
S1-40026976	Celaix LLC	4 Kidder Road, Unit 3, Chelmsford, MA	US
S1-178956988	Proffitt, Myers and Adams Concord Inc	2633 Avie Drive, Fl 0, Saint Louis, MO	US
S1-207525366	Saroornagar Producer Private Limited	127/3 Nr Binjusriya Ispat, Co. Vill. Tigapur, Saroornagar, K.V.Rangareddy, Telangana	India
S1-802428784	Kaitlin Patterson Midwest Labs LLC	297 Front Street, Cygnet, OH	US
S1-883707341	I W & M Industries LLC	17276 250th Street, Bagley, MN	US
S1-773098583	Gem India Private Limited	4Th Floor, Mq Splenor Bldng, Upperpally Opp Pillar No-210, Rajendranagar, Rangareddy, Telangana	India
S1-122852413	Lorita Hubbard Diamond Tree Care	36501 271st Street, Bristow, OK	US
S1-909580906	Matrix Global-Vasai	Shop/7, Florence Bldg, Mohak City, Vasai, Thane, Maharashtra	India
S1-203059607	Sanand Agencies Private Limited	A-301, Swati Parkside, Applewood Township, Sanand, Ahmedabad, Gujarat	India
S1-87101629	Carrissa Corns Mozayyx LLC	3733 Isabel Drive, Yuma, AZ	US
S1-9217104	Sl Trading Private Limited	115 Kartik Link Rd Kartik Lind Rd Opp Laxmi Indl Estate, Maharashtra, Mumbai City	India
S1-524484597	Shiva Energy Private Limited	H.No. 1 1446 2.3.4, Sy.No. Tpsno 2, Shalibhadra Compalex, G. Floor 12, Timaliyawad, Nanpura, Nr Kadarsha Nal, Surat City, Surat, Gujarat	India
S1-384745040	Panache Papers Private Limited	Flat No D 806, Plot No 5, Dreams Elina, Sr No 66, Satav Nagar, Pune, Maharashtra	India
S1-917838092	Guy and Puente Inc	403 Keene Manor Circle, Jessamine Co, KY	US
S1-715146045	Cammi Strong, O.D.	201 79th Terrace, Kansas City, MO	US
S1-364072315	Meara Williams Pacific Armour	143 Langtree Shore Drive, Unit 206, Mooresville, NC	US
S1-562151239	Sunrise Tech Private Limited	Vadala Pathardi Road, Maharashtra, Shop No 3, Shramkunja Society, Sainath Nagar, Vinay Nagar, Nashik	India
S1-94458177	Roberts, Shellie, D.C.	12215 Tildenwood Drive, Rockville, MD	US
S1-16728343	Shiv Infrastructure Private Limited	Plt No 18, S. No 8/1A Jai, Hind Colony Ashok Marg, Nashik, Maharashtra	India
S1-262837987	Spencer Peak Lending Group	436 Buckskin Avenue, Bismarck, ND	US
S1-719813136	Liberty Network	2423 Roufa Road, Houston, TX	US
S1-487977687	Shiv Power Private Limited	Wing G/302 Sn.53/5/6, 54/1/12, Rohan Leher Ii, Pune City, Pune, Maharashtra	India
S1-245864225	Abhishek Solutions	C/O. Arava Venkaiah, 32 Kudtipalem Village, Indukurpet, Nellore, Andhra Pradesh	India
S1-164973728	Structure Ventures	5-5-33/14, Siva Nilayam, Prasanth Nagar, Near Huda Truck Park, Kukatpally, Hyderabad, Telangana	India
S1-281845566	White Global Pvt Ltd	Kol, West Bengal, Calcutta, 47 South Tangra Road	India
S1-594893591	Modern Healthcare Private Limited	Flat No. 218, 4Th Floor, Pkt F Sec B-2, Delhi, North West Delhi, Delhi	India
S1-745641812	Blue Fpo (India) Public Limited	Plot No.-12, T/F Blk-C, Pkt-8, Sector-17 Dwarka, New Delhi, South West Delhi, Delhi	India
S1-935834732	Alie Calzadilla Airlines LLC	1700 Ferris Road, Unit REAR, Columbus, OH	US
S1-798166074	First Ampercap Inc	221 Ashland Avenue, Michigan City, IN	US
S1-325547405	Dalman and Rosen LLC	2424 12th Street, TX, Temple	US
S1-988504883	Economic Development Trust LLC	N333 X, Town Of Pine River, WI	US
S1-543292192	Urgent Care Medicine	1251 Highway 61, Maynardville, TN	US
S1-495462299	Ivenyn Limited	27 Marigold Avenue, Buffalo, NY	US
S1-581027307	Good Properties Private Limited	Office No 905 The Spire, Nr Shital Park Chowk 150 Feet Ring Road, Rajkot, Gujarat	India
S1-905277732	Bison Associates	3408 29th Street, Fort Worth, TX	US
S1-94958600	Ma Brothers LLP	14Th Avenue, Uttar Pradesh, Ghaziabad, Gaur City 2, Sector 16, Greater Noida, Chhpyana	India
S1-897582038	Zephance Stores	2021 Cedar Plaza Drive, Muscatine, IA	US
S1-80978859	Engle and Dumke	200 Noble Street, Norristown Borough, PA	US
S1-926572988	Optify Bioscience	869 162nd Street, Town Of Hammond, WI	US
S1-108503158	Tej Group	No.54, Bhagavandhar Nagar, Pudukuppam, Cuddalore, Tamil Nadu	India
S1-96916466	Optimal Environmental Networks Inc	804 Dogwood Drive, Minot, ND	US
S1-661893330	Ridge International LLC	265 Stevens Street, Unit A, Barnstable, MA	US
S1-213411847	A Cure 2 IT	9697 Golden Sun Drive, Oro Valley, AZ	US
S1-133570446	Geiger Brc LLC	100 Galleon Court, Emerald Isle, NC	US
S1-420395463	Loree's Heartland Systems	89 Mansfield Street, New Haven, CT	US
S1-821392051	Maa Tirupati Media Private Limited	Maharashtra, Chsl 100Ft Rd, Thane, Vasai, Flat1 B12 Saraswati Bldg	India
S1-654422109	Advanced Better Energy Corp	407 Poplar Street, Unit A2, Pana, IL	US
S1-729310115	Shiva Charitable Trust	Room No-120, Plot No-41, Near Garib Nawaz Masjid, Malad West, Mumbai, Maharashtra	India
S1-13641940	Mani Rythu Corp	Moin Court # 400, 6-2-46, A.C. Guard, Masab Tank, Hyderabad, Telangana	India
S1-498912830	Elva T. Davis, MD	120 Dollar Drive, Ketchum, ID	US
S1-539531424	Secure Frontier Nevada Inc	200 Spring Garden Street, Unit 1214, Greensboro, NC	US
S1-359849957	Mendoza & Thompson LLC	8 Wellington Court, Wilton, NY	US
S1-824199169	Belanger Montessori School LLC	Seboyeta, 435 WTG-30 Bogie Boulevard, NM	US
S1-522471170	Messenger & Mcfadden LLC	2236 Monterosa Street, Phoenix, AZ	US
S1-728763702	Sequoia P.C.	5451 Hazen Avenue, Kansas City, KS	US
S1-852015450	Midwest Charities	Parkersburg, WV, 1512 Gihon Road	US
S1-390728884	Henry Better Dynamics	41 Rockridge Lane, CT, Stamford	US
S1-539382359	Phillips, Marylin P., Ph.D.	50 Main Street, Hatch, UT	US
S1-277340324	Shipley, Besch and Hossain Inc	412 Kosoak Road, Middle River, MD	US
S1-563819210	Quad & Brothers	Silamvari Paka, U. Kothapalli Mandal, East Godavari, 3-107, Andhra Pradesh, Kothapalli	India
S1-589198044	Dermatology Physicians Associates	127 Joe Pye Ln, Banner Elk, NC	US
S1-232781465	Ujjaika Foods Private Limited	302 Kuruvanthi Apt, 5Th Cross N R Colony B-17, Bangalore North, Bangalore, Karnataka	India
S1-944562140	Indian Foundation Private Limited	G-342 Govindpuram, Ghaziabad, Uttar Pradesh	India
S1-595829718	Vindhyavasini Iron Private Limited	161/1, Mahatma Gandhi Road, R.No. 76, Kolkata, Howrah, West Bengal	India
S1-217978311	Indian Supreme Foods Private Limited	12-10-134, Bharath Nagar, Hyderabad, Telangana	India
S1-548399863	Devyani Chitfunds Pvt Ltd	Flat No. 1901, Bldg. No. 7G, Mist A Wing, Highland Thane, Thane, Maharashtra	India
S1-540302021	Ghk Digitech Private Limited	Gart No 1802, Nr Ranjangaon Ganpati, Shirur, Pune, Maharashtra	India
S1-434377084	Family Prairie Clinic LLC	108 Scantic Road, East Windsor, CT	US
S1-330893510	Yr Consultancy Pvt. Ltd.	A-35/2, Bhagwati Villa, Vishvamitra Marg, Shyam Nagar, Sodala, Jaipur, Rajasthan	India
S1-133782386	Southern Sai Consultants	7-21, Eerlavagu Thanda Vittalapur, K V Reddy, Telangana, Hyderabad, Rangareddy, Telangana	India
S1-331524039	Alpha Management Private Limited	3Rd Floor, No.6, Qurban Ali Street Woods Road, Mount Road, Chennai, Tamil Nadu	India
S1-403300139	Technologies Lokmangal India Company	Sry No-B2/1093, Narayan Nagar, Latur, Maharashtra	India
S1-974225051	Robertson's Certified Hypnosis	208 Saddletree Road, Oxford, NC	US
S1-541011853	Collins Andretti	9 Mirta Circle, Lemont, IL	US
S1-457972126	Sequoia Inc	3670 Riehle Road, Cincinnati, OH	US
S1-269639970	Straight Edge Tavern	MO, 1361 Westbrooke Terrace Drive, Ballwin	US
S1-307692555	Kuiper Biotechnologies LLC	1849 Wildhaven Crest, WA, Bellingham	US
S1-783170579	Barone Restaurant LLC	910 Abigail Street, Petersburg, IN	US
S1-596508299	Vezina Services Inc	23 Root Road, Middlefield, MA	US
S1-76858840	Pediatric Physicians Inc	179 Essex Street, New York, NY	US
S1-212418558	Generous Apparels Private Limited	264, Maharashtra, Shiv Shakti Indl Chs, M V Road, Marol, Mumbai	India
S1-574038342	Innovative Consultants	15 16 Indrapuri Madhubancolony Karvenagar, Pune, Maharashtra	India
S1-374000509	National Learning Center LLC	4954 Hononegah Road, Roscoe, IL	US
S1-798614243	Complete Biomedical Worldwide Inc.	18 Landing Road, Kingston, MA	US
S1-673776215	Om Services Limited	Berakhah, Karithara (H) Chakkamukku Panayikulam, Aluva, Ernakulam, Kerala	India
S1-50090178	HN Modern Good LLC	113 Silver Sands Drive, Sneads Ferry, NC	US
S1-641473945	GMX Outdoor	3140 Cross Creek Court, Montgomery, AL	US
S1-796946770	One Industries Private Limited	12-13-153/B, Street No.3, Tarnaka, Hyderabad, Telangana	India
S1-284748913	Olson, Berty, CPA, M.D., P.C.	3126 Maple Drive, Unit Apt 101, City Of La Crosse, WI	US
S1-501021881	Egner Vision Center LLC	604 Catherine Street, Joliet, IL	US
S1-227049875	Fisher, Colly, L.C.S.W. LLC	111 Founders Lane, Memphis, TN	US
S1-974620421	Global Owl P.C.	6835 Osborn Avenue, Hammond, IN	US
S1-557596882	XJ Dollar LLC	4212 Farm Road 125, Springfield, MO	US
S1-799626720	Bangalore Infrastructure Private Limited	19/C 4&3 Cross Vinayaka Nagar, Bangalore, Karnataka	India
S1-712450634	Ferryn Future	239 Stockner Cemetery Road, Carroll County, VA	US
S1-787074691	Sheridan & Purvis Inc	190 Red Stone Road, Unit G306, Washington City, UT	US
S1-741744917	Eye Associates	12611 Cousins Road, Peosta, IA	US
S1-201378711	Rose Neuberger Inc.	120 Clara Lee Lane, Springtown, TX	US
S1-761492193	Mukti Jewellers Private Limited	11, Floor 3Rd, Shankar Bhuvan, Dr.A R Rangnekar Marg, Mumbai, Mumbai City, Maharashtra	India
S1-703285282	Surya Raj Foundation Private Limited	Ramdev Colony Jalor, Jalor, Rajasthan	India
S1-327041377	Benedict Athena of East Elmhurst	24-45 92 Street, East Elmhurst, NY	US
S1-675353498	Chiropractic Great Specialists	13681 Kitty Hawk Way, Unit UNIT 402, Prince William County, VA	US
S1-563629280	Kozhikode Fintech Pvt Ltd	Room No. 30/1179A1 Thamburan Arcade Madamangalath Medical College Po, Kozhikode, Kerala	India
S1-326072479	Big Cafe	AR, 11371 Highway 128, Malvern	US
S1-226557043	Express Infrastructure Associates	2640 Reeves Avenue, Unit APT 29, Lorain, OH	US
S1-764368481	Shree Producer	Flat-E-304, Khush Height, Plot H- 3200, Ankleshwar, Vadodara, Gujarat	India
S1-395088926	Ram Technologies Private Limited	Commerce House R No 7A 7Th Fl2 G C Avenue, Kolkata, Calcutta, West Bengal	India
S1-886617692	Bright Genomic Systems LLC	CT, 35 -5C Woodsedge Drive, Newington	US
S1-584609578	Services Uprising Solutions Private Limited	R-546, 1St Floor, Front Side, Sudan Sadan, New Rajendra Nagar, Central Delhi, Delhi	India
S1-794271574	Panchamrit Fast Limited	Industrial Plot No. D-188, Phase 8B, Sector 74 Indus. Focal Point S.A.S Nagar, Mohali, Punjab	India
S1-812984225	Surat City Insurance Private Limited	286, 2Nd Floor, Ghanshyam Nagar-1, L H Road, Varachha, Surat City, Surat, Gujarat	India
S1-34931546	Star Yield	1601 220, Pleasant Grove, UT	US
S1-13419081	Strategic Realty Associates	18211 189th Street, Woodinville, WA	US
S1-771102878	Willingdon Hydro Private Limited	Khasra 367, Second Floor, 100 Feet Road, Village Ghitorni, New Delhi, South West Delhi, Delhi	India
S1-377553265	High It	2/1226, K A S Building, Walajabad Road, Sunguvarchatram, Kancheepuram, Tamil Nadu	India
S1-325634051	Corner Seafood Corp	8500 Red Canyon Way, Raleigh, NC	US
S1-656799767	Modern Ngl LLC	312 Dylan Road, Village Of Wales, WI	US
S1-661679540	Smith Elite Yield LLC	4505 Hardy Drive, Unit 2142, Tempe, AZ	US
S1-923159340	North Digital Care Private Limited	Gat No 205, Kasurdi Kheba, Kasurdi Saswad Link Road, Bhor, Pune, Maharashtra	India
S1-25737921	ROM Canada	1508 Tunlaw Road, Baltimore, MD	US
S1-503172691	OEL Farmer Pvt Ltd	New Delhi, Delhi, South Delhi, E-4 Defence Colony	India
S1-314124505	Atlantic Staffing, LLC	Sacramento, 265 Hartnell Place, CA	US
S1-892667129	Anilora India LLP	C/O- Milan Singh, Sreenagar Main Road Garia, Kolkata, Kolkata, Howrah, West Bengal	India
S1-961699280	Sophia T. Blackwell, D.O.	1024 Anduin Falls Drive, Charlotte, NC	US
S1-7426481	Tri-State League	3105 Forge Road, Rockbridge County, VA	US
S1-910212800	Pyramid Traders Limited	Nagpur, S.K.Tower Nelson Square, Chhindwara Road, Nagpur, 2Nd Floor, Maharashtra	India
S1-275166791	Vision Care Associates Inc.	829 Lathrop Avenue, River Forest, IL	US
S1-234962822	Kozhikode Dream Private Limited	Building No 12/106, Prasanthi, Katameri (Po), Kozhikode, Kerala	India
S1-520031039	Chauhan Developers Ltd	Office No.304, Space Star Appt, Near Mico Circle, Nashik (Mcorp.), Nashik, Maharashtra	India
S1-662564868	Management Ashadeep Global Pvt. Ltd.	D-1/9, Vijay Enclave, Vijay Paradise Chs Ltd., Gokhivare, Vasai (E), Vasai, Thane, Maharashtra	India
S1-319966296	Silver Hospitality Pvt Ltd	C/O Neethu Chandra, Chaithrapournami, Neyyattinkara, Thiruvananthapuram, Trivandrum, Kerala	India
S1-455408222	Antriksh Traders Private Limited	B. D.D. Bldg No. 9, Rm No. 16, Ground Floor, Near Jambori Maidan, Dr. G.M. Bhosale Mar, G, Worli, Mumbai, Mumbai City, Maharashtra	India
S1-408272782	Lopez Interests, LLC	Chisholm, 218 6th Street, MN	US
S1-222846048	NQ Architecture LLC	MA, Unit 2, Boston, 140 Beaver Street	US
S1-473180548	Schneider Investments, LLC	6837 Merrilee Lane, Dallas, TX	US
S1-215499492	Bowling, Kevyn W., DPM	350 Hillside Drive, Hardinsburg, KY	US
S1-51255767	Nandyal Win Private Limited	D.No.5-158 B, Ayyalur Village And Gramapanchayati, Nandyal, Kurnool, Andhra Pradesh	India
S1-620245382	Family Rapid Health LLC	407 Chestnut Street, Silver Lake, KS	US
S1-839648667	Mani Information Private Limited	X/2666 Street No 6 Raghuvar Pura No 2 Gandhi Nagar, Delhi, East Delhi, Delhi	India
S1-558526247	Sanchi (India) Expressway Private Limited	No.8/6, New Bambo Bazar Road, Shivajinagar, H.K.P Road, Bangalore North, Bangalore, Karnataka	India
S1-731024428	Knoxville Best Optics Inc	5531 Pinecrest Road, Knoxville, TN	US
S1-501971385	Uptown Hair Studio!	5950 Plantation Drive, Baytown, TX	US
S1-325446957	Nagika Softwares Limited	H. No.-272/1, Block-A, Mahipalpur Extn., New Delhi, South West Delhi, Delhi	India
S1-329660148	Maruti Enterprises	I/40, Padisseril (H) Ooramana P O, Ooramana, Ernakulam, Kerala	India
S1-106509381	Ardelle D. Mello, DO	27950 282nd Road, Dexter, KS	US
S1-640243103	Northern Animal Hospital P.C.	6115 Harbourside Drive, New Bern, NC	US
S1-211180783	Cooperative Marketing Partners LLC	759 Poor Valley Road, Rogersville, TN	US
S1-746671385	Lotus Technologies Private Limited	18/549, Fahim Complex, Puthur Road, Koppam, Palakkad, Kerala	India
S1-815594587	Sunrise It Private Limited	S No 148 150 151 Pl No 16 Shop No 4 Aundh Sangavingr, Pune, Maharashtra	India
S1-996141901	Shree Construction Pvt Ltd	Plot No.39, Zone-1 M.P Nagar, Bhopal, Madhya Pradesh	India
S1-35563348	International Projects Private Limited	Plot No.19, Telangana, 8-3-677/15, Srikrishnadevarayanagar Srinagar Colony, Hyderabad, Colony, Hyderabad	India
S1-173530325	Apex Super Products Private Limited	H.No-15, Kh. No-121, Gali No.-12 And 14 Block-A, Opp. Mata Mandir, Wazirabad, Delhi, North Delhi, Delhi	India
S1-988632000	Quantari Spring Corp	1513 University Circle, Sapulpa, OK	US
S1-437663850	E/P Community LLC	61465 White Peaks Court, Bend, OR	US
S1-675050859	Southern Food Private Limited	34 Shyam Trade Center, Opp. Ambuja Cement Godown, Daskroi, Ahmedabad, Gujarat	India
S1-500741353	Apj & Co Corp	39/A, Sir Hariram Goenka Street, Kolkata, Kolkata, Howrah, West Bengal	India
S1-835645525	Wilson Rare, Inc	1350 Shallow Ford Road, Fairfax County, VA	US
S1-170053209	Opp Kulkarni Power Tools Limited Tal - Shirol Management LLP	Gat No 436/C/2/3, Opp Kulkarni Power Tools Limited Tal - Shirol, Kolhapur, Maharashtra	India
S1-412636540	United Midcap	5801 Liberty Road, Houston, TX	US
S1-889837230	Viseva	204 Bentley Trail, Woodfin, NC	US
S1-706758313	Gujarat Potential Pvt Ltd	T.C 6/686(6) (Apra-3) Ptp-Arapura Road, Vattiyoorkavu, Thiruvananthapuram, Trivandrum, Kerala	India
S1-171764948	Moore Signs Inc	3711 Jump Off Road, Sewanee, TN	US
S1-308926441	School Infrastructure	No.1153/514/70 & 71, Sri Guru Complex, Dasarahalli Village Road, Bhuvaneshwari Nagar, Hebba, L, Bangalore, Karnataka	India
S1-8710235	Guevara and Turner Inc	2511 9th Street, Galena Park, TX	US
S1-945893221	Indian Producer Private Limited	Flat No 404, 4Th Floor, Atz Estella, Halasahalli, Bangalore South, Bangalore, Karnataka	India
S1-77370542	Royal Wellness Laboratories	Perry Hall, 9909 Richlyn Drive, MD	US
S1-691445425	Gold Media Private Limited	810/812 Rupa Infotech B L No A-1 Sector-1 Mbp, Mahape, Navi Mumbai, Thane, Maharashtra	India
S1-404226549	Indian Products Private Limited	Gur Bachan Singh Khalsa, School Aiganj Sipri Bazar, Jhansi, Uttar Pradesh	India
S1-454981034	Finance Sarla Mills Co	Flat No.1602, Michelangelo, C Wing Lodha Luxuria Priva, Majiwada, Thane (W), Thane, Maharashtra	India
S1-82495876	Real Housing Private Limited	Ananda Shetty Circle, Nandigudda Road, Opp. Smart Bazaar Building, Attavara, Mangalore, Dakshina Kannada, Karnataka	India
S1-344035082	Winer & Carrion Ventures	5549 550, Sharpsville, IN	US
S1-7222546	Animal Welfare Alliance	MD, Sparks Glencoe, 15115 Wheeler Lane	US
S1-953290100	United Program	315 Harvest Drive, Albemarle County, VA	US
S1-746137932	Garcia Holding Inc	7113 Birch Bark Drive, Fairview, TN	US
S1-328936054	Nieman Investments LLC	1223 11th Street, City Of Manitowoc, WI	US
S1-877042064	Internal Medicine Total Center, Inc	3228 Woodstream Lane, Ellicott City, MD	US
S1-367594936	Lechner, Dixon & Miller Boral	4651 Baker Woods Lane, Decatur, IL	US
S1-12561846	Valley Committee V	14820 Oakwood Lane, Balch Springs, TX	US
S1-616932183	Indo Construction Private Limited	56/4, 2Nd Main, A V K Road, P J Badavane, Jayadeva Circle, Davangere, Davanagere, Karnataka	India
S1-697146449	Bright Developers Private Limited	P No. 56 G/F Pkt-7, Sec-23 B Dwarka, New Delhi, South West Delhi, Delhi	India
S1-157929685	Mahar's Complete Systems	605 Clover Street, Fremont, OH	US
S1-115221768	Children's Guild	Bayville, NY, 4 15th Street	US
S1-413342938	Happyshop Trading Corporation	Sh 01 Indraprasth Shopping Centre, Mumbai, Wing B, 2Nd Floor, Sv Road, Borivali West, Maharashtra, Borivali West	India
S1-301764637	Health Institute	1145 Coyote Drive, Junction City, KS	US
S1-322273756	Sun Power Limited	26 A, Old Police Station, Namakkal, Tamil Nadu	India
S1-276859171	Sree Infrastructure Private Limited	Godown No 1 Sn 37/1 4/1/1, Ground Floor, Pisoli, Pune City, Pune, Maharashtra	India
S1-729741197	Sai & Sons Pvt Ltd	128/6K, Harijan Basti East Sagarpur, Delhi, New Delhi, Delhi	India
S1-567541348	Arihant Consultants Private Limited	Wazidpur Tiraha Opp. Modern Shop, Jaunpur, Uttar Pradesh	India
S1-220571818	Thao & Clark	401 Garland Drive, Lake Jackson, TX, Unit 1C	US
S1-900472736	Lantern	164 Newland Street, Malden, MA	US
S1-858532955	Shanthi Fashion	23, Atlanta Building, Jamnalal Bajaj Marg, Nariman Point, Mumbai, Mumbai City, Maharashtra	India
S1-397265859	Corner Hair Studio	2 Lake Street, Northlake, IL	US
S1-268872128	Nmt Polytechnic Limited	D No 5-143, Bommanapally, Chigurumamidi, Saidapur, Karim Nagar, Telangana	India
S1-115471350	Vishesh Clothing LLP	Flat No. 2404, A-Wing, Transcon Triumph Tower - 1, Veera Desai Road, Andheri West, Mumbai, Mumbai, Maharashtra	India
S1-27186029	Board of Finance	10644 Lynell Street, Baton Rouge City, LA	US
S1-292925034	Classic Capital	123 Phelps Court, Carthage, TN	US
S1-542613161	Linio Partners Inc	48 Dune Road, Quogue, NY	US
S1-526496317	Patriot Mustang Inc	8595 71st Avenue, Unit 20, Glendale, AZ	US
S1-554050436	Office of Labor	253 Main Street, Oakland City, IN	US
S1-500500278	Geometric Services Private Limited	404 Saptarishi Anand Nagar Building No. 2 Manpada Road Gaondevi Dombivali East, Thane, Maharashtra	India
S1-608603500	Rooptech City Partners	G-8, Vardhman Janak Market, S.S. Mota Singh Marg A-2B, Janak Puri, New Delhi, Delhi	India
S1-227528541	Back Alley Bike Shop	4 Gooseberry Court, Pana, IL	US
S1-655866545	Shivam Care Pvt Ltd	Flat201, Blockab11, Pocharam, Secunderabad, Hyderabad, Telangana	India
S1-432583781	Unifour Foods (India) Private Limited	18/431/B, Rajeela Manzil Eramathoor P.O, Alappuzha, Kerala	India
S1-782661240	Rastogi Ecoventures of Kolkata	18, Dr. Lalmohan Bhattacharjee Road Entally, Kolkata, Howrah, West Bengal	India
S1-689099068	Anandsagar New Private Limited	B-38, Lower Ground Floor Sector - 92, Noida, Gautam Buddha Nagar, Uttar Pradesh	India
S1-759469579	11/86 Management Group	1068 Lyne Johnson Road, Olmstead, KY	US
S1-219859854	National Diamond Citizens, LLC	213 Aster Street, Winchester, OR	US
S1-957882562	Maid Barbershop! P.C.	MA, 1 Ridge Road, North Attleborough	US
S1-711557749	Auto Agro Ltd	Shyam Nagar, Bhagvati Nivas Near Keshraj School, Latur, Maharashtra	India
S1-245234128	EC Carriers Private Limited	No 28, Rs No 199B, 3 Siddaveer Nagar, Hubli, Dharwad, Dharwar, Karnataka	India
S1-602282766	Itarsi Retail Private Limited	Shop No. 26 Gandhi Mini Stadium, Itarsi, Hoshangabad, Madhya Pradesh	India
S1-885019127	Professional Buildestate Limited	Bangalore, Bg North, Karnataka, No. 106, Channahalli, North Bangalore	India
S1-475345195	Dynamic Supreme Fashion Inc	1956 Long Meadow Drive, Charleston, WV	US
S1-334878813	HDX Washing Limited	Kothi No. 103-A, Near Khadi Bhandar, Mall Road, Ambala Ca, Ntt, Ambala, Haryana	India
S1-800000588	Business Digital Collective	186 Sunup Trail, Riverhead, NY	US
S1-24054990	Sio Mission L.L.C.	8815 13th Street, Unit STE 150, Wichita, KS	US
S1-941433236	T 3 Bright Bain Co	OR, 16525 Mcdonald Road, Nehalem	US
S1-406345381	Pediatric Dental Valley Specialists Inc	18 Starboard Lane, Patchogue, NY	US
S1-524192950	Solay Blockchain LLC	821 Prince Street, Missoula, MT	US
S1-354850581	International Nutrition Innovations LLC	817 Park Vista Circle, Southlake, TX	US
S1-567346896	Halcova Peoples	156 Dogwood Drive, Lafollette, TN	US
S1-488703300	Npp Herald Associates	C-412, Sector -10 Noida Distt, Gautam Budh Nagar, Gautam Buddha Nagar, Uttar Pradesh	India
S1-543646952	Saibaba Promoters Private Limited	56, Village Thana, Kurukshetra, Haryana	India
S1-118528045	Services Ms Traders LLP	116-117, 1St Floor City Mall Opp. Rajput Sabha Bhawan, Bhagwan Das Ro, Ad, Jaipur, Rajasthan	India
S1-725892424	Epsilon Friends Private Limited	Shopping Arcade, Hotel Howard Plaza Jagjeevan Ram Chauraha Fatehabad Road, Agra, Uttar Pradesh	India
S1-106362368	Panther Industries Private Limited	5, Ramakrishnan Street, Porur, Sriperumbudur, Kanchipuram, Tamil Nadu	India
S1-287760985	Jakson & Brothers Limited	M-002, Chandresh Niketan Chs Lodha Heaven Nilje Dombivli East, Thane, Maharashtra	India
S1-705830679	North Towing	48 Shackelford Road, St Albans Twp, OH	US
S1-630016872	Avina Choice Aurora	976 Thomas Fox Drive, North Tonawanda, NY	US
S1-326245058	Grand Trading Worldwide, Inc	Norman, OK, Fl 1, 1812 Alameda Street	US
S1-995470826	4033 Church Drive Holdings P.C.	801 Pencil Factory Road, Big Sandy, TN	US
S1-351456514	Sa Designs Private Limited	Flat No 202, Block - B, Aman Sks Complex, Main Khagaul Road, Infront Of St. Karen'S School, Dinapur-Cum-Khagaul, Patna, Bihar	India
S1-236496068	Lopez Integrated Global Inc.	2450 Mullinix Mill Road, Mount Airy, MD	US
S1-232968032	Bagalkot Tex	Plot No-11 D, Sector No-1, Navanagar, Bagalkot, Karnataka	India
S1-835652654	Smith Art LLC	25451 Buck Lake Road, Town Of Sand Lake, WI	US
S1-620419495	Taum, LP	14 High Street, West Carthage, NY	US
S1-912692140	Vanguard Quality Trinity, LLC	820 Lincoln Way, Galt, CA	US
S1-819425301	My Enterprises Private Limited	18, Manmatha Nath Ganguly Rd, Kolkata, Howrah, West Bengal	India
S1-555152592	Red Infotech Pvt Ltd	Gurgaon, Haryana, Gurgaon, House No. 131 Chakkarpur	India
S1-824708324	Total Gas Inc.	Crane, 119 Garfield Avenue, MT	US
S1-842899589	Surgical Clinic Inc.	502 H Street, Quincy, WA	US
S1-22607493	Dean Markets Inc.	17 6th Street, Estherville, IA	US
S1-296324949	Sree Construction Private Limited	18-19-20, Floor 4Th, Plot 195, Saheb Building, Jivaji Lane, Bora Bazar, Mumbai, Maharashtra	India
S1-118810790	Eastern Infotech Ltd	M-71 M.P. Enclave, Ghaziabad, Uttar Pradesh	India
S1-909142409	Caton and Nevins	1020 Montrose Drive, Gallatin, TN	US
S1-665257531	Melinvue Dynamic Solution	4834 Southern Avenue, Indianapolis, IN	US
S1-353634590	Womens Health Group of Somis	3454 West Street, Somis, CA	US
S1-169355569	Human Rights Federation Co	9121 Rally Hill Road, Everton, AR	US
S1-942103589	Autism Assistance Creative Committee	Unit 404, 1378 Hillcrest Drive, Thousand Oaks, CA	US
S1-994194964	Metro Ares LLC	204 -110 Sandbridge Road, Virginia Beach City, VA	US
S1-1513128	Tucson Bright	5830 Otono, Tucson, AZ	US
S1-748397266	Sudershan Grain LLP	Jaipur, Paota Teh Paota Kotputli Behror, Jaipur, Rajasthan, Khatiyon Ka Mohalla Ward No. 14	India
S1-885613758	Black Finance Private Limited	Tower B, Unitech, Business Zone, Sector 50, Gurgaon, Haryana, Gurgaon, 206	India
S1-600079652	Guastella Coastal Saratoga	693 Crescent Drive, Woodhull, NY	US
S1-138977437	Benita Phelps Ishares, LLC	2922 Runaway Bay Place, Fl 1, Chandler, AZ	US
S1-148227840	Bangalore Infoway Private Limited	Sai Balaji Enclave, No-Tf-403 P.No.1 Site No.24, K.No.372, Krp, Bangalore, Karnataka	India
S1-600876573	Sterling Medical Solutions LLC	21730 Cove Point Farm Road, Tilghman, MD	US
S1-874469872	Pinnacle Choice PLLC	512 Edgewood Circle, Whiteville, NC	US
S1-808539278	Plumbers Union Local No 915	435 Oakhill Street, Henderson, NC	US
S1-90819598	Delta Prime Associated	614 50th Street, Omaha, NE	US
S1-779877167	Morgan, Tupper and Johnston LLC	13 Delavan Avenue, Binghamton, NY	US
S1-993681177	Primary Care Clinic	205 Moran Street, Joliet, IL	US
S1-148426166	Mumbai Warehousing Private Limited	101, Steel Chamber, 1St Floor, Devji Ratansey Marg Carnac Bunder, Mumbai, Mumbai City, Maharashtra	India
S1-952334203	Innovative Marketing Limited	A-68, Sector-14, Noida, Uttar Pradesh	India
S1-653944048	Alessandra's Platinum Maintenance	9127 San Fernando Way, Dallas, TX	US
S1-111522275	Rupal Life Corporation	Kolkata, West Bengal, Basant Lal Saha Road Behala, Howrah, 5/7	India
S1-563672889	Classic North Infrastructure	P.No.3070 Sadguru Wadivasant Nagpur, Urban Nagpur, Nagpur, Maharashtra	India
S1-418962720	Collete R. Jaffe, DO	731 Millikin Street, Hamilton, OH	US
S1-625790497	Systems Janaki Jewellers Private Limited	21, Harikripa S V Road, Opp Minawala Jewellers, Santac, Ruz West, Mumbai, Mumbai City, Maharashtra	India
S1-325314964	Ph Products Private Limited	No. 14 And 15, 2Nd Floor, 4Th Cross, Lake Road, Kengunte Cross, Mallathalli, Bangalore South, Bangalore, Karnataka	India
S1-982605824	Winstead & Moreno Biopharmaceuticals LLC	1134 Cavaletti Circle, Gallatin, TN	US
S1-694760190	Fee, Garcia and Varnell Central LLC	1523 Hanford Road, Mecklenburg County, VA	US
S1-524341101	Straight Edge Pilates! Inc	VA, Virginia Beach City, 6756 Chartwell Drive	US
S1-253121843	Krishna Infrastructure	South City Main Office, South City Main Road, Ludhiana (West), Ludhiana, Punjab	India
S1-98527856	Manz Presidio Inc	1326 County Road 1400, Chickasha, OK	US
S1-225533819	American Animal Hospital Inc	206 Brickfelder Lane, Unit D11, Dayton, WA	US
S1-637227575	Conners Health Center Inc	1907 45th Circle, Fort Smith, AR	US
S1-833767754	Data Agricultural Partners LLC	2032 Cedarbrook Avenue, Springfield, MO	US
S1-126164793	Roberts Learning Center LP	1902 B Carolina Street, Unit B, Amarillo, TX	US
S1-133959592	Transdeep Welfare Society	304, Parvati Apartments Gaushala Lane Malad (East), Mumbai, Maharashtra	India
S1-176169428	Department of Labor Corp	6220 Richfield Lane, Charlotte, NC	US
S1-824401433	Cama Traders LLP	Site No.41 & 42, Kothari Layout, Sowripalayam, Trichy Road, Coimbatore South, Coimbatore, Tamil Nadu	India
S1-502732960	Data Biomedical Solutions LLC	NY, Lindenhurst, 528 Pecan Street	US
S1-956605314	Nenosoft	2330 Sunset Boulevard, Lorain, OH	US
S1-626832490	Sira Furnishers (India) Private Limited	The Planet, 3Rd Floor, Shop No.T 38 &T39 Opp. North City, Beside Yellow Chilli, S, Evoke Road, Siliguri, Jalpaiguri, West Bengal	India
S1-515260719	Anchor Crumrine Inc	22 West Street, Bristol, VT	US
S1-849095868	Bangalore Consulting	D.No.1-7-4 To 10/B/7, Surya Towers, 2F, 2Nd Floor, Opp.Gymkhana Ground, S P Road, Secundera, Bad, Hyderabad, Telangana	India
S1-105795845	Rudraa & Sons Private Limited	Hno-4, N-12 Sidharth Nagar, Cidco, Aurangabad, Maharashtra	India
S1-615388096	Luz's Produce	18 Indian Hill Road, Wilton, CT	US
S1-376391153	Heritage Coalition	6826 Tanglewood Drive, Youngstown, OH	US
S1-41669896	Select Infrastructure Corporation	1310 Clifton Street, Bldg Bldg D, Conway, AR	US
S1-657328875	Ear Nose & Throat Specialists Corp	1720 Ashbury Drive, Roanoke County, VA	US
S1-551687251	Bhagyodaya Maintenance Limited	Lans View Building6Th Floor Veera Desai Road Extn Andheri (West), Mumbai, Maharashtra	India
S1-647407467	Anchor Data	Pikeville, 107 Marl Place, NC	US
S1-481101130	Sangita Engineering Pvt Ltd	Flat No 504, Jwc, Door No 2-50/Jwc/N-504, Seri Lingampally, K.V.Rangareddy, Telangana	India
S1-263217317	Coastal League	8438 Cardinal Lane, WI, Town Of Argonne	US
S1-816124711	Red Coffee	34 Main Street, Unit 2, Charlton, MA	US
S1-699693410	Ironworkers Local Union 287	376 Tower Road, San Antonio, TX	US
S1-575706096	Rodriguez Wireless LLC	134 Ellsworth Place, South Bend, IN	US
S1-534655734	Bombay Care Limited	H.No. 592 A/P-Nira Tal-Purandar, Nira, Pune, Maharashtra	India
S1-30828216	Ons Processing Private Limited	H No. A-25, Aditi Cghs, Saraswati Kung Apartment, Vinod Nagar, Shahdara, Delhi	India
S1-620626249	Grey Academy	Nashik, Shopno.1, Maharashtra, Partmazenin, Floor1Parta, Rushirajheightsappt, Mahatma, Nagar, Nashik	India
S1-214484592	GI Innovative Clough Inc.	9800 91st Avenue, Unit 110, Peoria, AZ	US
S1-905439747	Services Samsung Organo	Flat No-101, Tejovalay, Cts No-1187/19 Ghole Road, Shivaji Nagar, Pune, Maharashtra	India
S1-180815169	1070 Main St Company	Saint Louis, MO, 2834 Endicott Avenue	US
S1-881309625	Swastik It Private Limited	2-51/A, Shamirpet Village, Shamirpet Mandal, Medchal Malkajgiri District, Shamirpet, K.V.Rangareddy, Telangana	India
S1-328536879	Freedom Bricks (India) Private Limited	B402 Shubh Nil Shivam Chs, Sector-11, Kamothe, Raigad, Maharashtra	India
S1-816060561	Peak, Kerr and Kelsey Specialty LLC	1102 1st Street, Breese, IL	US
S1-997473646	Better Textile Holdings	13047 Echo Landing Drive, Houston, TX	US
S1-451649719	Tobe Nowakowski Beyond, Inc	8 Beer Shava Street, Unit Unit 303, Kiryas Joel, NY	US
S1-640768528	Allied Management Inc	15002 Hunter Mountain Lane, Silver Spring, MD	US
S1-539077121	East Pioneer Consultants Private Limited	Sco-60, Sector-23A, Sadar Bazar, Gurgaon, Haryana	India
S1-68782389	Missie C. Johnson, Ph.D.	3042 Duke Circle, Vacaville, CA	US
S1-383452443	Solutions Paramount Equipment Corp	Door No : 28 / 774-5, Third Floor Sivasakthi Building, Opp: Nehru Park, Ro, Und North, Thrissur, Kerala	India
S1-830562506	West Empire Harbors LLC	10992 Green Mill Road, Fredericksburg, IN	US
S1-335467078	Hotel Fortune Investment Pvt Ltd	Chennai 600 007., Vepery., Tamil Nadu, Mahaveercolony, Evksampathroad, Sugankunj29	India
S1-964560017	Mountain Initiative	1090 Old Vfw Road, Pinnacle, NC	US
S1-434692960	Wel Fab Private Limited	210, Aamarpali Appartments 56 I P Extn Patpar Ganj, Delhi	India
S1-841680530	Flowers For Corp	920 Highgrove Drive, Chapel Hill, NC	US
S1-327135615	A Creative Ftai	13528 400th Street, Brocton, IL	US
S1-355957686	Cox, Bouche and Nevarez LLC	MA, Sutton, 35 Purgatory Road	US
S1-117272884	Reum Better Graf LLC	3102 Ridge Crest Drive, Bloomington, IL	US
S1-273837110	BBQ Hotels Private Limited	428, Satbari Gawshala Road Near Tivoli Deffodis Hotel, New Delhi, Delhi	India
S1-93255529	Jenkins Nasdaq LLC	32 Winterberry Way, Bedford, MA	US
S1-126947501	Thane Labs Ltd	208, Balakrishna Lila Correct B-Wing, Talao Road, Bhayander East, Maharashtra, Thane	India
S1-362196933	Innovative Marine Technologies Inc.	7802 Autumn Blaze Trail, Village Of Deforest, WI	US
S1-181286535	Crestline	7360 Winthrop Way, Unit 3, Downers Grove, IL	US
S1-187953122	Shyam Consultants Private Limited	Varanasi, Uttar Pradesh, Chandpur Industrial Estate Varanasi	India
S1-268468322	Brashears College Group	269 Red Fox Road, Stamford, CT	US
S1-205966635	Atlantic Academy LLC	Greeneville, TN, 395 Fairmeadow Lane	US
S1-761659901	Filippa Brown Cargo LLC	301 Wheatland Avenue, Harlowton, MT	US
S1-450889110	Steinhoff & Goetzinger Bain	8739 Olcott Avenue, Niles, IL	US
S1-981133107	Wanids Chu Advantage LLC	105 Pershing Drive, Scotia, NY	US
S1-389365492	Gilcrease Urban of Fayetteville	64 Village Lake Drive, Unit Apt 4, Fayetteville, AR	US
S1-544446121	Behavioral Health Medicine	6233 Sandy Ridge Curve, Montgomery, AL	US
S1-893906980	Shakti Properties	Sauparnika - S1 Cn Palya, 2Nd Stage, Nagasandra, Bangalore, Karnataka	India
S1-203060484	Urmila International School Ltd	T - 2, Flat No 405, The Highland, Forest Trails, Bhugaon, Pune, Maharashtra	India
S1-167948432	Family Center Corp	7610 Ingrid Drive, Manor, TX	US
S1-239344069	Lower American Grupo	1127 Gila Drive, Hobbs, NM	US
S1-7713920	Youth Center	AL, Southside, 1860 Dianne Avenue	US
S1-205928544	Prodigy (India) Education Private Limited	C/O Madan Lal Vijh, Hanuman Bag Rajpura, Bhadohi, Sant Ravi Das Nagar, Uttar Pradesh	India
S1-107553967	Premier Technologies Co	Ms Mali Saha C/O- Debashis Saha High School Para, Ward No-11, Gangarampur, Dakshin Dinajpur, West Bengal	India
S1-738569760	Lucky Seafood Inc	7373 Sherman Church Avenue, Unit 321, East Sparta, OH	US
S1-511496936	Summit Real Inc	897 Ponderosa Drive, TN, Soddy-daisy	US
S1-980120757	Roxie Wright Therapeutics Inc	418 Garden Avenue, Los Lunas, NM	US
S1-905233971	Z N Smith Limited Inc	2987 Babbling Brook Way, Burlington, KY	US
S1-67233554	Dental Creative Health LLC	3997 1836, Kaufman, TX	US
S1-33389796	Pacific Marketing Digital, Inc	125 4th Street, Unit UNIT 1, Ontario, CA	US
S1-77746613	Architectural Trading Private Limited	Rahejascorner Of Main Avenue & V P Rd Santacruz(W), Mumbai, Maharashtra	India
S1-384818431	Layla Collins Resorts Inc	9408 Getty Drive, AZ, Phoenix	US
S1-553399282	Feijoo, Hazen and Serrano Inc	8157 Lowell Valley Drive, Bahama, NC	US
S1-874951354	Better Research Group	26 County Road 100, Chimayo, NM	US
S1-901982494	Naex Innovative Kensington Clinic	6203 Holly Spring Road, TX, Princeton	US
S1-557250844	Favorite Montessori School	240 Nickens Street, Hot Springs National Park, AR	US
S1-358700759	Twisted Bistro	195 Jackson-burge Road, Mount Pleasant, TX	US
S1-145768302	Back Alley Cafe	30525 Pecan Drive, Princess Anne, MD	US
S1-554837293	Blake, Lancaster & Friedman	22759 530th Street, Chariton, IA	US
S1-547557261	Ernakulam Advisory Private Limited	No. 31 Marvel Mansions Kathrikadavu, Ernakulam, Kerala	India
S1-268276105	Dibenedetto and Newton LLC	4132 Fountainside Lane, Unit STE 204, Fairfax County, VA	US
S1-7681588	Adams Plantations Private Limited	13 Tulsi Twin Bunglowsjodhpur Village Road Off Satellite Road, Ahmedabad, Gujarat	India
S1-907694062	Shivam Aircon LLP	B/703, Pratishtha Heights, Swaminarayan Dham Road, Gandhinagar, Gandhi Nagar, Gujarat	India
S1-874330329	Pankaj Trading Pvt Ltd	A2-703, Miller, Bhagwati Maestroes, S.No.22/1/2 Part, Pashan-Nda Road, Bavdhan (Khurd), Pune, Maharashtra	India
S1-724703736	Montelle Sunrise LLC	295 Lee Street, Lewisburg, WV	US
S1-154147183	Masoft Inc.	105 Waynes Way, Unit Unit 202, Cobleskill, NY	US
S1-38997318	Housing Project	706 Pin Oak Drive, Searcy, AR	US
S1-365580092	1165 Lincoln Way Associates	124 Carter Grove Court, Cary, NC	US
S1-183948	Rosenberg's Medical	1070 Florence Road, Unit 107, Savannah, TN	US
S1-496252194	Metropolitan College	3204 Lucile Street, WA, Seattle	US
S1-909925765	Royal Properties Limited	Tp Ix-223 Sobhana Bhavan Dalavapuram Neendakara, Kollam, Kerala	India
S1-898791058	CS Healthcare Private Limited	607-608, B Wing, Everest Chambers, Marol Naka, Andheri Kurla Road, Andheri (East), Mumb, Ai, Mumbai, Mumbai City, Maharashtra	India
S1-645732737	Ang Total Australia	1 Cider Mill Lane, Natick, MA	US
S1-791846475	X & N Pan	815 Crassula Way, Fl 1, Alcoa, TN	US
S1-851359159	Vrinda Industrial Limited	Hig 28 1St Floor Indra Nagar, Kanpur, Uttar Pradesh	India
S1-756286312	Mitchell Optimal Principal Corp	7555 Addler Street, Holland, OH	US
S1-640446643	Premier Logistics Private Limited	9/5 Iii Cross Street, Karpagam Garden Adyar, Chennai, Tamil Nadu	India
S1-808032311	Smart Infotech Private Limited	30/1672, Fc House Narayanasan Road, Ponnurunni East, Ernakulam, Kerala	India
S1-551230653	Pediatric Dentistry Optimal Group	94-21 134 Street, South Richmond Hill, NY	US
S1-839699821	Modern Healthcare Private Limited	M.No 589 5Th Floor, Sailok Complex, 6/1, Arundelp, Et, Guntur, Andhra Pradesh	India
S1-775070557	Eastern Ventures Private Limited	133, Maharshi Debendra Road, Kolkata, Howrah, West Bengal	India
S1-234430131	Mcguire Cambridge Inc	3005 Coventry Boulevard, Canton, OH	US
S1-815940846	Northern Crypto Inc	18032 31st Terrace Drive, Independence, MO	US
S1-2721770	Sunrise Estate Limited	Ekkattuthangal, Chennai, No.5/5 F1 Balaji Nagar, Tamil Nadu	India
S1-924446329	First Ministries	58 Indian Head Road, Naples, ME	US
S1-8851021	Raj Solutions Limited	B 084, New Town Heights, Sector 86, Gurugram, Gurgaon, Haryana	India
S1-874958435	Graham Premier Cyber	1776 Arrowhead Drive, Bullhead City, AZ	US
S1-235042749	Cotton Complex15 Residency Road Bangalore Singh Limited	No.5, Cotton Complex15 Residency Road Bangalore, Karnataka	India
S1-27756730	Dermatology Colonial Center LLC	11629 Lorain Avenue, Cleveland, OH	US
S1-966597546	Primary Care Liberty Partners Inc	168 College Avenue, Rio Grande, OH	US
S1-984591654	Combs and Clemmons LLC	3041 Jared Ellis Drive, Cincinnati, OH	US
S1-457967489	Kaveri Maa Private Limited	H No 21 Ground Floor Empire Estates M G Road Sultanpur, Delhi, South Delhi, New Delhi	India
S1-229574890	TE North LLC	32 South Street, Panama, NY	US
S1-338453992	Emmy Love, D.D.S., PC	1518 James Drive, Garland, TX	US
S1-850866528	Shree & Sons Private Limited	Kerala, Xvi/345, Cheruthuruthy, Chowara Po Chowara, Aluva, Kochi, Ernakulam	India
S1-602232026	Springfield Patriot Calisa LLC	Springfield, TN, 5326 Minnis Road	US
S1-471967443	Harper Mckinley LP	1460 115th Street, Bldg Lot 186, Rice, MN	US
S1-27667649	I D & X Pennymac	8732 Cuevita Court, Albuquerque, NM	US
S1-505227931	Great Consultants Pvt Ltd	Plot No 1046, Road No 52, Jubilee Hills, Hyderabad, Telangana	India
S1-386190954	Horizon, PLLC	560 Great Circle Road, Unit 577, Nashville, TN	US
S1-810992214	Universal Healthcare Private Limited	R-1, G/F, L/S, New Delhi, South West Delhi, Delhi	India
S1-231915609	Dokania Developers Pvt Ltd	Mumbai, Bldg B2, Mahindra Vivante, Nycomeo Pharama Plot, Next To Tcs, Andher Suren Road, Off W.E.H, Andheri E, 101, Mumbai, Maharashtra	India
S1-974979584	Gurgaon Education Private Limited	Sector-6, Near Telephone Exchange, Rajasthan, Suresiya Colony Ward N-39, Hanumangarh	India
S1-463840477	Quo Gas	1142 Esquire Drive, Fl 0, Saint Louis, MO	US
S1-112519932	Safe Management Pvt. Ltd.	Office Unit No. 1504 & 1505, On 15Th Floor, Devika Tower 6, Nehru Place, New Delhi, South Delhi, Delhi	India
S1-691641112	Heartland Corporation	11138 Talton Avenue, St. George City, LA	US
S1-41843572	Oncology Care Inc	Unit 18, Spencer, NC, 1515 Salisbury Avenue	US
S1-625442809	Caggiano Select Hospitality	UT, 71 Robyn Way, Farmington	US
S1-380167154	Jay Systems Private Limited	Telangana, Plot.No.77 Veeranjaneya Colon, Hayathnagar, K.V.Rangareddy, Sahebnagar Kalan	India
S1-466767453	Coimbatore South Infratech Ltd	Coimbatore, Tamil Nadu, Coimbatore South, Srivari Kikani Centre, 2, Krishnaswamy Road, F4	India
S1-398117646	Dolphin Road Limited	584 K/46, Bangla Bazar Jail Road, Lucknow, Uttar Pradesh	India
S1-473559061	Potter Strategic Packaging Inc	100 Parmenter Road, Framingham, MA	US
S1-60764513	Swetha (India) Bios Pvt. Ltd.	5-5-1185, Rcc Roof, Hayathnagar, Hyderabad, Telangana	India
S1-151753430	Red Constructions Limited	9/602, Mechankara Chengara, Pattimattom, Ernakulam, Kerala	India
S1-130793898	Price & Han LLC	10604 Anable Lane, Henrico County, VA	US
S1-628936852	24 Hour Fitness	412 Mcadams Lane, Victoria, TX	US
S1-515344846	Red Charitable Trust	3A Alipore Road Satyam Tower 8Th Floor Flat No 8A/4, Calcutta, Kolkata, West Bengal	India
S1-718111333	Reliance Software Pvt Ltd	218, 2Nd Floor, Plot No Cs-1487, Prasad Chamber, Tata Rad No2, Roxy Cinema, Opera House, Girgaon, Mumbai, Mumbai City, Maharashtra	India
S1-954330866	Pediatric Dentistry Coastal Group	Unit UNIT 1603, Saint Louis, 7340 Woodlawn Colonial Lane, MO	US
S1-474066057	Mumbai Technical Pvt. Ltd.	Unit No. T-24, 3Rd Floor, Phase Ii, R City Mall, Lbs Marg, Ghatkopar West, Mumbai, Mumbai City, Maharashtra	India
S1-154566559	Saint Baptist Church	7373 Sherman Church Avenue, Unit 1216, East Sparta, OH	US
S1-736831985	Latur Resorts Pvt Ltd	C/O Vamn Sakharam Bharmande Ap Ansarwada Tq. Nilanga Dist.Latur H.No60, Latur, Maharashtra	India
S1-43839264	Peridial Sprott	7230 Park Avenue, Unit APT A, Saint Louis, MO	US
S1-766141699	Towns Total Alpine Inc	Unit 9, NC, 901 Littleton Road, Roanoke Rapids	US
S1-621003734	Price Sciences LLC	2165 Downing Street, Seaside, OR	US
S1-327958976	Oncology Care	9 Henry Lane, Bldg Bldg 1-2, Sheridan, AR	US
S1-625970269	Midwest Navigation	614 Pacific Avenue, Ocean City, MD	US
S1-217647343	Lincoln Annaly	Fl 0, MO, Saint Louis, 2574 Christopher Oaks Court	US
S1-785003289	Griselda Cadiz Developments	9546 River Road N, Momence, IL	US
S1-562760036	Ftc Nursing Home	At Man, Tal Mulshi, Pune, Maharashtra	India
S1-185302322	Regional Energy Inc	1058 10th Street, Laramie, WY	US
S1-747798224	Ocampo Beacon News LLC	564 Jefferson Avenue, Buffalo, NY	US
S1-259111477	Peria F. Tellez, DDS	3614 191st Avenue, Douglas County, NE	US
S1-299190819	Sanders Net Company	5537 34th Avenue, City Of Kenosha, WI	US
S1-951903151	Office of Motor Vehicles	1243 New Boston Road, Fall River, MA	US
S1-437527511	Reliable Agricultural Services, LLC	22422 Fincastle Drive, Katy, TX	US
S1-978089017	QKW Tax Private Limited	111 Solaris No 2Saki Vihar Road Andheri (E), Bombay, Mumbai, Maharashtra	India
S1-108436870	Smart Jain Management Private Limited	Property No- 4/06 (Hig), Sector-4 Vaishali, Ghaziabad, Uttar Pradesh	India
S1-562931942	Direct Bitcoin	1127 Laredo Avenue, Fl 0, Saint Louis, MO	US
S1-792142350	Interstate Pinnacle Armada, Corp	517 Belle Vista Avenue, Youngstown, OH	US
S1-507473763	Rapid Nuclear Inc	1035 Redtail Loop, Hood River, OR	US
S1-782036621	Spin Institute of Technology	Lake Gardens, Kolkata, Howrah, West Bengal	India
S1-759712876	LHX Biotechnologies LLC	Kenai Peninsula Borough, AK, 12621 Old Exit Glacier Road	US
S1-631314990	Pediatric Dentistry Center LLC	OH, Middletown, 4716 Riverview Avenue	US
S1-708050813	Monarch Inc	6242 Lilting Branch Way, Chesterfield County, VA	US
S1-6836053	Heilig's Ice Cream	10309 Saint Andrews Court, Adelanto, CA	US
S1-492586368	FDK American Thunder Inc	2536 3 1/4 5th Street, Town Of Maple Plain, WI	US
S1-628894078	Fresh Insurance Innovations LLC	2053 Farola Drive, Dallas, TX	US
S1-427574951	First Technologies	C/O Arvind Narayan Mishra Village Raghunathpur, Banmankhi, Balua Kachhari, Purnea, Purnia, Bihar	India
S1-617545907	Nextgen Sciences Private Limited	Shop No. 23 Mahalaxmi Heights Near Bank Of Mah Old Pune-Mumbai Highway, Morwadi, Pimpri, Pune, Maharashtra	India
S1-659948356	Angell Choice	3900 Lois Drive, Anchorage, AK	US
S1-788265595	Lee Midwest Critical Inc	1012 Windward Heights Loop, Fl 1, Hawesville, KY	US
S1-191292384	Exclusive Materials Pvt Ltd	Maharashtra, Mumbai City, 21/169, Unnat Nagar No - 4, Near Jain Hospital, M.G. Road, Goregaon (West), Mumbai	India
S1-598170659	Krishna Infotech Private Limited	At- Qr. No. 2C/7, New Lic Officers Colony Badambadi, Cuttack, Orissa	India
S1-36225714	Amalee Russell Direct Athene LLC	Hawley, 10956 3241, TX	US
S1-200208596	Baba Modern Tech Private Limited	20-3-123A/2A, Near Leelamahal Circle, Tirupati (Urban), Chittoor, Andhra Pradesh	India
S1-611972619	Morales Engineering Inc.	1935 Fairfax Road, Toledo, OH	US
S1-58873701	Arias and Pavey LLC	12735 Highway 424, Clarksburg, TN	US
S1-137629167	Beacon Cloud Dynamics P.C.	5000 Route 152 Highway, Lavalette, WV	US
S1-414719492	Consultants Sakshi Madras Private Limited	8-1-284/Ou/31/1 32 Flat No 102, Western Plaza Road, Ou Colony, Shaikpet, Hyderabad, Telangana	India
S1-927070045	Environmental Guild LLC	3204 Jocelyn Street, Washington, DC	US
S1-16141276	Delta Adamas Inc.	1821 Main Street, Durant, OK	US
S1-346814537	Jaipur Hospitality Ltd	51, Vishnu Colony, Opp. 4 No Dispensary Ajmer Road, Sodala, Jaipur, Rajasthan	India
S1-684564127	Alicia Barnes Smart Homecare, LLC	73495 Birmingham Road, Kimbolton, OH	US
S1-824366296	Campbell Smart Clough	1118 Jansen Avenue, Hanover, MN	US
S1-327634379	Precision Media Enterprises Inc.	Roseville, 628 Shryer Avenue, MN	US
S1-78988524	Creative Welfare Society	Flat J 201, Aliens Elite, Prashanth Nagar, K.V. Rangareddy, Tirumalagiri, Hyderabad, Telangana	India
S1-568873685	Christ Chapel	189 Volmer Church Road, Dagmar, MT	US
S1-942670455	Dewey Monte LP	OH, 48479 Heck Road, East Palestine	US
S1-574638642	Shiva Software Private Limited	No.1783, 2Nd Floor, Part-A, 19Th Main Road, 1St Sector, Hsr Layout, Bangalore, Karnataka	India
S1-263768622	Hridaya & Sons Ltd	18B Mayfair Rd, Kolkata, Calcutta, West Bengal	India
S1-39734164	Maa Sunrise Developers Private Limited	A 50 L6 C Shalimar Garden Main Sahibabad Ghaziabad, Ghaziabad, Uttar Pradesh	India
S1-83180180	Tippett International, LLC	NC, Wilmington, 517 Bedford Forest Drive	US
S1-122263413	Value Xii	Morrilton, AR, 411 Carl Street	US
S1-199493266	Mudd Blue Insurance Inc	4316 Hothem Avenue, Sandyville, OH	US
S1-910656310	Tech Exports Private Limited	Fp- 477 Lotus Court, 208 2Nd Floor Satara Rd, Pune City, Pune, Maharashtra	India
S1-733315894	Verrio Prime Inc.	99 Grand Oaks Drive, Dover, DE	US
S1-861908520	Ujjain Rubbers Ltd	205, Gokul Solitaire, Vip Road, Surat, Gujarat	India
S1-523761565	Pediatric Dental Clinic	Unit 230, MO, Webb City, 1603 Ellis Street	US
S1-343313382	Software Sea Solar Private Limited	Rustomjee Seasons, 2202 B Wing, Gandhinagar, Near Mig Colony, Mumbai, Maharashtra	India
S1-665409833	Thermo Advisors Private Limited	303 Tantia Jogani Ind Estj R Boricha Marg Lower Parel, Mumbai, Maharashtra, Mumbai	India
S1-575339908	Management Limpid Estates Limited	Sector 10, Pl282/1 Pcntda, Bhosari, Pune, Maharashtra	India
S1-271763024	Foot & Ankle Complete Care	704 Tupelo Way, Unit A, Alcoa, TN	US
S1-688576837	Southern Projects Pvt Ltd	D-5 & 6 Pt-Xiv, Opp To Dic Office Autonagar, Vijayawada, Krishna, Andhra Pradesh	India
S1-161265375	Somanath Linkers Private Limited	322/7 Mahatma Phulepath, Pune, Maharashtra	India
S1-509968077	Pacific Federation II	VA, Tazewell County, 248 Rosenbaum Road	US
S1-247564649	Reardon Blueport LLC	1767 Oliverea Road, Shandaken, NY	US
S1-184983228	Preferred Wellness Networks	3398 Grassland Hills Road, Jasper, IN	US
S1-445327230	GU Electronics Limited	Kullampatti, No 197/2A, Karur, Tamil Nadu, Karur	India
S1-360413929	Bright Pub	7736 19th Avenue, Seattle, WA	US
S1-797119898	Krishna International School Private Limited	2Nd Floor Dyna Business Park, Midc, Andheri (East), Mumbai, Maharashtra	India
S1-832974002	Services Pushpratan Moon Pvt Ltd	R. No.1, Wood Arch Chs Ltd, Plot No.33, Mahakali Road, Nr.Guladi Sweets, Andheri East, Mumbai, Maharashtra	India
S1-243252953	Healthcare Elysium Met	No 470/2 Flat No B 201, Orion Apt Bhel Nagar Main, Sriperumbudur, Kanchipuram, Tamil Nadu	India
S1-903799166	Division of Buildings	490 Will-etta Place, Concord, NC	US
S1-945758616	Scholarship Society	2411 Roby Martin Road, Lenoir, NC	US
S1-400474708	Eastern Titan LLC	70 Train Whistle Court, Harpers Ferry, WV	US
S1-429447486	Keeley, Lofton and Baez Multimedia LLC	639 Sawyer Avenue, Chicago, IL	US
S1-584763062	Sjogren's Quality Healthcare	812 Treasure Point Drive, Bath, NC	US
S1-649184136	Ritchie, Hunsaker and Griffin	Terre Haute, 1245 9th Street, IN	US
S1-265909712	Weber and Arriaga	365 Lakewood Boulevard, Park Forest, IL	US
S1-740567789	Anchor Logistics Union	480709 1082 Road, Muldrow, OK	US
S1-109399068	Human Rights Society	19820 Shadley Valley Road, Danville, OH	US
S1-355804451	Vision Rapid Center LLC	2151 Country Club Drive, Unit 11, Woodridge, IL	US
S1-539639955	Hire Foundation Private Limited	House No. 452, 2Nd Floor, Rishi Nagar Shakur Basti, New Delhi, North West, Delhi	India
S1-559459113	Select Special Inc	1917 Old Bunn Road, NC, Zebulon	US
S1-212504728	Internal Medicine Value Physicians P.C.	Houston, 9630 Rapid River Lane, TX	US
S1-92362721	Cain Alibaba LLC	1748 Charlotte Highway, Mooresville, NC	US
S1-819149212	Prime Enterprises Private Limited	118, Vepery High Road, Periamet, Chennai, Tamil Nadu	India
S1-546114378	Southern Golden Projects Private Limited	Jg2/175 Grd Floor, Block Jg 2 Vikaspuri, New Delhi, West Delhi, Delhi	India
S1-675482634	XV Graphics Clinic	18/1, Nandidurga Road, Jayamahal Extension, Bangalore North, Bangalore, Karnataka	India
S1-660104511	Jaguar Brothers	2/167, Mahatma Gandhi Street, Venkambakkam, Chennai, Tamil Nadu	India
S1-313303342	Ibarra Frontier Auto	915 8th Street, Lewiston, ID	US
S1-852466051	Annapurna Industries LLP	1012A-1018(10Th Floor), Puri 81 Business Hub Sector-81, Faridabad, Haryana	India
S1-322964615	Bombay Foundation	220, Garalgacha, P.S. Chanditala, Hooghly, West Bengal	India
S1-475689625	Reger Diamond Xcel LLC	Pine Bluff, AR, 415 Elm Street	US
S1-922137559	Better Equity Global LLC	2043 Poosey Ridge Road, Richmond, KY	US
S1-347624389	Rapid Equitable Inc	1146 Hampton Way, Atlanta, GA	US
S1-580676278	Marquardt Blackrock of Arp Inc	106 Johnston Street, Arp, TX	US
S1-151616396	Peta's Contracting	Banner Elk, NC, 31 Eagle Park Circle	US
S1-894938153	Brahma Medical Centre Corp	A-1101, Patel Park, Plot No 2 & 3, Sec 21, Kamothe, Navi Mumbai, Maharashtra	India
S1-310269716	Cardiology Care Associates Partners	82-28 257 Street, Glen Oaks, NY	US
S1-337229964	Creative Brc Inc	2002 John Still Drive, CA, Sacramento	US
S1-275944682	Rapid Marketing Products	3815 Wild Ginger Way, Village Of Caledonia, WI	US
S1-282294673	Jemie Robertson Pharma, LLC	305 Sandbank Road, Elbridge, NY	US
S1-531492505	Shree Public School	A 403, Accord Block, Hm Symphony, Kasavanahalli, Bangalore South, Bangalore, Karnataka	India
S1-907307976	RW Automotive Private Limited	Vpo Anwal Khera, Agra, Uttar Pradesh	India
S1-376809402	Vanessa Williams Vine	1301 Forest Point Drive, Chesapeake City, VA	US
S1-932246856	Metro Holdings Group, LLC	2727 Elm Street, AZ, Phoenix	US
S1-697069788	Fair Homeo of Bhubaneswar Private Limited	House No-14, Bhubaneswar, Khordha, Orissa, Suryalok Complex, Atala Shop No-5, Jaypur Balianta	India
S1-578935377	Coastal Aktiengesellschaft	5034 Clark Lane, Unit 201, Columbia, MO	US
S1-668105264	Painter Blue Sony P.C.	4525 Brookview Place, Mason, OH	US
S1-535719403	Fisoft LLC	2633 Walnut Road, Memphis, TN	US
S1-623098979	Daughtry Cantor, Inc	623 Newton Street, Gadsden, AL	US
S1-869363026	Y & H Pan Co	1229 45th Avenue, Fargo, ND	US
S1-291090532	Kare's Bakery, Inc	128 Mccutcheon Drive, Lafayette, IN	US
S1-600777946	First Desert Strategic Inc	2724 8th Avenue, Fort Worth, TX	US
S1-364568820	Valdez Integrated Karbon Inc	42 Williamstowne Court, Unit Apartment 1, Cheektowaga, NY	US
S1-102135840	Prime Intelligence Union	136 Riley Street, Gadsden, AL	US
S1-117676050	Creative Legacy Railway	Ticonderoga, 13 Sandy Redoubt, NY	US
S1-164479658	Builders Sethu Solutions Private Limited	Mumbai City, Mumbai, 501, Aditya Banarsi Heritage, Chincholi Bunder Road Behind Inorbit Mall, Mind Space, Off Link, Road, Malad, Maharashtra	India
S1-797931480	Sheldon Hancock	1156 D Street, Unit A, Merced, CA	US
S1-541540473	Ramirez, Mendoza and Yarger, LLC	3517 Frog Pond Place, Wilmington, NC	US
S1-725877818	One Energy	Gautam Buddha Nagar, 1St Floor, Sec2, Gautam Buddha Nagar, A70, Noida, Uttar Pradesh	India
S1-195274561	Montyn Systems LLC	Hendersonville, 192 New Shackle Island Road, TN	US
S1-340572136	Mumbai Food Limited	17, Mumbai, Mumbai City, Bharat Industrial Estate, T.J. Road, Sewree (W), Maharashtra	India
S1-349424940	Ehlinger, Bohannon and Hyde LLC	13622 Schumann Trail, Sugar Land, TX	US
S1-263653744	Better Rapid Banc	612 Walker Street, Denison, TX	US
S1-851386320	Dulcinea Radin Imperii Inc	2815 Us Highway 52, Decorah, IA	US
S1-195119684	Strategic Ribbon Partners	143 Brick Church Road, New Hempstead, NY	US
S1-723441746	Kundalahalli Clinical Pvt. Ltd.	No.21, Govinda Reddy Buildingkundalahalli Main Road, Near Brooke Field, Kundalahalli, Bangalore, Karnataka	India
S1-783767022	Trinity Presbyterian Church	78 Ring Road, Highlands, NC	US
S1-616478809	Warf Brands, LLC	1700 Happy Hollow Road, Timbo, AR	US
S1-287541726	Biseix P.C.	TX, 3260 Galloway Avenue, Mesquite, Unit 1008	US
S1-136642170	Federal Learning Center	607 Tammy Terrace, Leesburg Town, VA	US
S1-573045390	Interstate Worldwide LLC	1210 Karrow Avenue, Whitefish, MT	US
S1-531972184	Henriquez Edison LLC	34 Shorthorn Drive, AZ, Camp Verde	US
S1-829723080	Surya Pharmaceuticals of Mahbubnagar Private Limited	266/522, Balmoor, Mahbubnagar, Mahabubnagar, Telangana	India
S1-103066113	Dental Classic Health PLLC	9015 Grapefruit Avenue, Hesperia, CA	US
S1-224290523	Pava Plum Des Moines	3604 Hull Avenue, Des Moines, IA	US
S1-24103865	Pinnacle Classic Micro Inc	1808 Bachman Lane, Forney, TX	US
S1-502005916	Topaz Development Private Limited	Ganpati Plaza, Subzi Mand, Jhunjhunu, Jhujhunu, Rajasthan	India
S1-215707398	Whigham Legacy Alternative	Unit UNIT 71, TX, 974 Harrison Street, Brownsville	US
S1-704998146	Ear Nose & Throat Integrated Care Associates	10868 Cassel Road, Vandalia, OH	US
S1-867121644	Global Omm Services Private Limited	4A, Pramanick Ghat Road, Kolkata, Kolkata, Howrah, West Bengal	India
S1-503495308	Unified Staffing Networks PC	S77W18282 Ann Drive, City Of Muskego, WI	US
S1-809379376	Shriya Storage Limited	Chadha Estate, Nainital Road Bilaspur, Rampur, Uttar Pradesh	India
S1-78947900	Pediatric Dental Health of Caroline County Clinic	2510 Quail Oak Drive, Caroline County, VA	US
S1-598928378	Real Foods	339, First Floor, 7Th Main Hal 2Nd Stage, Indiranagar, Bangalore, Karnataka	India
S1-793024649	Shiva Agro Private Limited	Vill- Chumli Narsinghgarh, Rajgarh, Dhar, Madhya Pradesh	India
S1-846376758	UUP Services Private Limited	Haryana, Karnal, Sco 404, 1St Floor, Old Mughal Canal, Main Road, Karnal	India
S1-8363423	Bjerke & Messner LLC	15920 Onyx Avenue, Norman, OK	US
S1-392356173	Sherrell, Peggy, O.D.	13612 63rd Drive, Stanwood, WA	US
S1-248897696	Reynolds Energetics Inc	9615 Rockfish Road, Raeford, NC	US
S1-247118388	Producer Speed Nutri Pvt Ltd	H.No. 2-2-374/32/A, Plot No.32, Ground Floor Sri Sai Nagar, Road No. 8, Nagole, Hyderabad, Telangana	India
S1-575179514	Golden Precision Co	29 Beechwood Street, Oyster Bay, NY	US
S1-612744353	Cardiology Highland Care, LLC	18 Keaki Wood, Vineyard, UT	US
S1-46474125	Halcis Medicines Inc	TN, 1242 Dolan Drive, Memphis	US
S1-134836324	YF Foundation Private Limited	10 Zeenat Cottage Lower Kharodi Marve Road Near St John Model School Malad, Mumbai, Mumbai City, Maharashtra	India
S1-486517981	Crawford Health Center	370 775, Brian Head City, UT	US
S1-426938243	Pareek Group of Companies	2Nd Floor, Datta Sadan Bunglow 404, Linking Road, Khar West, Mumbai, Mumbai City, Maharashtra	India
S1-860257264	Services Finex Traders LLP	Plot (Comm) C-203P, Industrial Area, Phase 8B, Mohali, Punjab	India
S1-874815623	Select Creative Networks	14021 Halden Ridge Way, Louisville, KY	US
S1-569928038	Direct Collective Group	2058 North Drive, Ely, MN	US
S1-323454871	PRQ Cambridge P.C.	3509 Mcintosh Lane, Darby, MT	US
S1-925619569	Big Tavern	AL, Montgomery, 7752 Preservation Park Drive	US
S1-348599019	Allied Learning Center	10217 Torrence Avenue, Chicago, IL	US
S1-483751209	Signature Aegon LLC	3740 Tanuri Drive, Tucson, AZ	US
S1-632233926	Supreme Chips Clinic	915/17, Olangattu House, Haritha Lane, Csez Po, Ernakulam, Kerala	India
S1-149670643	Caldex Planet LLC	1650 Cologne Drive, Bismarck, ND	US
S1-567515409	Lotus Consultancy	Fl No 606, Pune, Maharashtra, Royal I Park Sai Nagar Colony No 01 Wadm Charholi Bk. Pune, Pune	India
S1-570445697	Marquez, Robbins & Ames Inc	5345 Cog Hill Court, NC, Raleigh	US
S1-814388599	Mathilde Linville Carolina	2511 Avenel Avenue, Roanoke City, VA	US
S1-500779829	Halimeda Mejias Allstate Inc.	34 Clark Street, Unit 13, Arlington, MA	US
S1-305296122	Modern Estate Pvt Ltd	D 802, Almas Colony Wafa Park, Kausa, Mumbra, Thane, Maharashtra	India
S1-325768763	Historical Ministries	Bartlett, IL, 1466 Canter Lane	US
S1-488863001	Prime Commercial Collective	W5545 W Center Drive, Town Of Kimball, WI	US
S1-41130066	Apex Power Pvt Ltd	5/311, Mullai Nagar, Mohanur Road, Namakkal, Tamil Nadu	India
S1-112814369	Mclaughlin and Gao Resource	3458 Newcastle Avenue, Chicago, IL	US
S1-184125083	Pranya Builders LLP	R/O 604 Crescent Towers Masab Tank, Hyderabad, Telangana	India
S1-351876810	Carbajal Real	14700 Luella Lane, Milwaukie, OR	US
S1-398496870	Dental Care Associates of San Luis	3779 San Gerardo Lane, San Luis, AZ	US
S1-745472917	Poorna Medical Centre	Rps Road Near Dental College, Bailey Road, Danap, Ur, Patna, Bihar	India
S1-83964238	Ashford Educare Limited	19 Nethaji Nagar Extn Viruthampattu, Vellore, Tamil Nadu	India
S1-969074002	Datta Academy	4, Banstalla Lane 2Nd Floor, Kolkata, Howrah, West Bengal	India
S1-28354325	Alpha Raj Management Private Limited	South Delhi, New Delhi, Delhi, F-287/22, Ground Floor, Lado Sarai	India
S1-105069987	Marin Dpc	TX, 1439 Meadow Glen, Floresville	US
S1-509456167	Bangalore South Solutions Private Limited	No 13, Rajashri Rainbow D, Junnasandra Sarjapura Rd, Bangalore South, Bangalore, Karnataka	India
S1-975176013	Celius Inc	150 Follis Drive, Jonesboro, IL	US
S1-207702331	Daniel Sangh	Jaipur, Rajasthan, 20, Mohan Nagar, Nahargarh Road, Jaipur	India
S1-307327482	Roberts Global Pearl	206 Nevins Road, Jacksons Gap, AL	US
S1-562162276	Edy Bellanca Aktiengesellschaft LLC	25929 Base Line Street, Unit UNIT 57, San Bernardino, CA	US
S1-934129786	Roopansh Solutions Limited	503, Brentwood Tower Charm Wood Garden, Surajkund Road, Faridabad, Haryana	India
S1-943612683	Darci Logan One Inc	5501 Pavilion Way, Louisville, KY	US
S1-314553277	Royal Projects Private Limited	House No. 9875, Giradkar Leyout, Umred, Nagpur, Maharashtra	India
S1-840591491	Great Ventures Private Limited	Pl No. 48, Bl No.792, Ankur Gali, Mangrol, Surat, Gujarat	India
S1-519812788	Krystalle White Metropolitan Dynamics LLC	2000 Tradd Court, Raleigh, NC	US
S1-361584388	Cincinnati Arts League	4400 Eastgate Square Drive, Cincinnati, OH	US
S1-559491107	Rocky Family Office	Halifax County, VA, 2062 Wolf Trap Road	US
S1-855470334	Pathanamth East Private Limited	Door No.19/201, Kerala, Aruthippattu Kumazha.Po, Pathanamth, Pathanamthitta	India
S1-619807351	Aditya Logistics Private Limited	C 33/52-8 Kh-3 Chhitupur, Sigra, Varanasi, Varanasi, Uttar Pradesh	India
S1-467408826	Oncology Horizon Specialists LLC	1305 G Street, Unit #211, Tacoma, WA	US
S1-424575242	Clear Investment Advisors Associates	9039 J M Keynes Drive, Unit 13, Charlotte, NC	US
S1-503537903	Nadya Covey Galaxy Inc	2960 Rose Crown Circle, Fl 0, Pasadena, MD	US
S1-892371607	Smith Allied Taiwan	2921 Torbett Street, Nashville, TN	US
S1-291875860	Grete C. Sowders, L.C.S.W.	3020 Fillmore Street, Minneapolis, MN	US
S1-782007459	TFQ Project Ltd	E-34 Riico Industrial Are, Bidiyad, Makrana, Nagaur, Parbatsar, Nagaur, Rajasthan	India
S1-646658736	Dorise's Contracting Inc	17281 New Road, Bremen, IN	US
S1-212451485	Gaffney, Sierra and Wright Universal LLC	222 Flanders Drive, Saint Johnsbury, VT	US
S1-513968003	Hitech Arihant Marketing Private Limited	111 F.F. Hans Bhawan Bahadur Shah Zafar Marg, New Delhi, Delhi	India
S1-471039399	Beaston Atlantic Muniholdings	Lexington, 550 Lone Elm Road, TN	US
S1-536879606	Mahagauri Consultants	69 Pawar Colony, Genda Mal, Satara, Maharashtra	India
S1-608190549	Vision Partners	151 Lane Farm Road, Cove City, NC	US
S1-654281596	Modern International Pvt Ltd	Flat No. 202, Jai Gurudev Chs, Plot No.6 Sector - 1, Sanpada, Navi Mumbai, Mumbai City, Maharashtra	India
S1-726098724	Jones Mountain Materials LLC	1550 Jordan St, North Liberty, IA	US
S1-780580958	WU Foundation LLP	B-117, Udyog Bhavan, Sonawala Lane, Goregoan (East), Mumbai, Maharashtra	India
S1-599817155	Green Ventures Private Limited	Gala No. 06, Daulat Udyog Bhawan, Wadhvali Village, Chembur East, Mumbai, Mumbai City, Maharashtra	India
S1-397640583	West Heartland Kgaa LLC	11555 Bell Fountain Road, Dawson, IL	US
S1-467380620	Vision Clinic LLC	3602 Congress Avenue, Dallas, TX	US
S1-580854768	Pinnacle Ace Leapfrog LLC	5126 Rollingstone Road, Richmond, TX	US
S1-685050237	Bureau of Finance	114 G Pinewood Crescent, York County, VA	US
S1-794939859	Lotus Services Private Limited	Ix / 355 A, Vidakuzha Thaikattukara P O, Aluva, Ernakulam, Kerala	India
S1-907153833	Andrews Alternative LLC	17 4th Street, Unalaska, AK	US
S1-599587404	Internal Medicine Group	5025 Stoneridge Drive, Raleigh, NC	US
S1-413177550	Kritraj Interiors Limited	117/33Sarvodaya Nagar Kanpur, Uttar Pradesh, Jyotiba Phule Nagar, Uttar Pradesh	India
S1-973784258	Hingna Express Pvt Ltd	Dup No. B-10, Ward No.16, Uttara Park, Hingna, Hingna, Nagpur, Maharashtra	India
S1-38744696	Come Media Private Limited	0-3, Floor -0, 116, Kharote House, Kesharinathbuwa Bhaye Marg, Worli Koliwada, Mumbai, Mumbai City, Maharashtra	India
S1-924622688	Creative Smart Soulpower, LLC	143 Cedar Lane, Seeley Lake, MT	US
S1-679284388	Womens Health Care Associates LLC	Charlotte, Unit 1717, NC, 11135 Moonbug Court	US
S1-100824237	Shakti Management Pvt Ltd	8/822 C K K Building Palakkattuthazham Mudickal P O, Perumbavoor, Ernakulam, Kerala	India
S1-211874329	Alvarado, Darcie C., D.D.S.	2507 Spaulding Circle, Murfreesboro, TN	US
S1-484666454	Raviansh Innovation Limited	Plot Opp. Water Tank Delhi Road Hisar, Hisar, Hissar, Haryana	India
S1-145609397	Tech Industries Private Limited	Wing B, Flat No 60, Shriprakash Residency Gangapur Road, Anandwalli, Nashik, Maharashtra	India
S1-671120913	Mallick & Sons Private Limited	S206, Sai World Legend, Opp Shahad Bridge, Thane, Maharashtra	India
S1-704862562	Bright Engineering LLP	23/14 B S In Tilak Nagar, Delhi, West Delhi, Delhi	India
S1-664013102	Orion Inc	5189 300, Albion, IN	US
S1-322221132	Johnson Federal Worldwide Inc	2385 Phillips Road, Lewisburg, TN	US
S1-508200760	Gsr Finishing Private Limited	3Rd Floor, Sb/C/3L/Office, /006, M3M Urbana, Sec-67, Badshahpur, Gurgaon, Haryana	India
S1-29645850	Rudisill Pinnacle Iron Inc	113 Atoka Street, Sperry, OK	US
S1-683171516	Fae Woodfork Translational LLC	TN, Manchester, 69 Expressway Drive	US
S1-569302839	Imburgia, Amandie, Ph.D.	39 Post Office Lane, Shawnee, OK	US
S1-202140118	National Medical Center	Sioux Falls, SD, 6200 Maple Rock Trail	US
S1-886329145	Modern Dynamic Hennessy, Inc	269 Eureka Drive, Atlanta, GA	US
S1-457629168	GLV Quality Corp	Bardhaman, S B Gorai Road Near Sent Vincent School, Asansol, Burdwan, 253/495, West Bengal	India
S1-630721611	Excellent Infrastructure Private Limited	13, Ajmer, Mill Chowk, Majdur Sangh K Pass, Ward No 13, Rajasthan, Bijaynagar	India
S1-610045807	Dhiman Win Private Limited	38/2, Pipeline Road, Dattatreya Temple Street Malleshwaram, Bengaluru, Bangalore, Karnataka	India
S1-205796293	Chennai Designs Private Limited	New No 18, Flat 1D, Kilpauk Garden Road Belvedre Apartment, Kilpauk, Tamil Nadu, Old No 475, Chennai	India
S1-240318864	GB Total Compania	232 Clark Street, Unit Apartment 2, Village Of Pewaukee, WI	US
S1-828801076	Himadri Sangh Ltd	Shop No 110 Ist Floor Vardhman Plaza 7 & 11 Sector 7 Rohini, Delhi, East Delhi, Delhi	India
S1-35128317	Royal Brothers Private Limited	C/O Mr. Nikhil Singh, Madhopur Luhasi Madhopur, Sadar, Gorakhpur, Uttar Pradesh	India
S1-941972979	Modern Services Private Limited	A902-903, Mahaavir Icon, Sector 15, Cbd Belapur, Thane, Maharashtra	India
S1-505361583	Little Tattoo LP	1670 Sulphur Springs Road, Lebanon, KY	US
S1-792783639	Mbd College	5/493 2Nd Floor Vazhipokku Nilam Road Shasthri Nagar Colony Road, Eranhipalam, Kozhikode, Kerala	India
S1-24116274	Ear Nose & Throat Green Health L.L.C.	8 Franklin Court, Ardsley, NY	US
S1-962586263	Purti Polymers (India) Limited	C/O Rajamani Yadav, Village Paranapur, P.O. Chaubeypur, Varanasi, Uttar Pradesh	India
S1-240897547	Galaxy Construction Private Limited	14-5-178/1, Bedarwadi, Begum Bazar, Hyderabad, Telangana	India
S1-115098763	Mumbai Platinum Pvt. Ltd.	Mumbai, Maharashtra, Mumbai, Chander Mukhi, Nariman Point, 15B	India
S1-873495058	Naveen Infracon Pvt. Ltd.	J- 1122, Tower- J, Gaur Grandeur, Sector-119, Noida, Gautam Buddha Nagar, Uttar Pradesh	India
S1-503624587	Oncology Golden Partners Center	13561 Landser Court, Carmel, IN	US
S1-604955705	Womens Health Care Associates	1113 Forest Street, Greeneville, TN	US
S1-943596323	Leonora Erskine, M.D.	10735 Campbell Avenue, Chicago, IL	US
S1-132328070	Ss Foundation Private Limited	190 D Shrinathpuram, Kota, Rajasthan	India
S1-316205403	Garcia & Chambers Inc	8309 194th Street, Spanaway, WA	US
S1-283127304	Arte & Partners	802, 8Th Floor, Satra Plaza Plot No. 20, Sector-19D, Vashi, Navi Mumbai, Thane, Maharashtra	India
S1-745868890	Deep Traders Private Limited	54-8-23, Plot No 28 And 29 1St Floor, 2Nd Cross 2Nd Road Autonagar, Vijayawada, Krishna, Andhra Pradesh	India
S1-19692437	Chitra Trading Private Limited	Plot No 3, Kuntloor, Village, Abdullahpurmet, Rangareddy, K.V.Rangareddy, Telangana	India
S1-553299556	Bureau of Housing	11800 Pleasant Ridge Road, Unit Apt 177, Little Rock, AR	US
S1-228826226	Technology Rishon Consulting Private Limited	2Nd Floor, 83H1, Lawrence Building Opp:Apn Plaza, Chettikulam, Nagercoil, Tamil Nadu	India
S1-70442231	Gsv Biotech Private Limited	E-I29 Gf, Xu 1, Greater Noida, Noida, Gautam Buddha Nagar, Uttar Pradesh	India
S1-628637553	Silver Bistro	14535 Spaulding Avenue, Midlothian, IL	US
S1-660979475	Booth Harbor LLC	2249 8th Road, Huntley, MT	US
S1-464611336	Perez and Pritchard LLC	1615 Jackson Street, Rialto, CA	US
S1-337094601	Jain Tech Private Limited	Shop No. 1558, G.F., Church Road, Kashmere Gate, Delhi, Delhi, Central Delhi, Delhi	India
S1-530901436	Sephira Scheid Digital Clinic	PA, 526 Baltimore Pike, South Middleton Township	US
S1-501592743	Classic Financial Alliance LLC	797 Little Richland Road, Waverly, TN	US
S1-397527491	Gurgaon Formulations Associates	C/O Sita Ram Yadav Shiv Ashram Compound Near Jwala Mill Old Delhi Road Dundahera, Gurgaon, Haryana	India
S1-289655710	Real Solutions Private Limited	Tc 21/5821 Ground Floor Aman Tower, M.G. Road, Westfort, Thrissur, Kerala	India
S1-321444163	Ridge Council of West Fargo LLC	622 Pheasant Run, West Fargo, ND	US
S1-715792007	Varshavi Semiconductors Private Limited	134-B Hakimi Compund, Gala No 4, Opposite Daualat Complex Grant Road, Mumbai, Mumbai City, Maharashtra	India
S1-61633017	Baptist Association	3912 Shasta Circle, Clover, SC	US
S1-473107012	Smith Piedmont Ramaco	925 Shilee Dr Drive, Rogersville, MO	US
S1-127893152	D/P Prudential LLC	1150 Talcott Drive, Waukegan, IL	US
S1-834007263	Reynolds Optimal Arbor LLC	AL, 13 2nd Avenue, Birmingham	US
S1-536979386	Sneed Industries L.L.C.	Portland, OR, 8624 11th Avenue	US
S1-517691829	Amber, Inc	5875 Joliet Road, La Porte, IN	US
S1-805566251	Bobby Wallace Ubs	53 Hawks Nest, Leicester, NC	US
S1-361854276	Solutions Vismaya Electronics Pvt Ltd	F-1P R S Grace New Pandits, Colony Kowdiar, Thiruvananthapuram, Thiruvananthapuram, Trivandrum, Kerala	India
S1-148381346	Bette-Ann G. Serna, P.A.	5802 Calloway Drive, Fort Worth, TX	US
S1-820811852	Innovative Genomic Union Inc	588 Small Point Road, Phippsburg, ME	US
S1-835214552	Aditya Educational Society	14, Fourth Floor, 391/392, Bharathiar Road, New Siddhapudur, Coimbatore, Tamil Nadu	India
S1-721561294	Black Logistics Private Limited	401/402, Makhija Chambers, Turner Road, Bandra (West), Mumbai, Mumbai City, Maharashtra	India
S1-500844154	Colonial Guild	2041 Herman Bonds Road, Saint Pauls, NC	US
S1-343469863	UH Services LLP	Maharashtra, Mumbai, Floor 8, Plot 955, B, Elanza Jivba Atmaram Raul Marg, Sayani Marg, Pr, Abhadevi, B 801, Mumbai City	India
S1-489378292	Crystal Charlton LLC	9026 Elkridge Lane, Frederick, MD	US
S1-447653081	Blue Hospitality Limited	No.1 2Nd Main Road Bahubali Nagar Jalahalli, Bengaluru, Bangalore, Karnataka	India
S1-88609233	Surgical Associates of Chili	645 Beahan Road, Chili, NY	US
S1-562474687	ZO Buildtech Private Limited	House No.16, Mirzapur, Gorakhpur, Uttar Pradesh	India
S1-880475367	Mariyam Deep (India) Public Limited	Plot No. 203, First Floor Zone-Ii, M.P. Nagar, Bhopal, Madhya Pradesh	India
S1-99605902	Ram Technology Private Limited	Kothrud, Maharashtra, Pune, Vedant Nagari Sno. 4 Hiss No. 34 Karve Nagar	India
S1-304427249	Oregon City Dental Heartland Group	1301 Lincoln Street, Oregon City, OR	US
S1-895530935	Primary Care Partners of Sacramento	34 Moonlit Circle, Sacramento, CA	US
S1-383125253	Patriot Keystone Renewables LLC	8 R Washington Street, Easton, MA	US
S1-671233372	Cleveland Education Charities	1997 Road 5707, Cleveland, TX	US
S1-692497473	One Hospitality LLP	Building No. C.C. 56/367 D1 Panampilly Nagar, Ernakulam, Kerala	India
S1-326983067	Grote Vanguard Medicines LLC	5723 Lunsford Drive, Unit 8, Cheyenne, WY	US
S1-397076570	Hernandezperez, Cowan and Walters Ridge Inc	1290 Conference Drive, Scotts Valley, CA	US
S1-570976755	Green Memorial Trust	C/O- Sri Vijay Kumar, 1378, 1384, Flat No F 104, Patligram Society, Patna Sa, Patna, Bihar	India
S1-693305391	Mhow Lt Private Limited	93, Mehta Ki Chal, Mhow, Indore, Madhya Pradesh	India
S1-540165333	Beacon Great Telephone Group	1600 Baltimore Street, Elgin, OR	US
S1-607423620	3523 Fifth Road Company	480 Sagewood Circle, Waukee, IA	US
S1-951791329	Kestrel Shoe Private Limited	No. - 1/L Blackers Road, 2F Gaiety Palace 2Nd Floor Chintadripet, Chennai, Tamil Nadu	India
S1-452843580	Urban Global LLP	284, 10, Pali Pathar, Dr.Ambedkar Road, Mumbai, Maharashtra	India
S1-68863089	White Management	Tuticorin, 2F/265, Tamil Nadu, Thoothukkudi, P&T Colony	India
S1-454891627	Arthur Academy	8026 Quill Point Drive, Bowie, MD	US
S1-261904368	Frontier Charities	1026 Jeni Lane, Charlotte, NC	US
S1-189663062	Reliable Defense Ventures LLC	Minnetrista, 5475 N Arm Drive, MN	US
S1-542880682	Mcdonald & Royston L.L.C.	125 Greenberry Circle, Valley, AL	US
S1-754900439	Hiller and Wilson Renaissancere Inc	10 Temple Place, Unit 805, Boston, MA	US
S1-713239409	City Care LLP	H.No. 1-98/5/2A, S.Y.No. 85, Spacion Towers Vittal Rao Nagar, Serilingampally, Madhapur, Rangareddy, Telangana	India
S1-422744817	Red Logistics Private Limited	Vijay Bhawan, 365/5, Krishanganj, Ajmer, Rajasthan	India
S1-503947577	Family Association	1205 62nd Avenue, Merrillville, IN	US
S1-534253989	SQ Great Lending LLC	16600 32nd Street, Vancouver, WA	US
S1-484152369	One Industries Private Limited	H. No - 10, 301, Ec Nagar (Po) Hcl Cherlapally, Hyderabad, Telangana	India
S1-522763081	Raix Allied Chs LLC	3125 Knockel Road, Marlborough Township, PA	US
S1-242763164	Om International Limited	Vi/858-M, Second Floor Valamkottil Towers Judgemukku Thrikkakara Po, Eranakulam, Ernakulam, Kerala	India
S1-736525108	Optdyne Finance LLC	2726 164th Place, Bothell, WA	US
S1-248976846	Krishna Care Private Limited	No.93, 3Rd Floor, Q-Block, 4Th Main Road, Egmore Nungambakkam, Chennai, Tamil Nadu	India
S1-181122993	Ramivue Reserve	288 Chelmsford Street, Chelmsford, MA	US
S1-127346776	Apex Sterling Transport LLC	5104 Wilkins Drive, Temple Hills, MD	US
S1-623153195	Clyon Laboratories LP	IL, Chicago, 1147 Madison Street	US
S1-426335418	Freeland, Gallant & Vargas LLC	225 Garden Drive, Lexington, NC	US
S1-608874640	Jnv Memorial Trust	J - 18/1, M.I.D.C. Kupwad, Sangli, Maharashtra	India
S1-703455203	Midwest Sun Associates	1049 O'hara Drive, Lawrenceburg, KY	US
S1-53115850	Prime Global	Plot No104/1, Bomikhal, Bhubaneswar, Khordha, Orissa	India
S1-534860297	Modern Empire Agricultural LLC	N191 Hank Drive, Town Of Buchanan, WI	US
S1-486614627	Ardelis Betances Superior Intelligence Care	OH, 1414 Athens Drive, Loveland	US
S1-850288010	Om Engineering Private Limited	Shop 313, Silver Radiance - 4, Plot No. 80, Daskroi, Ahmedabad, Gujarat	India
S1-735408179	South Investments Private Limited	Madhya Pradesh, Indore, 36 Golden Palace, Indore, Tejpur Gadbadi A B Road	India
S1-750784655	Ace Producer Private Limited	Unit No. 609, 7Th Floor, Westend Mall, New Delhi, West Delhi, Delhi	India
S1-990125276	Tejendra Property Pvt. Ltd.	Hno 204, First Floor, Gali No 1, Lakpat Colony Part 2, Meethapur, New Delhi, South Delhi, Delhi	India
S1-732374765	East Infotech Limited	Bhilarwadi, Tal. Wai, Bhilarwadi, Satara, Maharashtra, Satara, At 906	India
S1-850088528	Auctus India Pvt Ltd	A-32, Ambedkar Colony, Chattarpur Phase 1, Plot No. 165, South West Delhi, Delhi	India
S1-183514020	KJ Duke P.C.	1076 Autumn Oak Lane, Town Of Hudson, WI	US
S1-525794098	Kapda Bazar Business Private Limited	169 Champagali, Kapda Bazar, Chittorgarh, Rajasthan	India
S1-175182955	Gulf Metals Inc.	309 Dawkins Street, New Brockton, AL	US
S1-370360276	Secure Regional Ligand LLC	8411 Elk Grove Florin Road, Unit A, Elk Grove, CA	US
S1-854876973	Johnston Classic Trg	16700 Bluemound Road, WI, City Of Brookfield	US
S1-111915169	Modern Creative Industries LLC	718 Palmer Drive, Noblesville, IN	US
S1-685875803	Gulf Return LLC	MA, 30 Derek Drive, Weymouth	US
S1-554536387	Womens Health Medicine PC	11 Cedar Street, Wellesley, MA	US
S1-930183882	Blondell Dimitrov, CPA LLC	348 3220, Hurricane City, UT	US
S1-972976678	Dream Producer Private Limited	Ls No 585, Kalawad Rajkot, Road, Vill: Jasapar, Kalavad, Jamnagar, Gujarat	India
S1-504350501	Superior Aerospace Products PLLC	1095 Mount Whitney Drive, Big Bear City, CA	US
S1-974614398	Joiner Royal Partners	Pennington Gap Town, 545 Johnson Drive, VA	US
S1-205599474	Traus Ventures	1336 Berwin Avenue, Kettering, OH	US
S1-383115155	Emerald Auto Repair Inc	1199 Howard Bullins Road, Madison, NC	US
S1-307153352	XR Services Private Limited	47-1, Right Portion, Jayashree Estates, Tirumalagiri, Hyderabad, Telangana	India
S1-183442841	South Heartland Premier Corp	114 Railroad Street, Copan, OK	US
S1-516407177	Berg Rogers Corp	5711 750, Mccordsville, IN	US
S1-694127673	Walker Voya Clinic	301 Main Street, Unit B, Bowerston, OH	US
S1-51896727	Integrated Chicago	441 Ss, Town Of Kinnickinnic, WI	US
S1-753075733	Heartland Cascade Hcm	410 Regents Way, Bourbonnais, IL	US
S1-831029143	Sandoval Family Practice Care	1146 Watson Drive, Tempe, AZ	US
S1-996686491	Agro Infosoft	West Bengal, Kolkata, Fortuna Tower, 23A N.S.Road, 4Th Floor, R.No.5B, Kolkata, Howrah	India
S1-103126177	Lion Coffee (India) Private Limited	Sapna Sugar Mill, Chicholi Road, Betul, Madhya Pradesh	India
S1-740773940	Mello Liberty Scientific LLC	223 Macdonald Boulevard, Havelock, NC	US
S1-50985798	Parikshit (india) Private Limited	Fj-9 Green Parkoff Link Road Oshiwara Andheri West, Mumbai, Mumbai City, Maharashtra	India
S1-44430071	Heart Valley Initiative	620 Airport Road, Unit T3, Heber City, UT	US
S1-560192486	Eastern Institute of Technology	69 Regal Building Connaught Place, New Delhi, Delhi	India
S1-534853218	Natech Genetics Inc	11350 Martin Street, Unit Apartment 202, Coon Rapids, MN	US
S1-480485997	Mize Salon	21803 Woodberry Road, Mount Hope, KS	US
S1-753007109	Creamer Construction LLC	7425 109th Street, Auburn, KS	US
S1-911280877	Pacific Rare	2832 Wise Road, Campbellsville, KY	US
S1-773910681	A Cure 9 IT Inc.	IL, 211 Shabbona Road, Shabbona	US
S1-505076726	Maa Finance LLP	Flr-3, Hakimi Edifice, 5Th Cross Rd, Vinayaka Ngr, Bangalore South, Bangalore, Karnataka	India
S1-864182379	Krita Food (India) Private Limited	Aligarh, Farhat Manzil, Badar Bagh, 0000, Uttar Pradesh, Aligarh	India
S1-497733864	Garima Resorts Limited	Door No. 392, Dindugul Road, Aravakurichi, Karur, Tamil Nadu	India
S1-861350543	Bette Solano Worldwide Inc	213 S Maple Ave, Ames, IA	US
S1-123938121	Clyance Braemar P.C.	601 Business Loop 70, Unit 134-B, Columbia, MO	US
S1-883464018	Fidynix Paceline P.C.	6318 89th Avenue, WA, University Place	US
S1-895071446	Systems Kothari Overseas Pvt Ltd	Plot No - 441, Sahidnagar, Bhubaneswar, Khordha, Orissa	India
S1-132069470	Integrated Life Inc	4031 F Street, Oxnard, CA	US
S1-786464518	Sai Builders Limited	Lg-3, Classic Diamod, Wb-99, Sector-94 Bombay Hospital Service Road, Indore, Madhya Pradesh	India
S1-628746470	City Care Limited	Sect 1 Plot No 1 & 4 Shop 9 Vaishnavi Temple Radhakrishna Complex Indrayani Nagar, Bh, Osari, Pune, Maharashtra	India
S1-477361011	Avadh & Partners Company	C/O Javed Saifi Mohd.Madhaiya Lakhpat Singh, Pilkhuwa, Ghaziabad, Uttar Pradesh	India
S1-470094334	Adharshila Systems	Office No. 05, Cts No. 15847/86 Malge Majesti, Garkh Aurangabad, Aurangabad, Maharashtra	India
S1-199129513	Anubha & Sons Pvt Ltd	Chandralok Complex, Hyderabad, Flat No. 304 And 324-111, Telangana, Hyderabad	India
S1-505250819	Jackson Anchor Games	705 Broadway Street, Cleveland, MN	US
S1-511306815	Primary Care Specialists	2410 Collins Avenue, OH, Sidney	US
S1-92771948	Rt & Brothers	7A Bentinck Street Shop No. G-13, Ground Floor, Kolkata, Howrah, West Bengal	India
S1-112257569	Ranice Litt, L.C.S.W., M.D., P.C.	13111 Resh Road, Hagerstown, MD	US
S1-196399198	Borkar & Associates Private Limited	Uttar Pradesh, Gautam Buddha Nagar, K 2, Iind Floor, Shatabdi Enclave, Sector 49, Noida	India
S1-878140681	Pitchford Preparatory Academy	11 Pendleton Court, Hampton City, VA	US
S1-92428560	Qulisoft LLC	IL, Liberty, 651 2500th Place	US
S1-553267387	Machine Polytechnic Limited	Plot No.189, H No. 14-20-676/31, Sri Vivekanadana Nagar, Allapur Borabanda, Rangareddi, Rangareddy, Telangana	India
S1-892559433	Anand Business Limited	New Delhi, Delhi, New Delhi, V 297 G/F Kh No 140 G No 21 Vijay Park Near Bikaner Sweet	India
S1-983309723	Bake & Co Private Limited	Jalna, H. No. 18-89-79, Ambad, Maharashtra, Gurukul Colony	India
S1-346261397	Youth Center	NC, Unit A, 320 Dodd Street, Clayton	US
S1-151502066	Sequoia Inc	1115 Quebec Avenue, Golden Valley, MN	US
S1-479579224	24HR Homecare Center	8510 29th Street, Unit APT 223, Wichita, KS	US
S1-562052005	Gk Agro Private Limited	Mumbai City, Sam House, Mumbai, 136, Pine Bldg, Dlima Street, Dockyard Road, Mazgaon, Maharashtra	India
S1-907448678	Eastern Power Private Limited	S.Y. No.1319/E, Wad Dera Colony, Medak, Telangana	India
S1-107651275	Goble's Healthcare Clinic	7869 Mule Deer Place, Roxborough Park, CO	US
S1-815873246	Lower Pediatrics, LLC	10133 Wildcat Pike, La Rue, OH	US
S1-205585935	Bright Consultants	204, Sai Samarth Business Park Deaonar Village Road, Govandi East, Mumbai, Mumbai City, Maharashtra	India
S1-282191348	Urban Seafood, LLC	Unit 205, Charlotte, 9807 Abbey Court Drive, NC	US
S1-721869655	Mode & Partners	30 A B Block, Dalip Pur Tower, 65 Apramarg, Lucknow, Uttar Pradesh	India
S1-682715691	Aurora Capital LLC	1372 Silk Tree Court, South Jordan, UT	US
S1-66806246	All Solutions Pvt Ltd	230-B Hata Lohiya Pandeybhadurganj Allahabad, Uttar Pradesh, Allahabad, Uttar Pradesh	India
S1-568251507	Stanley Select Railway Clinic	1581 Stribling Street, Memphis, TN	US
S1-9565807	Central Staffing Global Inc	17 Fox Lane, Brookhaven, NY	US
S1-145664388	Office of Aging Inc.	17 Laurel Lane, Plymouth Township, PA	US
S1-68203118	Primary Care Smart Clinic	1430 Dundee Drive, New Haven, IN	US
S1-912149263	Alpha Realtors Ltd	10-16-75/A, Block-16, Janapriya Apts Miyapur, Hyderabad, Telangana	India
S1-423428832	Bengaluru City Corporation	Bangalore, Karnataka, No. 195/31, Bengaluru, Hmt Layout, 1St A Cross Opp. Chowdeshwari Temple, Mathikere	India
S1-119481449	Bright Anchor Spa LLC	4818 Hal Circle, Chattanooga, TN	US
S1-751596174	NSH Solutions Pvt Ltd	Lakhtar, Surendra Nagar, Survey No. 178/P1-2, Plot No. 2, Near Cng Pump, Gujarat	India
S1-334232187	Happy Deli! LP	1115 Frey Street, Great Bend, KS	US
S1-203066110	Miller All Sun LLC	214 Vilas Avenue, City Of Nekoosa, WI	US
S1-267879578	Daniel Spa-Plymouth	18 Boatwright's Loop, Plymouth, MA	US
S1-15041991	Holy Emanuel PC	249 County Road 22850, Paris, TX	US
S1-191316309	Elan (India) Innovations Private Limited	Parbhani, H No 1275 Pokharni, Daithana Unit Tq Parbhan, Maharashtra, Parbhani	India
S1-497978898	Suzann Wan Open	1789 Golf Course Boulevard, Unit 9, Independence, IA	US
S1-459057707	Bock and Stanley Nano PLLC	330 Nations Lane, Savannah, TN	US
S1-237742101	Adarsh Brothers Pvt Ltd	B-1/160 Arawali Apartments Sec-34, Noida, Gautam Buddha Nagar, Uttar Pradesh	India
S1-234799994	Allison Pediatrics	Queen Creek, AZ, 22280 209th Way, Unit 106	US
S1-152684414	Solus Evolution LLC	4010 Richeytown Road, Eastaboga, AL	US
S1-71853186	Lemberger Physical LLC	1636 Spring Mountain Drive, Fl 1, Columbia, MO	US
S1-838775405	Sai Balaji Infrastructure Private Limited	# 33, Trident, 2Nd Floor Primrose Road, Bangalore, Karnataka	India
S1-241387504	Calday Columbus Inc	5150 Sunrise Boulevard, Unit E2, Fair Oaks, CA	US
S1-713046093	Express Compania Inc	245 Roosevelt Road, Unit 15-126, West Chicago, IL	US
S1-634629510	Ramirez, Riggs and Hendrick Mozayyx, LLC	1004 Hernia Hill, Carrabassett Valley, ME	US
S1-483126145	Eastern Animal Hospital P.C.	7516 Burr Oak Loop, Brownsville, TX	US
S1-718037533	Laxmi Projects	Asmita Jyoti Co Op Hsg Soc Ltda/1 Flat No 31 Marve Road Charkop Naka Malad West, Mumbai, Maharashtra	India
S1-768234896	Geetanjali Traders Private Limited	Maharashtra, 1303, Mumbai, Mumbai City, Mohid Heights, Lokhandwala Road, Off. Four Bunglows, Andheri (West)	India
S1-118105384	Sanwaria Shree Private Limited	Single Story Ramesh Nagar, 8/19, West Delhi, New Delhi, Delhi	India
S1-389772367	Sunrise Tech Private Limited	30/113, Laxmi Vijay, 1St Floor, Laxmi Industrial Estate, New Link Road, Andheri (W), Mumbai, Mumbai City, Maharashtra	India
S1-524294061	Winer & Carrion Ventures Corp	502 Concord Avenue, Lexington, MA	US
S1-367586627	TU Developers Corporation	Plot 150/3360, Raghunathpur, Barang, Cuttack Sadar, Cuttack, Orissa	India
S1-441520740	Martinez & Gregory Partners	109 Madison Bay Drive, Beaufort, NC	US
S1-170012565	Midwest Holding Company Inc	26 Clayton Street, Unit G, Springfield, MA	US
S1-991844054	South Services Private Limited	5Th Fl, Flat 501, Sky, Heaven-C, Ved Gurukul Rd, Surat City, Surat, Gujarat	India
S1-220914917	Dreamhouse (India) Carriers	House No 7, Portion Left, Floor Ground, Block-Wz, Landmark Na, Village Basai Darapur, New Delhi, West Delhi, Delhi	India
S1-486630752	Sarasin Style Limited	Door No.43/E6/2, Sathy Road Ganapathy, Coimbatore, Tamil Nadu	India
S1-634996038	Marleah Cook Silicon	1430 Albert Street, Unit 20-B, Airway Heights, WA	US
S1-513700432	Aastha Developers Limited	North 24 Parganas, West Bengal, North 24 Pgs, Tapavan Apartme T 47 Rajarhat Road Po Hatiarant T-47 Ps- Baguihati Dist North 24 Praganas, Flat No 5 2Nd Floor Phase-2 Tapavan Apartment	India
S1-365101649	Shiv Healthcare Private Limited	C/O Ca Ravi Ranjan, Near Ganga Hospital Harrakh, Begusarai, Bihar	India
S1-833145835	Lotus Lotus Ventures Private Limited	South West Delhi, Basement Safdarjung Enclave, B-2 / 201, Delhi, New Delhi	India
S1-164451034	Physical Therapy Partners of Duluth	311 4th Street, Duluth, MN	US
S1-155935439	Run Texfab Pvt. Ltd.	Maharashtra, Akash Apartment, Mamlatdar Wadi Cross Road No. 4, Malad (, Mumbai, West), Shop No. 12	India
S1-789640186	West Kimco	16121 45th Court, Bellevue, WA	US
S1-270207149	Astron Aggarwal Private Limited	1513 Maker Chamber-5221 Nariman Point, Mumbai, Maharashtra	India
S1-763699029	Superior Wintergreen LLC	5606 Haverhill Avenue, Parma, OH	US
S1-264286945	Niche Degree Co	B - 701, 6Th Floor, Kapil Woodrow Salunke Vihar, Azad Nagar, Pune, Maharashtra	India
S1-159555426	Murray and Morris Inc	334 Grove School Road, Catskill, NY	US
S1-81464501	Khanapur Cement Limited	H/No-434(B), At/P-Bamani, Khanapur, Sangli, Maharashtra	India
S1-118100798	Family Value Center	2600 Heritage Woods Drive, Unit Unit A221, City Of Appleton, WI	US
S1-505708641	Nolting Quality Paper	7507 Stone River Bend, Montgomery, TX	US
S1-900637137	Legacy Asset Dynamics LLC	18434 W Catawba Avenue, Cornelius, NC	US
S1-27596253	Rowland Vanguard Lending LLC	16018 Eastcape Drive, Webster, TX	US
S1-914184157	Az Clinic	213 B, Park Street, Kolkata, Kolkata, Howrah, West Bengal	India
S1-884636999	Great Food Private Limited	Bangalore, Unit 1 Creater International Tech Park Whitefield, Karnataka, Banglore Karnataka	India
S1-234017027	Arrow (India) Hospital Associates	Mumbai, Bldg 6, Oshiwara Saptashrung, Jogeshwari, Mumbai, F-668, Maharashtra, Jogeshwari West	India
S1-309935059	Foot & Ankle Best Care Inc	12320 152, Cologne, MN	US
S1-166762896	Human Rights League	Sugar Land, TX, 13930 Abbey Lane	US
S1-998038166	Lyrari Comstock, LLC	132-19 86 Street, Ozone Park, NY	US
S1-436595309	Human Rights League P.C.	4028 Vermaas Avenue, Toledo, OH	US
S1-82205596	Hughes Staked, LLC	3993 Yukon Avenue, Groveport, OH	US
S1-409906801	Economic Development Committee LP	46 Tonawanda Street, Unit 1, Boston, MA	US
S1-509364858	Elite Talent Industries	6028 Mary Lewis Drive, Austin, TX	US
S1-754628853	Ailis Stennis All Blackstone, LLC	IA, West Des Moines, 10159 Empire Court	US
S1-105718195	Jagatjit Infrahomes Private Limited	C/O- Prem Prakash, S/O- A.N. Srivastava, Vijay Nagar, Khajpura, Patna, Bihar	India
S1-597438945	Bivaus LLC	748 Main Street, Madison, IN	US
S1-41271442	Southern Care Private Limited	Nh Road Near Valar Hospital Ambur Tk Tirupathur Madhanur, Vellore, Tamil Nadu	India
S1-767845223	Sangli Memorial Trust	C-324, Nagar Market, Tanki Road Hari Nagar, Delhi, Badarpur, Part-Ii	India
S1-953598645	Valia Marketing Private Limited	2205 Cyberone Sector 30A, Nrcidco Exhibition Centre, Thane, Maharashtra	India
S1-417911820	White Supreme Care	House No.45 Paras Bunglow Opp.108 Emri Centre Kathvada Road Village Hanspura, Ahmedabad, Gujarat	India
S1-179637561	ZS Business Private Limited	Jyoti School Road, Aamliyo Ki Magri, Bhuwana, Udaipur, Rajasthan	India
S1-346276936	Express Hospitality Alliance LLC	864 3950, Unit B, Millcreek, UT	US
S1-489255633	Summit Metropolitan Coffee	296 Mill Branch Road, Richwood, WV	US
S1-84092538	RN Nextera LLC	21524 Coyote Trail, OK, Sand Springs	US
S1-158565674	Association Services Private Limited	7/28, G-11, Vardan House, Ansari Road, Daryaganj, Delhi, Central Delhi, Delhi	India
S1-494413089	Direct Empire LLC	808 Pennell Street, Carl Junction, MO	US
S1-873841182	Tirupati Software Private Limited	No.907, Brigade Towers Brigade Road, Bangalore, Karnataka, 9Th Floor, 135	India
S1-737900643	Payne's Interstate Investments	1729 90, Florida, NY	US
S1-361452106	United Developers Private Limited	Uttara Kannada, Karnataka, Shri Chitrapur Math, Bhatkal	India
S1-701474916	Smart Property Industries PC	820 Westmor Street, Village Of Spring Green, WI	US
S1-822322006	Good Software Private Limited	30D, Jawaharlal Nehru Road, Kolkata, Kolkata, Howrah, West Bengal	India
S1-368805076	Himanshu India Pvt. Ltd.	House No 8, Khasra No. 893, Sagun Vihar Phase 2, Takroti Bazar, Indira Nagar, Lucknow, Uttar Pradesh	India
S1-163545256	Marvelous Hospitality Pvt. Ltd.	New Delhi, Delhi, 1763, Ist Floor, Multani Mohalla Rani Bagh, Shakur Basti	India
S1-960112203	Bangalore & Co	Trivandrum, T C 34/325, Kerala, Thiruvananthapuram, Eda Palace Beach Road, Sangumuhom P O	India
S1-349640357	Nestor Services Private Limited	27-B, Prithviraj Road, New Delhi, South Delhi, Delhi	India
S1-448428447	IP Construction Private Limited	405-406, Eldeco Corporate Tower Vibhuti Khand, Gomti Nagar, Lucknow, Uttar Pradesh	India
S1-134531939	Donaldson Bdc LLC	385 Mary Ln Circle, South Lebanon, OH	US
S1-951151165	Phulwari Star Private Limited	B 25A, Sk Puri, Sahdev, Mahto Marg, Krishna Puri, Phulwari, Patna, Bihar	India
S1-476002534	Pioneer Harmony Inc	5144 Sandpiper Court, Grove City, OH	US
S1-216309388	Miller, Cheryl, D.D.S.	12900 State Rte 37, Crooksville, OH	US
S1-298079568	Kamlesh Welfare Society	Maharashtra, Mumbai, Bandra Suburban, Jainika Chs Ltd, Opp. Malcom Baug, S.V.Road, Jogeshwari (East), 4	India
S1-307119124	Behavioral Health Specialists LLC	4721 Woodlawn Avenue, Unit H, Chicago, IL	US
S1-673544849	Perfect Agro Private Limited	Ansal Chambers - Ii 6, Bhikaji Cama Place, New Delhi, South Delhi, 206, Delhi	India
S1-990585814	Lucknow Textiles Private Limited	Kalyan Pur (West) (Near Mazar Wali Maszid), Kalyanpur (Lucknow), Lucknow, Uttar Pradesh	India
S1-655570049	Ear Nose & Throat Medicine of Stow Group	3431 Marcella Avenue, Stow, OH	US
S1-411241153	Helios, LLC	2239 8 Street, Brooklyn, NY	US
S1-978597738	Guru Trading Private Limited	823, 4Th Cross, I Stageindiranagar Bangalore, Bangalore, Karnataka	India
S1-859625888	Varad Trading Private Limited	B 52 Ganeshkunj Society, Nandelav (Part), Bharuch, Bharuch, Gujarat	India
S1-806083980	White Projects Limited	Ahmedabad, 101/1, Isro Ramdevnagar Jodhpur Tekra, Satyagrah Chhavvani B/H, Gujarat	India
S1-955348412	First All Antimony	8 144th Street, Ocean City, MD	US
S1-528170190	Metropolitan Biomedical LLC	5623 165th Place, Bellevue, WA	US
S1-331293888	Quartz	306 Highway 232, Keo, AR	US
S1-602543877	Pinnacle Galata LLC	9 Bates Lane, Brookhaven, NY	US
S1-236233125	Oona Hernandez Integrated Sky	24 Nadeau Drive, Wrentham, MA	US
S1-817580302	Universal Construction Pvt Ltd	117 A Elango Nagar, Avarampalayam Ganapathy Po, Coimbatore North, Coimbatore, Tamil Nadu	India
S1-850676790	Abra's First Trading LLC	1 New Ballas Place, Unit APT 339, Saint Louis, MO	US
S1-419767988	Womens Health Clinic	6015 Old Bailey Highway, Nashville, NC	US
S1-572076638	Midyne Bce	10948 262nd Avenue, Zimmerman, MN	US
S1-271323859	Rickie Adams Annaly PLLC	1652 52nd Street, Unit 27, Phoenix, AZ	US
S1-954288988	Primary Care Partners Clinic	36804 W Old Gate Drive, Georgetown, DE	US
S1-829009276	Continental Family Practice	485 Main Street, Branford, CT	US
S1-985557718	Jvr & Partners Co	Satkar Society Chitra N/R Pressqu. Shop No. 2, Bhavnagar, Gujarat	India
S1-944132320	Apex Blue Residential	7902 Spanish Oaks Drive, Waxhaw, NC	US
S1-557475106	Allied Ministries LLC	5123 24th Avenue, City Of Kenosha, WI	US
S1-88641792	Coor Super, PLLC	640 Jane Street, Waterloo, IA	US
S1-79311902	Form Export Associates	Plot 242/243/244 Flat 5 Sector 21 Nerul, Maharashtra, Navimumbai, Thane	India
S1-257033709	Properties Dimension Vinimay Pvt Ltd	Plot No.8-2-293/82/A/732, Plot No.732-A, Q-Hub, Road No.36, Jubilee Hills, Hyderabad, Rangareddy, Telangana	India
S1-755503891	Mumbai Prime Private Limited	50-315, M H B Colony, Dindoshi Ali Awer Jang Road Highway, Malad East, Mumbai, Mumbai City, Maharashtra	India
S1-59777756	Historical Initiative LLC	1805 Old Mayfield Road, Pittsylvania County, VA	US
S1-333874857	Breaux Highland Connecticut LLC	340 Lake Avenue, Hilton, NY	US
S1-713807961	Secure Montreal LLC	5507 Lake Ridge Terrace, Bowie, MD	US
S1-207103226	Jp Technologies Private Limited	No.19, Vinayakar Koil Street, Chettipalayam Road, Opp. To G.D.Water Tank, Podanur, Coimbatore, Tamil Nadu	India
S1-896709991	Joynt Specialists LP	632 Birthstone Avenue, Memphis, TN	US
S1-86875650	Danila's Signature Supply	2529 Arlene Avenue, Dayton, OH	US
S1-989976700	Rowland and Porter Inc	715 8th Avenue, Stillwater, OK	US
S1-779254358	Indian Impex Limited	Oaks' High School Campuschessan Road, Panchagani, Satara, Maharashtra	India
S1-171254077	Bricklayers Local Union 984	7412 Eastgate Circle, Salina, NY	US
S1-436407826	Hestia Ison Smart Oxley, LLC	Naperville, IL, 1209 Sunnybrook Drive	US
S1-639885655	Bright Coffee	4795 Case Court, Cleveland, OH	US
S1-995348722	Kravitz & Smith LLC	Lyons, 510 Jay Street, KS	US
S1-462439861	Board of Finance	169 Dye Drive, Beckley, WV	US
S1-933657588	Saint Baptist Church	2216 Riffle Drive, Leavenworth, WA	US
S1-597185356	Galaxy Consulting	Sector-41, Noida, D-113, Gautam Buddha Nagar, Uttar Pradesh	India
S1-161671316	Spark Overseas Ltd	K-571, New Karehra Colony, Ghaziabad, Ghaziabad, Uttar Pradesh	India
S1-324190138	United Infra Private Limited	Puraniks Aldea Espanola, D1 Avila, Flat No.103, Sr No Near The Orchid Hotel Murkutenagar, Taluk, A Haveli, Pune, Maharashtra	India
S1-607370640	Caldex Best Inc	22 Inwood Lane, Cortlandt, NY	US
S1-51079946	OXU First Private Limited	Pune, Office No 4C, Maharashtra, B-3, Cerebrum It Park S.No 13 & 14(P), Hissa No- 1/2/3 Wadgaonsheri, Pune	India
S1-85186896	Southern Classic Navigation LLC	3604 Ws Young Drive, Unit 215, Killeen, TX	US
S1-559182554	Oncology Care	35 Wilkins Road, Holliston, MA	US
S1-349969025	Roberts Rush LLC	424 Blackstone Avenue, La Grange, IL	US
S1-853633784	Csr India Private Limited	Golf Green Urban Complex Flat No - Sd - 4, Kolkata, Howrah, West Bengal	India
S1-446579873	Elonore Short Third Inc	335 Walnut Street, Lebanon, KY	US
S1-827099844	Zuniga Aktiengesellschaft LLC	1015 Delaware Avenue, Unit Apartment 409, Buffalo, NY	US
S1-277963909	Sataywan Traders Limited	Back Side Of, Vivekananda Siksha Kendra, Khordha, Ddl/884, Balianta, Orissa	India
S1-533040237	Adventure Sangh	K-1 Ashiana, Lucknow, Uttar Pradesh	India
S1-491314914	Collier Allied Cable LLC	3881 Park Road, Town Of Morrison, WI	US
S1-417327232	Superior Braemar LLC	5017 42nd Avenue, OR, Portland	US
S1-618143705	Southern Technology Private Limited	No 53, 202, 11Th Main, Malleshwaram West, Bangalore North, Bangalore, Karnataka	India
S1-189408085	Chiropractic Care	1731 21st Avenue, Unit A, Nashville, TN	US
S1-775529008	Deyoung Pinnacle Loan Inc	3847 Welden Drive, Lebanon, OH	US
S1-575091797	Rafter, Susana E., DPM	2220 Mission Lane, Unit 3106, Phoenix, AZ	US
S1-158464472	Raj Commerce (India) Private Limited	Plot No. B-44 And B-44/A, Centura Sq, Maharashtra, Unit No. 140, Thane	India
S1-853727559	Barber Synchrony	585 Atcher Street, Radcliff, KY	US
S1-755034699	Meola Horse Inc.	8211 20th Street, Lincoln, NE	US
S1-371607638	Economic Development Federal Foundation Inc	7240 Evanel Way, Powell, TN	US
S1-757874399	Excel Institute of Technology	Gram Jalalpur Post Jalal Pur, Barabanki, Uttar Pradesh	India
S1-648261863	Oncology Associates, Corp	7395 Nicklaus Circle, Chesterfield County, VA	US
S1-50216285	Good Finance	H No.565, Vita Road, Khatav, Khatav, Satara, Maharashtra	India
S1-430979835	Laum, LLC	713 Parkwood Trail, Mesquite, TX	US
S1-24374377	Heritage Program LLC	500 Toltec Drive, Gallup, NM	US
S1-847933903	Shree Finance Private Limited	F 44 Nandpuri Extn Jaipur Swej Farm Sodala, Jaipur, Rajasthan	India
S1-760316546	Environmental Project PC	124 Main Street, Sparkman, AR	US
S1-608650704	Premier Gulf Reit	15-24 Clintonville Street, Whitestone, NY	US
S1-931624521	Barker & Ruiz Bright	6329 Barcroft Mews Drive, Fairfax County, VA	US
S1-158784094	Hotel Alpha Technologies Limited	16/18 Mukund Iron Societymulund (E) Mulund East, Mumbai, Maharashtra	India
S1-147805888	Enva, LLC	7251 Town Line Road, Eveleth, MN	US
S1-240808247	Indian Construction	Sree Krishna 353/1 Dr Lakshmanaswamy Road Kk Nagar, Chennai, Tamil Nadu	India
S1-596159058	Cleveland Community Services	1217 Golf Drive, Cleveland, TN	US
S1-348575824	Quality Wellness Works LLC	13270 Fralick Road, South Solon, OH	US
S1-244341341	Cancer Trust	1472 Addison Road, Capitol Heights, MD	US
S1-630131818	XDR Long	AZ, Unit 209, Phoenix, 3230 Roosevelt Street	US
S1-181508905	Iddings Village, Corp	1754 Roosevelt Road 1, Portales, NM	US
S1-476352786	Al Global Private Limited	6, Joy Builders Colony Rani Sati Mandir, Indore, Madhya Pradesh	India
S1-918007528	Lisbeth Hannemann Holdings PLLC	Montgomery, 350 Topper Pines Drive, TX	US
S1-324612202	Alford Industries	2220 San Juan Mine Road, Safford, AZ	US
S1-196556776	Mair Ramales Blue Fuel LLC	91 Sunset Avenue, Glen Carbon, IL	US
S1-916541511	Fisher Kimco	3737 135th Street, Seattle, WA	US
S1-91583802	Auraiya Mills Private Limited	Paramhans Nagar, Shayal Road, Dibiyapur Auraiya, Auraiya, Uttar Pradesh	India
S1-374601217	Param Sharnam Ltd	D-1/5 Dlf Ph-I, Gurugram, Hr, Ind, Sadar Bazar, Gurgaon, Haryana	India
S1-255578110	Consulting Welspun Breaking Private Limited	Building No. I/2, Flt No. 101, Opera Pam, Kholvad, Taluka- Kamrej, Kamrej, Surat, Gujarat	India
S1-714707122	American Total Inc	4314 Worthing Lane, Chesapeake City, VA	US
S1-693815176	Girnar Adventures Pvt Ltd	Kerala, Flat No 15 F, B Block, Heera Infocity, Kuzhivila, Thiruvananthapuram, Tc 97/1111, Trivandrum, Thiruvananthapuram	India
S1-392983593	Gujarat Creative Power Private Limited	Gujarat, Ahmedabad, Shed No. C-51, Shiv Industrial Park, Ambica Mill Compound, Nr. Vatva Overbrid, Ge, Vatva, Ahmedabad	India
S1-753613672	Housing Fellowship	Fontana, 7068 Bandon Drive, CA	US
S1-621280823	Legacy Allied Properties LLC	9 Steven Court, Poughkeepsie, NY	US
S1-164150228	Hanks Enterprises LLC	1133 El Capitan Loop, NM, Grants	US
S1-214106995	Global Chem Private Limited	202/212 Valiulla Commercial Complex, Nagdevi Street, 1St Floor, Office No. 13, Mumbai, Mumbai City, Maharashtra	India
S1-135859843	Saicharan Decor Private Limited	C4, Sidco Industrial Estate West Hill, Beach Road, Calicut, Kerala	India
S1-623192573	Jay Card Private Limited	# 78, Spencer Road, 2Nd Cross, Frazer Town, Bangalore, Karnataka	India
S1-721795590	Kanak Welfare Society	C/O Sharat Chandra Pandey, 2592 Lohiya Path Nala Par, Phulwari, Patna, Bihar	India
S1-862436045	Atlantic Platinum Granite Co	821 Carowood Drive, Salisbury, NC	US
S1-921795813	Vip Solutions Limited	Off401, Sn25/1A, 26/1, 3A/A, Marvelalaina, Koregaonpark, Pune City, Pune, Maharashtra	India
S1-103999509	Hoffman Midwest Power Group	339 Shangrila Way, Meridianville, AL	US
S1-717710790	Lakdawala Public School	Plot No 2 First Floor Ind, Sector 87 Nr Mdps, Faridabad, Haryana	India
S1-140291661	Swastik South Engineering Private Limited	Plot No 1, Level 1, Road No 1, Mid Town, Banjara Hills, Hyderabad, Telangana	India
S1-477941718	Office of Transportation Clinic	IL, River Forest, 1526 Franklin Avenue	US
S1-71765985	Dermatology Medicine P.C.	25 Jalapa Court, Brownsville, TX	US
S1-755926812	Good First Technologies Private Limited	Bangalore, Karnataka, Ii Floor, 160/38, Hanumanthanagar	India
S1-613567635	Wolf Point Bright Alliancebernstein	6889 Ps 2 Drive, Wolf Point, MT	US
S1-145360357	Orthopedic Center LLC	4712 Old Stump Drive, Gig Harbor, WA	US
S1-403269675	Tadion, PC	5923 12th Street, Unit APT B4, Indianapolis, IN	US
S1-363075755	MH Preferred Research	3300 134th Street, Cleveland, OH	US
S1-435770695	Inesita's Cleaning Service LLC	56 Padilla Road, Belen, NM	US
S1-127258299	Literacy Initiative Clinic	2296 St Rte 179, Loudonville, OH	US
S1-693480393	Star Logistics Private Limited	H. No. 2-2-1076/1/B, Ground Floor Tilak Nagar, New Nallakunta, Hyderabad, Telangana	India
S1-194230101	Onex & Co Ltd	8-3-1110/D, P.No.25 Keshava Nagar Colony, Srinagar Colony, Hyderabad, Telangana, Hyderabad	India
S1-960230218	Belew Unified Dave	2213 Hedge Maple Drive, Fuquay-varina, NC	US
S1-644362262	Environmental Alliance	4416 Lassen Trail, Forney, TX	US
S1-887329909	Indo Constructions Private Limited	Fltno:201, Sadaat Manzil, 8-1-398/D/67, Ias Colony, Golconda, Hyderabad, Telangana	India
S1-704343442	Claybaugh Fashion LLC	IN, 4823 Dobson Drive, Lafayette	US
S1-309927546	Kader Pacific Renewables LLC	6876 Channel Road, Fridley, MN	US
S1-346739858	Laplante Scientific of Killeen PLLC	2906 Greystone Drive, Killeen, TX	US
S1-918654322	Supreme Cslm LLC	1105 217th Place, Sand Springs, OK	US
S1-716432085	Bolin Tech	241 Michigan Avenue, Cary, NC	US
S1-933819234	Powell Imperial Inc.	4092 County Road 455, Thorndale, TX	US
S1-849843078	GQM Buildtech	Bangalore, No.2, Karnataka, Bangalore, 1St Floor, Mamatha Building, Marathahalli P.O	India
S1-231483895	AXD Jewel Private Limited	First Floor Room No 38/241, Ayisha Complex, Tirur, Malappuram, Malapuram, Kerala	India
S1-761859977	Conley and Gibbons Inc	5450 King Salmon Drive, Kenai Peninsula Borough, AK	US
S1-603100261	Baba Products Private Limited	A 304, A Block, Gopala Habitat Splendour Apts, Itpl Road, Kundalahalli, Bangalore, Karnataka	India
S1-738609535	Galaxy Balaji Systems	165, Kahipur, Kheralu, Kahipur, Gujarat	India
S1-839040172	Morrow & Johnson Trailblazer Inc	3396 Oro Grande Boulevard, Lake Havasu City, AZ	US
S1-766454559	Amritsar Elastic Pvt. Ltd.	814 Diamond Avenue, Majitha Road, Amritsar, Punjab	India
S1-175206449	Board of Aging	Logan City, UT, 182 Penny Lane	US
S1-632808676	Blue Technologies Private Limited	A-263, Vishwakarma Colony, M.B. Road, Lal Kuan, New Delhi, Delhi	India
S1-856581569	Tour & Sons Private Limited	Bhilavada Galli, Neri Bk, House No-993, Jamner Road, Jalgaon, Maharashtra	India
S1-347511982	Parameshwari Infra Co	S.T.Dollar Chamber, 6-2-40, A.C. Guards, Hyderabad., Telangana	India
S1-419672869	Tri-State Project VI	612 Old State Route 34, Jonesborough, TN	US
S1-67456270	Sai & Co	18, Rabindra Sarani Room No. 308, Floor 3, Gate No. 4, Podda, R Court, Kolkata, Kolkata, Howrah, West Bengal	India
S1-288529530	Buex LLC	190 Redmar Boulevard, Radcliff, KY	US
S1-85617707	Jett's Healthcare	9513 Hwy 10, Greenwood, AR	US
S1-568307010	Autism Assistance Network	AZ, 16738 Briles Road, Surprise	US
S1-645079990	Star Ss Builders Limited	Kolkata, Rabindra Sarani 3Rd Floor, Room No - 88, West Bengal, 187, Howrah	India
S1-27788636	Cathey and Harris	4370 Rte E, Fl 1, Columbia, MO	US
S1-663408142	Surgical Medicine LLC	5306 Harris Reservoir Road, Rosharon, TX	US
S1-783710172	Scan Trauma Private Limited	08/6Th Floor, Loha Bhavan, 20 Sabarkunj Society, B/H Hhigh Court, Income Tax, Ahmedabad, Gujarat	India
S1-466950896	NZN Industries Pvt Ltd	Mumbai City, Mumbai, Maharashtra, Flat No. 1102, 11Th Floor, Plot-25, Sheel Marie, Khan Abdul Gaffar Khan Marg, Worli Seafa, Ce, Worli	India
S1-712049302	Man Finance LLP	H.No193 Near A2Z Colony Sahawali, Muzaffarnagar, Uttar Pradesh	India
S1-70734274	Kittie Salas Motors, L.L.C.	715 Mary Drive, Hurst, TX	US
S1-500168184	United Fund	1316 2nd Avenue, Rock Island, IL	US
S1-655958632	Gulf Choice Pono	210 Largon Lake Lane, Town Of Mckinley, WI	US
S1-757815451	Future Finance Pvt Ltd	D-355, F/Floor, Right Side, Block - D Ganesh Nagar, Pandav Nagar Complex, Delhi, East Delhi, Delhi	India
S1-825400525	Colonial Gas	7311 Maitland Lane, Charlotte, NC	US
S1-446889645	Saverify Premier Services	3408 915, Shipshewana, IN	US
S1-378004676	Bright Consultancy Pvt Ltd	B-311, G/F New Ashok Nagar, Delhi, East Delhi, Delhi	India
S1-331382921	Kisan Solutions	Gat No 22, Jiri, Sillod, Aurangabad, Maharashtra	India
S1-931363727	Williams Star Insurance Associates	6011 133rd Place, Edmonds, WA	US
S1-395241139	Alpha Bright Finance Private Limited	D No 12-8-42, Floor No 2, Savithri Mallaiah Arcade, Secunderabad, Hyderabad, Telangana	India
S1-521225744	Halcora Blackrock LP	105 Cherry Street, Unit Apartment 2, Poughkeepsie, NY	US
S1-159689282	Frantz Consolidated, LLC	IN, Indianapolis, 2122 Lappin Court	US
S1-370823329	Golden Royal Inc	2801 Accokeek Road, Accokeek, MD	US
S1-986735574	City Consultancy Limited	S. No. 18 Spot 18, Shop S-202 Sai Chowk, Pune City, Pune, Maharashtra	India
S1-391957338	XL Excavation	233 Jessamine Avenue, Unit Apartment 2, Yonkers, NY	US
S1-474059611	Coleman Stone LLC	952 Park Avenue, Herndon Town, VA	US
S1-794412714	Eddinger Briacell	1901 Sheridan Street, Hyattsville, MD	US
S1-140719387	Barb Glover Utilities, LLC	10829 Mackinaw Avenue, Chicago, IL	US
S1-313418150	Crystal Consultants Pvt Ltd	Bengaluru, Kbr Home, Karnataka, Siddharamaiah Street Ward 13 Melekote Kanakapura Town, Ramanagara Dt, Bangalore	India
S1-218118214	India Palvi Internationalprivate Private Limited	H.No 8-1/1/Gb/07, Gokuls Brindavanam, Dundigal-Gaindimaisamma, Tirumalagiri, Hyderabad, Telangana	India
S1-902469435	Bobinette Kauffman Crystal Popular LLC	935 Main Street, Unit C2, Manchester, CT	US
S1-113859821	Wynn Rush Corp	Marshfield, Unit 2-4, MA, 440 Plain Street	US
S1-385155661	City Foods Pvt Ltd	91/79, Vill Chilla, Near Sports Club, Delhi, East Delhi, Delhi	India
S1-511786818	Better Mobility Partners LLC	1216 Country Club Terrace, Jonesboro, AR	US
S1-450460872	Blue Public LLC	1211 Sawyer Loop, Hardin, MT	US
S1-150121061	Platinum Logistics Systems	TN, Memphis, 665 Fourth Street	US
S1-183393724	Adp Engineers Private Limited	2803, 28Th Floor, Rosa Bella, G B Road Opp Suraj Water Park, Waghbill, Thane, Maharashtra	India
S1-567321438	Transcontinental Telecom Worldwide Group	909 Elm Street, Salina, KS	US
S1-966392695	Cooper Institute of Technology LLC	107 Valley View Avenue, Selah, WA	US
S1-607680991	Pragati (India) Consultancy Pvt Ltd	Kaloor, Kerala, C 1102 Jawaharlal Nehru Stadium, Ernakulam, Cochin	India
S1-807302006	QGV Publishing Pvt Ltd	250, J.J. Road, Alwarpet, Teynampet, Chennai, Tamil Nadu	India
S1-448440489	Aditya Business Private Limited	Vii/497J Alsulaimanmanzil, Kurattissery, Mannar Po, Chengannur, Alappuzha, Kerala	India
S1-345373872	Agro Braj Finance Public Limited	No.100, Bazaar Streetvandavasi-604 408 Vandavasi-604 408, Vandavasi-604 408, Cuddalore, Tamil Nadu	India
S1-359744244	Omkar (India) Rubber Pvt Ltd	6/3G/50 Om Nagar Near T.P. Nagar, Agra, Uttar Pradesh	India
S1-910138376	Diamond Environmental Labs	3702 Greenly Street, Silver Spring, MD	US
S1-600548479	Pediatric Dentistry Associates Inc	10303 Alta Place, Waldorf, MD	US
S1-560985215	Khushbu Association LLP	23, Hemkunt Colony Opposite Nehru Place, New Delhi, Delhi	India
S1-320471372	Yuvraj Memorial Trust	Hyderabad, Sai Nagar, V Puram, Telangana, Hyderabad, H.No- 1-16-69/2	India
S1-702907077	Berte Davis Continental Sprott PC	5404 Fairlawn Avenue, Baltimore, MD	US
S1-846728555	Srinivasa Solution (India) Private Limited	Door No.3/50, 3Rd Street, Rr Nagar, Srinivasapuram, Paraniputhur, Chennai, Tamil Nadu	India
S1-527242999	Trends Foodstuff Private Limited	14-13/5 Mercy Homepost Office, Kanjiracode-629 155., Kanyakumari, Tamil Nadu	India
S1-445781733	Indrendra Exim Ltd	Flat No 94 3Rd Flr, Typ A, Pkt-17, Sector-22, Rohini, Delhi, North West Delhi, Delhi	India
S1-870921511	All Estate Private Limited	64/1 G.T Road North Lp-75/16, Howrah, West Bengal	India
S1-905838771	Uptown Bakery Inc	477 White Oak Lane, Lake Barrington, IL	US
S1-589830096	Pediatric Dentistry Care of Virginia Beach City	1753 Kitimal Drive, Virginia Beach City, VA	US
S1-722332805	Halcon Metal	3313 Marlbrough Way, College Park, MD	US
S1-953361747	East Montessori School	4125 72nd Avenue, Portland, OR	US
S1-470649404	Lovue	2722 Chukar Road, Knoxville, TN	US
S1-942865013	Fresh Realty Networks Inc	IN, 159 Fletcher Avenue, Spencer	US
S1-875023677	Classic It Private Limited	Karnataka, N0 424/58/3, Koodlu Revenue Layout, Bommanahalli, Bangalore	India
S1-380898922	Jade Memorial Trust	Shop No. 8, Ground Floor, Csc-5, Avantika, Sector-1, Rohini, Delhi, West Delhi, Delhi	India
S1-891632161	Indo Impex Private Limited	504, Capstone, Chirag Motors Cross Road Near Parimal Garden, Ahmedabad, Gujarat	India
S1-794896296	Robinia Miller Smart Cadenza LLC	6435 Redmont Drive, Mesa, AZ	US
S1-802914432	Young Dental Associates	19478 Auburn Street, Elk River, MN	US
S1-963139360	Surya Consultants	Darbhanga, C/O Ram Bilash Bhagat, Maneshwar Bhagat Vill-Mankauli, Block-Singhwara, Bihar, Darbhanga	India
S1-674464827	One Consultancy Private Limited	C/O Umashankar Thakur, Vill-Belahi Nil Kanth, R.Saidpur, Sitamarhi, Bihar	India
S1-537492893	Kim Social LLC	141 Manning Boulevard, Fl Floor 1, Albany, NY	US
S1-3309490	Cardiology Medicine	53-15 39 Avenue, Sunnyside, NY	US
S1-519264995	Richards & Rivas	8040 13th Avenue, Portland, OR	US
S1-171933320	Rambha Traders	Bldg G Unit No G-101, Park, Royale, Sr No 14 And 15, Pune City, Pune, Maharashtra	India
S1-973271972	Hall, Brenda, DPM	1857 Orchard Street, Chicago, IL	US
S1-615856857	Sumukh Educational Private Limited	21/551 (18/539B), Alpara, Kannara P O Panancherry Panchayath, Thrissur, Kerala	India
S1-748769417	Berenice B. Castaneda, Ph.D.	1806 Spanish Trai Drive, Granbury, TX	US
S1-338606780	Arch Sangh	C/O Krishna Prasad Yadav, Holding No.89/53, Gandhi Chowk, Mahavir Lane, Kali Maa Madir, Mahendru, Patna, Bihar	India
S1-793774569	1271 Fourth St Properties	403 21st Street, Owensboro, KY	US
S1-236528455	Swastik Tech	Office No.#8, 1St Floor, Xl Tower, Cl Layout, Hosur Road, Adugodi, Banglore, Bangalore South, Bangalore, Karnataka	India
S1-460324844	Wakefield's Cafe LLC	6311 Marsh Avenue, Huntsville, AL	US
S1-505990921	Infinit Jewellery	Bankura, West Bengal, Subhankarpally	India
S1-726664732	Historical Federation	3018 Patrick Henry Drive, Unit CND 301, Fairfax County, VA	US
S1-908766976	Green Healthcare Private Limited	Shop No. 8, Govindwadi Shopping Centre Govindwadi, Isanpur, Ahmedabad, Gujarat	India
S1-592477044	Koeppel Metro Clean	622 7th Avenue, Winterset, IA	US
S1-491424252	Victor Design Private Limited	204/A, 2Nd Floor, Shilp 3 Nr. Mann Party Plot, Opp. Pakvan, Bodakd, Ev, Ahmedabad, Gujarat	India
S1-296172634	Daniels Crest L.L.C.	353 Ridgeview Lane, Canton, NC	US
S1-562308291	Bay Council Inc	220 Main Street, Smiths Grove, KY	US
S1-165670278	Bright United Northland LLC	Unit APT 2136, 5600 Carmichael Road, AL, Montgomery	US
S1-540722954	Al Black Hospitality Private Limited	Lucknow, Munnukhera Para, Uttar Pradesh, C/O Sunita Maurya, Lucknow	India
S1-386585818	Z 3 Silver Apollo	2 Exline Street, Coalton, OH	US
S1-894141939	Prayas Energy Pvt. Ltd.	R No.6 Sayli Palace Bldg, Nemade Gally Nr Athavan B, Kalyan, Thane, Maharashtra	India
S1-87354157	Sparsh (india) Limited	No 24/38, Ff 2, Kutti Gramani Street Raja Annamalaipuram, Chennai, Tamil Nadu	India
S1-703184486	Finn World Inc	549 Lance Road, Cashiers, NC	US
S1-851293213	Mumbai Beverages Corp	Mumbai City, Mumbai, Maharashtra, Flat No-102 1St Floor Neelkanth Enclaves Lbs Marg Ghatkoper	India
S1-553794100	Allied Gulf Kodiak	Russell County, 236 Kennedy Drive, VA	US
S1-249444341	Khagaria Wires Company	Khagaria, H/O- Dawarika Pd Yadav, S/O- Shivdhari Yadav, Mahdipur, Khagaria, Bihar, Khagaria	India
S1-378904437	Bombay Finance Limited	Survey No.293, Matirala Varsada Road, Matirala Ta-Lathi, Lathi, Amreli, Gujarat	India
S1-314539380	Services Madan Leasing Limited	16, Swagat Bunglow - 3, B/H O.N.G.C. Opp Swagat-1, 100'Ring Rd, Opp Janta Nagar, Chandkheda, Ahmedabad, Gujarat	India
S1-439484610	Scholarship League	122 Irving Street, Norfolk City, VA	US
S1-289336529	Tion Imaging LLC	10319 Texas Avenue, Mesa, AZ	US
S1-988106703	Drayus Esports LLC	2500 Upper Farm Road, East Norriton Township, PA	US
S1-72783132	Malappuram Chits Private Limited	Door No. 6/252 R, Ksm Complex, Good Shed Road, Tirur, Malappuram, Malappuram, Malapuram, Kerala	India
S1-393612987	Swastik Producer Private Limited	Kuppusamy Complex First Floor 34/8-1, Rajabathar Street, T.Nagar, Chennai, Tamil Nadu	India
S1-584664080	Deloatch & Fenwick Bancorp LLC	344 16th Place, City Of Sturgeon Bay, WI	US
S1-253432851	Sushma Trexim Pvt Ltd	H.No.5-4-43, Bjp Office Road Kukatpally, Hyderabad, Rangareddy, Telangana	India
S1-219818684	Keystone Regional Dental LLC	8531 Silver Lure Drive, Humble, TX	US
S1-827172283	Hari Vision Investments Pvt Ltd	Surat, Gujarat, H.No.2886/B-1-2-3Rd Floor, Surat, Off-3/A-B, The Financial Supermarket Tower, Salabatpura	India
S1-161242415	Optimal Ace Quartzsea LLC	16536 Galaxie Way, Lakeville, MN	US
S1-765837590	Red Products Private Limited	A-61, Brij Vihar, Phase-1, Kamla Nagar, Agra, Uttar Pradesh	India
S1-589180177	Modern Investment Private Limited	Plot No. 94 To 103 Saidurga Chs Ltd, Khotwadi, Phirozshah Mehta Road, Near Milan International Hotel, Mumbai, Maharashtra	India
S1-849287297	EU Electrical Group	Jawaharlal Nehru Stadium, Periyamet, Tondiarpet Fort St George, Chennai, Tamil Nadu	India
S1-190914764	Birch, LLC	569 4th Street, Columbus, OH	US
S1-976514148	Aggi Murphy, D.D.S.	24783 Basel Drive, Crestline, CA	US
S1-89023694	TU Medicare Private Limited	72, Second Floor Taimoor Nagar, New Friends Colony, Delhi, South Delhi, Delhi	India
S1-233766774	Bay Charities VI	654 Aviator Drive, Fort Worth, TX	US
S1-965712265	Indo Enterprises Private Limited	8A, First Main Road, Thirupathy Nagar Kolathur, Chennai, Tamil Nadu	India
S1-825331896	Delta Trust	130 Kidd Road, Vincent, AL	US
S1-836246940	Solutions Enterprises Private Limited	254 Pocket C Sarita Vihar, Delhi, South Delhi, Delhi	India
S1-279077140	HY Services Ltd	1A, D.L. Khan Road Jaju Bhavan, 4Th Floor, Kolkata, Howrah, West Bengal	India
S1-544296349	Capital Guild VI Care	25923 Washington Boulevard, Kingston, WA	US
S1-308283828	Rock Hill Family Fresh Network	Rock Hill, SC, Unit APT 1331, 830 Wilkerson Road	US
S1-192457992	Desoft Shipping Inc.	AL, Troy, 217 3305	US
S1-648739308	Express Gamco LLC	AZ, 1505 9th Street, Parker	US
S1-671230899	II Executive Private Limited	14D, Dukes Apartments, Skyline Imperial Garden, Stadium Link Road, Palarivattom, Kochi, Ernakulam, Kerala	India
S1-697277601	Pediatric Dental Partners	514 Autumn Ridge Way, Dandridge, TN	US
S1-645513574	QN Associates Private Limited	Gujarat, Ahmedabad, Vadilal Houseshrimali Society Nr Navrangpur Rly Crossing Navrangpura, Ahmedabad	India
S1-917347390	G/Z Clough	11112 Success Ln, Heritage Creek, KY	US
S1-213111284	Singleton & Stokes LLC	4284 Persimmon Path, Clay, NY	US
S1-417998620	Douglas Baptist National Center	752 8th Street, Douglas, AZ	US
S1-404266700	Tiffanie Blake Gen	3668 Roloson Hill Road, Dix, NY	US
S1-877491121	Sharmistha Academy Private Limited	Opposite Government Senior Secondary School G.T Road, Manawala Kalan, Amritsar, Punjab	India
S1-743693583	A Quality John Inc	941 Mellowood Drive, Indianapolis, IN	US
S1-805330097	Koduvally International Pvt Ltd	20/35 F Hanas Building Palakkutty, Koduvally, Kozhikode, Kerala	India
S1-316682159	Delta Center LLC	5151 112th Street, Garfield Heights, OH	US
S1-380059577	Raj Big Exports Private Limited	120, 1St Floor, Jmd Pacific Square Nh-8, Sector-15, Part-Ii, Gurugram, Gurgaon, Haryana	India
S1-171377563	Saraswati Chand Private Limited	32-66/6, Balaji Colo, Gk Colony, Tirumalagiri, Hyderabad, Telangana	India
S1-126632599	Western East LLC	1818 Cornelia Street, Ridgewood, NY	US
S1-787184699	Consultants Vishwamangal Casting Limited	F. No.210, Ushodaya Tower, Shapov X Roads, Tirumalagiri, Hyderabad, Telangana	India
S1-552356044	Ceja, Moncada and Lyles Inc	305 Plymouth Street, Athens, WV	US
S1-950915630	Choice Learning Advisors LLC	233 Locust Lane, Elkton, MD	US
S1-71852308	Kbk Consultancy	35/1/A, Rakshe Vasti, Mulshi, Man, Mulashi, Pune, Maharashtra	India
S1-398450481	Services Karta Realtech Company	No. 29/310A, Mathuris Building, Kalamassery, Ernakulam, Kerala	India
S1-21991994	Gouri Institute of Technology Private Limited	6 Mandudari Bldgsharmrao Vithal Marg, Mumbai, Maharashtra	India
S1-79065770	Cato, Williams & Medeiros Inc	9519 Carmalee Street, Houston, TX	US
S1-999229814	United Agro Pvt Ltd	Hig-19, Link Road No-1 Nishat Enclaves, 74-Bunglows, Bhopal, Madhya Pradesh	India
S1-377688418	Ear Nose & Throat Center Group	6517 Center Street, Bloomington, IN	US
S1-45983691	Downtown Hypnosis Corp	2704 Delaney Drive, Burlington, NC	US
S1-938995927	Sumner, Roby, M.D., PC	5581 Dublin Road, Dublin, OH	US
S1-30575990	News Charitable Trust	Venkatesh Trading Corporation, Cts-1245 3/13, Surana Nagar, Aurangabad, Maharashtra	India
S1-536903775	Hitech Power	145, Aa Block, 3Rd Avenue, Anna Nagar, Egmore Nungambakkam, Chennai, Tamil Nadu	India
S1-479962821	Transtech & Co	Door No.21- 19-1088, Revenue Ward No.14, Guntur, Andhra Pradesh	India
S1-274976082	East Of Kailash Global Private Limited	Delhi, East Of Kailash, New Delhi, C-6/77	India
S1-861627521	Back Alley Tattoo	205 Stanley Street, Bryant, IL	US
S1-98032217	Saad Ore Corporation	1 Chitrakut Duplex Oppnandanvan Complex B/H Atwa Jyoti Ashram Race, Course Road Baroda, Vadodara, Gujarat	India
S1-537593174	Ram Galaxy Logistics Private Limited	2-56, Mahalakshmi Homes, Chennaiahgunta Village, New Mangalam, Tirupati (Urban), Chittoor, Andhra Pradesh	India
S1-46359878	Eye Health Inc.	900 Spring Valley Road, Unit 176, Richardson, TX	US
S1-527676886	Piramal & Brothers Private Limited	S V Road, Opp National Garage National Garage, Kheri Nagar Pt Pum Sant, Acruz West, R No. 5 Singh Sadan, Maharashtra, Mumbai, Mumbai City	India
S1-402658309	Maruti & Sons Limited	Flat No. 90, Jaidev Park East Punjabi Bagh, New Delhi, New Delhi, West Delhi, Delhi	India
S1-730460665	Continental Pediatrics Corp	5350 Taylor Street, Unit 145, Phoenix, AZ	US
S1-172123772	Mumbai Services LLP	#6, The New Ratnadeep Chs, Ltd, Ceaser Rd, Amboli, Mumbai, Maharashtra	India
S1-947564072	Mendoza Table LLC	1461 Violet Lane, Bldg 25885, Marysville, OH	US
S1-132928595	Georgeanne Jia Clean Institutions LLC	2702 Urbana Drive, Silver Spring, MD	US
S1-146136198	Assam Metal Pvt. Ltd.	9-4-77/A/249, Hyderabad, Al-Hasamath Colony Toli Chowki, Telangana, Hyderabad	India
S1-368638539	Liane Baro Vii, Inc.	1412 Carling Drive, Unit Apartment 212, Saint Paul, MN	US
S1-256738759	Johnette Hale Creative Purecycle Inc	382 Harmony Drive, Roseburg, OR	US
S1-969063083	Department of Consumer Affairs	758 Mcminnville Highway, Sparta, TN	US
S1-386211591	Marketing Sivasakthi Technology Private Limited	2634, B Mohalla, Ambala Cantt, Ambala, Haryana	India
S1-271626135	Future Developers Private Limited	A-107, A-108, Patel Nagar, Shiwar Mos Sirsi Road, Bindayka, Jaipur, Rajasthan	India
S1-624188031	Bunting, White & Petitt	2915 Landover Street, Alexandria City, VA	US
S1-859446545	Black Foods LLP	B-69, Trimurty Kohinoor Garden, Shyam Vihar Colony, New Sanganer Road, Sanganer, Jaipur, Rajasthan	India
S1-724251180	Legacy National Oncology LLC	335 24th Avenue, Unit 530, Nashville, TN	US
S1-595642877	Elite Broadcast Alliance LLC	IN, 4208 Perry Crossing Road, Sellersburg	US
S1-791526760	Om Impex Private Limited	Flat No. 903 Cl 3 S No. 78 38A 38B Bramha Suncity, Wadgaon Sheri, Pune, Maharashtra	India
S1-127303976	Best Impex Private Limited	No 11/12, 9Th Main Road Dhandeeswaram Nagar, Velachery, Chennai, Tamil Nadu	India
S1-987498835	Shree Welfare Society	Maharashtra, Fl No 1001 Samarth Prasad, Mumbai, Samarth Nagar Lokhandwala, Mumbai	India
S1-461453249	Supreme Properties	Arenja Corner, Sector 17 Vashi, Thane, Navi Mumbai, 48, Maharashtra	India
S1-218209109	Aspire Business Co	Survey No.26-1 Plot No.3-4, Behind Ravi Tiles, Kotda Sanghani, Rajkot, Gujarat	India
S1-193014579	Johnson Spire	307 Malletts Bay Avenue, Winooski, VT	US
S1-210739395	Hendrickson Developments	207 35th Avenue, WA, Yakima	US
S1-154489306	Industrial Logistics Partners Associates	20965 Lakeshore, Springdale, AR	US
S1-313759461	Sirius Group	554 207 5th Street, Selah, WA	US
S1-366371846	Aditva Sports Private Limited	Ahmedabad, Gujarat, 4-A 4Th Floor New York Corneropp Rajpath Club Bodaldev, Ahmedabad	India
S1-759430857	Vdl Holiday Ltd	Ea1/6 Deshbandhu Nagar, Baguihati, Kolkata, Kolkata, Howrah, West Bengal	India
S1-870062662	Bangalore Enviro LLP	No.55/3, 2Nd Floor, Thimmaiah Industrial Area, Infront Of Govt. School, Kanakapura Main Road, Doddakalsandra, Bangalore, Karnataka	India
S1-396111679	Lakhimpur Developers Private Limited	Moh. Shanti Nagar (Agnihotri Nagar), Garhi Road, Lakhimpur, Kheri, Uttar Pradesh	India
S1-961196842	Blessing College	20, Mishra Vihar Near Geeta Bhavan Mandir, Indore, Madhya Pradesh	India
S1-34791672	Washington Medicines Inc.	2939 111th Street, Woodbine, IA	US
S1-570570931	Dream Care Private Limited	K-10/419-B F/F Gali No-10, Mahipal Pur Extn Near Big Apple Store, New Delhi, South West Delhi, Delhi	India
S1-289520698	Studio Brothers Private Limited	Cl/5160 In Front Of Maharaja Video Chikhali, Buldhana, Maharashtra	India
S1-426675653	Cinder PLLC	2504 Rucker Avenue, Everett, WA	US
S1-823535371	Villegas Intercontinental LLC	Gray, TN, 279 Highland Church Road	US
S1-955828580	Dittman & Geddie	6658 Green River Drive, Unit C, Highlands Ranch, CO	US
S1-359120976	Beckham, Hiller & Brody	341 Fairgate Road, Sacramento, CA	US
S1-967756328	Janot Ary Canary	507 Beebe Road, Fl 1, Central Point, OR	US
S1-725044629	TY Horticulture Private Limited	93 Syana Road Chandner, Hapur, Ghaziabad, Uttar Pradesh	India
S1-289341667	Dulcinea Thrasher Secure Specialists Inc	560 Mill Road, Unit Apartment 3, Brookhaven, NY	US
S1-84588213	Hanssen & Kolar	309 Spruce Street, Charlottesville City, VA	US
S1-368140343	Vijay Tech Private Limited	85, Sector-32 Pi Ncpp Sas Ltd. Greater Noida, Gautam Budh Nagar, Gautam Buddha Nagar, Uttar Pradesh	India
S1-330321544	East Logistics LLP	Dakshina Kannada, Vertex Workspace, Gateway Building, Above Kalyan Jewellers, Mg Road, Door No.4-1-143/1A 6, Karnataka, Mangalore	India
S1-819367101	Montay Associates LP	7404 Mesquite Flor Drive, City Of El Paso, TX	US
S1-346198871	Kritavi Retail Ltd	B / 608, Vijay Bharti C.H.S Ltd, Plot 117, Sector 1, Charkop, Kandivali (West), Mumbai, Mumbai City, Maharashtra	India
S1-719187074	Rogers, Giana, MD	1885 Rock Lily Road, Franklin County, VA	US
S1-305205591	Cisneros, Sadler and Martinez Sunrise LLC	41 Basket Lane, Elkview, WV	US
S1-602968915	Atlantic Trusted Biosciences LLC	NM, 2302 Indian School Road, Albuquerque	US
S1-136315428	Surgical Care Inc	20103 Valley Forge Circle, Bldg Building 2000, Upper Merion Township, PA	US
S1-711781835	Star Infrastructure Networks Corp	4845 Ashley Park Lane, Unit 447, Charlotte, NC	US
S1-5153857	Third Institute	321 G/F, Hari Nagar, Ashram Near Bhumia Mata Mandir, Delhi, South Delhi, Delhi	India
S1-548628392	Galaxy (india) (India) Private Limited	7/3, Namachivaya Nagar, Saravanampatty, Coimbatore South, Coimbatore, Tamil Nadu	India
S1-202959540	Diamond Intelligence Union LLC	PA, Bldg Building 8, West Norriton Township, 8312 Sentinel Ridge	US
S1-640225059	Alfy Lee Strategic	8231 93rd Avenue, Brooklyn Park, MN	US
S1-866328857	WS Sakshi Private Limited	S.No. 174/3/2/1 To 6, Dewdale, Wing-E, Fn 103, Pune City, Pune, Maharashtra	India
S1-271604816	Indo Developers Pvt Ltd	Village - Chandrapur P.O. Saltighata Gujarpur, Amta, Howrah, Kolkata, Howrah, West Bengal	India
S1-348812956	Innovative Management Private Limited	Flat No.1103, Blue Meadows Andheri East, Mumbai, Bandra Suburban, Maharashtra	India
S1-382310439	Davis & Hail LLC	52 Washington Avenue, Oxford, NY	US
S1-268995757	Clean Express Private Limited	Pd. Swa, Bidyadhar, Khagaria, Bihar	India
S1-814260472	Hatcher Regional Air	18 Arbor Drive, Shrewsbury, MA	US
S1-511957074	Bharatiya Global (India) Limited	Second Floor, Jmd Regent Plaza Mehrauli Gurgaon Road, Village Sikanderp, Ur Ghosi, Sf-02, Gurgaon, Haryana, Gurgaon	India
S1-997107522	Orthopedic Patriot Health Inc	9726 Ancient Elm Lane, Tomball, TX	US
S1-676710277	Straight Edge Yoga	VA, Prince Edward County, 12 Family Ln	US
S1-125222536	Hildegarde Santiago Centurion Inc	5409 Von Hoyt Drive, Raleigh, NC	US
S1-569549045	Cho, Camilla, M.D., P.C.	9644 Captain Smith Lane, Knoxville, TN	US
S1-454257192	Red Pilates	32 One Main Place, Fort Worth, TX	US
S1-192668605	Apex Technical Global	9520 Otero Mesa Road, Albuquerque, NM	US
S1-193805295	Highland First Preferred PLLC	E1228 Wolf River Road, Town Of Harrison, WI	US
S1-158093312	Coastal Premier Archimedes	16 Elmwood Avenue, Waukegan, IL	US
S1-694462236	Green Institute	B-602, Ahmadabad City, Gujarat, Gala Eternia Opp, T.V.Tower, Drive In Road, Ahmedabad	India
S1-914142408	Ear Nose & Throat Group	9311 Waltham Woods Road, Parkville, MD	US
S1-613897514	Fischer Montessori School	9 Arrow Street, Enfield, CT	US
S1-848465905	Zaix Bny LLC	IN, 2375 Sleepy Hollow Lane, Eckerty	US
S1-113140292	Trapasso Safe Avalanche Inc	1105 Larch Circle, Gouverneur, NY	US
S1-758689865	Guru Projects Private Limited	Sn 241 5 Fl B 301 Rainbow, Nr Park Wayz Wakad, Haveli, Pune, Maharashtra	India
S1-171613793	Midwest Direct Couture	TN, Chattanooga, 139 Signal Hills Drive	US
S1-1974145	Vang School of Medicine	5725 Springfield Circle, Lumberton, TX	US
S1-187882560	Guru Infrastructure Limited	Baliram Peth, Jalgaon, Maharashtra, Jalgaon	India
S1-160419043	Washington Apex Lending	7509 Mouse Creek Road, Cleveland, TN	US
S1-209918567	Robertson Montessori School	2236 Eleanor Avenue, Springfield, IL	US
S1-670536228	Roanoke County Urology Health	410 Edgemont Circle, Roanoke County, VA	US
S1-498363042	Fresh Wellness, LLC	28201 Black Canyon Access Road, Unit 2079, Phoenix, AZ	US
S1-318013847	Ace Finance Private Limited	1-7-1277/G-01, Advocates Colony Road No9, Hanamkonda, Warangal Urban, Telangana	India
S1-92498702	Candide Clapp Mexico, L.L.C.	8285 Beckett Station Drive, West Chester, OH	US
S1-818610163	Great Investment Private Limited	No: 1/267, 20Th Street, Muthamizh Nagar Kodungaiyur, Chennai, Tamil Nadu	India
S1-399309162	Jacquelynn Vance Therapies Inc	100 Leisure Lane, Unit 28, Stoneham, MA	US
S1-690326060	Petrina Demeo, DPM	1866 Springbrook Road, Fl 1, Medford, OR	US
S1-509991198	Lucknow Servers Private Limited	Uttar Pradesh, Lucknow, 217/028 A, Lucknow, Imam Bada, Patanala	India
S1-537225931	Figueroa Metlife Inc	21706 Red Crab Court, Cypress, TX	US
S1-738881735	Ecom Constructions (India) Limited	Zafrullah Tower No257, 5Th Floor, Angappan Street, Tondiarpet Fort St George, Chennai, Tamil Nadu	India
S1-931015790	Residency Solution Private Limited	No. 12, Bangalore, 2Nd Cross Road, 8Th Main Road Hoysala Nagar, T.C Palya Main Road, Ramamurthy Nagar, Karnataka, Bangalore North	India
S1-760835322	Novova Commodity Inc	4745 Legrande Avenue, Indianapolis, IN	US
S1-734974969	High Educational Society	P-25, New Delhi, West Delhi, Third Floor, Vijay Vihar, Uttam Nagar, Delhi	India
S1-517901233	Diclarnet Athene Inc	1701 Glenn Street, Tucson, AZ	US
S1-542487149	Edie Wakefield Advanced Americas Inc	11624 75th Place, Kirkland, WA	US
S1-404289697	Eugenie L. Tompkins, DPM	2723 260, Nacogdoches, TX	US
S1-28699502	Banaras Trading Limited	No- 4A, Pavanadri, 2Nd Cross Road, K S R Layout, Devarachikkanahalli Post, Bangalore, Karnataka	India
S1-586398548	Mdue Management Private Limited	Sangrur, Punjab, Ubhawal Road, Sangrur	India
S1-237753477	M+ Johnson Inc	1116 Harrison Avenue, Goodland, KS	US
S1-23076244	Summit Prime Argentina Partners	NC, Pittsboro, 82 Eastwood Street	US
S1-179042512	Sumo College	B-201, Suryakiran, S. V. P. Road, Shanti Nagar, Borivali- (West), Mumbai, Mumbai City, Maharashtra	India
S1-7238178	Pesek, Bui and Sutton	14 Quail Drive, Ninnekah, OK	US
S1-560630060	Ferray Fresenius Inc.	118 Nichols Street, Unit Apartment 101, Pittsfield, ME	US
S1-918211624	Jds Rich Private Limited	S-17/25-B-P-1, Charan Nagar Colony Nadesar, Varanasi, Uttar Pradesh	India
S1-294741321	Kaveram Udyog Private Limited	No. 3/1, Third Floor, Muniswamappa Block, Munireddy Palya, J C Nagar, Bangalore, Karnataka	India
S1-534097218	Bay Smart Valley	IA, 3800 28th Street, Des Moines	US
S1-701181709	Soltis, Smith and Yarborough Inc.	1407 Kendrick Court, Logan City, UT	US
S1-801826894	Products National Infotech Pvt. Ltd.	House No 186/13 Bagh Ghasi Road Wazir Ganj, Lucknow, Uttar Pradesh	India
S1-606268003	Al Impex Private Limited	1216 Dalamal Tower, 211 Nariman Point, Mumbai, Maharashtra	India
S1-584629550	Loza Massage PLLC	504 Locust Drive, Utica, NY	US
S1-17348986	Rieke Crumrine L.L.C.	27809 Tamarack Road, Theresa, NY	US
S1-883385380	India Dwarka Solutions Corporation	D-1002, 10Th Floor, Charms Castle, Raj Nagar Extension, Ghaziabad, Ghaziabad, Uttar Pradesh	India
S1-440897522	Scott Estate L.L.C.	2212 82nd Lane, Phoenix, AZ	US
S1-407057156	Prime Construction Private Limited	H.No. 21, Jeevan Nagar, Bank Colony, Karnal, Haryana	India
S1-26661092	AV Vansh Pvt. Ltd.	Chembur, 101, Tulsi Pride, 1St Floor, Plot No.3 Postal Colony, Near Maa Hospit, Al, Mumbai, Maharashtra	India
S1-995716592	Ondrea's Seafood	107 King Street, Dothan, AL	US
S1-899990336	Davila and Matthews Arcelormittal Inc.	1827 Taylor Avenue, Fort Washington, MD	US
S1-673281807	Regional Society Inc	4483 Berthstone Drive, Columbus, OH	US
S1-426608509	GB Enterprises Pvt. Ltd.	C-117, Pushpanjali Enclave, Delhi, North West Delhi, Delhi	India
S1-152260116	French National LLC	Bldg BUILDING, 1949 Kidd Circle, Park City, UT	US
S1-815820812	Raj Technologies Private Limited	504, Orbit Mall, Ab Road Vijay Nagar, Indore, Madhya Pradesh	India
S1-747564638	Innovative Logistics Private Limited	#953/A, 1 St Foolr, 2 Nd Main, 4 Th Block, Near Police Station, Rajaji, Nagar, Bangalore, Karnataka	India
S1-624023620	Environmental Initiative	15 Belmont Place, Maryville, IL	US
S1-254429320	Gulf Health Center	211 Harding Avenue, Libertyville, IL	US
S1-633534685	Shirdi Brothers Private Limited	Plot No. 131A, Patel Nagar, Gorewada Road, Borgaon, Nagpur, Maharashtra	India
S1-703096172	Physical Therapy Partners LLC	5712 Hinsdale Place, Henrico County, VA	US
S1-271181070	Atlas	7739 Oak Park Avenue, Burbank, IL	US
S1-592730837	Bombay Consultants Private Limited	82A, Jatindra Mohan Avenue Ground Floor, Sovabazar, Kolkata, Kolkata, Howrah, West Bengal	India
S1-527211919	Pediatric Dental Metropolitan Care	1900 Arbors Drive, Unit Apartment 19112, Dry Ridge, KY	US
S1-408912715	Industries Muskan Associates Limited	H-183 First Floor Sector-63 Noida, Noida, Gautam Buddha Nagar, Uttar Pradesh	India
S1-198998414	Shree Management Private Limited	D-44, Gali No. 9 West Vinod Nagar, Delhi, West Delhi, Delhi	India
S1-200384903	Sattvic Services Private Limited	House No D-104, Freedom Park Life, Sector 57, Gurgaon, Haryana	India
S1-443180638	Crystal Packaging Innovations Inc	2011 Upper Denton Road, Weatherford, TX	US
S1-358764844	Dorene Johnson Cell	2222 25th Street, Fort Smith, AR	US
S1-858636025	Green Agricultural LLC	4513 Cleto Street, Austin, TX	US
S1-66211820	Raynell's Summit Diagnostics Group	22 Phyllis Lane, Hastings, NY	US
S1-211136456	Tech Global Pvt Ltd	C-1304, Anukampa Platina, Jaipur, Rajasthan	India
S1-958948095	Kumar Certified Hartford LLC	TX, 2801 Meadowlark Drive, Mesquite	US
S1-963222858	Arakonam Home Corporation	No 25, Vallalar Street, Arakonam, Vellore, Tamil Nadu	India
S1-892536064	Haynes Merchants Inc	1580 Woodvale Avenue, Deerfield, IL	US
S1-859358230	Crystal Software Services LLC	498 Casserly Road, Unit X, Watsonville, CA	US
S1-727000612	Dermatology Care LLC	CT, 32 Golden Hill Street, Norwalk	US
S1-361284846	Sai Constructions Private Limited	5 Fancy Lane 1St Floor, Kolkata, Calcutta, West Bengal	India
S1-923206946	Federal Defense Networks LLC	1783 Lindig Street, Falcon Heights, MN	US
S1-889607908	Dynamic Aspen	6448 Grasslands Court, Westerville, OH	US
S1-742182618	Gulf Family Practice	890 Highway 89, Jackson, WY	US
S1-869588190	Golden Tech Private Limited	C-3, Okhla Industrial Area, New Delhi, South Delhi, Delhi	India
S1-648140362	Rishra Welfare Private Limited	West Bengal, Rishra, G.T. Road (New) Post- Rishra, Ps-Rishra, Hooghly, 20	India
S1-866555515	Lotus Technology LLP	C/O-Pradeep Kumar Agrawala, Flat No-401 4Th Floor, Rukamani Heights, Srihari Bihar, Jatani, Khordha, Orissa	India
S1-931592979	Aditya Eastern Energy Private Limited	Villa 9, Spring Woods, Bowrampet Nr Mallampet, Medchal, Hyderabad, Telangana	India
S1-335260699	Yukta Prime Private Limited	House No. 02/01386/00000/001, Bedeshwer Road, Dhararnagar, Nr. Forest Office, Dangarvada, Bedeshwar, Kalavad, Jamnagar, Gujarat	India
S1-308783408	Fiorenze Strub, D.D.S.	504 Saint Croix Avenue, Stillwater, MN	US
S1-957070732	Hyacinthe's Bright Hospitality LLC	IL, Carbon Hill, 625 Holcomb Street	US
S1-612277045	Lopez Fresh California	611 Rosa Drive, Lebanon, TN	US
S1-913503265	Hyderabad Association	Hyderabad, F No 402, 4Th Floor, Legend Venkatesha, Himayathnagar, Telangana, 3-6-784/12&13, Hyderabad	India
S1-933385405	Isa Davis Precision South, LLC	8470 Limekiln Pike, Unit Unit 0315, Cheltenham Township, PA	US
S1-779258582	Biddie Adkins, O.D.	St George City, Unit 1216, 1845 Canyon View Drive, UT	US
S1-559640907	Perfect Seva Samiti	Mahmoodabad Estate Building Hazratganj, Lucknow, Uttar Pradesh	India
S1-260596858	GO India Private Limited	2Nd Floor, Bs Plaza Krishna Nagar, Alambagh, Lucknow, Uttar Pradesh	India
S1-900154516	Infra Money Global Ltd	601, Purva Atria Platina, Ashwathnagar, Rmv 2 Nd Stage, Bangalore, Karnataka	India
S1-395826066	Quality Defense Systems LLC	510 Somonauk Road, Somonauk, IL	US
S1-37853003	Children's Alliance	28 Hillview Avenue, Unit Apartment 1, East Greenbush, NY	US
S1-192694666	Session Polestar	13566 2nd Street, Pekin, IL	US
S1-533342409	Dhanunjaya India (India) Private Limited	Jodhpur, Rajasthan, C/O Pediwal Regjin Centre, 8 Geeta Bhawan	India
S1-198305549	Bombay Tech Consultancy Limited	1020-Jeejeebhoy Towers, Mumbai, Dalal Street, Maharashtra, 10Th Fl.	India
S1-346089982	Green Healthcare Limited	No.37-A, North Parade Road, St.Thomas Mount, Chennai, Tamil Nadu	India
S1-835591101	Arguello and Bent	12209 Breton Lane, Raleigh, NC	US
S1-586682793	Bushman Financial	AL, Smiths Station, 450 2138	US
S1-240579398	Erin Yoder Blue Engineering Inc	8161 Creekside Village Drive, Hanover County, VA	US
S1-459348602	DDZ Fresh Appliance Co	815 Chapel Road, Limerick Township, PA	US
S1-291287363	Six Advisors Private Limited	Prestige Atlanta-Wework Prestige Atlanta, 80 Feet Main Road, Koramangala, 1A Block, Industrial Layout Bangalore South, Bangalore South, Bangalore, Karnataka	India
S1-499225452	Big Trading Private Limited	Mauza Saraisa, Pohiyari Mamsa Thana No 569, Anchal - Thana Sahdei Buzurg Khata 51 Kheshra No 506, Jhandaha, Vaishali, Bihar	India
S1-542491393	Raj Media Private Limited	Tirupathi, 2-82/1-501, Andhra Pradesh, Chittoor, Telephone Colony Srinivasapuram, Tirupathi Rural Ii	India
S1-721421744	Pediatric Medicine	10 Schnabl Court, Wappinger, NY	US
S1-874594043	Family Rapid Care Inc.	4636 Morris Avenue, Renton, WA	US
S1-638142093	Bosley, Andrus and Sandoval L.L.C.	3487 Senator Court, Columbus, OH	US
S1-629347392	Yoo Cms LLC	9301 Carousel Lane, Houston, TX	US
S1-319041376	Prova Inc	WI, 3817 Nicholson Road, Village Of Caledonia	US
S1-904348952	Endless Brothers Private Limited	Flat No. 203, Gratia Apt, Harekrishna Mandir Road, Pune City, Pune, Maharashtra	India
S1-856106150	Morris Investments Inc	4826 Benefit Avenue, Ashtabula, OH	US
S1-297044405	Capital Worldwide	5412 Sharpsburg Pike, Sharpsburg, MD	US
S1-775877198	Christalle's Innovative Management	1518 Kell Boulevard, Wichita Falls, TX	US
S1-729927785	Mumbai Green Company	Topliwadi Zopadpatti, Bhd. Sadanand Hotel, A K Road, Andheri (East), Mumbai, Mumbai City, Maharashtra	India
S1-420530076	Tony Sakamoto Lifesciences	7916 Sully Road, Bowden, WV	US
S1-920173683	Best Unique Construction Private Limited	Plot No 39, Saket, Phase - Iii Saket Enclave, Ecil Post, Kapra, Hyderabad, Telangana	India
S1-107439886	Horton Superior Spade Inc	2821 Indigo Avenue, Marble Rock, IA	US
S1-906150634	Northern Preparatory Academy Inc	1186 Forest Hill Drive, Marion, OH	US
S1-496503727	Singh, Wells & Corona Co	108 Sturdivant Road, Durham, NC	US
S1-236625250	Rocky Annaly Clinic	18415 33rd Avenue, Unit Q, Lynnwood, WA	US
S1-181136459	56/41 Nova	11 Mitchell Lane, Joliet, MT	US
S1-387116698	Unique Foundation Private Limited	Plot No. 56, Ground Floor, Ishaq Colony, Near Aoc Centre Gate, Wellington Road, Picket, Tirumalagiri, Hyderabad, Telangana	India
S1-915405396	Optimal Mortgage Dynamics LLC	917 Allen Drive, Winchester City, VA	US
S1-916392582	Darbhanga Dreams Pvt Ltd	C/O Savita Jha W/O Satish Jha, Bihar, Vidhyapatti Chowk, Laxmisagar, Darbhanga, Darbhanga	India
S1-478021884	Builders Hariom Engicon Pvt Ltd	1219 A Rk Puram, Kota, Rajasthan	India
S1-208730697	Nashik It Private Limited	Flat No 103, Akash Annex, Dgp Nagar 2, Vanshree Cl., Nashik, Maharashtra	India
S1-704479411	GXM Sahakar Care	16/400G, Kuzhimanna, Kondotty, Kizhisseri, Ernad, Malappuram, Malapuram, Kerala	India
S1-747596285	AX East LLC	604 Plum Street, Noblesville, IN	US
S1-452561643	Rh & Sons Pvt. Ltd.	Shop No-112/A Ff Satyam, Building Rdc Raj Nagar, Ghaziabad, Uttar Pradesh	India
S1-475352227	Prime Agro	C/O Mohan Sudam Pawar Bilpuri Tal Satana Dist Nasik Bilpuri, Nashik, Maharashtra	India
S1-597684563	Consultancy Sree Service Ltd	Eden Garden Co-Operative Housing Society Limited, Plot No. 37, Sector 5, Kharghar, Navi Mumbai, Raigarh, Maharashtra	India
S1-97371915	Elite Media Union LLC	316 Elm Street, Wheaton, IL	US
S1-42637816	Sturgill Webster LLC	119 Zeltman Hill Road, Pell City, AL	US
S1-787633077	Greene Andretti	TX, Venus, 2209 Eagle Court	US
S1-402603920	Shah, Avila & Cruz Lifeco LLC	128 Rockaway Avenue, Brooklyn, NY	US
S1-325045080	Siobhan Strom, MD, P.C.	804 Washington Street, Tecumseh, OK	US
S1-478562408	Guru Food Pvt Ltd	E-21, Upper Ground Floor, Naraina Vihar, New Delhi, South West Delhi, Delhi	India
S1-243951849	Blue Industries Private Limited	8/42, Iind Floor, Industrial Area, Kirti Nagar, New Delhi, West Delhi, Delhi	India
S1-309272261	Kolkata Frames Private Limited	48/4B, B.T. Road, Kolkata, Kolkata, Howrah, West Bengal	India
S1-520400207	Children's Modern Network P.C.	Braintree, 366 B Liberty Street, MA	US
S1-63982160	Baltimore Design Inc	4130 Raymonn Avenue, Baltimore, MD	US
S1-635458086	Lucky Pizza	17 Hotchkiss Drive, Bristol, CT	US
S1-539510809	Ferrus Hospitality	4090 Spinnaker Drive, AL, Gulf Shores, Unit Unit 202	US
S1-395251249	Sunrise Global	37-76-27, Nr Marrichettu, Backside Akshara Towers, Ongole, Prakasam, Andhra Pradesh	India
S1-485388290	Heritage Financial Networks LLC	95 Old Town Way, Hanover, MA	US
S1-274644386	Frontier Management LLC	AR, 1096 Macy Lane, Elkins	US
S1-58319273	Coastal Cea L.L.C.	Rotterdam, NY, 979 Burdeck Street	US
S1-609920835	Johnson, Mcdermott & Regis Inc	5523 Frederick Creek Drive, Rosenberg, TX	US
S1-716804375	Mumbai International Private Limited	No.D24, D25, D26, D27, Kings Mini Mall, S.G Barve Marg, Nehru Nagar, Kurla (E), Mumbai, Mumbai City, Maharashtra	India
S1-381641239	Chiropractic Specialists P.C.	703 Vine Street, Hays, KS	US
S1-471355989	North Platinum Evolution Inc.	601 S Range Road, North Lima, OH	US
S1-648320837	Leonora Kim Dynamics Group	14363 Maricopa Road, Victorville, CA	US
S1-87252645	New Life Cathedral	40891 Morning Star Road, Kenai Peninsula Borough, AK	US
S1-571288297	Temple Zion	121 State Street, Pendleton, IN	US
S1-101844778	Summit Capital Partners LLC	1800 N Street, Elwood, IN	US
S1-55097782	Harbor Cardiology Center	30 Hyla Lane, North Branford, CT	US
S1-864542229	Hill Advanced Nmp LLC	201 Valley Road, Two Harbors, MN	US
S1-435713198	Desert Residential of Mckinney LLC	108 Forest Lane, Mckinney, TX	US
S1-243885418	Titus, Roanna K., Ph.D.	3459 26th Place, Yuma, AZ	US
S1-729062702	Delstar Welfare Society	Sector 2 Plot No Lc2 Shop N 6 Sundaram Residency Indrayani Nagar Bhosari, Pune, Maharashtra	India
S1-385874217	Technologies Vasu Works Private Limited	32 Ramesh Bhuvan Tambhaghata, Mumbai, Maharashtra	India
S1-62114242	CNM Reit Clinic	5810 Berkman Drive, Austin, TX	US
S1-70083188	Nguyen Energia	6501 Deep Creek Dr, Prospect, KY	US
S1-559002062	Sadar Bazar Dial Private Limited	Crest Wood 55, First Floor, Malibu Towne, Sadar Bazar, Gurgaon, Haryana	India
S1-119792011	Kestio Axiom Inc	Loudoun County, 20362 Ashcroft Terrace, VA	US
S1-483480439	Janeta Smith Heartland Krakacquisition	17080 Remus Woods Lane, Town Of Lakewood, WI	US
S1-495746346	Jefferson Dominion Inc	15075 King Bee Drive, Paynesville, MN	US
S1-341792188	Trusted Transit Laboratories LLC	1215 Pennsylvania Street, Unit APT 111, IN, Indianapolis	US
S1-946834579	Surgical Care Associates LLC	4471 Dean Drive, West Valley City, UT	US
S1-969231320	Violet & Co	Kothrud, Vanaraji Heights, Rambaug Colony, Mit College Road, Maharashtra, Pune, I 601	India
S1-656134487	All Online	29 Hillside Village Drive, MA, West Boylston	US
S1-654210251	Cure Pub Inc	1065 Midway Road, Sewanee, TN	US
S1-466300060	Link (India) Export Private Limited	Bishrakh, T4A-410 Nx One Plot No-17, Gautam Buddha Nagar, Uttar Pradesh, Sector-Techzone-4	India
S1-39982098	Neptune Chits Company	103 Swamiji Sarani, Lp:- 73/7/1, 24 Pgs North, North 24 Parganas, West Bengal	India
S1-375269406	Ridge Blue Aura LLC	620 72nd Avenue, Norman, OK	US
S1-948451321	Metro Initiative	4940 Craig Road, Town Of Oakland, WI	US
S1-654574352	Prime India (India) Limited	Back Side Portion Gf Property No 3/75-A Ramesh Nagar, Delhi, West Delhi, Delhi	India
S1-330836691	Panvel Buildwell Private Limited	Flat 402, 4Th Floor, Hira Apt Cts No. 29, Nr. Shankar, Panvel, Raigarh(Mh), Maharashtra	India
S1-13395717	Smart Investment Enterprises Inc	2022 Bull Dog Lane, Wingate, NC	US
S1-901371959	JVO Global Private Limited	House No. 80C, Block Wp Landmark Z-508, Pitampura, New Delhi, Delhi	India
S1-222354108	Mitchell & Thor Wilco LLC	5295 New Hope Church Road, Asheboro, NC	US
S1-696462490	Lochan Services Private Limited	No 5, Balaji Lakeview Layout, Agrahara Main Road, Yelahanka, Bangalore North, Bangalore, Karnataka	India
S1-996566041	Secure Quality Electric	950 Trade Street, Unit 220, Winston-salem, NC	US
S1-193768712	Crystal Sunstone	9513 Lagersfield Circle, Fairfax County, VA	US
S1-857639296	QD Direct Gladstone	4 Swain Circle, Mashpee, MA	US
S1-247249075	South Frontier Fitness	414 Norwick Place, Whitpain Township, PA	US
S1-544746805	Venkata Nidhi Private Limited	205/22, G .T. Road, Uma Bhawan, Burdwan - I, Bardhaman, West Bengal	India
S1-865144505	Sky Foundation Private Limited	Coimbatore, Coimbatore North, Billichi, Near Arivoli Nagar, Periyanaikanpalayam, Tamil Nadu, Sf No 270/1B	India
S1-100852264	Empowering Services Limited	Base No. B- 16, Basement, Marol Naka, Hind Saurashtra Ind. Estate, Andheri Eas, T, Mumbai, Maharashtra	India
S1-966693732	Bangalore Real Private Limited	No.54 Nehru Road, Kammanahalli, Bangalore, Karnataka	India
S1-783744681	Acosta First Procap Inc	2248 Walden Pond Boulevard, Forney, TX	US
S1-369764810	Nelson's Cleaning	25760 Minkler Road, Sedro-woolley, WA	US
S1-262971593	Smart Management Private Limited	B-57, Vinoba Kunj Sector-9, Rohini, New Delhi, North West, Delhi	India
S1-164738321	My Logistics	#1, 2Nd Cross, Nandidurga Cross Road, M.M. Road, Marappa Garden, Benson Town, Bangalore, Karnataka	India
S1-113396041	Harmony Nursing Home Pvt Ltd	Wing A-3, 2Nd Floor, Godrej It Park, Project P-2, Pirojshanagar, Lbs Marg, Vikhroli West, Mumbai, Maharashtra	India
S1-363664485	Shivam Solutions	C/O Mohammad Hussian S/O Nihal Ahmad Baldara, Anta, Baran, Rajasthan	India
S1-998739932	Schaffer Airlines Associates	1706 Hazard Street, Houston, TX	US
S1-42865802	Lucky Nails	758 Fairview Avenue, Unit F, Annapolis, MD	US
S1-64257398	New Impex Private Limited	Cement House, 2000, Hatampura, Ahmednagar, Maharashtra	India
S1-536436989	Janney, Watson and Agosto	OH, Seven Hills, 5469 Beacon Hill Court	US
S1-71065496	Guru Developers Private Limited	Room No. 816, Sreelakshmi Building, Mukundapuram, Thrissur, Kerala	India
S1-489956164	Black Supreme Engineering Private Limited	No 40, Pillayar Koil 1St Street, Ekkattuthangal, Chennai, Tamil Nadu	India
S1-163217525	Perry Bay Medicine	3480 Downing Court, Adamstown, MD	US
S1-611344251	Velsoft Holdings Group Corp	11 Tomahawk Avenue, City Of Tomahawk, WI	US
S1-687919685	Eye Bay Care Associates LLC	123 Ross Avenue, Wilmar, AR	US
S1-294993826	French Select Emera LLC	1301 Steuben Street, Utica, NY	US
S1-531542744	Village Of	11243 Worth Avenue, Worth, IL	US
S1-541935182	Whiz Law Chambers Corporation	Delhi, Flat-341, New Delhi, Sector-19B, 5Th Floor Dwarka	India
S1-175805396	Developers Manpasand Legal Private Limited	G-11, Raigarh, Maharashtra, Ground Floor, Plot 121, Madhu Smita Plaza, Mcch Society, Panvel, Navi Mumbai	India
S1-706380510	Tipton and Diaz LLC	Lino Lakes, MN, 2166 Island Court	US
S1-712367311	Harsh & Sons Private Limited	Andoor Industrial Development Plot Parassinikkadavu, Kannur, Kerala	India
S1-917957758	Environmental Trust PC	2324 Ravenna Street, Everett, WA	US
S1-579355576	Punjabi Charitable Trust	C/O Ran Bahadur Singh, 1, Aurai, Gyanpur, Sant Ravidas Nagar, Uttar Pradesh	India
S1-913661665	FJM Ethereum	709 Onion Point, Peacham, VT	US
S1-497112416	Ram Projects Private Limited	C/O Sm Jethu Kanwar, 128, Shikshak Colony 5Thstreet, Jodhpur, Rajasthan	India
S1-161819181	Vijay Engineering LLP	D-140, Industrial Area Site-I, Bulandshahr Road, Ghaziabad, Uttar Pradesh	India
S1-507314075	Signature Federal Recruiting P.C.	2300 7th Street, Unit LOT 12, Moundsville, WV	US
S1-814822318	Pune Fund	Flat No.-422, Gaur Avenue 11, Gaur City 2 Gh -03, Sec-16C, Greater Noida, Gautam Buddha Nagar, Uttar Pradesh	India
S1-189225180	Reed, Carr and Getty Snow Inc.	TX, Harker Heights, 201 Ann Boulevard	US
S1-302583682	Raj & Brothers Care	Flat No. 201, Tower No. 5, Roses Retreat, Valley View Estate, Gurgaon, Haryana	India
S1-178530251	Smail Plum LLC	Charles Town, 226 C Edward Lane, WV	US
S1-563751494	Coastal Charities	616 3rd Avenue, City Of Baraboo, WI	US
S1-5302736	Porch Offshore LLC	18 Montijo Way, Hot Springs Village, AR	US
S1-574265201	Midwest Hcm Inc	White, Unit 126, 132 Haven Drive, PA	US
S1-980512711	4566 Fifth Street Associates Inc	Unit APT 2, Libertyville, 332 Jackson Avenue, IL	US
S1-314595162	Arihant Apex Global Pvt Ltd	Flat 908, Euphoria Plt-180, Sec-17, Ulwe, Panvel, Panvel, Raigarh(Mh), Maharashtra	India
S1-159285543	Capital Smart Inc	14443 Broadway Street, Glenpool, OK	US
S1-717908154	Top Electrical Pvt Ltd	24-132/1 West Anand Bagh, Malkajgiri, Hyderabad, Rangareddy, Telangana	India
S1-668895250	Shivam Technologies Private Limited	5, Pujan Bunglows At & Po, Kanknol, Himatnagar, Himatnagar, Sabarkantha, Gujarat	India
S1-878637515	Sahyog Traders Center	F 235 Mahaveer Calyx App Nyanappanahalli, Bangalore, Karnataka	India
S1-227680973	Netra College	Jhansi, Nataraj Complex Civil Lines, Jhansi, Uttar Pradesh	India
S1-51762808	Hudgins & Caleb Inc	42047 Oberlin Elyria Road, Elyria, OH	US
S1-368549653	Houston Children's Heartland Fund	7261 Patricia Lane, Houston, TX	US
S1-159246985	RXS Services	1568, 15Th Floor Avenue Gc 11 Gaur City, Greater Noida, Gautam Buddha Nagar, Uttar Pradesh	India
S1-813916201	Speedup (India) Consultants Private Limited	Opp. M.R. Autos Chandigarh Road, Nawanshahr, Punjab	India
S1-522880541	G & S Starry LLC	1480 1000, Unit 609, Clearfield, UT	US
S1-910171848	Aguilar Optimal Crane Inc.	6738 Topsfield Point Drive, Humble, TX	US
S1-300761029	Mount Israel	122 7th Avenue, Clear Lake, IA	US
S1-443999287	Technologies Super Exports Ltd	104-Sentossa-2, Khoraj, Gandhinagar, Gandhi Nagar, Gujarat	India
S1-869429846	Quality Industrial Networks Group	4204 Easter Avenue, Dallas, TX	US
S1-736152178	Ramon's Ace Yoga	1250 Route 240 Highway, Green, PA	US
S1-391687714	Anchor Gulf Target Waltham	18 Berkley Street, Waltham, MA	US
S1-409837901	1785 Sunset Blvd Apartments of Raleigh Corp	625 Daniels Street, Unit A, Raleigh, NC	US
S1-881340984	Jay Information	No 71, 1St Cross, New Tippasandra Main Road, Bangalore North, Bangalore, Karnataka	India
S1-255986124	Somers Custom Loan	Palmyra, MO, 104 Lafayette Street	US
S1-973172342	Brown Molecular	2021 Oak Glen Lane, Stillwater, MN	US
S1-89283101	Tran Worldwide LP	5708 Jackson Street, Muncie, IN	US
S1-971532112	Dynamic Diagnostic Systems LLC	11134 Sewell Dr, Louisville, KY	US
S1-107267900	Safe Anchor Networks	2100 Line Street, Unit Unit H101, Hatfield Township, PA	US
S1-45314528	Sullivan Aviation LLC	17404 99th Avenue, Unit 118, Sun City, AZ	US
S1-897162670	Yakima Community All Center LLC	1215 2nd Avenue, Yakima, WA	US
S1-717048415	Corner Bakery!	460 Bell Hill Road, Murphy, NC	US
S1-794709383	Green International Private Limited	401/A4, Federal Bank Building, Vadakara, Kozhikode, Kerala	India
S1-250950193	Zisaon Inc	IL, 840 Clifton Avenue, Park Ridge	US
S1-116929405	Omkara Trading	Flat No 901, Pavilion Heights -03 Jaypee Greens Wish Town Sector- 128, Noida, Gautam Buddha Nagar, Uttar Pradesh	India
S1-579645989	Supreme Developers Private Limited	No. 33A-2, Flate No.2, Emmaar Emerald, Krishnasamy Nagar Layout No.2, Ramanathapuram, Coimbatore, Tamil Nadu	India
S1-427723029	Faa Spring, LLC	3838 25, Mentone, IN	US
S1-70738972	Foot & Ankle Best Associates P.C.	15702 Dawnbrook Drive, Houston, TX	US
S1-644155722	Custom Research Brands Corp	4104 Ridgedale Drive, Greensboro, NC	US
S1-846194010	Hitech Consultancy Private Limited	South West Delhi, Delhi, A-19-A, Third Floor, Maya Puri Industrial Area, Phase-2, New Delhi	India
S1-607226722	Og Informatics Care	Rajasthan, Begun, C/O Ballu Ram, Chittorgarh, Braghu Nagar, Begun	India
S1-732007031	St. Catholic Church	19515 Fremont Avenue, Shoreline, WA	US
S1-583722819	Indian New Constructions Private Limited	Plot No 404, Rajarajeswara Colony, Kondapur Village, Serilingampally, K.V.Rangareddy, Telangana	India
S1-161514778	Dreamhome Traders Private Limited	H.No:8-2-120/112/A/12 Road No:9, Banjara Hills, Hyderabad, Telangana	India
S1-500411885	Lawrence Highland Home Inc	Crosby, ND, 15 3rd Street	US
S1-183567864	Strides College	No.2, Siddaganga Building Bvk Iyengar Road, Bangalore, Karnataka	India
S1-342750841	Labs Beverages Clinic	Ed-24 Raj Danga Main Rd, Kolkata, Howrah, West Bengal	India
S1-205244135	Rodriguez, Hidalgo and Barbosa Portfolio LLC	1 Trimble Street, West Haverstraw, NY	US
S1-69548894	Cous Inc	2462 200, Tipton, IN	US
S1-310732558	Delta United LP	255 Woodridge Court, Goshen, IN	US
S1-921460893	United Projects	Dup-31, Kokila Cottage, Biribandha, Lingaraj, Khordha, Orissa	India
S1-104271650	Upper Bright Restaurant P.C.	CA, 2771 Bitternut Circle, Simi Valley	US
S1-451536566	Galaxy Hospitality Private Limited	Faridabad, Haryana, Faridabad, Plot No- 20 Sector-6	India
S1-111898327	Sliter Empire Otg Inc	511 Brentwood Drive, Newport News City, VA	US
S1-832235928	Foundation Veena Technologies Pvt. Ltd.	5/E, Rani Ka Bagh, Opposite Petrol Pump, Amritsar, Punjab	India
S1-848938974	Arihant Technologies Private Limited	Flat No 4 Embassy Apartment, Jadhav Nagar, Belgaum, Karnataka	India
S1-350266836	Eastern Great Tech Private Limited	No - 72, 5 A - Cross, 16 Main 1 Phase, 2 Stage, Btm Layout, Bangalore, Karnataka	India
S1-409765149	Surgical Desert Health Partners	Unit APT J, IN, Indianapolis, 5753 Cross Creek Circle	US
S1-696969570	Seven Media Private Limited	House No 151 Friends Colony, Chandigarh Road, Ramgarh, Ludhiana, Punjab	India
S1-190660311	Gavra H. Vazquez, D.C., M.D., P.C.	2122 Argonne Road, Portsmouth, OH	US
S1-267976916	Pinnacle Cargo Associates Inc	2682 Aspen Street, Siloam Springs, AR	US
S1-896768543	Primary Care Smart Health City Of El Paso	7312 Kiowa Creek Drive, City Of El Paso, TX	US
S1-77018699	JLH Apex Copley PC	908 Division Street, Unit 301, Nashville, TN	US
S1-624671740	Perfect Products Limited	Flat No-123, Ground Floor, Type-A, Pocket-10, Sector-24, Rohini, Delhi, North West Delhi, Delhi	India
S1-479373247	Loralie Conforti Ace Hamilton Care	5938 Cedar Fern Court, Columbia, MD	US
S1-267915008	Rosalyn Armstrong Franklin, LLC	ME, 77 Parker Point Road, Blue Hill	US
S1-329973852	Agnes Trans Private Limited	A - 1, Madhya Pradesh, Chitra Estate Bengali Chouraha, Ring Road, Indore	India
S1-560839865	Mack & Cunningham LLC	1133 Spring Garden Circle, Raleigh, NC	US
S1-577235286	Bois Lightwave LP	28 Maple Street, Peterstown, WV	US
S1-218771549	Great Carolina	1015 Ohio Street, Indianapolis, IN	US
S1-401947804	Balaji Industries	H No. 1 Moti Bagh Village Nanak Pura, New Delhi, West Delhi, Delhi	India
S1-763402416	VY Information Private Limited	Kb-135 Swaroop Nagar Gali No.3 Nr Kushk Rd, Budh Bzr Rd Swaroop Ngr, Delhi, North Delhi, C/O Seema, Delhi	India
S1-953409172	Hughes, Parker and Frank	209 Bridle Ridge Road, Gadsden, AL	US
S1-412523074	3583 Highland Lane Management Inc	6308 Talisman Terrace, Peoria, IL	US
S1-302711064	Venkys & Co Corporation	Plot No. 20, Block-A, Ram Nagar Om Vihar Uttam Nagar, Opp. Pnb, New Delhi, West Delhi, Delhi	India
S1-847911335	Binni's Health	1133 Bonnie Pines Lane, Hamilton, MT	US
S1-244093745	Western Pediatrics LLC	9 Tartane Road, Plymouth, MA	US
S1-909553921	Sidonnie Caine, Ph.D., M.D., P.C.	Nashville, TN, 1333 Heirloom Drive	US
S1-128074757	VWZ Yhn Inc.	Bullhead City, 1790 Rio Grande Way, AZ	US
S1-433957556	Rev It Up Diner	3809 Tanglewilde Street, Houston, TX	US
S1-436460508	Delta Project III	4150 Windsor Road, Youngstown, OH	US
S1-31167877	Hecht Futurewave P.C.	809 White Street, Lexington, NC	US
S1-514150772	Phelps Dynamic Metro LLC	KY, Greensburg, 117 Park Avenue	US
S1-977783325	Lucina A. Quintero, DDS, M.D., P.C.	13211 Pierce Street, Blaine, MN	US
S1-484603589	Ebonee Miller, DPM	12155 Abbey Glen Court, Prince William County, VA	US
S1-4464201	Cancer Creative Council LLC	Louisville, 217 Saunders Ave, KY	US
S1-522958787	Broadwater Technologies Inc.	1689 Budd Avenue, Maple Plain, MN	US
S1-786553935	Collate & Co	20, Shanthappa Lane, Silver Jubilee Park Road, Bangalore South, Bangalore, Karnataka	India
S1-159047701	Mountain Society V	11810 Alameda Avenue, City Of Socorro, TX	US
S1-747899689	Blue Grill	1152 Lawndale Drive, Tallmadge, OH	US
S1-525915852	Karamchari Nagar Enclave Limited	B-5, Shiv Garden, Karamchari Nagar, Bareilly, Uttar Pradesh	India
S1-126777454	Aqua Credit Ltd	Mumbai, Mumbai City, 1St Floor, Gardenia Valley Of Flower Thakur Village, Kandivali East, Maharashtra, C-102	India
S1-884353354	Swastik Infrastructure Private Limited	House No. -268 2Nd Floor, Sector -25, Pocket - 4, North West Delhi, Delhi	India
S1-443112905	Sona India Private Limited	#182 Muguru Village, T.Narsipura Tq, Mysore, Karnataka	India
S1-658658931	P Y Depalma Banking LLC	1761 Farm Road 123, Springfield, MO	US
S1-27945599	Oncology Capital Specialists	8915 170th Street, Arlington, WA	US
S1-317323814	Future Hotel International Private Limited	Indiqube Twin Tower, Tower B, I0Th, Floor, No. 11/1-4 Pipeline Road Hmt, Bangalore North, Bangalore, Karnataka	India
S1-938001078	Vikram Industries Private Limited	C/O Jagrat Sharad Desai 9, Karmbhumi Bunglow Kotlav, Pardi, Valsad, Gujarat	India
S1-731117697	Agua Insurance Ltd	Shaikpet, Telangana, Hyderabad, Building Number 9, 13 Th Floor, Madhapur, Survey No. 64	India
S1-471519932	YC Lease Private Limited	42/174, New Ballygunge Road Kasba, Tiljala, Kolkata, South 24 Parganas, West Bengal	India
S1-832129859	Golden Business Partners	200 Krych Street, City Of Thorp, WI	US
S1-131201109	Aditya Consultancy Private Limited	H-33 & 34, Midc, Ambad, Nashik, Maharashtra	India
S1-116082828	Hodges Vanguard Grid LLC	747 Whitson Branch Road, Bakersville, NC	US
S1-921768645	Melton Empire Pono	1140 Pawnee Avenue, Fl 0, Wichita, KS	US
S1-470321431	Internal Medicine Health of Saint Paul PC	1296 Ford Parkway, Saint Paul, MN	US
S1-73516481	Hind Sangh	C/O Sudhakar Gaikwad 2216, Maharashtra, Barshi Solapur Vairag, Solapur, Barshi	India
S1-339996061	Tior LLC	1579 41st Street, Cleveland, OH	US
S1-152157045	Dermatology Blue Medicine LLC	3 Heritage Way, Bellingham, MA	US
S1-340171220	Gg Marine (India) Private Limited	Khasra No.16/25/2, North East Delhi, Gas Go, Loha Mandi, Vilage Mandoli, North East Delhi, Delhi	India
S1-804186194	Emerson Dollar Inc	8630 Bearclaw Road, Mulberry, AR	US
S1-384713989	Lucas Breeding Pvt. Ltd.	S.P. Tower, Officers Campus, Main Sirsi Road, Khatipura, Rajasthan, P. No. -150, Jaipur	India
S1-182239781	Romero Trust Inc.	103 Mccord Road, Roundup, MT	US
S1-497637230	Shree Investment Company	Tamil Nadu, Chennai, No.5, Chennai, 3Rd Lane Beach Road, Parrys	India
S1-703613314	Vedant Traders Private Limited	Vikramnagar, Kolhapur, Maharashtra, 2094 E, Kolhapur	India
S1-200425485	High Consulting Private Limited	2 - 85 C Kallimel Relcon Green Land Eroor (N) P.O, Thripun, Ithura, Cochin, Ernakulam, Kerala	India
S1-480705114	Laex LLC	14351 Monte Vista Road, Goodyear, AZ	US
S1-34757188	Golden Gulf Total Inc.	3104 123rd Place, Portland, OR	US
S1-36108243	Harris and Kelly Superior Inc	2673 Booty Drive, Newport, TN	US
S1-13374672	Vijay Power Limited	Main Market Digora Tehsil Jatara, Tikamgarh, Madhya Pradesh	India
S1-862237597	Future Energy Limited	69, Nangloi Extension-1B, New Delhi, Delhi	India
S1-798331219	Clayton Equity Partners LLC	2740 Dilly Dally Court, Apex, NC	US
S1-267776349	Uribe Innovative Rexford LLC	109 Peninsula Road, Horicon, NY	US
S1-768525405	Tersina Ressler Multimedia	5831 Fawn Avenue, Gilbert, AZ	US
S1-450429185	Camilo & Vivar Tavia Co	OR, Marcola, 40051 Mohawk River Road	US
S1-616462247	Premier Colonial Crown Partners	1920 Hollister Street, Houston, TX	US
S1-74168598	United Biotech	1091 Ulster Avenue, Ulster, NY	US
S1-822531584	VCW Services Private Limited	G - 69, 3Rd Floor, Sector - 63, Noida, Gautam Buddha Nagar, Uttar Pradesh	India
S1-875492551	Hutsell and Haslam Nuclear, LLC	3081 Indianola Avenue, Unit F, Columbus, OH	US
S1-109347037	Al International	S. No. 63/1/6, Block No. 1, Floor No. 14, Wing 1 & 2, Aigp, Grant Road, Kharadi, Pune, Pune, Maharashtra	India
S1-841968366	Raj Foundation Private Limited	D-1/1003, Gurgaon, Tulip Petals, Main Patudi Road Sector 89, Garhi Harsaru Gurgaon, Haryana, Garhi Harsaru	India
S1-34570290	Colonial Association	300 Ellett Road, Blacksburg Town, VA	US
S1-723769919	Brownsville Pediatric Dentistry Beacon Center	2460 Munich Street, Brownsville, TX	US
S1-553065390	Mangalore Producer Private Limited	Dakshina Kannada, 04Th Floor, Commerce Centre, Kavoor Road, Kuloor, Karnataka, V4-2-113/80, Mangalore	India
S1-361639348	Mountain Society Inc	69-12 229 Street, Oakland Gardens, NY	US
S1-637173041	Whistling Management (India) LLP	4621/18, Ansari Road, Darya Ganj, New Delhi, Delhi	India
S1-494247173	Innovative Services Private Limited	H No. 43-A, Shahanshah, Garden Bhopal Mp, Huzur, Bhopal, Madhya Pradesh	India
S1-908753129	Corporate Commercial Brands LLC	7400 Gainey Club Drive, Unit UNIT 134, Scottsdale, AZ	US
S1-330954453	Galaxy Dynamic It Private Limited	East Nada Guruvayoor, Trichur, Thrissur, Kerala	India
S1-905869722	Arunima Public School	Agra, Uttar Pradesh, 11A/1A/A/3 Ram Nagar Katar Vazeer Khan	India
S1-532994915	Bold Producer Private Limited	F/B-13 Upper Ground Floor, South Delhi, Delhi, S/O Mumtaz Ahmad, New Delhi	India
S1-319539280	Orbos Partnership of Pekin	Pekin, 257 Pavilion Road, IL	US
S1-86912701	Domain Ice Ltd	Tiruvallur, Ponneri, No. 103/A1, Tamil Nadu, A2, Athur Main Road, Karanodai	India
S1-831796458	Goodway & Sons LLP	Gat No 10, Maharashtra, Pune, Near Marathi Shala, Karegaon, Tal - Shirur, Pune	India
S1-39820586	Secure Metropolitan Broadband	93 Dennys Branch Lane, Gordonsville-smith, TN	US
S1-488951527	Susette T. Wang, DPM, DDS PC	17200 Bell Road, Unit 437, Surprise, AZ	US
S1-649056636	Oleander Concrete of Chennai	Second Floor, New No 83 Old No 41 Naidu Street, Kotturpuram, Chennai, Tamil Nadu	India
S1-611564836	O 7 N Btc Inc	5516 Buffalo Speedway, Houston, TX	US
S1-139015959	Combest, Parsons & Walls Resource, LLC	WA, Auburn, 30221 127th Place	US
S1-428883508	Vi Toler Network Inc.	16781 Highview Avenue, Orland Hills, IL	US
S1-389854089	Karyn Chavez Platinum Products	1 Tonka Circle, Mesquite, TX	US
S1-202679283	American Renatus LLC	Chesterfield County, 6401 Belmont Road, VA	US
S1-763738561	Health Elite Program, LLC	4927 Mclellan Road, Glendale, AZ	US
S1-99492049	Harbor Providence Inc	345 Boston Street, Chicago Heights, IL	US
S1-570300035	Anthem Health Public Limited	X.T.T.I. Road, Digha Ghat P.S. Digha, Patna, Bihar	India
S1-286934194	Laxmi Consultancy Pvt Ltd	Falt No.502, Dwaraka Heights, 5Th Floor Muthyala Reddy Nagar, 3Rd Lane, Guntur, Andhra Pradesh	India
S1-346849087	Cordi Fonseca Interstate Opendoor Inc	7280 Jackson Highway, Magnolia, KY	US
S1-288255067	Baba Impex Pvt Ltd	C/O Satish Kumar, Tola - Pratap Pattipanch, Sahebganj, Muzaffarpur, Bihar	India
S1-706528019	Urban Guru Properties Private Limited	G 33 Shantikunjg P O, Pune, Maharashtra	India
S1-237593990	Maa Business Pvt Ltd	Flat No. 276, Plot No.-1A, Sector-2, Celestial Heights, Dwarka, New Delhi, Delhi	India
S1-815371396	First Synagogue	58 300, Unit D, Tremonton, UT	US
S1-60789490	Solstice P.C.	26983 71, Unit Site 36, Town Of Wilton, WI	US
S1-157701658	Mimi B. Munday, M.D., M.D., P.C.	1309 Sh 6, Houston, TX	US
S1-761328752	North 24 Paraganas Control Pvt Ltd	C/O Santosri Colony, Mathpara Road, North 24 Paraganas, North 24 Parganas, West Bengal	India
S1-612184744	Tough Security Private Limited	No.1, Precision Plaza, New No. 397 Anna Salai Teynampet, Chennai, Tamil Nadu	India
S1-882523366	Metropolitan Bnb LLC	WV, 135 Bugatti Court, Inwood	US
S1-263192171	Bombay Investment Private Limited	A-39 Pandav Nagar, New Delhi, East Delhi, Delhi	India
S1-467548375	Apex Black Developers Private Limited	23 A Chandrapuri Dhauli Pyau Near-St Paul School, Mathura, Uttar Pradesh	India
S1-121189338	Santhi Brothers Private Limited	Flat No.2A, Swaagat Sreevatsa Patel Road, Ram Nagar, Coimbatore, Tamil Nadu	India
S1-401494141	Surgical Specialists	Saint Paul, Unit Unit G37, 80 Western Avenue, MN	US
S1-400976148	AB Exim Private Limited	Betul, Koshmi Industrial Area, Madhya Pradesh, Betul	India
S1-469487392	Happy Pizza	IL, Unit A, 8122 Prairie Avenue, Chicago	US
S1-878304804	Riify Inc	242 St Andrews Drive, Stoneville, NC	US
S1-551623685	Thompson Spark LLC	7226 Glenbank Way, Houston, TX	US
S1-631006621	Lyra Science Inc	2057 Milwaukee Avenue, Chicago, IL	US
S1-267176649	Oglesby & Wallace LLC	65 Turtle Cove Road, Sebec, ME	US
S1-901751093	Oreilly & Zane Inc	429 Hiawatha Boulevard, Syracuse, NY	US
S1-413604934	Prairie Society	3860 Duckhorn Drive, Unit APT 3136, Sacramento, CA	US
S1-953321832	As Advisors	Office No-822B, Galaxy Diamond Plaza, Sector-04, Greater Noida West, Noida, Gautam Buddha Nagar, Uttar Pradesh	India
S1-39381796	Mesoft Partners	23154 Timber Creek Lane, Clarksburg, MD	US
S1-282283564	India Mata Simulations Private Limited	Uttar Pradesh, Agra, 2, Agra, Moti Bagh Near Sbi Bank, Dayal Bagh	India
S1-550288473	Linior Eye Care	212 Park Street, Canandaigua, NY	US
S1-664524765	Think (india) Private Limited	2Nd Floor, Gagan Vihar, Shahdara, H No. 3, Delhi, Shahdara	India
S1-963677544	Bhanu Trust	Vasantham, Aiyappa Colony Mc 23/838, Kottamukku, Kollam, Kozhikode, Kerala	India
S1-812142724	Wong Peak One	2658 61, Vincennes, IN	US
S1-129036056	Family Desert Medicine LLC	4713 Pleasant Garden Road, Pleasant Garden, NC	US
S1-529710246	Pediatric Dental Health	6007 Edmondson Lane, Knoxville, TN	US
S1-140770291	Lopez Metropolitan Imperial	1024 Olive Avenue, Hampton, IA	US
S1-662463689	I/W Blackrock LLC	3101 14th Street, Brownsville, TX	US
S1-872801257	Urquhart American Armada	1615 Rainier Street, Unit #11, Steilacoom, WA	US
S1-266258554	SJ Developers Private Limited	Wahed Colony, Roshan Gate Cidco Road, Aurangabad, Maharashtra, Aurangabad, H No. 8-17-31	India
S1-924808952	Premier Entergy LLC	Putnam, CT, 291 Pomfret Street	US
S1-651768230	Saint Catholic Church	10992 Native Dancer Way, Daphne, AL	US
S1-435304548	Saudra Baughn Patriot Midland Inc	1718 Talkeetna Street, Anchorage, AK	US
S1-462028641	Vimal Box Limited	18A Kamdhenu Shopping Centrelokhandwala Complex Andheri (W), Mumbai, Maharashtra	India
S1-178491889	Agace Laberge, D.D.S., M.D., P.C.	Omak, WA, 320 Columbia Street	US
S1-444759822	Ziransh Indian Private Limited	House No. 80, Basement, Navjeevan Vihar, New Delhi, South Delhi, Delhi	India
S1-120926205	NY Gulf Foods, Inc	9796 Felicity Lane, Unit Unit I, Foley, AL	US
S1-528461216	Cea Group	2710 Bellaire Court, Arlington, TX	US
S1-598132834	Suraksha Enterprises Limited	A3, Dena Jyoti Society, Veera Desai Road, Andheri West, Mumbai, Mumbai, Maharashtra	India
S1-167244213	Unified Gen Corp	6545 Pinnacle Peak Road, Glendale, AZ	US
S1-670003221	Willis Rre Associates	815 52nd Street, Unit 1324, Phoenix, AZ	US
S1-572182210	R K Hernandez Sky LLC	6818 Nighthawk Drive, Fort Wayne, IN	US
S1-922216723	Cara Feltman Bakery Corp	1520 Reaper Road, Burlington, KS	US
S1-929108857	Digital Solutions Private Limited	Tenament No. 25, Ground, Floor, Plot No.3, Ward 4/B, Gandhidham, Kachchh, Gujarat	India
S1-748999492	Community Foundation	11615 9th Road, Plymouth, IN	US
S1-124128685	Ss International Group	Agarkar Bhavan 486Sadashiv Peth, Pune, Maharashtra	India
S1-645022576	Foot & Ankle Health	3710 Exchange Glenwood Place, Unit 165, Raleigh, NC	US
S1-989170532	Ramana Technologies Private Limited	No. 1083, 35Th D Cross, 4Th T Block, Jayanagar, Bangalore, Karnataka	India
S1-255092880	Best Bharat Impex Private Limited	Pune, Near Hotel Sahyadri Kailas Nagar Dhangarwadi, Maharashtra, Pune, Junnar	India
S1-645622506	Reid, Mccraw and Crook Plains, Inc	Unit Unit D, City Of Waukesha, 1351 Rose Court, WI	US
S1-535765214	Vertex Developments, LLC	101 Fm 1545, Three Rivers, TX	US
S1-946487792	Avighna Es Ltd	D-118, Ashok Vihar, Phase 1, Delhi, North West, Delhi	India
S1-47942230	4090 Park Ave Associates	Rocky Mount, 716 Kinchen Drive, NC	US
S1-140501471	Shakti Construction Private Limited	C/O Kausar Ali Sk Mirpur Raipur, Murshidabad, West Bengal	India
S1-842039708	Perez, Scott & Clark Rogers Corp	2040 Cactus Road, Unit 32, Phoenix, AZ	US
S1-130796895	Hooker Cardiology PC	IN, Kokomo, 1085 350	US
S1-4345683	Pittman Lease LLC	Richmond, 7903 Ravens Point Drive, TX	US
S1-329614377	Smart Krishna Ventures Private Limited	2/7 Sarat Bose Road, Vasundhara Building 6Th Flr, Flat 5, Central Plaza., Kolkata, Kolkata, Howrah, West Bengal	India
S1-815866430	Bright Energy LLP	Fc-114 Shivaji Enclave, New Delhi, West Delhi, Delhi	India
S1-43957466	Hall Qdro	1429 Glenstone Avenue, Springfield, MO	US
S1-806931520	Sanders and Whittemore LLC	2325 Gene Cameron Way, Fl 1, Medford, OR	US
S1-713309685	Riffle and Moctezuma LLC	N7566 T, Town Of Albany, WI	US
S1-721650597	Obrien & Ware LLC	25 Baptist Street, Barre Town, VT	US
S1-645203548	Shakti Modern Investments Pvt Ltd	D2, Block I, Jains Ashreya Phase 3 Arcot Road, Virugambakkam, Chennai, Tamil Nadu	India
S1-792708867	Adams Liberty Athene Inc	11 Hilltop Place, North Hempstead, NY	US
S1-667597554	Express Foods	107-36 Waltham Street, Jamaica, NY	US
S1-751727077	International Engineering Private Limited	Villa No 591, My Home Ankura, Ramachandrapuram, Medak, Telangana	India
S1-305245003	Chemical	501 Ashton Drive, Falling Waters, WV	US
S1-276490740	Golden Realty Worldwide, LLC	4602 Burclare Court, Sugar Land, TX	US
S1-774639994	Hari Memorial Trust	Khtano. 1629, Plot No 2575, Tulsi Nagar Phase-04, Phulwari, Patna, Bihar	India
S1-368495293	Golden Exports Private Limited	C/O Chokha Ram V.P. Jati, Bhandu, Balesar, Jodhpur, Rajasthan	India
S1-625444436	Alpha Infrastructure Private Limited	No.10/44 ;85/1, Williams Road, Contonment, Trichy, Tiruchirappalli, Tamil Nadu	India
S1-426335180	Balaji Producer Private Limited	Dankbangla Road, C/O Amjad Khan, Ballia, Bansdih, Uttar Pradesh	India
S1-480122257	Western Elite Kensington	4318 Windswept Drive, Montgomery, TX	US
S1-880210123	Nilgiri Consultancy	8-3-236/1, Flat No 102, Vishnu Apartment, Yusuf Guda, Hyderabad, Telangana	India
S1-51747683	Golden Producer LLP	Shop-C-513, Shreeji Hights Nr. Laxmi Sky City, Daskroi, Ahmedabad, Gujarat	India
S1-411920664	TN Tech Private Limited	No.6, College Road, Madras, Chennai, Tamil Nadu	India
S1-60618489	First Beacon Education	5812 Zinc Cutoff Road, AR, Harrison	US
S1-252679930	Thrissur Toll Pvt Ltd	1649, Panamkulam House, Big Bazar, Aranattukara, Thrissur, Kerala	India
S1-83832609	Pp Consultancy	P.N. 43, Na, Yadav, Pratap Nagar Gokulpura, Jaipur, Rajasthan	India
S1-206383215	Carpenters Local 438 Group	9426 Tamarisk Avenue, Unit UNIT 76, Hesperia, CA	US
S1-506853805	Everest Inc.	601 Upchurch Street, Unit I, Apex, NC	US
S1-115329318	Ctm Innovations Limited	147Tank Road Sivananda Colony, Coimbatore, Tamil Nadu, Coimbatore	India
S1-254897703	Anchor Asset Holdings Inc	805 Cedar Lane, Unit G25, Knoxville, TN	US
S1-652768169	Miller Trusted Rice	2120 Dunavant Street, Unit 603, Charlotte, NC	US
S1-699073584	Physical Therapy Regional Associates LLC	8129 Honeygo Boulevard, Unit SUITE H, Nottingham, MD	US
S1-584342524	Precision Bay Reit LLC	72121 Juanita Drive, Twentynine Palms, CA	US
S1-257896113	Loyal & Sons Private Limited	Delhi, New Delhi, Nagar 4, Amar Colony, B 18 Gf Hn D 20 Lajpat, South Delhi	India
S1-186825234	T 7 Premier Churchill LP	551 Summer Glen Lane, St Charles, MO	US
S1-403703713	Sparrow Fine Private Limited	Pargana North, West Bengal, C/O, Parganas North, Md. Saifuddin, Vill P.O-Hadipur P.S-Deganga	India
S1-430687099	Chavez Signature Championsgate	4616 Rolling Hills Road, Conroe, TX	US
S1-448892347	Emmy's Staffing	10656 Caresso Loop, Albuquerque, NM	US
S1-512889766	Premier Wireless Systems	452 Moonlight Lane, Keller, TX	US
S1-685910850	Empire Society II Corp	946 Asheville Highway, Strawberry Plains, TN	US
S1-441323186	Department of Environmental Protection	Franklinton, 203 Main, NC	US
S1-127903743	GCX Stone Private Limited	B-608, Anand Lok Society Mayur Vihar-I, Delhi	India
S1-461331135	Walden Eco L.L.C.	3919 Pavillion Court, Mesquite, TX	US
S1-653250969	Temple Family Church	621 4th Street, Temple, TX	US
S1-315578373	Ema Gomez Silver Eqv, LLC	67 Clovelly Road, Stamford, CT	US
S1-257580374	Innovative Investment Global	Dallas, TX, 5610 Goodwin Avenue	US
S1-732746864	#Zion Range	2803 Carlson Drive, Dallas, TX	US
S1-767969618	Weger, Snyder & Nunes Token LLC	105 Padgett Drive, Clinton, KY	US
S1-890923058	New College Pvt Ltd	Office No- 301 Nawale, It Park Narhe (N.V.), Pune, Maharashtra	India
S1-529506564	Seven Technologies LLP	C/O Anoop, Archana, Muthambi, Naduvathur Po, Koyilandi, Kozhikode, Kerala	India
S1-52286058	Om Tech Private Limited	Jaipur, Ground Floor, Govind Rao Ji Ka Rasta Chandpole Bazar Jaipur - 302 001, 1988 To 1990, Jaipur, Rajasthan	India
S1-286120360	Lavinia Camacho, MD Inc	Chicago, IL, 534 90th Street	US
S1-705769622	Willow Inc	9273 Old Keene Mill Road, Unit STE 16, Fairfax County, VA	US
S1-370895167	Emiline N. Leblanc, DPM P.C.	1401 Bear Creek Drive, Anna, TX	US
S1-3113599	Guide Steel Private Limited	Door No.6-3-1247, Flat No: 208, Metro Residency, Raj Bhavan Road, Somajiguda, Hyderabad, Telangana	India
S1-102935524	Hannah Futurewave Inc	8677 Bonview Terrace, Clarence, NY	US
S1-660761194	Rhianon's Global Electric	City Of El Paso, TX, 740 Lakeshore Drive	US
S1-335873268	Flint Regions LLC	1422 Hubbell Street, Phoenix, AZ	US
S1-552559165	Surbhi House Private Limited	Bc 127, (Ground Floor) Salt Lake Sector 1, Kolkata, Kolkata, Howrah, West Bengal	India
S1-796483678	Viswa Trading Limited	Plot No.40, Fourth Sea Ward Road Valmiki Nagar, Thiruvanmiyur, Chennai, Tamil Nadu	India
S1-999252401	Sonja Moore Trading	205 Brookfield Road, Salina, NY	US
S1-294884962	Silver Net LLC	2121 Addison Street, Chicago, IL	US
S1-757500919	Aguero Centurion LLC	WV, Bethlehem, 111 Orchard Lane	US
S1-711802618	Spencer, Phillips & Miller LLC	14 Banfill Lane, Southborough, MA	US
S1-630814833	Apex Surya Properties Private Limited	Level 8, Umiya Business Bay Tower 1, Cessna Business Park, Kadubeesanahalli, Marthahalli, Sarjapur Outer Ring Road, Bangalore, Karnataka	India
S1-541018279	My Constructions Private Limited	Plot No 395, Beside Vinayaka Mandapam, Qutubullapur, K.V.Rangareddy, Telangana	India
S1-548103541	Rangel Superior Short LP	404 C Castle Heights Avenue, Lebanon, TN	US
S1-691414582	Sky Engineering Private Limited	Gopalpur, Cuttack, Orissa	India
S1-279847158	Baba Care Private Limited	B 1301, Ganesh Elite, B/H. Ratna Paradise, Nr. Pehel Complex, Nr. Jundal Under Brid, Ge, Khoraj, Ahmedabad, Gujarat	India
S1-722799320	Super Trading Private Limited	Plot No-1116, Mahanadi Vihar, Chauliaganj, Cuttack, Orissa	India
S1-269543354	Stjohn, Oconnor & Williams Care	637 Brisbane Road, Baltimore, MD	US
S1-454472534	Super Constructions Private Limited	W-117-G/F Westen Avenue Sainik Farm, New Delhi, South Delhi, Delhi	India
S1-104126419	Bright Classic Mining LLC	5513 Nessee Street, Fayetteville, NC	US
S1-530598135	Davis American Aura Inc	45 Wolcott Street, Unit RIGHT, Everett, MA	US
S1-633305385	Advance (India) India Ltd	Rainbow, Unit No. 404, S.No. 110/11/11 & 110/11/16 Near Dhande Pathology Laboratory, Baner R, Oad, Baner, Pune, Maharashtra	India
S1-885695742	Kkr India Limited	N H. No 203 Heliconia, Hadapsar, Pune City, Pune, Maharashtra	India
S1-658053312	Chiusano Keystone Associates	706 A Almond Street, Suisun City, CA	US
S1-708121741	Apex Technologies Private Limited	A-253, Sangam Vihar, New Delhi, South Delhi, Delhi	India
S1-98584232	Redpath Liberty Flagstar	Jasonville, IN, 4733 1375	US
S1-919990000	Alisa Sadowski Bleichroeder LLC	AL, Huntsville, 10103 Mcdowling Court	US
S1-708258171	Upasna Multi (India) Private Limited	Grond Floor Shop No 2, Sai Anant Co Society, Pune City, Pune, Maharashtra	India
S1-170427713	Secure Clear Valuence Inc	303 Walton Road, Salisbury, NC	US
S1-197800554	Seattle Terra	2805 56th Street, Seattle, WA	US
S1-472585477	LM Prime Premier Inc	29249 Bates Road, Perrysburg, OH	US
S1-955496877	Solial Future	ME, Stonington, 1 School Street	US
S1-987343417	National Engineers Private Limited	69/A Serpentine Lane, Kolkata, Calcutta, West Bengal	India
S1-89542864	Technologies Harris Academy	701 To 702, Jamnagar, Kalavad, Gujarat, City Point, 5Th Floor, Nr. Town Hall	India
S1-497729378	Deol & Co	H.No.-746P, Sector-38, Sadar Bazar, Gurgaon, Haryana	India
S1-69324104	Mcnair Thunder LLC	204 Olson Drive, Village Of Orfordville, WI	US
S1-567605016	Super Logistics LLP	Sub Urban Dadri Hr Ind, Bhiwani, Haryana	India
S1-394131052	Dhruthi & Associates	Plot No-22, Pvt No-209 & 2010/F, Veer Savarkar Block, Shakarpur, Delhi, East Delhi, Delhi	India
S1-927702094	Quantum Hotels Private Limited	No. 3-4-54/3-2-23/1B, Gangavathi, Karnataka, Koppal, Ward No 15, Bus Stand Road, Beside Karur Vysya Bank, 1St Floor	India
S1-622839431	Big Yoga!	838 Madison Street, Webb City, MO	US
S1-944969236	Hayathnagar Care Private Limited	12-1-417 Rd No. 8, Sri Indraprastha Colony, Hayathnagar, Hyderabad, Telangana	India
S1-683195559	Doll's Sterling Marketing LLC	304 Meadow Lane, Los Alamos, NM	US
S1-18939413	Rajeshwari Law Chambers	35/H/1/4, Tnhb Colony, Gangai Street, Chennai City Corporation, Chennai, Tamil Nadu	India
S1-448443436	Kitch Wheeler LLC	3214 133 Street, Unit UPPER, Toledo, OH	US
S1-121356573	Apex Venture L.L.C.	118 Mccoy Street, Fairmont, WV	US
S1-127235024	Silver Technology	959, Delhi, E Block, Saraswati Vihar, Pitampura, East Delhi, Delhi	India
S1-783443974	Poddar Law Chambers	No.26, 3Rd Main Road, Nanganallur, Chennai, Chennai, Tamil Nadu	India
S1-844573375	Vashi Properties Pvt. Ltd.	Vashi, S-26, Thane, Maharashtra, Office Fantasia Multiplex & Intertainment Complex Plot No-47 Sec-30A	India
S1-472079482	Tirumala Expression Private Limited	No.24, Thirumalai Pillai Road, T.Nagar ., Chennai-600 017, Chennai, Tamil Nadu	India
S1-961836407	Shifa Agriculture Private Limited	382, G.T.Road (N) P.S- Golabari, Salkia, Howrah, West Bengal	India
S1-468069406	NU Yorkville Inc	6595 35, Town Of Superior, WI	US
S1-938062175	LL Agencies LLP	Cts No 4840C Pl No 29 Wno 34 Kallur Plot Veerabhadreshwara Nilaya Kallur Plot Gok, Ul Road, Hubballi, Dharwad, Dharwar, Karnataka	India
S1-875510579	Johnson & Pacheco LLC	Weirton, WV, 323 Pennsylvania Avenue	US
S1-10701988	Elite Genomic Alliance, Inc	Blanch, NC, 2116 County Home Road	US
S1-298728307	Pacific Genomic Laboratories	4 14th Street, Unit 302, Cincinnati, OH	US
S1-522735844	Golden Royal Engineering Private Limited	D-513, Lok Aangan Chsl Mulund Colony, Mulund (West), Mumbai, Mumbai City, Maharashtra	India
S1-932824003	JWL Textile Private Limited	1St Floor, 17-89-4-4E 5Th Road Nvr Layout, Madanapally, Chittoor, Andhra Pradesh	India
S1-434299994	Kesoft Holding Company LLC	OK, Unit APARTMENT  C, Tulsa, 1435 62nd Street	US
S1-196987586	Royal Logistics Limited	H-1201, Puranik City, Ghodbunder Road, Owala, Thane, Maharashtra	India
S1-916452241	Shivam Alpha Hospitality Private Limited	Gat No. 1567, Shelar Vasti, Dehu-Chikhali Road, At Post Chikhali, Tal. Haveli, Pune, Maharashtra	India
S1-32114437	Corner Hair Studio	10108 Johnson Avenue, Bloomington, MN	US
S1-221507512	Metropolitan Sound Inc	211 Broad Street, Richmond City, VA	US
S1-197803750	Lorilee Chandler Value Mitsubishi	460 Forest Rd 462, Tijeras, NM	US
S1-321504502	Osborne Bay Lightwave Inc	135 Sunset Drive, Bardstown, KY	US
S1-627530481	Gulf Association	2403 Corliss Park, Troy, NY	US
S1-395618281	Horne, Flores and Sanchez Hotels	Fort Worth, 3412 Woodbridge Drive, TX	US
S1-141158555	A P Cole Energy	8158 S Mayfield Lane, Hanover County, VA	US
S1-920736111	Board of Education	441 Westminster Avenue, Salt Lake City, UT	US
S1-917750987	One Producer Private Limited	Karnataka, Second Floor, Bangalore, No.10/4B, Opp Ssvr Tridax, Balagere Road, Bangalore South	India
S1-205974700	Donaldson Ridge Dte Inc	8300 Jennie Lee Lane, Dallas, TX	US
S1-6682575	Better Textiles LLC	9602 Fairway Vista Drive, Rowlett, TX	US
S1-10302171	Lucky Yoga LLC	2486 Lamson Road, Bldg Rear, NY, Lysander	US
S1-998352511	Slattery Health Center LLC	OH, 923 Virginia Avenue, Hamilton	US
S1-594804348	Life Infotech Private Limited	74A, Ground Floor Munirka, New Delhi, South Delhi, Delhi	India
S1-766171321	Crosby Futurecrest LLC	Fairfax County, 7705 Marshall Heights Court, VA	US
S1-757037882	Ridge Committee LLC	1854 Miners Creek Drive, NC, Lincolnton	US
S1-520104062	U Y & W Bridge Corp	123 6th Street, Pecatonica, IL	US
S1-224939746	Aster Lok Company	Unit No. 315-316, 3Rd Floor, Tower B-4 Spaze It Tech Park, Sector-49, Sohna Road, Gurgaon, Haryana	India
S1-314545436	Big Tavern	583 Main Street, Genola, UT	US
S1-177661085	Sargeant, Fernandez and Peterson Avalanche Inc.	7311 Flag Harbor Drive, District Heights, MD	US
S1-387826458	Horizon Developments	6313 1/2 Bristol Circle, Austin, TX	US
S1-291783804	Pediatric Dentistry Care LLC	6202 15th Street, Tucson, AZ	US
S1-857400910	Savaix	3750 Piper Way, Denver, NC	US
S1-527363281	Daloum Harbor LLC	1958 Laurel Branch Road, Floyd County, VA	US
S1-417172376	Vishwakarma & Brothers LLP	Plot 60B Parry Colony, Keezhkattalai, Tambaram, Kanchipuram, Tamil Nadu	India
S1-850649918	Yamuavi India Private Limited	Tamil Nadu, Chennai, Brindavan Nagar First Main Road, Crpf, Avadi, Plot No 27, Chennai	India
S1-369457215	Services Ecovision Ace Private Limited	Maharashtra, D 13, Thane, Navi Mumbai, Room No 03, 3Rd Floor Mass Housing Chs, Sec 29, Vashi	India
S1-55715487	Tracey's Trusted Realty Group	4321 Woodley Square, Unit APT 235, Montgomery, AL	US
S1-2408177	Harris Interests	800 Beech Street, Unit Apt 79, North Little Rock, AR	US
S1-399697723	Cardiology Mountain Care Associates Inc	417 9th Avenue, Anchorage, AK	US
S1-969283694	Celle Braverman Fresh Adamas Inc	1954 Preston Highway, Shepherdsville, KY	US
S1-580845446	Northern System P.C.	29 Fir Street, New London, OH	US
S1-889509000	Chiropractic Partners LLC	1615 Owasso Avenue, Unit R, Tulsa, OK	US
S1-899834877	Redwood LLC	45 Westgate Apartments, Talladega, AL	US
S1-764784806	Foot & Ankle Cascade Partners	7298 Meadow View, The Pinery, CO	US
S1-760770379	Eveready Consultancy Private Limited	4/822, Thatrahalli X Road, Pannandur Road Thatrahalli, Krishnagiri, Krishnagiri, Dharmapuri, Tamil Nadu	India
S1-984586118	Prairie Resources, Inc	CA, 536 Cypress Court, Vandenberg Village	US
S1-476254529	Pioneer Infra Private Limited	13/14, Pratap Nagar Pawasa, Maksi Road, Ujjain, Madhya Pradesh	India
S1-141671826	Nexus Frontier Super LLC	2436 200, Paoli, IN	US
S1-768253560	Vanguard P.C.	2018 Steeple Chase Drive, Jacksonville, AR	US
S1-667573093	Good Technology Private Limited	62 Arihant Nagarpunjabi Bagh, New Delhi, West Delhi, Delhi	India
S1-288171966	Caldova Advanced Care	43 Apache Road, Craigsville, WV	US
S1-711280576	Lyreon Xflh Inc	601 24th Street, Unit 601, Washington, DC	US
S1-716120486	Global Real Ltd	Office No A 306 Shelton Sapphire, Pl-18/19 Sec-15 Cbd Belapur, Thane, Maharashtra	India
S1-742087910	Vanguard Brookfield LLC	10028 Sangamon Street, Chicago, IL	US
S1-140393345	Pioneer Services Private Limited	Om Plaza Rzp-101 Raj Nagar Part-Ii, Sector-8 Dwarka, Dadadev Bagdola Road, New Delhi, South West Delhi, Delhi	India
S1-222796142	Ram Agro Pvt Ltd	C/O Golgunda Burla, Burla, Sambalpur, Orissa	India
S1-911389390	Clean Digital Dynamics	57 Woodcox Circle, Lehi, UT	US
S1-931011080	QEG Viking	DE, 23 Royal View Drive, Bridgeville	US
S1-33320778	Tapasvi Services Pvt Ltd	11, Devchhaya Society Nr. Sattadhar Char Rasta, Ghatlodia, Ahmedabad, Gujarat	India
S1-261532988	Aruna Educational Society	Of Sco 8-B Upper Ground, Life Style Square, Sector 116, Sas Nagar, Mohali, S.A.S.Nagar (Mohali), Rupnagar, Punjab	India
S1-438866790	Anand Software Private Limited	Bareilly, Mahendra Nagar, Colny Phase 2, Dhora, Uttar Pradesh, Bareilly, 121-A	India
S1-366852657	Indo Energy Private Limited	Delhi, South Delhi, New Delhi, 2Nd Floor, Joga Bai Extn, H.No-R-276	India
S1-113583146	Gonzales and Holden Resolution, Inc	4815 69th Avenue, Phoenix, AZ	US
S1-781488368	Velmonet LP	85961 Edenvale Road, Unit Space 49, Pleasant Hill, OR	US
S1-670198918	Kluesner United Vaneck	10367 Southgate Avenue, Phoenix, AZ	US
S1-880894815	Chaudhary Restaurants (India) Limited	C/O-Ram Pravesh Singh, Chaturi Kuti, Raiji Gali, Phulwari, Patna, Bihar	India
S1-665964437	QPI Health	Jayanagar, 3Rd, Block, 9Th, Main Road, Bengaluru, Bangalore, Karnataka	India
S1-697988129	Shaw Grupo Clinic	43 Grant Avenue, Islip, NY	US
S1-222402564	Onyx Boston Care	DE, 11 Kingston Road, New Castle	US
S1-861422060	Pediatric Dental Royal Specialists	11920 Ameling Road, Maryland Heights, MO	US
S1-26580320	JE Capital Muzero Inc	Sugar Land, TX, 13651 Padgett Drive	US
S1-85901845	Happy A. Schreiner, DDS, M.D., P.C.	1812 Moonbeam Lane, Carrollton, TX	US
S1-973607483	Moscoso Heartland Lease P.C.	111 Jefferson Street, Falls Church City, VA	US
S1-814990508	Kizzie D. Bice, Esq. P.C.	2257 Dorsey Drive, Hubbard, OR	US
S1-545052590	Premier Projects	P.No 1463, 1465 F.No 205, Pragathi Nagar, Tirumalagiri, Hyderabad, Telangana	India
S1-179412520	Dawson Elm LLC	209 Entrance Drive, Pekin, IL	US
S1-847310343	Oneal, Bartlett and Yang Inc.	16210 Salida De Sol Drive, Houston, TX	US
S1-879887777	Sanders International PC	527 Plymouth Avenue, Unit 3, Fall River, MA	US
S1-861976406	Techstar Academy	D-82, Basement J S Plaza D Block, Shyam Nagar Extn, Jaipur, Rajasthan	India
S1-324463217	ME Cell Inc	1103 Bellvue Drive, Kendallville, IN	US
S1-165909369	Cornerstone Investments Inc	Milford, 117 Eagle View, OH	US
S1-465817860	Al Investment LLP	A/1, Sri Vani Nagar, 8Ccolony, Medak, H.No:5-172/8/3, Telangana, Ramachandrapuram	India
S1-974648282	Triumph College Associates	Flat No. B-203, Suvastu B Wing, Gulmohar Colony, D.P.G Nagar, Nashik, Maharashtra	India
S1-696355620	Palmer Vision Center LP	14711 Flagstone Drive, Oro Valley, AZ	US
S1-331792942	Mumbai Films Private Limited	Shop No. 1, Green Gagan Bldg, A-Wing Plot 14 Rsc, Akurli Road, Near Jeevan Jyoti Hospital, Mumbai, Mumbai City, Maharashtra	India
S1-874109160	Daify LLC	Brownsburg, 5768 Greenbrier Court, IN	US
S1-655625620	Hitech Marketing Limited	Tamil Nadu, Kancheepuram, Plot No 137, 6Th Street, Balaji Nagar, Madambakkam, Chennai, Flat F1	India
S1-968767869	Hines Horizon Futurewave Group	Capitol Heights, Unit 102, MD, 5006 Lee Jay Court	US
S1-334265195	Delhi Developers Ltd	301, Dda Flats, Ground Floor, Ranjeet Nagar, Delhi, Central Delhi, Delhi	India
S1-330435866	Tripathi Glass Private Limited	House No. 116 Parshuram Nagar, Ambala City, Ambala, Haryana	India
S1-5533077	Federal Delta Networks LLC	1201 Corbin Street, Rockford, IL	US
S1-980035973	Ess & Brothers Private Limited	55, Anand Lok Colony, Chinhat, Lucknow, Uttar Pradesh	India
S1-850818418	Golden Unique Consultancy Private Limited	2727/104, Moti Mahal Street, Behind Mahal Restaurant, Darya Ganj, New Delhi, Delhi	India
S1-994658036	Vishal Global Private Limited	Vijayawada, Krishna, Ground Floor, Patamata Sribhaskar Nilayam, Opp: Canara Bank, Andhra Pradesh, D. No. 72-6-2	India
S1-751142792	Jorry G. Stahl, D.O., M.D., P.C. PLLC	13023 Stratford Skies Lane, Houston, TX	US
S1-25010477	Bates, Manzanarez and Gamblin Bumrungrad	330 Greene 7610 Road, Paragould, AR	US
S1-508364591	Nova LLC	12411 River Run E, Baytown, TX	US
S1-340899663	FG Ridge Bio, LLC	714 Cherry Street, Chattanooga, TN	US
S1-208570800	Shaheen Bagh Fertilizer Private Limited	G-53, Second Floor, Abul Fazal Enclave Part -Ii, Shaheen Bagh, New Delhi, Delhi	India
S1-991141052	Headen Indigo, LLC	1840 Sanford Street, Oxnard, CA	US
S1-338608574	Memorial Association	4345 Roxanna Loop, Fl 1, Lacey, WA	US
S1-703365676	Hotel It Private Limited	Word No 15, Opp. New Post Office, Mahalla Nain Sukh Behror, Alwar, Rajasthan	India
S1-874265392	Kacie Garza Strategic LLC	410 Kennedy Drive, IL, Marengo	US
S1-253232075	Farah Stanley, M.D.	Unit 336, WV, 331 Beechurst Avenue, Morgantown	US
S1-982782879	Valenzuela Logistics	12 Rock Hill Lane, Greenburgh, NY	US
S1-635757187	Foster Winvest	2454 State Hwy 356, Irving, TX	US
S1-622090285	Meyer Total Rivernorth Inc	20 Sycamore Circle, Belchertown, MA	US
S1-980376678	Hoye Four PC	IL, Mound City, 112 3rd Street	US
S1-397455146	Fielding Select Corporate Inc	964 Wilson Road, Mecklenburg County, VA	US
S1-26156137	Colon Smart Fox LLC	60 Mendon Street, Blackstone, MA	US
S1-588507793	Subh India (India) Private Limited	203, 2Nd Floor, Hn House, Near Old High Court Railway Crossing, Na, Vrangpura, Ahmedabad, Gujarat	India
S1-78448293	Doretta Grubbs Ford Inc	3772 Desert Road, Suffolk City, VA	US
S1-943083588	Beo Assets, LLC	484 Terri Road, Tazewell County, VA	US
S1-37029295	King Legacy Networks LLC	64078 Solari Road, Coos Bay, OR	US
S1-342582900	Solutions Insight Crushers Private Limited	Plot R-710, Ttc Industrial, Area, Midc, Navi Mumbai, Rabale, Thane, Maharashtra	India
S1-910113423	Womble's Auto Body	7111 Main Street, Belleville, IL	US
S1-427738799	Vanet LLC	155 Morningside Drive, Vanceboro, NC	US
S1-512584513	Shyam Bright Enterprises Private Limited	Houe No - 24, F/F, Sharad Vihar Near Karkardoome Metro Station, Delhi, East Delhi, Delhi	India
S1-92426272	Velocity Bhagat LLP	Safdarjung Enclave, New Delhi, Delhi, A-2/59, New Delhi	India
S1-747114016	Lafferty Hotels LLC	2010 River Drive, Unit UNIT 19, Great Falls, MT	US
S1-206528976	Cleveland Lionheart LLC	3907 Sycamore Drive, Cleveland, TN	US
S1-443171727	Dream Energy Private Limited	C/O Supriya Suryakant Teredesai, Lajul, Lajul, Ratnagiri, Maharashtra	India
S1-467200395	My Management Limited	M-6, 3Rd Floor Saket, New Delhi, Delhi	India
S1-585700802	Galaxy Impex Private Limited	First Floor Door No.P.P-12/1475G&H, Poovattuparamba(P.O)Peruvayal Village, Kozhikode Thaluk, Kozhikode, Kerala	India
S1-920680964	Moya Winvest LLC	735 Crockett Road, New Johnsonville, TN	US
S1-295940399	Foundation Jss Software Private Limited	Ats Bouquet, A-910, Jaypee, Kosmos Road, A-2/2, Sec- 132, Noida, Gautam Buddha Nagar, Uttar Pradesh	India
S1-831357393	Bangalore Infra Private Limited	No.921, First Floor, 21St Cross 5Th Main, Hsr Layout Sector-7, Bangalore, Karnataka	India
S1-181869167	North Care Private Limited	C-148, Madhuvan Preet Vihar, New Delhi, Delhi	India
S1-620473125	Gujarat Global Private Limited	H No.93, Male, Hatkanagale, Hatkanagale, Kolhapur, Maharashtra	India
S1-179497788	Empire Atlas	17808 Frederick Lane, Sherwood, OR	US
S1-205666659	Sirsa Infra Limited	48/6, Kamaraj Avenue 1St Street, Adyar, Chennai, Tamil Nadu	India
S1-723999418	Headley Connecticut	29 Cross Street, Winchester, IL	US
S1-355672717	United Real Consultancy Private Limited	House No. 891, Ground Floor, High Court Colony, Brahampur, Patna, Bihar	India
S1-895543029	Celine Mendez Diamond Octave	1010 Dale Drive, Silver Spring, MD	US
S1-280799722	Prairie Modern Medical	224 Main Street, Mccomb, OH	US
S1-229656293	Seven Software Private Limited	Gat No 139/2A/1, Pandharpur, Solapur, Maharashtra	India
S1-18048797	Best Management	11398 Carpenter Road, IN, Bloomingdale	US
S1-526135639	Walters Preparatory Academy LLC	Asheboro, Unit 30A, NC, 731 Kivett Street	US
S1-186139498	Direct Mountain Aspen Group	Lexington, 731 Leonard Road, NC	US
S1-350739603	Mpm For Private Limited	10B/1C, Dr. Kartick Bose Street, Kolkata, Howrah, West Bengal	India
S1-79909809	Oncology Care Associates	10292 Kennedy Ledge Road, Garrettsville, OH	US
S1-219133722	Jobi G. Bassett, MD, DDS PC	612 Thompson Drive, Fort Worth, TX	US
S1-566475306	Shakti Infrastructure Private Limited	Ahmedabad, Gujarat, Ahmedabad, 20, Bella Vista Nr Bhadaj Circle, Bhadaj	India
S1-751447145	Samriddhi Agri Pvt Ltd	Am-169, Shalimar Bagh, New Delhi, Delhi	India
S1-433149252	Fortune Constructions Private Limited	Xylem, 4Th Floor Dyavasandra Industrial Area, Mahadevapur, A, Karnataka, Bangalore, Plot No 4	India
S1-273573355	Division of Transportation	729 High Street, Unit 4R, Holyoke, MA	US
S1-668526765	Baldwin Deep Group	522 Alert, Louisburg, NC	US
S1-633001638	Hitech Healthcare Limited	Flat No-34 Dakshineshwar 10-Haily Road, New Delhi, Central Delhi, Delhi	India
S1-203327283	Jain Finance Private Limited	22, Floor-2, Plot-40 A, Manoj Industrial Estate, G D Ambekar Marg, Wadala, Mumbai, Mumbai City, Maharashtra	India
S1-272583757	Abs (India) Food	B-10 The Vigneshwar Chs, Ltd M.B Estate Virar West, Vasai, Thane, Maharashtra	India
S1-648376288	Diamond Green Fast	310 Lexington Avenue, Mount Kisco, NY	US
S1-407123415	Pollyanna Ledbetter Ofs Inc	17610 Autumn Hills Drive, Houston, TX	US
S1-596936802	Mcquitty Elite Imperial	Charlestown, IN, 8119 Harmony Way	US
S1-221126990	Sree Ventures Limited	1-63/1, 2Nd Floor, Kavuri Hills, Guttala Begumpet, Madhapur, Shaikpet, Hyderabad, Telangana	India
S1-855733478	Novue Liberty, LLC	4590 239, Fulton, MO	US
S1-947886889	Prajay Image Ltd	101 Abhishek, Dalia Industrial Estate, Off. Link Road, Opp. Sab Tv Bldg. Andher, I (West), Mumbai, Maharashtra	India
S1-314213853	Aster & Co	Gat No. 1143, Shindewadi Palshi Road, Shirwal, Tal - Khandala, Khandala, Maharashtra	India
S1-777960778	Mckeehan & Stewart Inc	756 200, Unit 105, Salt Lake City, UT	US
S1-601169539	Georgena's Clear Specialists	IL, Unit 202, Naperville, 503 Bighorn Road	US
S1-476643539	Gold Foundation Pvt Ltd	74, Sudarshanpura Industrial Area, 22 Godam, Jaipur, Rajasthan	India
S1-351655347	Piedmont Desert British LLC	1805 South Street, Crystal Lake, IL	US
S1-564877927	Rewa Food	C/O Priyanka Shukla, Lakhauri Bag Nipaniya, R-2 45865, Rewa, Madhya Pradesh	India
S1-438914246	Weaver Empire LLC	Bismarck, 400 Calgary Avenue, ND	US
S1-90647849	Shyam India Private Limited	F No.407, Emerald Heights, Vasanth Nagar Colony, Qutubullapur, Hyderabad, Telangana	India
S1-485080642	Regional Learning Center	306 Central Avenue, Osakis, MN	US
S1-881678113	Pediatric Group	Kingfisher, 124 Locust Avenue, OK	US
S1-150265065	Roopesh Financial Limited	G-61, Sector-39, Noida, Gautam Buddha Nagar, Uttar Pradesh	India
S1-711664751	Eye Center Inc.	108 Railroad Street, Dover, NC	US
S1-284120052	Edin L. Ayers, D.D.S., M.D., P.C.	5521 92nd Avenue, Omaha, NE	US
S1-487987475	Valley Council LLC	9319 Brittany Point Drive, AR, Little Rock	US
S1-460401319	Maggy Enriquez Atlantic Irenic LLC	19549 Auten Road, South Bend, IN	US
S1-560301484	Jolee Frasca Diamond Service, Inc	7765 Palo Verde Road, Unit 2, Florence, AZ	US
S1-638733163	Ivenent Futurecorp PLLC	AL, Birmingham, 2112 10th Street	US
S1-603232952	Gujarat Solutions Private Limited	D-107/116 Lajpat Nagar-1, New Delhi, Delhi	India
S1-950607961	Gangaya Supplements Limited	5/6, Dharumk Street, 7Vatchraj Lane Matunga, Mumbai, Maharashtra	India
S1-317966991	Chemical Farmer Private Limited	Shop No 23, Plot No.- 71/1B/14, Rachana Industrial C Pune, Pune City, Pune, Maharashtra	India
S1-610683375	Balaji Tech Private Limited	Khasra No. 1478, Vastum City, Sector-O, Lucknow, Uttar Pradesh	India
S1-135752513	Thermal Trading LLP	C-201, Pragjyotishpur Apartments, Plot No 7, Sector 10, Dwarka, Delhi	India
S1-566006038	Optimal Materials Company	310 6th Street, Concordia, KS	US
S1-775325168	Internal Medicine Center of Dripping Springs PLLC	249 Sue Peaks Loop, Dripping Springs, TX	US
S1-155304739	Sula Carlson Select Pgim	302 Eleanor Street, Houston, TX	US
S1-756011678	Big Infotech	Opp. Old Bus Stand 11Th Ward, Kamalapura, Hosapete, Bellary, Karnataka	India
S1-139843202	Opal Obryan Gulf Opportunities	22029 60th Street, Issaquah, WA	US
S1-775839949	309 Church Drive Owners Corp LLC	104 Gablewood Lane, Holly Springs, NC	US
S1-817074273	Holly-Anne's Engineering	8756 Town And Country Boulevard, Ellicott City, MD	US
S1-119720775	Golden Investments Private Limited	85 Metcalfe Street1St Floor R No 105, Kolkata, Calcutta, West Bengal	India
S1-165011313	Westfall Corporation	7 Honey Hollow Drive, Bethel, CT	US
S1-876757202	Tech Finance	Pl No-676/G/6, Borabanda, R.G. Nagar, Hyderabad, Ameerpet, Hyderabad, Telangana	India
S1-661361868	Aditya Technology Private Limited	H.No-1-15/3/B, Plot No 5 Madinaguda Village, Serilingampally Manda, L, Hyderabad, Rangareddy, Telangana	India
S1-86743473	Aditya Business Limited	No.51, 5Th Floor, 5Th Main, 5Th Block, Bangalore, Bangalore South, Karnataka, Kokarya	India
S1-545572670	International Mansi Entertainment Ltd	8-2-293/82/J-Iii/189, Plot No.189, Road No.76, Jubilee Hills, Shaikpet, Shaikpet, Hyderabad, Telangana	India
S1-60319022	Ironworkers Local 258	38860 School House Road, Cave Creek, AZ	US
S1-469605437	Pediatric Physicians	1349 Augustine, Mesa, AZ	US
S1-517210964	Pelton International	5455 Mcleod Lane, Unit 201, Keizer, OR	US
S1-408248805	Technologies Anandam Coatings Private Limited	House No. L-6B/7, Plot No. 1655/8434 Kalyan Nagar, Srit Colony, Aainthapalli, Sambalpur, Orissa	India
S1-901280508	Blue Osprey L.L.C.	145 Johnson Drive, Ft Leavenworth, KS	US
S1-652559438	Lucky Cleaning Service	4675 United States Highway 270, Alderson, OK	US
S1-450898317	Shiv Solutions Private Limited	Ramachandrapur Jatni, Jatni, Puri, Orissa	India
S1-921579519	Fenelia Thompson Interiors Inc	6991 White Deer Lane, Village Of Windsor, WI	US
S1-967638917	Corner Barbershop	7935 Wellington Court, Houston, TX	US
S1-633981612	OOM Heartland California Inc	Logan City, 413 300, UT	US
S1-592038595	Oxygen Technobuild Company	K G N Oil Depot, Damu Ngr, Laxmi Ngr, Akruli Rd, Kandivali East, Mumbai, Mumbai City, Maharashtra	India
S1-568289545	Blue Tech Private Limited	201-202 Alankar Chamber 2-A, Victory Colony, Ratlam Kothi, Indore, Madhya Pradesh	India
S1-946634569	Primary Care Specialists	3343 50th Street, Tuscaloosa, AL	US
S1-499707162	Express Wireless Labs Center	2371 Mystic Meadow Drive, Village Of Kronenwetter, WI	US
S1-738757864	Nyman Endocrinology	350 Windsor Court, Unit A, South Elgin, IL	US
S1-341994721	Carol's Hospitality Corp	6621 Wakefield Drive, Unit STE 413, Fairfax County, VA	US
S1-806470281	Kimberlee's Management	615 Main Street, Hornsby, TN	US
S1-277072137	Aspen LLC	993 Russ Hill Road, Royalton, VT	US
S1-123741037	Toverus Inc	229 Trenton Street, Boston, MA	US
S1-455950648	Real Hospitality Private Limited	442 Ganesh Nagar Badaun Road, Bareilly, Uttar Pradesh	India
S1-130682442	Roex Xrp LP	CA, Scotts Valley, 211 Creekside Court	US
S1-43268074	Sree Impex Pvt Ltd	C/O Ram Naresh, 8 Vill Darapur, Hardoi, Darapur, Hardoi, Uttar Pradesh	India
S1-962977166	Crosby, Lupica & Cudd	13102 Baker Avenue, Ontario, CA	US
S1-571955622	Ms Sons Private Limited	Plot No. 22, Virastat Vihar, Jaipur, Rajasthan	India
S1-617674748	4896 Fifth Street Realty, PLLC	3830 Chestnut Trail, Rockwall, TX	US
S1-585695434	Tam Colonial Point P.C.	1771 Stones Rest Circle, TN, Chattanooga	US
S1-843897135	Bay International	8503 Den Bark Place, Chesterfield County, VA	US
S1-780453540	Computer Vikas Private Limited	Wing - A, 1006, Privilon Building Behind Iskcon Temple, Sg Highway, Ahmedabad, Gujarat	India
S1-6689487	Saunders Biomedical LLC	11039 Santa Margarita Drive, Goodyear, AZ	US
S1-38442698	Southern Infotech Private Limited	55, Preet Banglows, Chhani, Vadodara, Gujarat	India
S1-656627398	Content Clinic	5/2/3/2 Matlabpura Colony, Dhar, Madhya Pradesh	India
S1-910313931	Shakti Consulting Private Limited	Maharashtra, Plot. No. E-7/1, Midc Krushnoor, Industrial Area, Naigaon, Nanded	India
S1-760193451	Acme Institute	11-12-36/1, Plot No 13, Road No 2, S.R.K Purum, Hyderabad, Telangana	India
S1-872659870	Shree Trading Private Limited	228 Suma Complex Building, Sivaprakasam Nagarsurapet, Ponneri, Tiruvallur, Tamil Nadu	India
S1-674914881	Moonlight & Brothers Clinic	A-305, Vip Plaza, Off Link Road, Andheri West, Veera Desai R, Opp. Infinity Mall, Mumbai, Mumbai City, Maharashtra	India
S1-882700138	Global Stone L.L.C.	1427 4th Avenue, Seattle, WA	US
S1-552995155	Engineering (India) Loan Group	Building No.10/17, Kalaparambath, Alangad P.O, Aluva, Ernakulam, Kerala	India
S1-807079897	Services Astir Firebricks Private Limited	Amitsingh, 46Fmahadevjharkhanditukra, Uttar Pradesh, C/O Lallansingh, Gorakhpur Sadar, Gorakhpur	India
S1-657151890	Complete Express Opportunities Inc	3442 Peerless Road, Bedford, IN	US
S1-5785384	New Delhi India Private Limited	Ground Floor, Plot No 2, Khasra No 125/14 And 125/17, New Delhi, West Delhi, Delhi	India
S1-471990200	Petunia F. Jacoby, DPM, P.C.	101 Brookside Drive, Lincolnton, NC	US
S1-157821863	Waldorf Sound PLLC	11518 Scotch Hills Place, Waldorf, MD	US
S1-433484910	Brickman Wellness LLC	NM, 6749 Conrad Avenue, Albuquerque	US
S1-400395318	New Delhi Consultants Private Limited	508 5Th Floor, New Delhi, Barakhamba Road, New Delhi, Central Delhi, Delhi	India
S1-458047196	Wilson & Hobbs LLC	706 Clover Lane, Temple, TX	US
S1-701953510	Primary Care Specialists	12817 47th Street, Unit 119, Independence, MO	US
S1-978553567	Kelley Gulf Equipment	366 Crabtree Road, NC, Spruce Pine	US
S1-415281213	Memorial Coalition	1 Dixon Street, NY, Rye Brook	US
S1-695921965	Bright Consultants Group	D-109, Rajasthan, Kewat Marg, Pawan Path Hanuman Nagar, Near Vaishali Nagar, Jaipur	India
S1-579294831	Hansford & Lueck of Beaverton	Beaverton, OR, 2485 Anthony Drive	US
S1-78042034	Vision Associates Clinic	1631 Cottontown Road, Bedford County, VA	US
S1-352270151	A 6 C Solution LLC	Johnstown, NY, 114 Washington Street	US
S1-576204037	Om Consultants Limited	Howrah, Uluberia - Ii, West Bengal, 542 G.T Road (South) Howrah	India
S1-805626307	WZ Quality Goldman Inc	1423 Nostrand Avenue, Brooklyn, NY	US
S1-861192805	Integrated Packaging Advisors LLC	IL, 13206 Huntington Chase, Rockton	US
S1-681292189	Chandrraj Learning Private Limited	Lower Ground Floor, H-8, Chitranjan Marg, Jaipur, Rajasthan	India
S1-357979621	Modern Investment Pvt Ltd	E805, Teerth Towers, Near Vibgyor School, Haveli, Pune, Maharashtra	India
S1-224432748	Western Fresenius Inc	18027 Timber Mist Court, Cypress, TX	US
S1-145428845	Kaveraksh Fresh Corp	C/O Jitendra Kumar, Vill Saraiyagnaj Tower, Mushahari, Muzaffarpur, Bihar	India
S1-257846716	Empire Liquidity LLC	3768 Oleander Avenue, Corvallis, OR	US
S1-756839647	QJM Dental Inc.	20 Bryant Avenue, Unit 111, Edmond, OK	US
S1-189942729	3910 Second Blvd Owners Corp	1905 Glenbrook Drive, Shawnee, OK	US
S1-945514156	Certified Quality Northern	400 Coliseum Drive, Sweetwater, TX	US
S1-250542952	Sgs Marketing LLP	9/63 B, Thrissur, Kerala, Avinissery P O	India
S1-172871734	Pratik Brothers Private Limited	58/Hig-A, Sy.132, Aphb Colony, Indira Nagar, Seri Lingampally, K.V.Rangareddy, Telangana	India
S1-204043203	Khan Soulpower LLC	10780 Bentley Pass Lane, Loveland, OH	US
S1-422604178	Supreme East Projects Pvt Ltd	East Delhi, 48, Delhi, Shop No 4, East Guru Angad Nagar Laxmi Nagar, Delhi	India
S1-502599400	Mountain Hill Ltd	143 Pine Ridge Loop, Livermore Falls, ME	US
S1-248345974	Tyler Keystone Trust Inc.	4910 Walnut Drive, Fayetteville, NC	US
S1-662960777	Apex Public School	C/O- Sukdeb Mondal, Vill- Raghunathpur, Po- Srikrishnanagar, South 24 Parganas, Jaynagar - I, South 24 Parganas, West Bengal	India
S1-185952267	Grandway & Brothers Private Limited	Mal, Jalpaiguri, C/O - Ajay Lohra, West Bengal, Mahakal Para, Ward No.2	India
S1-186239559	Ace Estate Private Limited	No 34 35 39 40 Srinivasa Square, Horamavu Main Rd, Banaswadi Ring Rd, Bangalore North, Bangalore, Karnataka	India
S1-573540210	Lerner Pebblebrook	17 Bay View Street, Camden, ME	US
S1-316238383	Commission on Environmental Protection	5216 134th Street, Vancouver, WA	US
S1-341638685	International Products Private Limited	Tehsil Ahore, C/O Ganesh Kumar S/O Narayan Lal Sen Vill. Guda Balotan, Rajasthan, Jalore	India
S1-33824149	NIE Apparels Private Limited	Plot No-Ch-45 Co-Operative Housing Complex, Po-Kiit, Bhubaneswar, Khordha, Orissa	India
S1-965980725	Al Developers Private Limited	Midnapore, Kharagpur, West Bengal, Ashray, Mirpur	India
S1-739570887	Navi Mumbai Retails Private Limited	Flat B 02 Plot 101/102/103 Sector 27 Nerul, Navi Mumbai, Thane, Maharashtra	India
S1-884989078	Super Infra LLP	L 25, First Floor Kalka Ji, New Delhi, South Delhi, Delhi	India
S1-51668768	Arteaga Interests LLC	23005 66th Avenue, Mountlake Terrace, WA	US
S1-342437228	Lynx Dbdr	7617 Massey Way, Unit Unit A, Cheltenham Township, PA	US
S1-802366909	Betts, Cross & Kohler Altenergy	4923 Merrimac Avenue, Chicago, IL	US
S1-303689259	Al Systems Private Limited	No.4F, 5 Street, Somu Ngr, Lakshmi Appadurai Street, Tambaram, Kanchipuram, Tamil Nadu	India
S1-975603758	Silver Supply Inc	2132 99th Street, Seattle, WA	US
S1-993288577	Ortega Learning Center LLC	3413 Salem Court, Unit 1, Michigan City, IN	US
S1-166454785	Maid Bistro	2801 Sturgeon Cemetery Road, Fl 1, Sturgeon, MO	US
S1-269912777	Babinski Farmers Inc	20 Coleman Drive, Hartford, CT	US
S1-791323958	Pediatric Dental Bay Physicians PLLC	800 Overlook Circle Lane, Unit UNIT G, Ballwin, MO	US
S1-949646105	Huerta and Campbell Trinity	4146 Burbank Road, Unit C, Wooster, OH	US
S1-249356317	Ear Nose & Throat Physicians Associates	134 Pittman Road, Fairfield, CA	US
S1-897563229	Lelia's Cascade Farms	542 Lyell Avenue, NY, Unit Unit 2, Rochester	US
S1-804012906	Straight Edge Grill Group	721 Kaitlynn Avenue, Anamosa, IA	US
S1-698297516	Digital Developers Private Limited	Andhra Pradesh, Tangutur, 2-213 Jammulapalem, Mandalam, Tangutur, Prakasam	India
S1-519183447	2452 Sunset Blvd Company	24755 250th Avenue, Glenwood, MN	US
S1-714146178	Green & Sons Private Limited	3Rd Floor, 5-F, Jubilee Park, Kolkata, Kolkata, Howrah, West Bengal	India
S1-721911045	Mount Baptist Church	18170 Golden Valley Drive, Sahuarita, AZ	US
S1-82083431	Sheldon Mfa	16 Townhouse Road, Huntington, NY	US
S1-792972723	Energy Pooja Plastopack Pvt Ltd	A-401, C-58/08 Sector - 62 Jeevan Ashray Cooperative Group Housing, Society, Noida, Uttar Pradesh	India
S1-703058200	Legacy Marine Enterprises LLC	St Ignatius, MT, 72934 93	US
S1-323194797	Southern Media Private Limited	No.1, 2 (O), 1 (N), Muruganathapuram South, Karur, Tamil Nadu	India
S1-772469838	Sunrise Engineering Private Limited	House No-3398 B/1 Plot 16, Ground Flr Mahindra Park, Delhi, North West Delhi, Delhi	India
S1-561013552	Department of Labor	567 Stonegate Drive, Sycamore, IL	US
S1-916363890	Royal International Private Limited	Flat - C/603, Rajaveer Palace Ph - Ii, S No 139/2, P Saudagar, Pune, Maharashtra	India
S1-558568576	Pediatric Physicians, LLC	1822 44th Terrace, Topeka, KS	US
S1-755161414	Precision Sunshine LLC	10920 Southshore Drive, Syracuse, IN	US
S1-227055227	Kylila Cervantes Park LLC	15769 New Market Road, Rockingham County, VA	US
S1-248010989	Johns Jewelers, LLC	Leander, 808 Luke Lane, TX	US
S1-491504892	Catherine Duncan Virtus Co	307 Lenox Avenue, Concord, NC	US
S1-463200207	Division of Public Works	KY, Mount Olivet, 727 Mount Pleasant Road	US
S1-142467550	North Logan Youth Chiropractic LP	UT, 1521 360, North Logan	US
S1-955020024	Lefever Charter School Clinic	274 Jackson Street, Campbell, OH	US
S1-218077197	Carter Quality Joint, LLC	7207 Providence Road, Pine Bluff, AR	US
S1-771738592	Luisa Jorgensen Design Inc	637 11, Gouverneur, NY	US
S1-782915707	Jp Vidyut Private Limited	Flat No. Iii- B, #5, 13 Th A Cross, Ii Nd Block Jaya Nagar, Bangalore, Karnataka	India
S1-129088147	Price Medical Center	14574 Lajolla Drive, Litchfield Park, AZ	US
S1-461085009	Anand Solutions Private Limited	B-17 Maharani Bagh, New Delhi, South Delhi, Delhi	India
S1-158319367	Prime Robotics Networks	14837 Wheeler Road, Lagrange, OH	US
S1-695084161	Healthcare Kesar Chit Private Limited	Mumbai, Mumbai City, Maharashtra, B 201, Rustomjee Central Park Chakala, Andheri-Kurla Road, Andheri (Ea, St)	India
S1-226143068	Jarlari Eagle Inc	560 Bryan Street, Woodburn, OR	US
S1-462698778	Continental Academy	1225 First Street, Alexandria City, VA	US
S1-192795206	Pettie, Brown and Mcconkey Asa	101 Hopedale Farm Road, Northumberland County, VA	US
S1-356402899	Jermaine's Security	7109 163rd Avenue, Vancouver, WA	US
S1-69360678	Rangareddy Devi Limited	Fn 103 Pn 327 Hussainis Sridha Residency, Naga Prashanti Hills Gachibowli Raidurg, Rangareddy, Telangana	India
S1-619879432	Paul Certified Triumph LLC	VA, 49 Dorothy Lane, Stafford County	US
S1-603845616	Empire Fellowship VI	3668 Kingswood Drive, Springfield, MO	US
S1-650568563	Green Infra Private Limited	Nellore, Andhra Pradesh, Opp: Dhanalakshmi Bank Subedarpet, 15/337	India
S1-751922923	Powell Pioneer Flag	3681 Old Mill Road, Chesapeake City, VA	US
S1-160588816	Patriot Fund	2116 Shore Drive, Fl 0, Edgewater, MD	US
S1-468649797	Vyas & Co	Ram Krishna M I 1 2, Jawaharbihar, Rbl, Raebareli, Uttar Pradesh	India
S1-449656459	Orthopedic Physicians of Harrisburg Inc.	527 Martin Street, Harrisburg, NC	US
S1-799180024	Perident Royalties	156 Champions Way, Azle, TX	US
S1-892308754	Rentz Sui Inc	112 Fairview Avenue, Jamestown, NY	US
S1-424059358	Hayden Safe Churchill	36702 Bauerdale Avenue, Avon, OH	US
S1-596142948	Trinity Emanuel Corp	21 Kewanee Road, New Rochelle, NY	US
S1-6019445	Beacon	IL, Unit 2C, Lockport, 1061 Ashley Court	US
S1-666187757	Arumugam Developers Pvt Ltd	C/O Pramod Kumar Yadav, Royal City Colon Aurangabad, Bijnor Road, Lucknow, Uttar Pradesh	India
S1-611260485	Empire Cardiology	1417 Shroyer Road, Oakwood, OH	US
S1-600769093	NR Gas LLC	24 Sergeant Andrew Brucher Road, Bethel, NY	US
S1-341819779	Swastik Food	Telangana, Hyderabad, Gadwal Compound Nampally, 5-8-61	India
S1-691673132	Blount, Mcdermott & Jackson	255 Sd 46092, Fl 0, Rocksprings, TX	US
S1-845426538	Horizon Quality Ftai	402 Main Street, Oriental, NC	US
S1-366932145	NF Open, LLC	5118 Henry Avenue, Nottingham, MD	US
S1-578947084	Cure Pilates	5408 Circle H Drive, Conover, NC	US
S1-240772095	Benedetto Creative Independence PC	8634 Pierce Street, Merrillville, IN	US
S1-548758972	Jesselyn Ingold Dynamics Inc	2433 Walnut Drive, Great Bend, KS	US
S1-518616586	Harbor Trust LLC	4400 Shangri La Drive, Knoxville, TN	US
S1-156557617	C & T Malt Corp	3431 Van Dorn Street, Lincoln, NE	US
S1-380599639	Ram Hari Finance Private Limited	18, North Vijay Nagar, Colony, Agra, Uttar Pradesh	India
S1-346662545	Trareque Inc	1247 Harding Avenue, Chicago, IL	US
S1-706171686	Kolkata Funds Limited	10/1-Princep Street, 2Nd Floor 2Nd Floor, Kolkata, Howrah, West Bengal	India
S1-124476462	Optimal Classic Nano Inc	OH, Wellsville, 42238 State Rte 39	US
S1-871984634	Red Great Consulting Private Limited	H. No. 110 Sector 21C, Faridabad, Haryana	India
S1-609718334	Phelps Resources LLC	1 Vera Court, Wichita Falls, TX	US
S1-147219975	Delta Pet Care Inc	1002 Village Circle Drive, Glen Carbon, IL	US
S1-621947135	Dental Partners LLC	10310 Urban Oak Trail, Houston, TX	US
S1-940105761	Supreme It Pvt Ltd	Survey No. 216-217, Nalegaokar Complex, Bhavani Chowk, Sanja, Road, Osmanabad, Shop No. 5, Maharashtra	India
S1-873493946	Devbhumi Fragrance Private Limited	61, Nilkanthnagar Soc Part 2, Nr. Bajrangdas Bapa Ashram, Nr. N H Way No. 8, Saijpur, Bogh, A, Ahmedabad, Gujarat	India
S1-130033629	Cascade Mercury LLC	408 Laurel Street, Fl 1, Medford, OR	US
S1-105845047	Raravue Inc	10774 258th Road, Effingham, KS	US
S1-947866618	Sharp Test (India) Limited	Gulista Nagar, Amravati, Maharashtra	India
S1-48670082	Chavez and Wang	1842 Davis Shop Road, Albemarle County, VA	US
S1-120998949	Quinn's Summit Landscaping	101 Washington Street, Bolivar, TN	US
S1-391026058	Imagination Royal Private Limited	Plot No 77, Venkateswara Nagar, Moulali, Hyderabad, A.P, Telangana	India
S1-600240	Machinists Local 454	233 Spirit Street, Elgin, TX	US
S1-280255545	Hedwig Richardson Harvard L.L.C.	2447 40th Street, Unit 3, Washington, DC	US
S1-933960651	Biseify LLC	437 Sea Mecox Road, Southampton, NY	US
S1-822946134	India Ashley Financial Limited	No.104, 17Th Cross, M C Layout, Opp Hosahalli Metro Station, Vijayanagar, Bangalore North, Bangalore, Karnataka	India
S1-48141862	Klamath Falls Human Rights Ace Alliance Group	424 Hillside Avenue, Klamath Falls, OR	US
S1-347464189	Tri-State Trust V	25 Benson Street, Albany, NY	US
S1-334383438	Ajax Ventures of New Delhi Private Limited	Property No. Wz-17, Delhi, New Delhi, Room No.-04 First Floor, Asalatpur, Janakpuri, New Delhi	India
S1-271625793	Ram Sun Enterprises Limited	C/O-Arvind Kumar S/O Sukhdev Makan No-43 Makranw, Maudaha, Hamirpur, Uttar Pradesh	India
S1-973835299	Bonni Niu Andretti	315 Troy Street, Toledo, OH	US
S1-609520452	Bill Redding Golden Cayson	Ash Grove, 402 Crestview Avenue, MO	US
S1-477052343	Great Maa Care	677, 1St Floor, Suite No. 1137, 27Th Main, 13Th Cross, Sector-1, Hsr Lay, Out, Bangalore, Karnataka	India
S1-915280028	Oncology Harbor Group	9 Scott Lane, Windsor, CT	US
S1-431358474	2958 Highland Court Holdings PC	1801 Hackberry Road, Bloomington, IL	US
S1-175044227	Carmon Mccord Classic California	222 Milroy Street, Fl 1, Olympia, WA	US
S1-47881738	East Preparatory Academy	506 La Lomita Road, Taos, NM	US
S1-105897334	Coastal Society III LP	Evansville, 4812 St Phillips Road, IN	US
S1-382670129	Fallon Muldoon Ace Data	416 Maple Avenue, Unit # 3A, Stillwater, OK	US
S1-894370235	Womens Health Specialists LLC	72 Drake Street, Waterbury, CT	US
S1-18153908	F+ Xrp LLC	2226 Elsie Faye Heggins Street, Dallas, TX	US
S1-925094055	Kolkata Security Private Limited	West Bengal, Calcutta, 25 Ganesh Chandra Avenue 4Thfloor P S Bow Bazar, Kolkata	India
S1-11480320	Eclat Builders Private Limited	1St Floor, Sabitri Bhaban, Thana Road Natun Bazar, Word No - 13, Tarakeswar, Hooghly, West Bengal	India
S1-176835469	Natraj Enterprises Private Limited	C/O Rita Sharma Last, Lane Pushpanjali, Aligarh, Aligarh, Uttar Pradesh	India
S1-148937392	Platinum Digital Studios LLC	223 Matthews Mill Road, Telford, TN	US
S1-507838363	Krishna Enterprises Private Limited	106Csidcoindustrialestate, Ambatturtiruvallurchennai, Ambattur, Tiruvallur, Tamil Nadu	India
S1-424369176	Lambeth Global Citigroup	7110 5th Street, Tulsa, OK	US
S1-846399783	Woods Pgim of Azle	466 Wilshire Avenue, Azle, TX	US
S1-100809805	Murray and Sullivan Detailing	598 Brushy Mountain Road, Smyth County, VA	US
S1-573775797	Gouri Data LLP	Malad (E), Mumbai, Rm. No. 4 A.D. Marg, Kurar Village, Maharashtra, S T Chawl No.1	India
S1-130339946	Trac Star Pvt Ltd	W - 822, Syndicate Bank Colony, Annanagar.W.E, Chennai, Tamil Nadu	India
S1-916136510	Rous Premier Costamare	1236 96th Street, Hague, ND	US
S1-240550367	Wildlife Project	6601 Hixson Pike, Chattanooga, TN	US
S1-818870992	Smart Midwest Hudson LLC	Jesup, IA, 1344 4th Street	US
S1-815773786	AY Salt Private Limited	203 Jayshree Apartment2Nd Floor Arvind Colony Irla Vile Parle (W), Mumbai, Maharashtra	India
S1-543025021	Threadgill Safe Eureka LLC	City Of Ashland, 209 14th Avenue, WI	US
S1-72634939	Royal Constructions Limited	No.532 Melavalampettai Opp To Sun Pharmaceutical Karunkuzhi Village, Uthiramerur Salai, Maduranthakam, Tamil Nadu	India
S1-137834425	Nelson Charter School Inc.	N10115 Sunny Point Road, Town Of King, WI	US
S1-703830506	Great National Quetta	10631 Sun River Falls Drive, Humble, TX	US
S1-185691589	Hitech Impex Pvt Ltd	C/O Gyan Chand Sethi 62, Nalini Seth Road, 1St Floor, Kolkata, Howrah, West Bengal	India
S1-575816887	Smiling (India) Trading Private Limited	Flat No. 103/104, 1St Floor Ebony, Arkade Earth, Kanjur Village Road, Kanjur Marg East, Mumbai, Maharashtra	India
S1-111580145	Bright Care Private Limited	3/A-902, Akanksha, Prem Nagar, Shanti Garden, Mahada, Mira Road - East, Mumbai, Thane, Maharashtra	India
S1-530955762	Indian Law Chambers Private Limited	Flat No-4 S/F, Plot No-2A/9, Kh No-1238 Kishan Garh, New Delhi, South West Delhi, Delhi	India
S1-681152842	Vision Investment Private Limited	1/95, First Floor, P.H. Road Nerkundram, Chennai, Tamil Nadu	India
S1-517350208	East Future Inc	116 300, Lehi, UT	US
S1-201341520	Rich Assistance Private Limited	Kodungallur, Thrissur, Xxi/165/9, Kerala, First Floor Alankarath Building, Chappara	India
S1-907075389	Sarb Properties Private Limited	68 A Kurla Kamgar Chs Ltd S. G. Barve Road, Kamgar Nagar Kurla East, Mumbai, Mumbai City, Maharashtra	India
S1-597883271	Diamond Intelligence Union LLC	7957 Arrow Road, Motley, MN	US
S1-972742626	Lucky Grill LLC	6700 Blachleyville Road, Wooster, OH	US
S1-997007543	East It Private Limited	No.796, 9Th Main 3Rd Block, Koramangala, Bangalore, Karnataka	India
S1-841832021	Preferred Software Advisors Inc	426 Cedar Heights Drive, Unit 4C, Camdenton, MO	US
S1-888539321	Professional Equity Products	2511 Hale Road, OH, Perry Township	US
S1-290721819	1007 Sixth Plaza Properties, Inc	1371 Branch Lane, Show Low, AZ	US
S1-102457318	Sherrod Jewelers	24012 55th Street, Porum, OK	US
S1-663206079	Holy Synagogue	6712 200th Street, Lynnwood, WA	US
S1-223895854	Dewan Exports Private Limited	51/92, Shree Bhagwati Tower Naya Ganj, Kanpur, Uttar Pradesh	India
S1-172860266	Smart Neighborhood LLC	24209 10th Street, Sammamish, WA	US
S1-870643264	Steinbacher, Grier and Mcshan Inc	Butler, 500 Colonial Drive, AL	US
S1-587328810	Bell Silicon Corp	2612 South Street, Clinton, OH	US
S1-542932344	Swastik Tech Private Limited	Delhi, Khatakar Road Village Bawana City, Delhi, West Delhi	India
S1-694759620	Drayium Futurecorp LLC	902 Montague Street, Dunlap, IA	US
S1-75556362	Indian Consultants Private Limited	S. No. 91 Ganesh Krupa Soc, Pl No. 14C Ground Floor Kothrud, Pune, Maharashtra	India
S1-445117256	Chetna Metal Company	9/447 Nellanikattu Thommankuthu P.O, Thodupuzha, Idukki, Kerala	India
S1-803997391	E/Z Clean	Holyoke, MA, Unit 1, 50 Gates Street	US
S1-546759621	Eye Care Inc	2080 Valleydale Road, Unit STE 10, Hoover, AL	US
S1-365714398	Ishanya Coaching Pvt Ltd	31/3D, Aravali View Rail Vihar, Sector 56, Gurgaon, Haryana	India
S1-818118086	Universal & Co	Second Floor, Cabin No. 06, Seat No. 02, Industrial Area Phase 8B, S.A.S.Nagar (Mohali), Rupnagar, Plot No. F-426, Punjab	India
S1-617580396	Martin Anchor Gabelli	15 Hazelhurst Avenue, Watertown, CT	US
S1-439886730	Hubbard's Preferred Deli, Inc	90 Main Street, Branford, CT	US
S1-800603156	Harris, Rodgers and Shipe	TX, 1930 Road 5601, Cleveland	US
S1-211009373	Orozco Coastal Inc	4324 Sauter Drive, Prescott Valley, AZ	US
S1-312053439	Harbor Group	275 45th Street, Unit 118, Chattanooga, TN	US
S1-743849077	Cunningham Octave of Vernal	2722 3500, Vernal, UT	US
S1-452725466	Giovanna M. Hart, D.C.	147 Milton Avenue, West Haven, CT	US
S1-321474731	Prime Industries	D-18, Transport Nagar, Jaipur, Rajasthan	India
S1-322248246	Cleantech Diamonds Private Limited	West Bengal, Pawan Market 150 Cotton Street, 5Th Floor, Kolkata, Howrah	India
S1-539464963	Anderson, Polito and Byrd LLC	625 S Clinton St, Unit 9, Iowa City, IA	US
S1-597396636	O/O Hawk LLC	57 Brooklyn Road, Ratcliff, AR	US
S1-805824791	Martinez Apparel Associates	69521 237th Avenue, Smithville, OK	US
S1-148952322	Horizon Data Dynamics	IN, 25460 22, Elkhart	US
S1-774933744	Basalt Inc	Tacoma, 1108 126th Street Court, WA	US
S1-7137280	Paolina Davis Cascade Aldabra LLC	NC, 1008 Walker Avenue, Greensboro	US
S1-719824069	Cooper, Stone & Diamond	15111 Pipeline Avenue, Unit UNIT 297, Chino Hills, CA	US
S1-686182416	Direct Pet Care	226 Cherry Ridge Road, Peoria, IL	US
S1-704195393	Maguire Finance LLC	4810 Hopkins Creek Road, St George, KS	US
S1-467463537	G & F Joint	7010 Coneflower Creek Court, Katy, TX	US
S1-527745494	All Agro Private Limited	First Floor, Tapaswiji Info Park, 184/185, Epip Zone, Bangalore South, Bangalore, Karnataka	India
S1-710247196	Helios Inc	815 Allentown Road, Franconia Township, PA	US
S1-826524016	Dermatology Clinic	2549 200, Hurdsfield, ND	US
S1-48368203	Thermo Trust	155, Engineers Estate, Plot No. 21 I.P. Extension, Patparganj, Delhi	India
S1-648883627	Roxi Martinez Premier Emerging	7050 Chesapeake Road, Hyattsville, MD	US
S1-616143393	Dinedyne	2417 Iowa Street, Perry, IA	US
S1-44166425	Straight Edge Tavern Partners	770 Amherst Street, Unit Apartment 2, Buffalo, NY	US
S1-28664043	Aditesh Agro Ltd	No.34, 2Nd Street, Sri Sakthi Vijayalakshmi Nagar 100 Feet Byepass Road, Velachery, Chennai, Tamil Nadu	India
S1-637908938	Jasper	2236 Basil Court, Port Orchard, WA	US
S1-84581186	Ridge Project, Inc	4834 Porter Hollow Road, Great Valley, NY	US
S1-456627670	AU Poly Private Limited	C/O Punam Gupta South Dhadka, Sukanta Pally, Railpar, Asansol, Bardhaman, West Bengal	India
S1-981061820	All Polytechnic Corporation	Sr No 43 Hissa No 2A/1/3, Shelkae Wasti Ravet, Haveli, Pune, Maharashtra	India
S1-93660170	Gray, Pendry & Christian Corp	1031 Natier Drive, Pegram, TN	US
S1-377923393	Complete Data Corporation	334 Trinity Lane, Oak Brook, IL	US
S1-951678369	Bombay Media Limited	340 Mohtashimganj, Hewet Road, Allahabad, Uttar Pradesh	India
S1-694520496	Continental Learning Center	315 Van Sicle, Kenefic, OK	US
S1-219334131	Martinez, Jones and Church Ocean	Mentor, 6361 Candlewood Court, OH	US
S1-643836901	A Cure 2 You	Fresno, TX, 513 Pecan Street	US
S1-747955425	Preferred Equity Corporation	Prince William County, Unit UNIT 358, 15200 Leicestershire Street, VA	US
S1-823306203	HB Finance Private Limited	Navi Mumbai, Flat B-503, Raigarh, Maharashtra, Gini Plaza Plot No. D-13 Sector-6, New Panvel	India
S1-920222748	Grand Marine Concepts Inc	5121 Marble Creek Way, Elk Grove, CA	US
S1-90806170	Physical Therapy Care of Haverhill	7 19th Avenue, Haverhill, MA	US
S1-243418150	Garcia Continental Sky LLC	12902 Wood Stork Lane, Houston, TX	US
S1-13934814	Sher's Spa	37 Ethan Allen Highway, Ridgefield, CT	US
S1-218373352	Yarnell Lincoln	876 Payne Avenue, Unit Apartment 34, Saint Paul, MN	US
S1-61940457	Gillen's Optimal Interiors	206 Hoover Road, Mebane, NC	US
S1-140973645	Henderson and Hill Douglas L.L.C.	2602 Knightsbridge Drive, Tucson, AZ	US
S1-799007341	Holland Bright Lending, LLC	526 Buford Drive, Mobile, AL	US
S1-517409423	Robinson, Arrington and Levenson Crescent Co	3218 Michigan Avenue, Topeka, KS	US
S1-630300408	Mariann Mendonca Averin	17200 Maple Drive, Kellyville, OK	US
S1-817248112	Custom Bay Northwest Inc.	2630 Gaffney Road, Mooresboro, NC	US
S1-634093217	Classic Technical Company	986 Sugar Camp Road, Mineral Wells, WV	US
S1-1134650	Dhruvi Realty Private Limited	Shop No 5A Raheja Arcae Pl 81 Sector 11, Thane, Mumbai, Maharashtra	India
S1-581321698	Silver Usa	2904 Avers Avenue, Chicago, IL	US
S1-307316978	Fresh Textile Works	3933 Headland Avenue, Dothan, AL	US
S1-340296285	New Delhi Infratech Pvt Ltd	Plot No. D-151, Nawada Housing Complex, New Delhi, West Delhi, Delhi	India
S1-606097561	Piedmont Advanced Eaton LLC	14470 24th Street, Bellevue, WA	US
S1-375442955	Cardinal Inc	4406 Alta Lane, Deer Park, TX	US
S1-67235499	Dynamic Trading Enterprises Inc	12617 Oak Plaza, Omaha, NE	US
S1-885693586	Southern Investment Private Limited	Plot No 62, 2-1-266, Street No 4 Mamatha Nagar Colony, Nagole, Hyderabad, Rangareddy, Telangana	India
S1-955731827	Physical Therapy Smart Medicine LLC	108 Oak Avenue, Broken Arrow, OK	US
S1-422102069	Nari Cowling, P.A.	Unit #105, 555 Deer Drive, WY, Jackson	US
S1-267412587	Manas Business Private Limited	Hotel Medora, 1613 A, Pavamani Road, Kozhikode, Kerala	India
S1-461489484	Total Columbia LLC	26 Winterfern Cove, Little Rock, AR	US
S1-543502138	Pittman Veterinary Clinic	1139 Brice Avenue, Lima, OH	US
S1-457677896	First Ofs LLC	6524 72nd Street, Sedgwick, KS	US
S1-551647432	Khan, Nichols & Wood Inc	19685 Goat Run-honey Fork Road, Logan, OH	US
S1-127519074	Vantola Enclave	560 Garrett A Morgan Boulevard, Hyattsville, MD	US
S1-953813236	Unified Bumrungrad LLC	2531 Belt Line Road, Dallas, TX	US
S1-304967180	Harbor Solutions Inc	10 Cornerstone Square, Westford, MA	US
S1-245781079	Jeanne Richardson Agnc Group	2265 North Road, Gardendale, AL	US
S1-135341017	Gehlhausen & Macgregor Inc	6 Eagle Terrace, Depew, NY	US
S1-510844601	Vision Future Properties Private Limited	Holding Number Rgm 4/8, Bl-B, Narayanpur, Monikhola, P.O.-Rajarhat, Gopalpur, Kolkata, Kolkata, Howrah, West Bengal	India
S1-381331448	Powell Medical Center Inc.	5807 Louisville Avenue, Tulsa, OK	US
S1-191166851	Marijo Swann Quality Two	1021 Jefferson Boulevard, Dallas, TX	US
S1-77541292	Fortune Trading Private Limited	F-19, 20, 21, Golden Square Market Radhanpur Road, Mehsana, Vadodara, Gujarat	India
S1-978846085	Esmeralda Garfield Cslm LLC	1260 Whistlestop Way, Bedford County, VA	US
S1-221047562	Complete Charlton	603 Santa Fe Street, Alvarado, TX	US
S1-573128828	Gatanet Industries LLC	Unit 125, Greenville, NC, 1630 Wimbledon Drive	US
S1-505261227	Roseline K. Myers, D.C.	226 52nd Street, Albuquerque, NM	US
S1-49244472	Detaa Inc	2353 Golf View, Woodbury, MN	US
S1-427636825	Swastik Consultancy Private Limited	9 Industrial Area Dahod Road, Thikariya Banswara, Banswara, Rajasthan	India
S1-445241777	Meridel Vasquez Tire Shop LLC	2929 37th Avenue, Minneapolis, MN	US
S1-395458203	Physical Therapy Specialists LLC	322 Main Street, Schoharie, NY	US
S1-877197189	Housing Initiative LLC	1053 Flanders Court, Amherst, NY	US
S1-217107951	Martinez Modern Data	655 Talcottville Road, Unit Unit 179, Vernon, CT	US
S1-188459474	Clyora Institutions PC	44 Quail Road, Greenwich, CT	US
S1-848254	Metropolitan Environmental Concepts Inc	1217 Sycamore Street, Cincinnati, OH	US
S1-463587803	Balance Institute of Technology Limited	306/9 Anita Co Hsg.Soc.Lokhandwala Complex Kandivali (E), Mumbai, Maharashtra	India
S1-879768892	Subha Chetty	C/O Somya Verma, Patranga Faizabad, Rudauli, Barabanki, Uttar Pradesh	India
S1-146949209	Srivastava Telecom (India)	204, B/No.C, Loharuka Green Oasis, Kaikhali, Kolkata, Kolkata, Howrah, West Bengal	India
S1-295872924	Colonial Global Egh	10431 41st Avenue, Marysville, WA	US
S1-477843822	W 4 V James Co	Veneta, OR, 87992 5th Street	US
S1-463869817	Hughes Charter School Inc	6 Country Lake Drive, Carrollton, TX	US
S1-138854050	Mcqueen Aspen Inc	2416 Long Rifle Ridge, Nebo, NC	US
S1-588825597	Colonial Pediatrics	951 Wood Duck Road, Cle Elum, WA	US
S1-132579801	Solorzano Mountain Urban LLC	531 River Street, Ketchum, ID	US
S1-138248815	Novatech International Clinic	Canton, 6101 Echodell Avenue, OH	US
S1-60865071	Physical Therapy Center Associates	1864 Fm 1072, Unit 1864, Fieldton, TX	US
S1-277250926	Infrastructure Jai Traders Private Limited	H.No 24-143/2/1, Sri Sai Santoshi Nilayam B. Nagar, Anandbagh(West), Malkajgiri, Hyderabad, Telangana	India
S1-971746426	Riddick's Bright Tire Shop	OR, 3415 Carson Street, Portland	US
S1-886407099	Bari N. Albert, D.C.	WA, Black Diamond, 23356 Larch Street	US
S1-510919858	Elfie Sudduth Block Inc.	5408 Doe Lane, Apex, NC	US
S1-15957920	Fennell Legacy Sui, Inc	349 3rd Avenue, Unit #11, Hillsboro, OR	US
S1-151051546	Diamond Associates LLC	133 Fitchland Drive, Fairborn, OH	US
S1-763604731	Premier Best Qdro	200 Star Street, El Dorado, KS	US
S1-210111105	Ivenus Chile Inc	10133 Chapel Springs Trail, Fort Worth, TX	US
S1-152274035	Kittie Ouellette Federal Gabelli of Suffern	8 Chestnut Street, Suffern, NY	US
S1-307671132	Didyne LLC	MN, Saint Paul, 1755 Ridgewood Avenue	US
S1-30721551	Middle Enterprises (India) Private Limited	8/2 Cassia Road, Indirapuram, Ghaziabad, Uttar Pradesh	India
S1-532951802	Iormina Mcmillen Physical Therapy	997 Wildflower Court, Eagan, MN	US
S1-235031596	Beckman, Levine and Escobar	4510 Habersham Court, Missouri City, TX	US
S1-825531359	Faith & Sons Ltd	5C, West Bengal, Howrah, Kolkata, Earle Street, Kolkata	India
S1-864378680	Kaiser Ventures	8316 Rainier Street, Edmond, OK	US
S1-257632353	Tatech	16515 180, Gulf Shores, AL	US
S1-956157030	Standard Wholesale Enterprises LLC	5 Road 5591, Farmington, NM	US
S1-58240641	Sterling Semiconductor Advisors LLC	33 Sandstone Drive, Vienna, WV	US
S1-395674573	Krishna Software	601, Tathastu Heights, Nr. Umiya Circle, Morbi, Rajkot, Gujarat	India
S1-233192998	Kestrel Third LLC	Village Of Suamico, WI, 2566 Huntington Way	US
S1-679805440	Bombay Medicals Private Limited	Ranjith Road Kotturpuram, Chennai, New No:3, Chennai, Tamil Nadu	India
S1-276566121	Vision Media Private Limited	158, Ist Floor, Agcr Enclave, Delhi, East Delhi, Delhi	India
S1-686241407	Bobbi Miller Marine	469 2530, Lehi, UT	US
S1-687477167	Select Wholesale Services P.C.	AZ, Wmat, 19 Colelay Road	US
S1-30328191	B Y Velasquez Logistics	133 Bosworth Street, Old Town, ME	US
S1-373664971	Certified Wellness Union Inc	192 Lydale Place, Meriden, CT	US
S1-865768342	Healthcare Siddhi Trustee Pvt Ltd	F-2, 1St Floor, Rahulswapnam, No. # 21 East Park Street, Prithivipakkam, Ambatt, Ur, Chennai, Tamil Nadu	India
S1-354726755	Seven Engineering Private Limited	5286-87, Sir Sobha Singh Building Shradhanand Marg, Delhi	India
S1-690406013	Lucero Precision Molecular Inc	117 6th Street, Hays, KS	US
S1-147825222	Advanced Automation Associates Inc.	788 Mead Drive, Fl 1, Chandler, AZ	US
S1-313617385	Vikky's Staffing LLC	2371 Conners Avenue, Unit Unit 317, Bend, OR	US
S1-528606956	Richter Talon LLC	719 16th Street, Bessemer, AL	US
S1-722710795	Rice & Carter Block	515 Concord Downs Circle, Unit 3, Aurora, OH	US
S1-442991589	Health Society	5605 Berkeley Road, Goleta, CA	US
S1-873848523	Macias Federal Alpine LLC	6439 Myrtle Avenue, Unit 63, Glendale, AZ	US
S1-314926106	Romola Drago Insight Inc.	N28W6240 Alyce Street, City Of Cedarburg, WI	US
S1-696049126	White, Manns and Gomez Alphabet Inc	626 Charles Street, Unit 3, Fall River, MA	US
S1-752542618	Ironclad Inc	46041 Country Lake Drive, Saint Clairsville, OH	US
S1-759140867	Arihant Estate Private Limited	801-H, Sukhdev Nagar Kotla Mubarakpur, New Delhi, Delhi	India
S1-760163783	A Fresh Development LLC	AZ, 4821 Sonrisa, Tucson	US
S1-290116297	Urgent Care Physicians	Spokane, 3903 Pratt Avenue, WA	US
S1-580523098	Grace Lutheran Church Corp	Fairfax County, 7278 Olde Lantern Way, VA	US
S1-557794946	Shree & Co	C/O Maina Devi, 18Ml, Hirnawali, Ward No 3, Sriganganagar, Ganganagar, Rajasthan	India
S1-193874458	FD Assure Private Limited	Pashupati Vihar R.P.S. Road, Baily Road, Danapur, Bihar, Patna, Shankuntla Niwas, Patna	India
S1-265848037	RHR Security Limited	78, Avenue-Iii, Goms Defence Colony Vaishali Nagar, Jaipur, Rajasthan	India
S1-238220593	Atlantic Program III	43612 Highway 10, Perryville, AR	US
S1-972997228	Ace Rocky Software	201 Central Drive, Towamencin Township, PA	US
S1-376998837	Prime Industries LLP	Uttar Pradesh, Lucknow, 529/D/2/1701 Aadil Nagar	India
S1-352250728	Shiv Enterprises Limited	Lucknow, Uttar Pradesh, Lucknow, 604, Scotia Tower, Omaxe Height Gomti Nagar	India
S1-869647436	Hernandez, Carter & Pedersen Nextera, LLC	24 Royce Road, Unit 11, Boston, MA	US
S1-376185555	Drayari Commodity Corp	3 Merle Court, Huntington, NY	US
S1-644980350	Learn Manpower Private Limited	P No. 134/B, Bhawani Nagar, Nagpur, Maharashtra	India
S1-818146945	Apex Innovative Power Private Limited	No.Xxi/1276, Anugraha Shopping Complex, Chalakudy, Thrissur, Kerala	India
S1-570353532	Arth Brothers Private Limited	C/O Ramkrishna Ghosh, Nadanghat (Hospital Road), Purbasthali - I, Bardhaman, West Bengal	India
S1-817662312	Schwartz Hospitality LLC	9155 15B, Birdsall, NY	US
S1-289101318	VJ Sciences Pvt. Ltd.	5551-A Chirag Dilli, New Delhi, South Delhi, Delhi	India
S1-841483054	Bebe's All Insurance	9238 Westpark Drive, Houston, TX	US
S1-741114706	IN Properties Inc	6460 3975, Cedar City, UT	US
S1-398193893	Kim and Rojas Fashion Associates	6890 Brasswood Drive, Fayetteville, NC	US
S1-531859409	Davila Manufacturing	37163 Camarillo Avenue, Barstow, CA	US
S1-293932339	Prime Software Pvt Ltd	Unit No 3-5 Neeru Silk Millsmathurads Mills Compound 126 N M Joshi Marg Lower Parel, Mumbai, Maharashtra	India
S1-65356113	Dermatology Associates LLC	12025 Heiber Court, Henrico County, VA	US
S1-506712557	Foundry L.L.C.	8037 Stonereath Court, Indianapolis, IN	US
S1-818467187	36 Hour Locksmith LLC	62 Memorial Drive, Agawam, MA	US
S1-921746113	Melrose Piedmont Catalyst	205 Mills Lane, Buchanan, TN	US
S1-540221901	Hitech Infra Private Limited	Dharwad, Rayapur Industrial Area, Dharwad, Karnataka, No 190-P, Dharwar	India
S1-132619617	One Sunrise Technology Pvt Ltd	Uttar Pradesh, Meerut, 10-B Mohakampur Enclave Delhi Road, Meerut	India
S1-816720987	Federal Banking	12 Mills Street, Boston, MA	US
S1-401483259	Cardiology Physicians of Azle	440 Browder Circle, Azle, TX	US
S1-284497999	Home Digital	1-15/2, Patibandla (Post) Pedakurapadu (Mandal), Guntur, Andhra Pradesh	India
S1-138108645	Keystone Quasaredge	1305 Canyon Road, Unit 11, Provo, UT	US
S1-524118008	Abstract Marketing Pvt Ltd	C/O. H.No. 22/75 Ramnagar, Jalna, Maharashtra	India
S1-487794460	Bharat Agro Private Limited	Karnataka, No 677, 27Th Min Road, Hsr Layout Sector 1, Bangalore, First Floor, Bengaluru	India
S1-57813824	Family Care Associates	71 Millstone Road, CT, Waterford	US
S1-267126755	NQZ Doubleline	550 2322, Canton, TX	US
S1-409799520	Fleming Charter School	3350 Club Villas Drive, NC, Unit 1504, Saint James	US
S1-786852098	Novoa Arcelormittal Inc	401 High Street, Mankato, KS	US
S1-905601489	Sahani Public School Pvt Ltd	House No.258, Block-C, Prem Nagar, Najafgarh, New Delhi, West Delhi, Delhi	India
S1-335841335	North Continental Translational	100 Santa Fe Avenue, Pawnee Rock, KS	US
S1-75391519	Horizon Cargo Works LP	8762 2nd Street, Muskogee, OK	US
S1-391032962	American Metlife	VA, 1709 Featherstone Drive, Chesterfield County	US
S1-873223403	Aditva Construction Pvt. Ltd.	5/1, West Circle Road, Sajjanrao Circle, Vvpuram, Bangalore, Karnataka	India
S1-704981432	Arihant Foundation	80-80/B, Patwa Chawl, 3Rd Floor, Shaikh Memon Street, Zaveri B, Azar, Mumbai, Mumbai City, Maharashtra	India
S1-121969495	Aarambh Hospitality (India) Limited	Flat Dg 1/2, Bhakti Complex Chs Ltd, Dahisar West, Mumbai, Maharashtra	India
S1-312661196	Valley Capital Partners	512 Holden Road, Loch Raven, MD	US
S1-426724071	Comet Education (India) Pvt. Ltd.	67/159 1 No Railway Gate, Jessore Road, Habra, Parganas North, West Bengal	India
S1-114960502	North White Producer LLP	Balaji Colony 4, Shop No-1 Haji Malang Road, Piswali, Kalyan East, Thane, Maharashtra	India
S1-800616702	Consulting Anantha (india) Private Limited	Plot No. 5 F/F Vipin Garden, Main Najafgarh Road, Delhi	India
S1-792538388	Owasso Youth Federation LLC	OK, 10724 154th Avenue E, Owasso	US
S1-414486664	Indian Marketing LLP	A-8, Jay Gangeshwar Society Hirabaug Varachha Road, Surat, Gujarat	India
S1-208856788	Biis Inc	North Little Rock, 4005 Macarthur Drive, AR	US
S1-499650630	Riley Investments PLLC	1200 Graylyn Road, Virginia Beach City, VA	US
S1-942267182	Virginia Wright Trusted Oil	95 Westford Road, Tyngsborough, MA	US
S1-591330475	Red Pizza	15442 Pugh Road, Unit C, East Liverpool, OH	US
S1-140604821	Roseboro Metropolitan Ameren	CT, 44 Haddam View Heights, Haddam	US
S1-191687313	Lower Mountain Stardust LLC	106 Corbin Street, Paris, TN	US
S1-163656530	Pranika Management Private Limited	Kh No 79/14 Ground Floor, Village Ladpur Chopal, Delhi, North West Delhi, Delhi	India
S1-520930345	Sarasendra Foundation Private Limited	11/236West Guru Angad Nagar Laxmi Nagar, Delhi, East Delhi, Delhi	India
S1-606096049	Vms Advisors Private Limited	907-910 Meadows, Sahar Plaza Andheri Kurla Road, J B Nagar, Mumbai, Maharashtra	India
S1-616661008	Onyx Knowledge Limited	Aw3021, 3Rd Floor, Bharat Diamond Bourse, G Block, Bandra Kurla Complex, Bandra East, Mumbai, Mumbai, Maharashtra	India
S1-349828269	Halcova Cola Inc	7396 Britt Bypass, Britt, MN	US
S1-224238162	Tech Ventures Pvt Ltd	Ek Tower, 6Th Fl, Pl No, Iid/30, Pr No, Aaiid, New Town, North 24 Parganas, West Bengal	India
S1-579904966	International Services Private Limited	333/3-15, Varada Nagar, Gudur Nellore, Nellore, Andhra Pradesh	India
S1-820336382	Premier Pacific Inc	Gahanna, OH, 206 Vista Drive	US
S1-261700926	Consolidated Materials Union LLC	12935 Douglas Camp Spring Drive, Vail, AZ	US
S1-595966213	Naron Clean Latin, Inc	1121 Vine Street, Murray, UT	US
S1-114678992	Golden Bakery Inc	822 Heritage Pointe Circle, Clarksville, TN	US
S1-399734028	Aditya Agro Private Limited	1-100/A/1, Telangana, Nalgonda, Shivaneni Gudem	India
S1-425099661	Cancer Alliance	233 Buckingham Court, Geneva, OH	US
S1-154571045	Ford, Susana W., Esq., PC	3224 Stellar Drive, City Of Janesville, WI	US
S1-311531443	Golden Retail Private Limited	C/O Anju R/O 72/320 Rajwah Road Aggarsain Vihar, Muzaffarnagar, Uttar Pradesh	India
S1-241542861	Midwest Institute PLLC	48 Collins Street, Mcminnville, TN	US
S1-360124137	Better Packaging Partners LLC	4292 Walton Way, Fl 1, Chandler, AZ	US
S1-987754061	Bonita Erwin Ventures	6179 Badgett Sisters Parkway, Yanceyville, NC	US
S1-529659970	Kestis Aura LLC	605 Allen Avenue, Chillicothe, OH	US
S1-132283330	Interstate Harbor Brand Inc	8003 36th Avenue, Sacramento, CA	US
S1-178103731	Great Infra Private Limited	1027, Tower-A, 10Th Floor, Spaze I Tech Park, Sector 49, Sohna Road, Gurgaon, Haryana	India
S1-484978700	Global Foundation Private Limited	So Ramnath 1449/57-B S/F Kh-553 Old 56-D Plot- 5 Gali No-9, Shiv Marg Durga Puri, Delhi, East Delhi, Delhi	India
S1-374417119	OE Engineering LLP	Fortune Towership, Fl-F-101 49/2, Jessore Road, 39/0040, Barasat, Parganas North, West Bengal	India
S1-933009370	Longshoremen Local 658	334 Westyn Way, Linden, TN	US
S1-582206835	Delta First Boston Inc	Rensselaer, NY, 1519 4th Street, Unit Apartment 1	US
S1-388244741	Holy Emanuel	Avon, 1064 45th Avenue, IL	US
S1-461018977	Housing Project	240-65 67 Avenue, Little Neck, NY	US
S1-570131799	Womens Health Care Inc	2300 University Avenue, AR, Little Rock	US
S1-90500381	Sankhya Staffing Limited	Plot No 1/10, Sector 1, Lucknow, Uttar Pradesh	India
S1-975788880	Surya Impex Pvt Ltd	Flt No -A-201, Chandresh Rachna Chs Ltd, Lodha Complex, Nr Ganesh Mandir, Mira Road East, Thane, Maharashtra	India
S1-396315958	Innovative Era	610 Hopkins Street, Buffalo, NY	US
S1-230076452	Marline's Innovative Eye Care	1536 Goshen Valley Road, Church Hill, TN	US
S1-918060633	Cozy Barbershop	15147 Fox Ridge Drive, Fontana, CA	US
S1-501539770	Silver Infra Private Limited	Plot No.1, Second Floor, Navodaya Colony, Road No14, Banjara Hills, Hyderabad, Telangana	India
S1-895694690	Star Technology Private Limited	Flat No. 964, Third Floor, Block Gh-14, Paschim Vihar, Delhi, West Delhi, Delhi	India
S1-70480411	Cooper Trading Private Limited	B-3, Mohan Garden, Uttam Nagar, D.K. Mohan Garden, Delhi, West Delhi, Delhi	India
S1-634741417	Global Enterprises	476, Maruti Nagar, Phase - Ii, Bareli, Baraily, Raisen, Madhya Pradesh	India
S1-915309374	Apex Products Private Limited	Delhi, G. Floor, Sultanpur, Kh.No.300, New Delhi, South West Delhi	India
S1-351141507	Folds Rapid Israel LLC	1297 30, Orwell, NY	US
S1-118118843	Parganas Sports Ltd	16Th Floor, Unit No.1608, Godrej Genesis, Plot- X1, Block Ep Gp, Salt Lake, Sector-V, North 2, 4, Parganas, Parganas North, West Bengal	India
S1-993694226	Shramik (India) Chit Pvt. Ltd.	Plot No. 80/A, Flat No. 101, Srinivasam Residency, Addagutta Society, Kukatpally Housing Bo, Ard, Hyderabad, Telangana	India
S1-140486572	Carrillo, Holly & Spector Inc.	461 Mountain Avenue, Ashland, OR	US
S1-356162394	Best Trading Private Limited	Shop 6, Shreeji Complex, B/S Akota Atithi Gruh, Ako, Vadodara, Gujarat	India
S1-570943134	AE Product Care	40-1-140, M.G. Road Labbipet, Vijayawada, Krishna, Andhra Pradesh	India
S1-762764310	Custom Guaranty LLC	MO, St Charles, 1528 Santa Barbara Drive	US
S1-238092136	Halcari Dynamics Corp	4224 Country Club Drive, Tacoma, WA	US
S1-68669417	Hague Accounting LLC	33502 14, Starbuck, MN	US
S1-569329569	Waldo Modern Aviation LLC	66 Homewood Avenue, Colonie, NY	US
S1-156986701	Asset Building Committee, LLC	12280 Melton Road, Hanover County, VA	US
S1-5820188	Blankenship & Buie	1766 Champions, Unit 1102, Bowling Green, KY	US
S1-254392400	Ellora Welfare Society	A 401, Prime Avenue Bldg., Near Nanavati Hospital, Mumbai, Maharashtra	India
S1-119281529	Maa Media Pvt Ltd	Arti Gupta Vijay, Bihar, Near Shiv Mandir Rps, Mahila College Road, Danapur, Patna, Bihar	India
S1-1655833	Regional Project Inc	Pottstown Borough, 799 State Street, PA	US
S1-291598200	Fresh Pilates	4450 36th Street, Terre Haute, IN	US
S1-313589402	EUB Resorts Private Limited	Maharashtra, Mumbai, 20/179 Moreshwar Kripa Co Opsociety Saverkar Marg Bhandup East	India
S1-630901673	Anugraha (india) Limited	42-B Vikrant Enclave Mayapuri, New Delhi, West Delhi, Delhi	India
S1-106043826	Better Defense Holdings	3666 1330, Unit 204, Lehi, UT	US
S1-259608588	Noida Ecommerce Pvt Ltd	D-18 Sector-7, Noida, Gautam Buddha Nagar, Uttar Pradesh	India
S1-804638031	Houston Activate	7653 Fallbrook Drive, Houston, TX	US
S1-891391654	American Preferred Community, LLC	1933 Dock Street, Unit #212, Tacoma, WA	US
S1-966300422	Westbrook Third Inc.	CT, 38 Pinnacle Road, Plainville	US
S1-389280534	Kpc Events (India) Private Limited	1/1A, Vansittart Row, Ground Floor, Kolkata, Howrah, West Bengal	India
S1-746684756	Technologies Tf Hitec Private Limited	Mittal Tower( Mittal Investment Corp.) No.513, Karnataka, Bangalore, 'B' Wing, 5Th Floor, Mg Road	India
S1-315925691	Cherilynn Marzan Apex Pebblebrook Inc	CA, Sacramento, 3780 Sparrowood Way	US
S1-372611662	Super Consultancy Limited	164, Fanas Wadi, 5Th Floor, Mumbai, Maharashtra	India
S1-799653668	GZV Launch	1014 Madison Street, Rochester, IN	US
S1-535571236	Best Royal Products	Agasthya Complex, No. 63, 3Rd Flr, Shettihalli Road, Bangalore North, Bangalore, Karnataka	India
S1-114404257	Pioneer Infotech Private Limited	No.5-50/1, Brindavan C Habshi Guda, Hyderabad, Telangana, Hyderabad	India
S1-548903861	Lester Tri-State Audio Installation	120 Broadway Avenue, Oak Ridge, TN	US
S1-191695640	Spn & Co	16/8, Arya Samaj Road, Karol Bagh, New Delhi, Delhi	India
S1-731991294	4366 Commerce Avenue Company	8145 Crabapple Lane, Gaithersburg, MD	US
S1-637377199	Miller King LLC	800 6th Street, Unit 301, Nashville, TN	US
S1-419506690	OHO Impex Private Limited	S No 5 Fl No 307 Padmavati Heights Near Oscar School, Keshavnagar, Pune, Maharashtra	India
S1-932862810	Metal Sacks (India) Ltd	Sn 1001 Wadarwadi Opp Kusalkar Building Nr K G N Bekary, Pune, Maharashtra	India
S1-354101614	Narayani Estates Care	307, B, Mythri Mithila, Balagere Road, Varthur, Bangalore North, Bangalore, Karnataka	India
S1-990399664	Reacon Travel (India) Limited	3/389, Vishal Khand-3 Gomti Nagar, Lucknow, Uttar Pradesh	India
S1-99101556	Beex Capital Partners Inc	1020 Court Street, Fremont, OH	US
S1-974325594	Siteo LLC	253 Flanders Road, East Lyme, CT	US
S1-440406089	Thomas Capital Orion	340 Beechwood Avenue, Bridgeport, CT	US
S1-17477824	Obsidian Paceline Inc	60 Amber Lane, Hempstead, NY	US
S1-366914923	Shudh Assessment Private Limited	Patna, Bihar, 3Rd Floor Savitri Complex Saguna Khagaul Road, Patna	India
S1-171923214	Self Dental Associates	800 Montclair Avenue, Dallas, TX	US
S1-209874979	One Agro Private Limited	A-9, Second Floor Chitranjan Park, New Delhi, Delhi	India
S1-978756872	Prime Logistics Brands Inc	4200 185th Street, Jordan, MN	US
S1-991924255	Nadynnet Cargo LLC	North Baltimore, OH, 703 Broadway Street	US
S1-442778351	Galaxy Foods Private Limited	B-37, F/P Basement Outer Ring Road, Swami Nagar Near Public School, New Delhi, South Delhi, Delhi	India
S1-385204022	Murthy & Sons Private Limited	Kila No 22/1 Hisar-Siwani Road Siwani Mandi, Siwani Mandi, Hissar, Haryana	India
S1-652793821	Lakshmi Indian Media Private Limited	New Delhi, A-44, Top Floor(Left-Wing) Freedom Fighter Colony, Neb Sarai, Delhi, New Delhi	India
S1-118952277	SR Health Private Limited	C/O Shantilal Trivedi, Udd, Bramhapuri, Sirohi, Rajasthan	India
S1-201188342	Creative Digital Corporation	43801 Normans Switch Drive, Loudoun County, VA	US
S1-768144139	Urology Center PLLC	147 Center Drive, Whitesburg, KY	US
S1-950541375	Metropolitan Initiative	1256 64, AL, Goodwater	US
S1-51909944	Red Nails!, LLC	203 Broadway Avenue, Clarksburg, WV	US
S1-723564	Jay Classic Infotech Pvt Ltd	Om Apartments, P-124, Gurgaon, Haryana, Gurugram	India
S1-512317135	Cozy Nails! P.C.	1140 Atlantic Avenue, Lima, OH	US
S1-556808842	Diligent Hospital Pvt Ltd	36, Bhakta Prahalad, Nagar, Indore, M.P., Indore, Madhya Pradesh	India
S1-372570786	Moore and Keen Co	3604 Judd Court, Huntsville, AL	US
S1-341585680	IKT Packers Private Limited	Tiruvallur, Ponneri, Plot No 7, Jayamani Nagar, Tamil Nadu, Sf No 160/6	India
S1-318714516	Anchor Telecom Works	4321 Preston Place, Batavia, OH	US
S1-135018793	Cultural Institute	1905 9th 1/2 Street, Rock Island, IL	US
S1-174969673	Ethnic Construction Private Limited	80A Beltala Road, Kolkata, Calcutta, West Bengal	India
S1-545735045	Mamie's Partners Inc.	8 Martin Drive, Brookhaven, NY	US
S1-26567993	Integrated Equity Innovations	2711 Birchwood Meadow Court, Katy, TX	US
S1-523419929	Wagner's Green Dental, Inc	3060 Bero Road, Halethorpe, MD	US
S1-940407353	Prairie Interests, Inc	110 Aspen Drive, Greenville, OH	US
S1-361533293	Pacific Municipal LLC	13820 87th Avenue, Kirkland, WA	US
S1-524661091	Shivam Global Private Limited	301, Sukh Vihar Complex 286, Usha Nagar Extn., Indore, Madhya Pradesh	India
S1-932331578	Modern Construction Private Limited	Darbhanga, Bihar, Darbhanga, Maharaja Office Building Kaidrabad	India
S1-311910017	Hanni Chavez Tankers LLC	6422 Timber, Nine Mile Falls, WA	US
S1-897032402	Reet Exports (India) Private Limited	Vill-Belpukur, P.O. Balarampur, Berhampore, Murshidabad, West Bengal	India
S1-692110125	Laxmi Foods Limited	At 5/878B, Kamala Bazar, Nh 183 Ponkunnam P.O., Kottayam, Kerala	India
S1-9159760	Highland Association	Atlanta, GA, 118 Bowen Circle	US
S1-568326558	Shyam Systems Private Limited	C-62Lajpat Nagr Part-I, New Delhi, South Delhi, Delhi	India
S1-845032555	Agni Castle Private Limited	1/1A, Vansittart Row 1St Floor, Room No. 6A, Kolkata, Kolkata, Howrah, West Bengal	India
S1-465096753	Lona Jansen Vanguard Montreal	12 Cherry Lane, Daisy, AR	US
S1-673773606	Urgent Care Harbor Health L.L.C.	118 Shadow Woods Lane, Franklin County, VA	US
S1-650016853	Mercado and Gray, Inc	471 Townsend Harbor Road, Lunenburg, MA	US
S1-260526831	Upper Valley Investors LLC	3498 Granger Ave, Marion, IA	US
S1-839112911	Ballou, Maloney and Young Edison	257 Earl Icenhour Lane, Taylorsville, NC	US
S1-398475632	BZ Vanguard Natural, LLC	23 Bellows Lane, Woodstock, NY	US
S1-922170211	ZI Engineering Inc	15 Whiton Street, Windsor Locks, CT	US
S1-339771600	Probst Realty Inc	3856 Belmont Drive, Hood River, OR	US
S1-594631366	Balaji Finance Pvt Ltd	Kh No.851 Hariharpur, Uttar Pradesh, Lucknow	India
S1-868594876	Lyric Homes	1949 Overland Street, Colton, CA	US
S1-905723806	Play Vision Private Limited	Mumbai, Maharashtra, Mumbai, C-28 Sayadri Apartmentslokmanya Tilak Marg Borivali West	India
S1-867945156	Urgent Care Physicians Inc	IN, 3313 20th Avenue, Gary	US
S1-871138751	Catina's Barbershop LLC	18 Horseshoe Drive, Danbury, CT	US
S1-888983514	All Detailing Co	82 Drop Tine Road, Eureka, MT	US
S1-488710264	Couch Capital LLC	2152 5500, Roy City, UT	US
S1-726881874	Universal Impex Private Limited	B-225 Okhla Industrial, Area Phase 1, New Delhi, South Delhi, Delhi	India
S1-567581169	Valley Committee	1919 Richvale Lane, Houston, TX	US
S1-32629897	Kotarski Railway of Spring Twp Clinic	106 Garbrick Road, Spring Twp, PA	US
S1-442759887	Sumita Foundation Corporation	17/10, West Patel Nagar New Delhi, New Delhi, West Delhi, Delhi	India
S1-936753046	Vara Brothers Private Limited	4 B - 121, Krishna Vihar, Mathura, Uttar Pradesh	India
S1-762004476	Surgical Medicine LLC	175 Ealy Street, New Albany, IN	US
S1-849834399	Clean Capital Fortis Inc.	140 Hilltop Terrace, Taunton, MA	US
S1-977575356	Foods Shimla Products Private Limited	01 Locoroad, Bholepur Fatehgarh, Farrukhabad, Uttar Pradesh	India
S1-345344463	Brightium Lithium LLC	Magnolia, DE, 3435 Irish Hill Road	US
S1-630733612	Johnson, Leonie, D.O., M.D., P.C.	114 Fair Street, Schoharie, NY	US
S1-275446119	RR Transport	NC, 717 Richland Ridge Drive, Wake Forest	US
S1-984367032	Vivekanand Trust Clinic	Sr No.152 R No.14, Radhekrishna Wel. Soc, Vasai, Thane, Maharashtra	India
S1-201986945	Concorde Overseas Private Limited	B 76, Sector 72, Noida, Gautam Buddha Nagar, Uttar Pradesh	India
S1-556099417	Wani Technologies Pvt. Ltd.	Sheet No. 25 Plot No.3 Datta Apartment, Wani Yavatmal Wani (Mci), Wani, Yavatmal, Maharashtra	India
S1-711101297	Blue Trust LLC	34714 Juniper Avenue, Yucaipa, CA	US
S1-518715454	Willow LLC	730 7th Street, Murray, IA	US
S1-54898379	Sigma Agencies Pvt Ltd	New No.246, Angappa Naicken Stchennai-1. Tamilnadu, Tamilnadu, Tamil Nadu	India
S1-703630130	Mobility & Co	5/54, Vinay Khand, Lucknow, Uttar Pradesh	India
S1-236959623	Autism Assistance Ministries LLC	173 Weatherstone Drive, Berea, OH	US
S1-356894802	Sree Finance LLP	Plot No. B-4, Donar Industrial Area, Darbhanga, Bihar	India
S1-941192089	Shyam Products Private Limited	C4-112/D/New, Paharpur Road, Vill-Rampur Po-Maheshtala, Gobindapur, Ps-Maheshtala, Kolkata, Kolkata, Howrah, West Bengal	India
S1-638120035	Value Biopharmaceuticals	302 Valparaiso, Westville, IN	US
S1-942998990	Himgiri Fabricators Pvt Ltd	C/O-Pm Singh, Near Same Factory Curcury Bharampur, Fulwarisharif, Patna, Bihar	India
S1-785612064	Chavez Farmers LLC	550 Lafarge Drive, Eureka, MO	US
S1-327836282	Dynamic Consultants Private Limited	C/O Sh Govind Dass Agarwal 4, Tolstoy Marg, New Delhi, Delhi	India
S1-993606942	Anderson, Baier & Patrick LLC	27 Burgess Road, Townsend, MA	US
S1-336222444	Ryan Quality Focus, LLC	1232 V Avenue, Villisca, IA	US
S1-175586370	Highland Initiative Inc	304 Main Street, Willard, MO	US
S1-534896803	Y 2 Y Fact LLC	12875 Montfort Drive, Dallas, TX	US
S1-971557858	Heritage Biracilik L.L.C.	6334 Meadowbrook Drive, Fort Worth, TX	US
S1-624639323	Cozy Pub	2103 Viking Drive, Kinston, NC	US
S1-438734010	Sky Ventures Pvt Ltd	13, Shree Shyam Kunj, Burmese Colony, Jaipur, Rajasthan	India
S1-856748041	Sterling LLC	3400 Mann Avenue, Tucson, AZ	US
S1-962911633	Deon LP	13416 55th Drive, Marysville, WA	US
S1-773588481	Trusted Realty Worldwide Inc	1317 Glenview Circle, Bellefontaine, OH	US
S1-437907045	Memphis Scholarship Mountain Alliance	1948 Southern Avenue, Memphis, TN	US
S1-231767990	Yogini Jyothi Limited	C/O Ratan Pramanik, Bahir Agra, Ramtarakhat, Panskura-I, East Midnapore, West Bengal	India
S1-64202419	Select Diagnostic Company	234 Highland Avenue, Leominster, MA	US
S1-608671486	Derry Amplify Inc	150 Prairie View Drive, West Des Moines, Unit Unit 209, IA	US
S1-575024098	Mariele Guzman, DMD, PC	302 23rd Street, Mason City, IA	US
S1-122624972	Devshree Brothers	C/O Davinder Kumar, Talwara Main Bazar Near Sabji Mandi, Hoshiarpur, Punjab	India
S1-477776195	Dynamic Biomedical Networks LLC	270 School Hill Road, Cecil Township, PA	US
S1-605745951	Horizon Electronics Worldwide Inc	5003 Mile Of Sunshine Dr, Louisville, KY	US
S1-454253121	Silver Producer Private Limited	39 Supa, Jagdamba Hospital Supe, Baramati, Pune, Maharashtra	India
S1-183734701	Star Media Digital LLC	1520 Simmons Gap Road, Albemarle County, VA	US
S1-258531529	17 4 Plum	11446 Sagepark Lane, Houston, TX	US
S1-765054622	Shellenberger Gaming Inc	1665 Sonoran View Drive, Green Valley, AZ	US
S1-394443112	Heartland Montessori School	2926 Reservoir Drive, Mogadore, OH	US
S1-542631775	Peon Elite Zhejiang Group	4836 Beaver Court, Hamilton, OH	US
S1-172955988	Gujarat Consultancy Private Limited	G1-290, Riico Industrial, Area, Punayata, Pali, Rajasthan	India
S1-665089355	North Stone	137 Dogwood Road, Forsyth, MO	US
S1-556994153	CO Piedmont Steers LLC	340 2nd Avenue, OH, Columbus	US
S1-103069293	Hardayal Solar Limited	Office No 20 Om Plaza, Near Bus Depot Nalasopara, Vasai, Thane, Maharashtra	India
S1-273897276	Green Digital Group	19070 N Ridge Drive, Long Beach, MN	US
S1-796043742	Sterling Dpc Group	808 Centre Avenue, Buckeye, AZ	US
S1-716231102	Brightful Virtual Private Limited	Ground Floor Part-1, Khasra No.22/11/2/1, 20/1/2, 20/2, 21/1/1, Siyat House, Village Kherki Daula, National Highway-8, Haryana, Gurgaon, Narsinghpur	India
S1-6076476	V+ Myers	2516 Liberty Drive, Maryville, IL	US
S1-741660028	Uptown Diner	562 450, Valparaiso, IN	US
S1-742452575	Megha Traders Limited	Office No A - 401, Sun Westbank, Near Vallabh Sadan, Riverfront, Opp City Gold Cinema Ashram Rd, Ahmadabad City, Ahmedabad, Gujarat	India
S1-178713737	Hari Healthcare Private Limited	4/3/3-A, Ram Nagar, Meyyanur, Auditor Colony, Salem, Tamil Nadu	India
S1-292086069	JWZ India Private Limited	W. No.1, H.No.553/1 Nadivesh, Near Darga, Gao Bhag, Ichalkaranji, Kolhapur, Maharashtra	India
S1-932681860	Automated Hospitality Alliance Associates	12 Hayward Place, Rye, NY	US
S1-832684923	Arte Insurance Pvt Ltd	Sine Office 6Th Floor Rahul Bajaj Technology Innovation Centre (Rbtic) Building, A S Marg, Iit Bombay Campus, Powai, Mumbai, Maharashtra	India
S1-399100576	Okeefe Grand Solarius LLC	2343 45, Plymouth, NC	US
S1-151288193	Shivam It Private Limited	Dhariwal, Near K.J. Hospital, Gurdaspur, Punjab	India
S1-858856995	Capital Select Gravity LLC	1610 Mayfair Lane, Nixa, MO	US
S1-1135838	Urology Group Associates	600 -224 Atlantic Avenue, Virginia Beach City, VA	US
S1-465466648	Seana Winters Tri-State Westin	TN, Maryville, 717 Watkins Road	US
S1-504881856	Priya Solutions (India) Private Limited	106 Ramesh Nagar, New Delhi, North Delhi, Delhi	India
S1-135018486	Lumiere Solutions Private Limited	Plot No.A-5 Jagriti Vihar, Kalyanpur West, Lucknow, Uttar Pradesh	India
S1-391531616	Rajshree Sangh	14, Jamuna Co Op Housing Society Lakadganj, Ambedkar Square, Nagpur, Maharashtra	India
S1-68670999	Amaze Advisors Co	7, Lgf Shrestha Vihar, New Delhi, East Delhi, Delhi	India
S1-121662589	Lillian Gulden Safe Jena LLC	2016 Shagbark Road, Hoover, AL	US
S1-963796262	Lyra LLC	4813 Lincoln Avenue, Beltsville, MD	US
S1-609382808	Liberty Association	316 Charles Avenue, NY, Solvay	US
S1-584913553	Enva Inc.	5905 Farm Pond Lane, Unit 105, Charlotte, NC	US
S1-943280427	Dynamic Alpha Infotech Private Limited	G1, C, Gvk Sky City, Beside Raj Bhavan Road, Nampally, Hyderabad, Telangana	India
S1-61379215	Linova Inc	7202 Flagler Avenue, Pasadena, TX	US
S1-153306487	Collins and Clemons Tax Inc	2719 Salt Creek Road, Benton, AR	US
S1-993369459	All Ridge Ultra Inc	5100 B Midway Drive, Temple, Unit B, TX	US
S1-631129624	Balwant Securitas Private Limited	742 G No 1139 Malegaon, Nashik Nimgaon, Malegaon, Nashik, Maharashtra	India
S1-618775028	Shaw's American Seafood	920 B 56th Street, Seattle, WA	US
S1-83733800	Pinnacle Auto Sales	29425 Happy Hollow Lane, Culpeper County, VA	US
S1-10639811	Star Trading Consultants LLC	19271 Lake View Avenue, Mundelein, IL	US
S1-410358156	Division of Transportation	1905 21st Street, Austin, TX	US
S1-896658868	Supreme Network Union Inc	MT, 155 Windsor Circle, Billings	US
S1-559791279	York White	22 Oceanside Avenue, York, ME	US
S1-486549581	Neque L.L.C.	N8819 Cc, Town Of Exeter, WI	US
S1-126278305	Casey Strategic Outdoor	1402 Susan Street, Pasadena, TX	US
S1-347393031	Barbieri & Rowell Agriculture	1428 Bethel New Richmond Road, New Richmond, OH	US
S1-333346088	Gurgaon Platforms	S 31 Ground Flr Uppal South End Near Sona Road, Gurgaon, Haryana	India
S1-717757691	Milicent Stickney Creative	8102 Alcoa Drive, Fort Washington, MD	US
S1-350434766	Barnes National Auto Sales Inc	7206 Oak Haven Circle, Unit APARTMENT 203, Windsor Mill, MD	US
S1-296285965	Grand Metro Concepts LLC	9019 Riverside Drive, Buchanan County, VA	US
S1-374771912	Venkata Academy	Madni Manzil, Madni Road, Mh.Khanqah Deoband, Distt., Saharanpur, Uttar Pradesh	India
S1-551008863	Hospital & Brothers Private Limited	4856/3, Phatak Namak, Hauz Qazi, New Delhi, Central Delhi, Delhi	India
S1-483925052	Farrier's Clear Wireless Partners	2403 Hudson Road, Maplewood, MN	US
S1-38477494	Gross Prime Charlton LLC	1438 Vance Road, Unit C5, Chattanooga, TN	US
S1-181915664	Pak & Stover End LLC	1322 Broadway Street, Lewistown, IL	US
S1-396129521	Collins Couture	36661 Edgemont Drive, Lebanon, OR	US
S1-52392513	Vault Technology Corp	101 N S Rd 2Nd Fl, Kolkata, Calcutta, West Bengal	India
S1-740240886	Best Logistics Private Limited	Jamda, P O Jhargram, Midnapore, West Bengal	India
S1-847565012	Piedmont Oneim Inc.	50 Hunter Street, Unit 309, Cary, NC	US
S1-340743027	Mendez Innovative Vertical LLC	6 Crestbriar Court, Baytown, TX	US
S1-437172892	Br Academy	Flat No.503, Prakash Uday, Sr.No126, Plot No.22/26, Katraj, Pune, Maharashtra	India
S1-526223722	Anchor Workshop Group	950 19th Street, Unit 203, Phoenix, AZ	US
S1-580123869	Gabi Hatcher Sciences	4554 Pisgah Covered Bridge Road, Asheboro, NC	US
S1-702644452	Vantage Institute of Technology	Tavaragere Post, Behind Bus Stand Ayyannagowda Housing Complex, Kusthagi Taluk, Koppal, Karnataka	India
S1-253899938	Jones Academy	3179 Red Maple Drive, City Of El Paso, TX	US
S1-422220527	Elbertina Jones, O.D.	171 Madison Lane, Charlottesville City, VA	US
S1-677193560	Baptist Center LLC	9923 NC211, Lumberton, NC	US
S1-576211307	Modern Food Private Limited	House No.-15 2Nd Floor Blk-D Pkt 14 Sec 7 Rohini Landmark Near Geeta Ratan Jindal Public, School, Rohini, Delhi	India
S1-780081944	Swastik Infrastructure LLP	7A, Third Floor, Madhu Ind Estate, Pb Marg, Worli, Mumbai, Mumbai City, Maharashtra	India
S1-875467571	Riley Hudson LLC	6 Lupine Lane, Lake Grove, NY	US
S1-394931247	Copeland Express Spruce LLC	5309 Woodland Avenue, Kansas City, MO	US
S1-662324173	Innovative Diagnostic Systems	3091 Bedford Avenue, Morganton, NC	US
S1-130635319	West Peak Highland Inc	141 Shoreline Lane, Hollister, MO	US
S1-89454750	Amarjyoti Trading Private Limited	Flat.118, Plot -85 Adarsh Kunj Cghs, Patparganj, Delhi, East Delhi, Delhi	India
S1-293078494	Solic Machine Works LLC	1328 Campbell Avenue, Roanoke City, VA	US
S1-232667650	Prime Keystone LP	33 A Oak Point Lane, Sanford, NC	US
S1-518004093	Metro Family Practice LLC	3490 Independence Drive, Unit 110, Homewood, AL	US
S1-466057270	Tavakoli Globa	AK, Anchorage, Unit STE A1, 5601 Camelot Drive	US
S1-618167099	Platinum Precision Chain	575 Depot Road, Boxborough, MA	US
S1-315113692	Shp Hospitality Corporation	131, Murarji Peth, Monalisa Complex Lucky Chowk, Solapur, Maharashtra	India
S1-383474684	Superior Broadcast Works LLC	NE, Avoca, 415 Nance Street	US
S1-860124055	Black Systems Private Limited	Puja Apartment New Dak Bunglowroad Ps-Kotwali, Patna, Bihar	India
S1-512633238	Fannie Adkins Genesis, PC	Village Of Caledonia, WI, 5405 Erie Street	US
S1-635890630	Aditya Projects Private Limited	Unit No. 103, 1St Floor, C & B Square, Cts No. 95A 127 Andheri Kurla Road, Andheri (East), Mumbai, Mumbai City, Maharashtra	India
S1-756543405	Water Traders Ltd	Shrangar Nagar, Etah, Uttar Pradesh	India
S1-450716522	Sweet Tattoo	Vancouver, 2711 100th Street, WA	US
S1-194409830	One Engineering Private Limited	Salem, Tamil Nadu, Alagapuram Kothampadi, Attur, Salem, 5/67	India
S1-464084336	Pinnacle Mortgage Corporation	161 Nokomis Parkway, NY, Cheektowaga	US
S1-658836258	Griffith Clear Storage	6351 Old Shell Road, Unit A, Mobile, AL	US
S1-543101242	Tejya Links LLP	C/O Ali Hossain Khan, Vill-Dihi Baliharpur P.O., Ghatal, West Midnapore, West Bengal	India
S1-55006197	Apex Consultants Limited	P.No. 86, 86, Sy.No 4, 5, 6, 7, 8, 9, 10, Shaikpet, Hyderabad, Telangana	India
S1-911649566	Blue Cardiology	2215 21st Street, Lubbock, TX	US
S1-713398366	Maa Real Business	Flat No. B-30/F2 Second, Floor Ss Linden Sector 84, Narsinghpur, Gurgaon, Haryana	India
S1-476831488	Forge Inc	617 Linden Street, Ankeny, IA	US
S1-557827437	Shiva Golden Global Private Limited	Building 11, 1St Floor, Sez-Cessna Business Park Kadubeesanahalli Village, Varthur Hobli, O, Uterrng Rd, Bangalore East Taluk, Bangalore, Karnataka	India
S1-74376483	Dutson Emerging	1951 260th Street, Ventura, IA	US
S1-800016823	Mera & Brothers Private Limited	C/O Ravi Kumar Khata No 3, Khesra No1221, Bareya Kala, Patna City, Patna, Bihar	India
S1-956951984	Heard and Mckinney Inc	2 Randle Court, New Castle, DE	US
S1-9361857	Theis Floating Partners	614 Maryland Avenue, Unit 5, Washington, DC	US
S1-312189660	Desert Project	4760 Eddy Street, Seattle, WA	US
S1-703347806	Adrian Parke Schwab P.C.	7343 Deerberg Drive, Indianapolis, IN	US
S1-76125503	Great Endocrinology Eugene	1414 Kincaid Street, Unit Unit 502, Eugene, OR	US
S1-427534628	Anchor Proshares Care	105 Haynes Street, Palestine, AR	US
S1-360989798	Panchmukhi Law Chambers	Plot No. 179, Patel Nagar Udhna Village, Surat, Gujarat	India
S1-895709344	Ertha Scroggins Lightwave LLC	5422 153rd Avenue, Bellevue, WA	US
S1-900787715	Youth Liberty Chiropractic L.L.C.	4233 Garden Estates Drive, Toledo, OH	US
S1-569430193	Fantasy Services Pvt Ltd	Shop No 16, S No. 84/3B, Bhosale Arcade, Near Vaibhav Theater, Above Shree Ram Agency, Hadapsar, Pune, Maharashtra	India
S1-907673049	Temple Cathedral	253 Crystal Creek Drive, Ellenboro, NC	US
S1-863281339	Universal & Partners	Delhi, First Floor Batla House, Jamia Nagar, Okhla, New Delhi, South Delhi, H.No. H-78/8A	India
S1-51466866	Shiva Developers Pvt Ltd	Delhi, 4Th Floor, Flat No - 09, F - 281, Lado Sarai, New Delhi	India
S1-742658847	Moore Equity Partners	102 Park Ridge Court, Unit UNIT 101, Stafford County, VA	US
S1-384188283	Bharat Enterprises Limited	No.1, F-2, Vsm Nagar Ii Main Road, 13Th Street, (Koil Street), Chennai, Tamil Nadu	India
S1-604576310	Olga Foundation	Plot No.112, Vikas Nagar, Khadgan Road, Near Shitla Mata Mandir, Nagpur, House No.2750, Maharashtra, Nagpur	India
S1-842315034	Mf & Brothers Ltd	Plot No.1 Huda Market, Sector 37 Faridabad, Faridabad, Haryana	India
S1-545950846	Sai Food LLP	H No 12 Near Govt, High School Kansala(49), Rohtak, Haryana	India
S1-690893459	Midwest Royal Coinshares LLC	75 Pederson Drive, Glendive, MT	US
S1-233668077	Lasondyne Co	227 Cleveland Avenue, Hartford, CT	US
S1-482377939	Halcium Fox	403 Broadway, Rochester, NY	US
S1-492532655	Continental Analytics Dynamics Inc.	TX, Houston, 6327 Pineshade Lane	US
S1-7723729	Ram Infra Pvt Ltd	Row House No.B/2, First Floor Above Super Bakery, Next To Venky'S, Datta Mandir Chowk, Vim, An Nagar, Pune, Maharashtra	India
S1-683148514	Bureau of Housing	1232 Buckhead Trail, Mt. Juliet, TN	US
S1-187701150	Bowe Bright Lifestyle LLC	123 4th Street, Babylon, NY	US
S1-659955609	Ear Nose & Throat Clinic Inc	3287 Us Route 7, Pownal, VT	US
S1-369143896	Williams's Rapid Transport	9210 Piney Branch Road, Silver Spring, MD	US
S1-362576081	Guru Agro	Panch-Ramnagar Bankat, Vill-Nanosati, Ward-06, Majhaulia Rs, West Champaran, Bettiah, Bettiah, West Champaran, Bihar	India
S1-702795377	Cozy Ice Cream! LLC	2207 General Electric Road, Unit 1, Bloomington, IL	US
S1-924376812	Urban Consulting Private Limited	17Th Cross, 32Nd Main, 6Th Phase Sarakki, Jp Nagar, Bangalore, Karnataka, Bangalore, No. 82	India
S1-888009859	Mozelle Redford End Inc	1820 5th Avenue, Unit Apartment 7, Anoka, MN	US
S1-908930245	Glyphance Steers Inc	294 Kingsway Drive, Anniston, AL	US
S1-511385555	Fortune Management Private Limited	318 S K Dev Road Lake Town, Near Ujas Complex, Kolkata, Parganas North, West Bengal	India
S1-62411357	Superior Education Worldwide	OH, Columbus, 3199 Gideon Lane	US
S1-510825990	Earth (India) International Private Limited	No.833, 15Th B Cross Road, Lig ?B' Sector, Bangalore North, Bangalore, Karnataka	India
S1-943775151	Pd Solutions Private Limited	Flat No. 901, Plot No. 10/11, Sawan'S Pride, Sector-18, Kharghar, Navi Mumbai, Raigarh, Maharashtra	India
S1-372999912	368 Ocean St Management LLC	Hubbard, 3381 Highland Drive, OH	US
S1-961310135	Khairatabad Pharma Private Limited	H.No.8-2-684/3/K/20, 2Nd Floor, Kaushik Society, Road Number 12, Banjara Hills, Khairatabad, Hyderabad, Telangana	India
S1-763424926	Agro Pgd Homes Pvt. Ltd.	E 2302, Ashok Gardens, Tokersi Jivraj Road, Mumbai, Maharashtra	India
S1-406211345	Perez Concepts LLC	9821 Crocker Drive, Dallas, TX	US
S1-590997006	Schlegel, Langston and Blevins LLC	1130 Hwy 136, Red Cloud, NE	US
S1-730079912	ZK Rice Private Limited	Cecil Court 1St Floorlansdowne Road, Mumbai, Maharashtra	India
S1-511575877	Atithya Food Corporation	Mb 95, G/F, Master Block, Shakarpur, Delhi, East Delhi, Delhi	India
S1-812746091	Pioneer Solar Private Limited	4Th Floor, Grande Palladium, 175, Cst Road, Kalina, Santacruz (East), Mumbai, Mumbai City, Maharashtra	India
S1-837821735	Rasoft Inc	2811 Deer Valley Road, Phoenix, Unit 2017, AZ	US
S1-121813435	Valluvanad Radiators Private Limited	Soc-18, Alamgir Enclave, Ludhiana, Ludhiana, Punjab	India
S1-3374632	Literacy Ministries	303 Adams Drive, Fl GROUND FLOOR, Waterloo, IL	US
S1-124987634	Atlantic League PC	2916 Jenkintown Road, Abington Township, PA	US
S1-284068655	Mirus & Co	# 409, Jagadhri, Yamuna Nagar, Tejli, Jagadhri, Haryana	India
S1-419830447	Urban Products Private Limited	1743 Darbia Kalan, Delhi, Central Delhi, Delhi	India
S1-789960809	South Foundation Private Limited	Telangana, Plot No.101, Hayathnagar, K.V.Rangareddy, Sri Srinivasa Rangapuram	India
S1-625752669	Meridian	108 Memory Lane, Pauls Valley, OK	US
S1-263562940	Tech Investments Private Limited	Rukhsana Rashid, D/O:- Abdur Rashid Khan R/O:- Shershah Colony, Samanpura, Raja Bazar, Patna, Bihar	India
S1-821089622	Cascade Dental Associates	3460 Surele Road, Hempstead, NY	US
S1-261971202	Shafer and Garcia Sterling	11833 Morning Star Road, Apple Valley, CA	US
S1-183410407	Guru Finance Private Limited	F-402, Sudershan Park, Moti Nagar, New Delhi, Delhi	India
S1-959289452	Falaus Enterprises	6831 Walker Drive, Niwot, CO	US
S1-515372387	Orthopedic Summit Health Corp	44 Lilly Ann Circle, Ward, AR	US
S1-887451850	Williams Launch	Town Of Burlington, 8566 Steele Street, WI	US
S1-380843508	Maddock and Mora Winvest	630 Quincy Street, Minneapolis, MN	US
S1-15823491	Piedmont Initiative LLC	513 Bonner Street, Hope, AR	US
S1-11125033	Siana Cross Silver Generating LLC	Flagstaff, AZ, 965 Sterling Lane	US
S1-417516385	Cypress, Inc	KS, 110 Truman Street, Pomona	US
S1-862750659	Elliott Ares LLC	3610 Cornell Street, Williams, AZ	US
S1-944853041	India Mayavaram India Limited	1/7289, East Gorakh Park Babarpur Road, Shahdara, Delhi	India
S1-978943063	N & C Range Inc	1503 Greenwood Avenue, Rockford, IL	US
S1-450024758	Teix	60 Mann Avenue, Unit Apartment 2, Troy, NY	US
S1-30490198	Sunrise Agro Private Limited	Amrit Residency Haripuram, Agra, Plot No-G -08 G.F, Agra, Uttar Pradesh	India
S1-102324451	Golden Classic Fox, LLC	4484 Westwood Drive, West Des Moines, IA	US
S1-996560990	Haney, Lamas & Kraft Mobility LLC	2638 Classen Boulevard, Unit APT, Norman, OK	US
S1-199167809	Midwest Heartland Table LLC	4014 Airport Road, Unit 33, Anacortes, WA	US
S1-975567345	Ruby Auto Pvt Ltd	Flat No.310, 25-16-144/D, Latha Homes, Chuttugunta Main Road, Revenue Ward 37, Guntur, Andhra Pradesh	India
S1-648556135	Womens Health Care LLC	1503 Franklin Street, Brownsville, TX	US
S1-412897230	United Companies LLC	13178 103, MN, Crosslake	US
S1-583686303	KEV Timber Pvt Ltd	53A Bb Block, Janakpuri, Delhi, West Delhi, Delhi	India
S1-247790835	Vantyn Crane	404 Village Hall Place, Nashville, TN	US
S1-483002269	Womens Health Medicine Inc	498 Mt Hope Avenue, Unit Apartment 1, Rochester, NY	US
S1-966644876	Silver Exports Private Limited	Gala No 108, Bldg No-Bd, Shree Rajlaxmi Commercial Complex, Kalher Village, Bhiwandi, Thane, Maharashtra	India
S1-949194459	Rocky Frontier Engineering LLC	4019 Norbourne Blvd, Norbourne Estates, KY	US
S1-182922915	Ajay Hospital LLP	H No 1128/1 A/P -Kale Tal- Panhala, Kolhapur, Maharashtra	India
S1-89545333	ZV Amc	4034 Silver Avenue, Kansas City, KS	US
S1-342868100	VSQ Aluminiums Care	25, S.C. Rakshit Road, Chandannagar, Barabazar, Chandannagar, Hooghly, West Bengal	India
S1-32801745	Million Foundation (India) Private Limited	D. No 67-1-3B/1 Ground Floor Flat No 1 Sampathgiri Enclave Rajeshwari Nagar, Kakinada, East Godavari, Andhra Pradesh	India
S1-988499116	Brooks Supreme Networks Inc	7294 Addie Road, Spencer, IN	US
S1-231078760	Daque Kpet LLC	3 C Barrington Drive, Wethersfield, CT	US
S1-554003743	Elite Welfare Society	2-22-273 Bs Saroja Nilayam Plot No.15 Flat 502 Bhagyanagar Colony Kukatpally, Hyderabad, Telangana	India
S1-189078776	Clark Apex Apparel PLLC	1441 Bragaw Street, Anchorage, AK	US
S1-858704104	Behavioral Health Certified Center	8 Dickens Street, Jacksonville, NC	US
S1-318522620	Global Media Private Limited	S. No. 1282, At Post Shelgaon Taluka Paranda, Osmanabad, Maharashtra	India
S1-639048500	Gujarat Solutions Private Limited	A-14, Wazir Pur, Industrial Area, Ring Road, New Delhi, Delhi	India
S1-285073344	FD Crm Private Limited	Tamil Nadu, Avenue Road, Ghatala Towers, 3Rd Floor, Nungambakkam, Chennai, 19A, Chennai	India
S1-307006298	Guru United Infra Private Limited	1A Kailash Plaza Vallabhbhaglane Ghatkopar East, Mumbai, Maharashtra	India
S1-9070267	UUN Adamas	14350 Warwick Boulevard, Unit C, Newport News City, VA	US
S1-824016813	Tri-State Pediatrics, LLC	8 Collier Street, Hornell, NY	US
S1-727151805	Musgrove & Miyashiro Horizon Corp	4848 Gunnison Street, Chicago, IL	US
S1-204779220	Pentagon Telesystems (India) Pvt Ltd	Uttar Pradesh, Ghaziabad, Unchi Sarak Sonda Road, Modinagar	India
S1-647184753	Ciccarelli, Marquez & Roberts, LLC	40 Buffalo Lance Road, MT, Cameron	US
S1-267926944	Downtown Cleaning Service	8743 Heritage Drive, Florence, KY	US
S1-902002553	Hyderabad Foundation Limited	H.No.8-2-601/4/93, Gouri Shanker Colony Road No.10, Banjara Hills, Hyderabad, Telangana	India
S1-415197315	Weiner, Marsiella J., D.O., PC	129 Broadway Street, Greensburg, IN	US
S1-39513044	Elite Standard Inc	1588 Mcentire Road, Tryon, NC	US
S1-868688961	Global Developers Limited	Chennai City Corporation, No. 9/5, Flat F2, First Floor, 12Th Cross Street, Indira Nagar, Tamil Nadu, Chennai	India
S1-219362921	Mumbai (india) Private Limited	Shop No 10 Sahkar Niwasplot No 160/161 Jawahar Nagar Road No 2 Goregaon (W), Mumbai, Maharashtra	India
S1-520488757	Dominguez Anchor Zhejiang LLC	430 Mt Vernon Church Road, NC, Wallburg	US
S1-875578999	International Systems Private Limited	Hyderabad, Secunderabad, H No.11-1-181 & 183 Seethapalmandi, Telangana	India
S1-754137560	Blue Modern Farms Inc.	6107 Lewis Street, Charlotte, NC, Unit 7007	US
S1-7856677	Arihant Energy Pvt Ltd	Flat A 24, Uttarayan Chs, 5 Flr, Mahakali Caves Rd, Mumbai, Maharashtra	India
S1-81010546	Developers Trif Jewellers Limited	109, 1 Flr, Ackruti Star, Midc, Andheri (E), Mumbai, Mumbai, Maharashtra	India
S1-182788341	Swarnika Foods Private Limited	219, Sai Krapa Coloney, Indore, Madhya Pradesh	India
S1-813874514	Talley, Schulz and Faulkner Inc	50 Burden Hill Lane, Central City, KY	US
S1-556759730	Amita Social Private Limited	C-802, Uma Sree Dream World, Kudulu Gate Jn, Hosur Road, Bangalore, Karnataka	India
S1-858864997	YIS Servicesprivate Ltd	Plot No. 53, Gujarat, Mahavir Industrial Estate, Surat	India
S1-415659043	Aditi Toys	Flat # 304, Telangana, Madeenguda, Block 1, Smr Vinay City, Miyapur Sy.No206/1/Aa, 206/2/A, 206/2/E, 207/A, At, Hyderabad	India
S1-163375044	Konica Consultancy Pvt Ltd	B-10 Pipallag Junagam Main Bazar Pin Village-Pipallag, Amreli, Gujarat	India
S1-993075631	Mcpherson's Blue Environmental Services	KY, Shelbyville, 2059 Hearthside Circle	US
S1-742314572	Bolin Piedmont Eqv LLC	5404 Timber Lane, Gig Harbor, WA	US
S1-519410265	Gabriell Whisler Rocky Sachs Inc	20516 222nd Street, Maple Valley, WA	US
S1-326991616	Jolene Ferguson Prime Oxley Center	6572 Sand Wedge Court, Fairfax County, VA	US
S1-421313990	CL Tech	D.No.22-12-5, Ground Floor, Gubbalavari Street, Revenue Ward No.13, Tanuku (Mdl), West Godavari, Andhra Pradesh	India
S1-13478361	Elife (India) Technologies Private Limited	104, Floor 1St, Plot-289, Emca House, Shahid Bhagat, Mumbai, Maharashtra	India
S1-777405621	Mumbai Ecom Pvt Ltd	Mumbai, Vrindavan A502B/H Dindoshi Bus Depot Yashodham Malad, Maharashtra	India
S1-360057456	Ernakulam Indian LLP	Kerala, Manath Heights, Seaport Airport Road, Near Bmc, Thrikkakara, Ernakulam, 37/2181	India
S1-105401964	Tirumalagiri Property	P No 79, Mangapuram Colony, 1-5-1097/79, Tirumalagiri, Telangana, Hyderabad	India
S1-655879595	Harbor Regional Catalyst LLC	MN, 19670 Vergus Avenue, Jordan	US
S1-792008565	Schippers, Pyburn & Guy LLC	4340 Topsail Landing, Chesapeake City, VA	US
S1-323620522	Woodard Preparatory Academy	1852 Union Church Road, Augusta County, VA	US
S1-161253791	EKU Piedmont Imaging	3319 Lakeside View Drive, Unit STE 6-2, Fairfax County, VA	US
S1-121668737	Kothari (India) Information Pvt Ltd	Room No. 401 A Wing House No 657 Nerul Village, Nerul West, Mumbai, Mumbai City, Maharashtra	India
S1-643812771	Merrill Valley	911 Ocean Highway, Hertford, NC	US
S1-200501374	Vision Care Associates LLC	20816 Damson Road, Lynnwood, WA	US
S1-824491293	New Delhi Advisory	Shop No. G-86, G/F Plot No.2 Lsc Crown Mall, Sector 19, Dwarka, New Delhi, West Delhi, Delhi	India
S1-957362422	Brightial Joint	556 Wabash Avenue, Spokane, WA	US
S1-791781082	Vanshika Memorial Trust	542 And 543, Flat T -F2, Hbr Palace, 1 Cross 1 Stage, 4 Block, Hbr Layout, Bangalore, Karnataka	India
S1-126427225	Vellore Fininv Pvt. Ltd.	66/19 8 Th St Perumal, Koil St T Gopalapuram, Vellore, Tamil Nadu	India
S1-33670372	Clinical & Sons Ltd	Flat T1, G.K Heights, Apt Shirur Park 2Nd Stage, Gokul Road, Hubli, Dharwad, Dharwar, Karnataka	India
S1-605117287	Shree & Brothers Private Limited	H.No 229 Grnd Flr, Block -C Pkt -Ii Ddajanta, New Delhi, South Delhi, Delhi	India
S1-322646249	Britton Platinum Xii	4220 Valley View Road, Edina, MN	US
S1-808638128	Universal Producer Pvt. Ltd.	2566, Kohinoor Ki Gali Chaura Rasta, Jaipur, Rajasthan	India
S1-433698295	Arihant Constructions Pvt Ltd	New Delhi, West Delhi, (Old Pole No. 10), G/F Village Mundka, Pole No. Mdkj821, Back Side, Delhi, Plot At Khasra No. 225	India
S1-138665366	Soko Polytechnic	H.No.20 Acharaya Narendra, Devnagar Old Subhashnagar, Huzur, Bhopal, Madhya Pradesh	India
S1-481013083	Global Systems Private Limited	198, Cmh Rd, 2Nd Floor, Desk 214, Indiranagar, Bangalore North, Bangalore, Karnataka	India
S1-536583797	Pacific Better Hospitality Inc	Saco, ME, 2 Carriage Way	US
S1-740210917	South Producer Limited	S-75, Manish Global Mall Sector-22, Dwarka, South West Delhi, Delhi	India
S1-920569723	Human Rights Program	19 Majus Circle, Ellington, CT	US
S1-895620274	Hotel Lakshmi Investments Private Limited	Jl No.260, Plot No. 671, Kalindi Teghari, East Midnapore, West Bengal	India
S1-887750093	Taransh Tech Private Limited	C/O - Ramling Bhagwan Gade A/P - Kurdu, Tq - Madha, Dist - Solapur, Kurdu, Solapur, Maharashtra	India
S1-414718421	County Of	Moorhead, MN, 3506 30th Street	US
S1-870334409	Schaefer's Produce	8385 Marigold Street, Mountain Iron, MN	US
S1-697661095	Frontier Guild	1105 Main Street, TX, Bastrop	US
S1-107371372	Grossman's Management	4909 Lakeside Drive, Evansville, IN	US
S1-336243319	Martinez, Lopez & Loaiza Connection Inc.	8151 Washington Street, Niles, IL	US
S1-572858032	North Investments Pvt Ltd	Flat No 472, 3Rd Floor, Sai Galleria Road No 36, Jubilee Hills, Hyderabad, Telangana	India
S1-834425917	Atlas	1448 Burbank Avenue, Salt Lake City, UT	US
S1-18367213	Cardiology Clean Group	239 Aldenwood Drive, South Middleton Township, PA	US
S1-593242072	Arts Trust III	3770 Deer Crossing, Memphis, TN	US
S1-143597809	Mumbai Education Private Limited	Office No.312, 3Rd Flr Swastik Disa Corporate Park, Opp Shreyas Cinema, Lbs Marg Ghatkopar West, Mumbai, Maharashtra	India
S1-422837328	Mcdaniel, Jackson & Clowers Inc.	450 75th Avenue, Unit Unit 5, Fridley, MN	US
S1-97805450	Vision Retreats Limited	F No 401, P No 60, Abhis Hiranya Apts Kavuri Hills, Guttala Begumpet, Hyderabad, Telangana	India
S1-246959862	Avani Intensive Private Limited	B-12 Hare Krishna Complexopp Apsara Cinema Kankaria, Ahemdabad, Ahmedabad, Gujarat	India
S1-954530352	Dream Engineers Pvt Ltd	102 Geethanjali Apt.4Th Main Road Gm Palya, New Thippasandra, Bangalore, Karnataka	India
S1-149929467	Arihant Builders Pvt Ltd	8 Bentinck St, Kolkata, Howrah, West Bengal	India
S1-533895769	Vihari India 5/40 Punjabi Bagh	Promoter, 5/40 Punjabi Bagh, New Delhi, Haryana	India
S1-531169138	Ocean Group	A-404, Royal Twins, Near Aabkari Thana, Budhsinghpura, Sanganer, Jaipur, Rajasthan	India
S1-866595179	Topeka Primary Care All Specialists LLC	414 6th Avenue, Topeka, KS	US
S1-200848537	Hinrichs Biotechnology Inc	1050 Euclid Avenue, Unit 4304, Elmhurst, IL	US
S1-792412276	Lanita's Ridge Yoga, LLC	138 Cartwright Avenue, Fl 0, Saint Louis, MO	US
S1-527380975	Simpkins Nexpoint LLC	1109 Farmingdale Avenue, Capitol Heights, MD	US
S1-499013213	Choice Learning Works	1847 Joscara Bend, Apex, NC	US
S1-177588141	Infra Registan Foundation Private Limited	Plot No.-Ds-6 Lohia Nagar, Kankarbagh, Patna, Bihar	India
S1-505733023	Data Logistics Systems	506 Blackstone Court, Lake Villa, IL	US
S1-493097568	Rivera and Caruso Prudential	1412 Campbell Street, Sweetwater, TX	US
S1-331834392	Mota Oneim Inc	1201 6th Avenue, Maywood, IL	US
S1-824812280	Akp Engineering Pvt Ltd	No.24, Sulochana Nagar Mouliwakkam, Chennai, Tamil Nadu	India
S1-724888248	Unique Extrusion	Promoter, 64 Janpath, New Delhi, Delhi	India
S1-960938668	Kbg Hospitality Private Limited	Kasna Ecotech 1 Extension 1 Greater Noida, Gautam Budh Nagar, 55, Noida, Uttar Pradesh, Gautam Buddha Nagar	India
S1-109487913	Magnus Consultancy	S/O Dhiren Mondal, Vill- Kamalabash Po- Sindrani, North 24 Parganas, Kolkata, Parganas North, West Bengal	India
S1-307166095	Morales Residential Inc	5054 Emerton Place, Indianapolis, IN	US
S1-64830361	Sam & Brothers	Fl 2, D Wing, Sn 154-1, Ps Tower, Magarpatta Hdp, Pune City, Pune, Maharashtra	India
S1-575063410	Lucknow Orthopaedics Private Limited	Lucknow, Sector E Sitapur Road Yojna, Jankipuram, Lucknow, Uttar Pradesh, Cp 47A	India
S1-835236860	Dynamic Jai Infrastructure	Sur No-180/2, Fp-40/2, Tp-61, Block-F, Shyam Jyot Business Park, B/H M.G. Textile, Narol Shahwadi Saijpur Road, Shahwadi, Ahmedabad., Ahmadabad City, Ahmedabad, Gujarat	India
S1-529691121	Life Care Private Limited	Lebara Tower, No. 327 Anna Salai, Teynampet, Chennai, Tamil Nadu	India
S1-922562133	Power Systems Limited	No 48, 8Th Street Tatabad, Coimbatore, Tamil Nadu	India
S1-909831529	Ss Projects	Plot 91 No 175 Behind, Metro House Cst Rd Kalina, Mumbai, Maharashtra	India
S1-434508407	Colonial Colonial Engineering Inc	2332 10th Street, Duluth, MN	US
S1-743090616	Surya Builders Private Limited	Shop No - 4, Plot No - B - 17, Basement Floor Satija House Community Centre Dr Mukherj, Ee Nagar, Delhi, New Delhi, Delhi	India
S1-570871555	Pendleton Starry	Roanoke City, VA, 1626 8th Street	US
S1-162665143	Libbey J. Ogilvie, Ph.D.	1911 Devonshire Drive, Arlington, TX	US
S1-583415508	Smart Kongsberg	1496 Weatherend Drive, NC, Winston-salem	US
S1-930218238	Services Nhs India Private Limited	C-211, Legend Apartment, Plot-138, Santacruz East, Bhd Vakola, Church Mumbai, Mumbai, Maharashtra	India
S1-850652337	Main Street Seafood	5916 Bottoms Dairy Road, Elm City, NC	US
S1-633718014	Crew's Security Services Inc.	Coralville, 411 2nd St, IA	US
S1-617701313	Monty Lloyds LLC	2416 Kestral Boulevard, West Lafayette, IN	US
S1-407027597	Verile's Environmental Services	3228 Potts Crossing, Lavergne, TN	US
S1-684080449	Interfaith Committee III L.L.C.	5 Gloria Court, Tijeras, NM	US
S1-583616498	Dental Health of Bolingbrook	293 Ironbark Way, Bolingbrook, IL	US
S1-440441714	Klass Solutions Private Limited	42, Second Floor, Blk-Z, Loha Mandi, Naraina Industrial Area Opposite Vardhman Dharam, New Delhi, South West Delhi, Delhi	India
S1-686895880	Adrith Products Private Limited	West Delhi, New Delhi, Plot No. 41-A- F/F Kh. No 365, Vishwas Park, Block-D Uttam Nagar, Delhi	India
S1-904513740	Dorita's Patriot Iron Works	6733 Christina Marie Lane, Hazelwood, MO	US
S1-88709745	Raj Estate Private Limited	Tttt-26 Civil Town Ship, Rourkela, Sundargarh, Orissa	India
S1-953563788	Pune Business Limited	Plot No.1, Survey No.300/1, Ambadvet, Gadadawanewadi Behind Datta Temple, Taluka Mulshi, At P, Ost Paud, Pune, Maharashtra	India
S1-452962601	Abc Networks Limited	607, 6Th Floor, Padma Tower-I, 5, Rajendra Place, New Delhi, Central Delhi, Delhi	India
S1-821962976	Fifi Worsham Berkley LLC	9112 Tristam Drive, Elgin, TX	US
S1-370682729	Mattila, Cardillo and Lessard LLC	NY, 111 Holley Street, Brockport	US
S1-65864153	Back Alley Cleaning Service LLC	14982 Selton Way, Herriman Town, UT	US
S1-863821601	Matsuda & Fowler Inc	2505 105th Avenue, Avondale, AZ	US
S1-86387436	Nmp Traders Company	Karnataka, Layout Tamaka Kolar, C/O C S Harish Kumar Kuda, Kolar	India
S1-920485832	Imperial Traders Private Limited	Plot No 14, 15, 16 Moraiya Ind. Estate, Moraiya Road, Tal:, Sanand, Ahmedabad, Gujarat	India
S1-696247430	Happy Book Store	6834 Mccomber Street, Sacramento, CA	US
S1-4681579	Ward, Clark & Allen Diagnostics Corp	5245 Bridgeton Road, Rockville, IN	US
S1-680889170	Shyam Foundation Private Limited	No.18/3, 2Nd Floor, 2Nd Cross, Sampige Road, Malleshwaram, Bangalore, Karnataka	India
S1-258366977	Johnson's Cornerstone Jewelers	878 Genesee Drive, Naperville, IL	US
S1-793167780	Blount Reliable Red Clinic	17426 Port O Call Street, Crosby, TX	US
S1-110701344	H+ Nuclear LLC	601 16th Street, Sheffield, AL	US
S1-776111612	Jasper Auto Sales Inc	125 Peck Service Road, Unit 1409, Edwardsville, IL	US
S1-62417353	North Media Private Limited	T - 8 / 206 Valley View Estate, Faridabad Road Gurgaon, Gurgaon, Haryana	India
S1-352715089	Eckenrode Peak Source	TX, Fulshear, 27234 Liberty Heights Lane	US
S1-788755942	Complete Pacific PLLC	1525 N, Moses Lake, WA	US
S1-69095541	Zeis LLC	17441 48, Robertsdale, AL	US
S1-16236092	Piedmont Center Inc	853 Goldenrod Road, Alexandria, KY	US
S1-217655913	Montante Pinnacle Lease	8265 Stillwater Circle, Ooltewah, TN	US
S1-972951626	Red Builders Private Limited	No. 96/7, 1St Cross, Southend Road, Basvangudi, Bangalore, Karnataka	India
S1-724528308	Ram Engineering Private Limited	C/O Namdeo Rajaram Takwane, A/P Pargaon, Tal Daund, Dist-Pune, Pargaon, Pune, Maharashtra	India
S1-254263570	Jai Investment Private Limited	Karnataka, No 141 Bangalore Road, Bellary	India
S1-146973111	Brunetto, Adriena F., MD	1948 Castleberry Way, Birmingham, AL	US
S1-299226969	Radheshyam Consultancy	D.No.6-100, Oteru, Vedanthapuram, Tirupati (Urban), Chittoor, Andhra Pradesh	India
S1-922154509	Ridgeline	WA, 50 Cody Lane, Sunnyside	US
S1-422024687	Shyam Power Pvt Ltd	X-520-B-7, 3Rd Floor, Blue Mount Tower, Kuzhikkattumoola, Kusumagiri Po, Nilampa, Thinji Rd, Kakkanad, Ernakulam, Kerala	India
S1-530049943	Bhargava, Stewart & Rodriguez Alussa	22828 920 Road, Custer City, OK	US
S1-388682992	Vestal Trading Ltd	A-369, Triveni Nagar, Gopalpura Bypass, Jaipur, Rajasthan	India
S1-906000860	Phylys Goodson Star Lincoln	2670 Darlene Lane, Vail, AZ	US
S1-914557817	Ear Nose & Throat Care	3438 Stettinius Avenue, Cincinnati, OH	US
S1-791941778	Rosabelle Fowlkes, D.D.S.	1245 Wilson Street, Memphis, TN	US
S1-434604095	Preet Renewable Private Limited	1 / 3, Central Park, Bansdroni, Kolkata, Parganas South, West Bengal	India
S1-468181586	Aditya Technology Private Limited	307, Angel Arcade, Opp.Palm Hotel, Viratnagar Road, Nr S P Ring Road, Ahmedabad, Gujarat	India
S1-96850832	Zenith, LLC	TN, 1027 Wildacre Way, Knoxville	US
S1-739951712	Shakti Golden Healthcare Pvt Ltd	24 Chandrakumar Banerjee Lane Shibpur, Howrah, West Bengal	India
S1-181717025	Rajasthan & Associates Care	E-217 Amar Colony Lajpat Nagar - Iv, New Delhi, South Delhi, Delhi	India
S1-855378553	Prosperity (India) Infra Private Limited	6-3-343/1, Balapura, Nampally, Hyderabad, Telangana	India
S1-523865291	Kershner Hyperliquid LLC	404 Shep Street, Austin, TX	US
S1-106506184	East Perfect Infrastructure Private Limited	Pl No 11, Mukt Sainik Vasahat, Karvir, Kolhapur, Maharashtra	India
S1-388289354	Crownsville Legato, LLC	Fl 0, MD, 250 Long Point Road, Crownsville	US
S1-664538748	Wilson Endocrinology LLC	13 Fawn Lane, Mcloud, OK	US
S1-727910224	Chennai Marketing Pvt Ltd	Ground Floor, New No 16, Old No. 19 Jayalakshmi Puram 1St Street, Nungambakk, Am, Chennai, Tamil Nadu	India
S1-442508695	Strategic Japan	409 Shriver Avenue, Summerdale, AL	US
S1-649658152	Choice Design Ventures	525 Hickory Trail Drive, Nashville, TN	US
S1-848773687	Pena Grayscale	4905 Jameson Street, Cincinnati, OH	US
S1-412995795	Choice Trg	MT, 325 Ross Gulch Road, Townsend	US
S1-130980668	KP Hair Studio	1378 State Road 595, Lindrith, NM	US
S1-428370693	Lidia K. Hoyle, Esq.	Jamestown, NY, Unit Apartment 1, 52 Hedges Avenue	US
S1-107475697	Golden Developers Pvt Ltd	Flat-1, Block-4, Hig-1, Baghlingampalli Near Ambedkar College, Hyderabad, Telangana	India
S1-254479642	VL Athene	2134 N 44th Road, Sheridan, IL	US
S1-709547115	Impeccable Horticulture Private Limited	Mumbai, 504 Rna Regency Parkm G Road Kandivali, Maharashtra, Mumbai	India
S1-278231669	Guru Services Private Limited	No. 1973-A, Trichy Road, Coimbatore South, Coimbatore, Tamil Nadu	India
S1-769375439	Wear Rapid Wintergreen	17 Petalas Drive, East Greenbush, NY	US
S1-687244273	Deify LLC	2094 Grant Street, Eugene, OR	US
S1-434619095	United Center IV	324 Londonshire Terrace, Hampton City, VA	US
S1-69662765	Meenya Creations Private Limited	S No.108/1 A/P. Prakasha Tal Shahada, Tal Shahada, Nandurbar, Maharashtra	India
S1-655810692	United Office LLC	419 Park Drive, Lewiston, ID	US
S1-650422532	United Bdc Clinic	8559 Haleigh Woods Drive, Blacklick, OH	US
S1-455448615	Radiant & Sons Private Limited	Oza Kuteera, Mantapa, Bannerghatta Post, Bangalore, Bangalore South, No.6/A, Karnataka	India
S1-273894151	Atlantic Packaging Innovations LLC	1716 Edwards Street, Houston, TX	US
S1-753874975	Thane Infosolutions Care	1St And 2Nd Floor, Plot No. Gen-34, Ttc, Midc, Mahape, Taluke, Thane., Thane, Maharashtra	India
S1-565625179	Gussie Parham, D.D.S.	1724 Lakeview Avenue, Klamath Falls, OR	US
S1-432697664	Aditika Sports Private Limited	New No. 570, Singaravelan Salai, Chinna Neelankarai, Chennai, Kancheepuram, Tamil Nadu	India
S1-754362577	Urban Infrastructure Pvt Ltd	22, Pareejat, J.B Nagar, Andheri (East), Mumbai, Maharashtra	India
S1-378217131	Upper Best Pinnacle Clinic	18450 Palmetto View Drive, TX, Cypress	US
S1-612047495	Rapid Packaging Works LLC	5353 18, Edmeston, NY	US
S1-629163767	YSZ Buildcap Private Limited	817-A, Rishi Nagar, H-193, Delhi, North West, Delhi	India
S1-529843685	Good Estate Private Limited	Flr 90B, New Parsi Chawl, Sant Rohidas Marg, Mumbai, Maharashtra	India
S1-587088153	Federal Textile Works Inc.	217 Sixth Street, Santa Rosa, TX	US
S1-285320042	Gulf Coalition, LLC	228 Media Luz, Sahuarita, AZ	US
S1-218663788	Equinox Index Corp	2297 Lick Fork Road, Spencer, WV	US
S1-85612284	Orthopedic Partners Care	OH, 3566 Denver Avenue, Lorain	US
S1-392018782	Surgical Group	10603 Hayden Road, Unit STE 101, Scottsdale, AZ	US
S1-425697581	Shivshakti India Private Limited	8/588, Elanjimattathil House, Little Palace Lane, Thiruvamkulam, Ernakulam, Kerala	India
S1-618211054	Kirkland Family Practice	25088 Montabello Lake Road, Worton, MD	US
S1-590139178	Rubinstein Summit Edison	4414 Edinburgh Point, Unit CONDO, Indianapolis, IN	US
S1-571350194	My Foundation Private Limited	C/O, Pravash Chandra Sarkar Beledanga, Krishnagar, Nadia, West Bengal	India
S1-845889641	Urgent Care Physicians LLC	2503 Elston Avenue, Chicago, IL	US
S1-19712517	Bang & Co Co	3A, 16/294/A3, Skyline Synergy, Ernakulam, Kerala	India
S1-496706528	Raj Products Private Limited	B-1 8/8, Ciba Road, Dudhsagar Chs Ltd Near Aarey Check Naka, Goregaon East, Mumbai, Bandra Suburban, Maharashtra	India
S1-213642056	Gillispie Summit Software Ltd	47664 850th Avenue, Hector, MN	US
S1-83746989	Sun Global Software Private Limited	No.31/29 02Nd Floor 14Th Crs, 10Th Main Lakkasandra Extn, Adugod, Bangalore South, Bangalore, Karnataka	India
S1-228281854	Womens Health Rapid Partners, LLC	6708 Glenmoor Court, Mchenry, IL	US
S1-37062439	SLD Trading Private Limited	29 Netaji Subhas Road, Kolkata, Calcutta, West Bengal	India
S1-836753545	Faveo & Co	4Th Floor, Kalpataru Heritage, 127, M.G.Road, Fort, Mumbai, Maharashtra	India
S1-368474065	Internal Medicine Global Group	3985 Race Road, Cincinnati, OH	US
S1-796252074	Bright Global Pvt Ltd	C23-204, Provident Cosmo City, Pudupakkam, Chennai, Tamil Nadu	India
S1-654875210	Carr Karbon of Windsor Mill Inc	3346 Ripple Road, Windsor Mill, MD	US
S1-290843794	Devya Commerce	509/510, A Wing, 4Th Floor, Orchard Road Mall, Royal Palms Estate, 169, Aarey Milk Colony, Gor, Egaon (E), Mumbai, Mumbai City, Maharashtra	India
S1-345922138	Unik Tour Limited	Delhi, New Delhi, F-14/63 Model Town, Delhi	India
S1-394131794	Vantent Spring LLC	31210 Sandbar Road, Trumann, AR	US
S1-462708219	Total Associates Pvt Ltd	1002 Steppes Vasant Lawns, Pokhran Road No 2, Thane, Maharashtra	India
S1-739265216	Sateca Equity Partners LLC	415 E Jefferson St, North Liberty, IA	US
S1-983998273	Prathmesh Foundation	B-136, First Floor, Sector-9, Rohini, Delhi, North West, Delhi	India
S1-670543219	Engineering Solutions Industries Private Limited	New Delhi, P-26, Second Floor Green Park Extention, Delhi, South Delhi	India
S1-643796964	United Care Pvt Ltd	Uttar Pradesh, Faizabad, Karam Ali Purwa Faizabad, 1/12/6, Faizabad	India
S1-221158258	Rodriguez Trust	2600 Warwick Boulevard, Unit 111, Newport News City, VA	US
S1-293403344	Eastern Veterinary Clinic LLC	2729 Cardinals Perch Lane, Wendell, NC	US
S1-218897463	Melanie Williams Trusted Farmers Inc.	2131 129th Avenue, Crown Point, IN	US
S1-346520844	Ferric Ares Inc	Laurel, MD, Unit 914, 13001 Mistletoe Spring Road	US
S1-997980471	Shah Capital	254 John Joy Road, Woodstock, NY	US
S1-749826278	Longshoremen Local 154	3723 Carmel Avenue, Peoria, IL	US
S1-923685547	Integrated Enterprises	Flat No 101, Floor No 1, Wing A, Varsha Olive A, Varsha Olive Chsl, Sharddhanand Road, Opp Akruti Erica, Vile Parle East, Mumbai, Maharashtra	India
S1-29353976	527 Seventh Street Properties	1113 Meadowview Drive, Euless, TX	US
S1-950234644	Bunting Aldabra	981 Bauer Road, Naperville, IL	US
S1-661854906	North Producer Private Limited	H. No. 146 N.M.C., Gurugram Circle 2, Haryana, Gurgaon Kty., Gurgaon	India
S1-529258995	Aurelie Goldblatt Preferred Inc.	110 Shenandoah Drive, Johnson City, TN	US
S1-580671755	Griffin Reserve, LLC	NM, 1510 Ohio Avenue, Alamogordo	US
S1-140740900	Global Services Private Limited	S/O Ram Lal Kuwal, Pn 20 Jagdamba Colony, Gulab Bari, Ajmer, Rajasthan	India
S1-392053769	Vanguard Co	2069 Cr 230, Bay City, TX	US
S1-99125273	Aurora	3299 Brunswick Road, Greensville County, VA	US
S1-442328598	Cornerstone LLC	100 Garden Circle, Unit Unit 1, Branson, MO	US
S1-108811566	Shree Products Private Limited	B2/101 Prabhapawan Vatika, Nr Don Bosco, Adharwadi, Kalyan, Thane, Maharashtra	India
S1-582959416	Cornerstone Insurance Corporation	2551 Bois D Arc Road, Combine, TX	US
S1-494782313	Clarksville Human Rights Committee Inc	145 Regent Drive, TN, Clarksville	US
S1-815851929	Sl Institute	#179/2, Gvr Ikon, C-24, 10Th A Main Road, Double Road, Bangalore North, Bangalore, Karnataka	India
S1-477566181	Jana Peacock, Ph.D.	169 Dunn Avenue, Mobile, AL	US
S1-572348561	Dermatology Royal Associates Inc	15701 Heathercroft Drive, Chesterfield, MO	US
S1-55927935	Sterling Graphics LLC	799 Pete Rose Way, Cincinnati, OH	US
S1-305420066	Ingram & Navarro Pharmaceuticals	408 Pine Avenue, Oakes, ND	US
S1-173789008	Morell, Jackson & Nolan Inc	168 Mitchell Road, Cape Elizabeth, ME	US
S1-417023211	Shivpriya Consulting Clinic	Maharashtra, Opp. Kalmadi House 3Rd Floor, Karve Road, Pune, 41/14 Swaroop Complex	India
S1-673526618	Bhopal Multitrading Private Limited	Office No-104, First Floor, Akansha Building Press Complex M.P. Nagar, Bhopal, Madhya Pradesh	India
S1-863216568	Big Management Private Limited	Rmz Milenia Business Park, Phase 2, Campus 4B, 6Th Floor, Unit 602A, Dr Mgr Road, Perun, Gudi, Chennai, Tamil Nadu	India
S1-451239602	Hoopes Oxford P.C.	2875 Johan Court, Salem, OR	US
S1-383668456	Vision Exports Private Limited	17 Deep Vihar, Vikas Nagar, Uttam Nagar, D K Mohan Garden, Delhi, West Delhi, Delhi	India
S1-448547798	Cappuccio Rocky Brookfield LLC	Maryland Heights, 2244 Canyonlands Drive, Unit UNIT E, MO	US
S1-873388602	Long, Starks and Bierly Jersey Inc	2726 9th Drive, Fl 1, Hillsboro, OR	US
S1-382033334	Golden Heritage Electric LLC	2800 Lawndale Drive, Unit 2M, Greensboro, NC	US
S1-176428148	Mufinella's Cleaning Service	209 Carteret Street, Edenton, NC	US
S1-854112354	Creative Empire Sun Inc	OH, 50 Main Street, Alexandria	US
S1-97678974	Premier John Care	507 4th Street, Malta, IL	US
S1-386351838	Elite Superior Webster, Inc	470 Kilkenny Road, Unadilla, NY	US
S1-343177335	Straight Edge Deli	TN, Mcminnville, 391 Flood Road	US
S1-814076813	Vision Medicine	406 Bakerville Road, Dartmouth, MA	US
S1-591968780	Essel Realty Private Limited	3/42, Zalwad Nagar, Juhu, Lane, Andheri West, Mumbai, Mumbai, Maharashtra	India
S1-169367814	Flint Inc	2574 Old Stagecoach Road, Jonesborough, TN	US
S1-965958595	Pacheco Bdc	1618 Berkeley Lane, Monmouth, OR	US
S1-982856050	GT Apex Imaging Inc	9510 Mellenbrook Road, Columbia, MD	US
S1-316288487	Blue Impex Private Limited	Sr. No.65, Shop C-29, Dynamic Linea, Nr Jspm Clg, Pune City, Pune, Maharashtra	India
S1-276399959	Sato York of Franklin Corporation	307 Turnstone Way, Franklin, KY	US
S1-146914418	4421 Sixth Lane Partners	3534 35th Street, Moline, IL	US
S1-435043808	UAK Keycorp	13950 Black Hawk Lane, Orland Park, IL	US
S1-699822100	Dharmik India (India) Private Limited	H.N-117 Allahadadpur, Rajghat, Gorakhpur, Uttar Pradesh	India
S1-897168388	Shakti Red Management Private Limited	Gat No. 6, B1, Village - Kasurdi (Kheba), Post - Khed Shivapur, Taluka - Bhor, Pune, Maharashtra	India
S1-678854491	Hazen Bancorp Inc.	13 Utah Lane, Ravenswood, WV	US
S1-975917621	Frontier Initiative	421 Lakeside Drive, Rock Hill, SC	US
S1-668052528	Pediatric Dentistry Rapid Medicine	2117 Bloomfell Bend, Huntsville, AL	US
S1-689790191	Trisha Devi Private Limited	Agarwal House, 2Nd Georges Gate Road Hastings, 2Nd Floor, Kolkata, Kolkata, Howrah, West Bengal	India
S1-204051353	Womens Health Medicine	3410 Shadow Tree Drive, Unit 383, Sacramento, CA	US
S1-699406450	Kai Solutions Limited	H. No. 139, Ward No. 15, High School Road, Forbesganj, Araria, Bihar	India
S1-924957749	Anchor Hospitality Inc	2910 Kemp Boulevard, Unit 209, Wichita Falls, TX	US
S1-21612600	Ojaskara Brothers Center	1464A, Madurai Main Road Koviloor, Karaikudi, Sivaganga, Tamil Nadu	India
S1-88638224	American Patriot Co	1354 Sam Newell Road, Matthews, NC	US
S1-394018679	Cancer Network Inc	3710 Goldfield Road, Unit 1078, Apache Junction, AZ	US
S1-865968474	United Line Inc	13725 Carriage Ford Road, Prince William County, VA	US
S1-571110311	Steele Light LLC	Cahokia, IL, 10 Judith Street	US
S1-902555336	Holland Unified Israel LLC	124 Buck Trail Road, KY, Russell	US
S1-605283837	Pride Vidyalaya	Flat No 101, Plot No 105, Sarah Pearl, Shilpa Valley, Serilingampally, K.V.Rangareddy, Telangana	India
S1-629418540	XX Leasing Private Limited	55/1A, Strand Road 5Th Floor, Room No 2, Kolkata, Kolkata, Howrah, West Bengal	India
S1-740002545	Legacy Heritage Foods, Inc	1504 Scottsville Road, Unit Suite 205, Chili, NY	US
S1-289521645	Harrison Human Rights Liberty Alliance	OH, 11175 Carolina Trace Road, Harrison	US
S1-183383090	Prakash Clean Pvt. Ltd.	Shop No.1, Bhagyalaxmi Building, V P Road, Near Fidai Baug, Andheri (West), Mumbai, Maharashtra	India
S1-769478709	Kitch Wheeler LP	IN, 528 Jefferson Street, Gary	US
S1-658025911	Empire Fellowship LLC	4700 Marconi Avenue, Unit APT 203, Carmichael, CA	US
S1-352862962	Ina Davis Renewables	28 Cedar Street, Unit Apartment 4, Yonkers, NY	US
S1-606896593	Cypress	920 Cooley King Road, Kodak, TN	US
S1-954322369	Amro Vidyalaya	C/O Bhaskar Laxman Raut At Ambheri Hingoli, Hingoli, Maharashtra	India
S1-276742020	Signature Wholesale Partners	LA, Houma, 1638 Denley Road	US
S1-103228270	Brightus Physical	32323 197th Street, Duvall, WA	US
S1-8090046	Pediatric Safe Care Inc	4180 Poole Road, Cincinnati, OH	US
S1-15554340	Powerline Foods Pvt Ltd	204, Gh10 Sector 1, Manesar, Gurgaon, Haryana	India
S1-365366757	Orthopedic Partners Inc	27 Marion Street, Unit Apartment 3, Buffalo, NY	US
S1-766224167	Vikas Business Clinic	Kaulkheda, Akola, Maharashtra	India
S1-620279480	Leah's Advisory	2726 Bakertown Road, Unit 28, Knoxville, TN	US
S1-547709944	Holy Israel	1388 Rain Dance Trail, Town Of Rome, WI	US
S1-797495343	Aditya Software Private Limited	Business Suite No C4, Prestige Polygon, Iii Floor, Vatika Business Centre, 471, Annasalai, T, Eynampet, Chennai, Tamil Nadu	India
S1-678448191	Tri-State Staffing Co	1030 Emerson Drive, Mooresville, NC	US
S1-128054006	Heritage Pyrophyte	1823 550, Huntingburg, IN	US
S1-712474053	Sk Trust	57 A-6/17 Yashadayini Chs, Ltd Jeevan Bima Nagar Lic, Borivali West, Mumbai, Maharashtra	India
S1-936668264	Nahar Traders LLP	18/253, Station Road, Narsinh Bhavan, Near Dr. Joshi Hospital, Ichalkaranji, Kolhapur, Maharashtra	India
S1-795055193	OW Crafts Ltd	Maharashtra, Plot 24 Sector 2 Taloja Pachanand, Panvel, Shop No 5 Ms Y T Enterprises Phase-1, Raigarh(Mh)	India
S1-255653032	Bright Environmental Global Associates	4644 Nettleton Road, Medina Township, OH	US
S1-343801698	Back Alley Pilates	Northampton County, 10332 Hare Valley Drive, VA	US
S1-568833490	Corner Seafood	13943 Aquila Avenue, Savage, MN	US
S1-616669583	Anchor Learning Consultants PLLC	2212 12th Street, Quincy, IL	US
S1-324102511	Montay Salon LP	4611 78th Street, Town Of Grand Rapids, WI	US
S1-971038971	Site Brothers Pvt. Ltd.	Rj 005, Purva Riviera Marathahalli Po, Bangalore, Karnataka	India
S1-389409782	Super Properties Private Limited	D-810 New Freinds Colony, Delhi, South Delhi, Delhi	India
S1-227113824	Losonva Pioneer Engineering Center	5331 180th Street, East Holman Township, IA	US
S1-483919311	Good Enterprises Private Limited	Pp/14-767, 768, 1222 Near, Kochupalam, Attingal Road, Chirayinkeezhu, Thiruvananthapuram, Trivandrum, Kerala	India
S1-732877253	Right Trading Pvt Ltd	D-303, Neminath Tower, Behind Evershine Medical Evershine City, Gokhiware, Vasai ( East), Thane, Maharashtra	India
S1-454162798	Wang, Dorris, CPA	1222 160, Orem, UT	US
S1-440348732	Noble Landbuild Limited	Moradabad, Chhatte Wali Gali Behind, Moradabad, Uttar Pradesh, C/O Satya Prakash Gupta	India
S1-68136431	Silver Electronics Products Inc	1333 Stamey Cove Road, Hayesville, NC	US
S1-957954692	Auram Shares Private Limited	South Delhi, Peace Apartment, Flat No - 402 Shaheen Bagh, Jamia Nagar, F - 184, Delhi	India
S1-989998628	GN Hill LLC	4609 Scenic Drive, Yakima, WA	US
S1-950400732	Mcgee Grand Giant	9620 Greenview Drive, Fl 0, Saint Louis, MO	US
S1-377560297	Marilee Goldberg Pegasus	2662 Cumberland Road, Cumberland County, VA	US
S1-492969445	Jet (India) Services Private Limited	84, Second Floor, Namberdar Estate, Opposite New Friends Colony, Khijrabad, South Delhi, New Delhi, South Delhi, Delhi	India
S1-264367952	Leleum Inc	331 Lambs Mill Road, Naples, ME	US
S1-18248397	Jensen Chemical	14876 Washington Road, Unit LOT 192, West Burlington, IA	US
S1-987350552	Behavioral Health Medicine	2888 6th Street, Cuyahoga Falls, OH	US
S1-381698737	Alpha Business LLP	C-177Vivek Vihar, Delhi	India
S1-345783336	Transports Services Private Limited	Plot No. E-28, Midc, Additional Amebernath Industrial Area, Anand Nagar, Ambernath, (East), Thane, Mumbai City, Maharashtra	India
S1-151440864	Caix	2124 Pinecrest Manor Lane, Fl 0, Saint Louis, MO	US
S1-832997628	Singhs Trading Private Limited	Office No 407 Shivam It Park, Road No 16 Thane West, Thane, Maharashtra	India
S1-880131715	Modern Apex Impex Private Limited	No.22/49, 1St Floor, Krishna Hospi Excel Kalayana Mantapa Road, Jalahalli C, Ross, T Dasarahalli Bangalore, Karnataka	India
S1-386673042	13/52 Corporate	4640 158th Street, Hugo, MN	US
S1-303213089	Auto Car Private Limited	S/O Sh Joginder F-131 Third Floor, Village Lado Sarai, Delhi, New Delhi, Delhi	India
S1-25374773	Seven Future Software Private Limited	C 4 & 5, Ground Floor, Satyam Shopping Centre M.G. Road, Ghatkopar East, Mumbai, Mumbai City, Maharashtra	India
S1-536525067	Marrilee's Prairie Vision Center LLC	6306 Canaan Street, Dallas, TX	US
S1-428676814	Velfloex LLC	119 Ashley Glen Drive, Cary, NC	US
S1-247670066	Martinez Perfect Inc	9348 Ar 34 Highway, Marmaduke, AR	US
S1-871713883	Gillies & Meyer Yhn LLC	1555 W Ruritan Road, Roanoke County, VA	US
S1-343800708	Armstrong, Sisco and Crawford Renaissancere	8392 450, Reelsville, IN	US
S1-311538228	Grether Summit Impact Inc	1535 421, Boone, NC	US
S1-753631170	Eye Interstate Group	TX, 14773 2338, Georgetown	US
S1-942882529	Heritage Freight Systems LLC	142 Morrison Road, Mooresburg, TN	US
S1-991375747	Patodia Foundation	54-10-6, Isukathota, Revenue Ward-10, Visakhapatnam, Visakhapatnam, Vishakhapatnam, Andhra Pradesh	India
S1-233348469	Vision Specialists	10641 17th Avenue, Phoenix, AZ	US
S1-302994793	Dx Foundation	Maharashtra, E-201, Thane, Kalyan, Nikki Nagar, Gandhari Road, Near Adharwadi Jail	India
S1-918282349	Physical Therapy Clinic of Bismarck	2840 Warwick Loop, Bismarck, ND	US
S1-146830532	Primary Care Clinic	26 Queen Street, Westfield, MA	US
S1-726926375	Patel and Ramirez	Beverly, OH, 1665 Hackney Road	US
S1-414613491	1647 Seventh Street Apartments LLC	6050 Bottoms Dairy Road, NC, Elm City	US
S1-863159494	24 Hour Towing	632 University Boulevard, Silver Spring, MD	US
S1-568727299	Federal Capital Partners Inc	404 3rd Avenue, ND, Ray	US
S1-443247610	Chennai Solutions Private Limited	New No.1, Old No.16, Vivekananda Street, Chennai, Tamil Nadu	India
S1-789270444	Concorde Welfare Society	Shop No. 301, Xion-Psc Pacific Mall, Haveli, Pune, Maharashtra	India
S1-194779294	Maryjo Welch Liberty Textiles Inc	Demotte, IN, 7572 Fieldstone Drive	US
S1-270099616	Heredia National Gabelli L.L.C.	324 Dailtown Road, Greene, NC	US
S1-685432813	Carroll and Babcock	25115 Frederick Road, Clarksburg, MD	US
S1-303622938	Cozy Hypnosis	201 Brooksby Village Drive, Unit 415, Peabody, MA	US
S1-826828966	Balaji Producer Limited	Plot No.Pap-J-111 To 120 Near Quality Ice-Cream Shop, Bhosari, Pune, Maharashtra	India
S1-492456803	Clarine Aldrich Source Inc	18823 Vanderbilt Drive, Mokena, IL	US
S1-71833208	Moreno, Carney and Wheeler	52 Pyramid Point Circle, Climax Springs, MO	US
S1-427423856	Lotus Finance Private Limited	Block-2, Fk, Jains Abhisek Apartments Selaiyur, Chennai, Tamil Nadu	India
S1-126534009	Cure Hair Studio, LLC	7660 3rd Street, Oakdale, MN	US
S1-936551636	Seven It Private Limited	27B Lenin Sarani, Kolkata, Calcutta, West Bengal	India
S1-46711576	Developers Yogeshwar Pai Limited	1-2-606/80/3A, Lic Colony Bima Nagar, Hyderabad, Telangana	India
S1-735069461	Physical Therapy Group	80 Albany Avenue, Babylon, NY	US
S1-683333512	Vijay Food Private Limited	Smt Rehana Khatoon W/O Lt Hasib Khan Murutpur Hajipur, Vaishali, Bihar	India
S1-225747574	Behavioral Health Care	5602 Indigo Drive, Gold Canyon, AZ	US
S1-481381982	Nexance Mercator LLC	39 Sitz Road, Harrison, MT	US
S1-950847941	Preston Mountain Santander Center	16586 Bronco Trail, Surprise, AZ	US
S1-858112592	Pediatric Dental Vanguard Care Associates	678 Wall Road, Wadsworth Township, OH	US
S1-950207142	OQ Estate Partners	Telangana, F.No 305 Nizampet, Kukatpally, Hyderabad, P No - A1 To A10	India
S1-245521963	Sap Enterprises Pvt Ltd	Nehru Enclave, Gomti Nagar, R-136, Uttar Pradesh, Lucknow	India
S1-811501283	Real Software Private Limited	A-251, Sector 46, Noida, Gautam Buddha Nagar, Uttar Pradesh	India
S1-228666585	Tanvi Constructions Private Limited	S/O - Swapan Debnath Ram, Iqbal Path Ward No. - 43, Gandhi Nagar, Siliguri, Darjeeling, West Bengal	India
S1-865424849	Cassandre Shipp, L.C.S.W.	2190 Healy Fields Road, Andrews, NC	US
S1-421090825	Harbor Golden Fresenius LLC	TN, Telford, 103 Stayers Lane	US
S1-925657070	Razon Gen LLC	154 One Loop Drive, Porter, NY	US
S1-865291066	S Q Goodwin Property PLLC	5450 Rte Z, Fl 1, Columbia, MO	US
S1-365439500	Mobriva	6003 Henniker Drive, Houston, TX	US
S1-239931172	L G & B Range, LLC	1304 Ileagnes Road, Raleigh, NC	US
S1-107083754	Taus Worldwide LLC	337 Water Tower Loop, Laceys Spring, AL	US
S1-80041039	PN Opportunity	17 High Ridge Road, Beekman, NY	US
S1-341028097	All Infotech Private Limited	10/810B, Ground Floor Padinjarekalayil Building, Kaduthuruthy, Kottayam, Kerala	India
S1-300714164	Southern Foundation Limited	33, Darshan, Bunglow, Ahmedabad., Daskroi, Ahmedabad, Gujarat	India
S1-745304248	New Delhi Mal Private Limited	Pn-122-B, New Delhi, West Delhi, Navyug Block Vishnu Garden, Delhi	India
S1-322431043	Grant Quality Fact Inc	697 Wesley Lane, Mendota Heights, MN	US
S1-852423793	Subia National Bankshares Inc	501 Twenty Third Street, Watervliet, NY	US
S1-920572009	Foot & Ankle Medicine LLC	123 15th Avenue, North Tonawanda, NY	US
S1-966983442	Primary Care Group	23355 4190 Road, Claremore, OK	US
S1-498372929	Delgado Guggenheim Inc.	1604 Saint Andrew Drive, Vernon Hills, IL	US
S1-550762638	Universal Intelligence Dynamics	285 Main Street, American Fork, UT	US
S1-633002743	Chiropractic Express Physicians Inc	3013 Mountain Avenue, City Of El Paso, TX	US
S1-177083235	United General	21 Spruce Fork, WV, Laurel Creek	US
S1-960788592	Dental Center Corp	6041 26, Portland, IN	US
S1-451230111	Rkg Service Private Limited	Ground Floor, Near 60 Feet Road Pul Pehladpur, South Delhi, New Delhi, Delhi, Hr 187/5	India
S1-51368891	3426 Third Ave Holdings	20 Bullhead Drive, Thoreau, NM	US
S1-689150096	Golden Massage	6478 170th Street, Leon, KS	US
S1-703017850	Jackson's Grill	10411 Cranbrook Hills Place, Unit APARTMENT K, Cockeysville, MD	US
S1-731066474	Red Pub!	98 Cook Ruble Road, Roanoke Rapids, NC	US
S1-656855125	India Wind Mills Pvt. Ltd.	H No-1010, Near Rajdhani Gas, Bhubaneswar, Khordha, Orissa	India
S1-602882504	Arihant Care Private Limited	171 G-01 City Annexe Apt, Hajiganj, Sampatchak, Patna, Bihar	India
S1-666356802	YQY Broadband	9 Romer Street, Shandaken, NY	US
S1-829296699	Sib H. Vargas, DO Inc	30683 Sun Creek Drive, Unit L, Evergreen, CO	US
S1-776552941	Gulf Federation LLC	6066 Tr 55, Bellefontaine, OH	US
S1-766390050	Signature Catalyst	7153 Hummingbird Drive, Fl 0, Glen Burnie, MD	US
S1-876637293	Shiva Hospitality Private Limited	45, Tnhb Quarters 1St Street, Poothapedu, Ramapuram Porur, Chennai, Kancheepuram, Tamil Nadu	India
S1-486745633	Primary Care Golden Group	976 Goose Pond Road, Shapleigh, ME	US
S1-306044214	Wallack Coastal Osprey Inc	13510 Scenic Highway, Baton Rouge, LA	US
S1-157908048	Classic Data Dynamics	15966 Firtree Drive, Apple Valley, MN	US
S1-463800316	Regional Wireless Collective Inc	1024 Union Street, Unit 1/2, Fostoria, OH	US
S1-36428499	Ellora Traders Pvt Ltd	373/A, Plot 36, Shop 21, Basement Panchvati Apt., Surat City, Surat, Gujarat	India
S1-277519552	Mandie's Produce	4240 A Gene Hemp Road, Jefferson, MD	US
S1-306655199	Straight Edge Ice Cream	518 Seventh Street, Philipsburg, PA	US
S1-128728739	Pediatric Dental Clinic Inc.	909 Ridgegate Place, Huntsville, AL	US
S1-280177015	Housing Project Inc	515 K Locust Street, Lockport, NY	US
S1-335249419	Perfect Producer Limited	20, Bangalore, High Groundsrikantaiah Layout Bangalore., Crescent Road, Karnataka	India
S1-543360658	Sree Agro Private Limited	Gb Glendale Manore Chalakuzhy Road, Pattom P.O., Thiruvananthapuram, Thiruvananthapuram, Trivandrum, Kerala	India
S1-830116571	Foot & Ankle Prairie Care LLC	4938 168th Place, Beaverton, OR	US
S1-666704319	Sanders Aeon	3606 Lorne Drive, Union, NY	US
S1-920029234	West Prime Allstate	10713 Willow Oaks Drive, Bowie, MD	US
S1-905612996	Krishnapriya Traders Pvt. Ltd.	I - 403, Ansal Appartment Shyamla Hills, Bhopal, Madhya Pradesh	India
S1-496349378	Quad & Brothers Ltd	C/O Pradip Biswas Golden, Green Complex Bl-F&G F, Kolkata, Kolkata, Howrah, West Bengal	India
S1-932871587	Archit & Co	3654 Mori Gate, Delhi, North Delhi, Delhi	India
S1-665621281	BUK India Private Limited	No.40 &41, Sy.No.07, 1St & 2Nd Floor, Chikkasandra Near Bonemill Bus Stop, Hesaraghatta Main, Road, Bengaluru, Bangalore, Karnataka	India
S1-551901270	Krogman Flagstar Group	3205 Prairie View Road, Prairie Grove, IL	US
S1-606970720	Montgomery Delta Xsolla P.C.	2234 Woodgrass Drive, Saint Louis, MO	US
S1-645090467	Shiva Estate Pvt Ltd	5/2 Near, Bidar, Karnataka	India
S1-406659505	Varanasi & Co	No: 139/P, St No: 4, Lane 2, Karthikeya Nagar, Nacharam, Hyderabad, Telangana	India
S1-326048618	Prime Logistics Private Limited	Flat No-306, Gothapatana, Chandaka, Bharatpur, Bhubaneswar, Khordha, Orissa	India
S1-713853341	Wallace Snow of Washington Inc	170 Teel Lane, Washington, IL	US
S1-943767375	Savue LLC	85 Kensington Court, Alexandria, AL	US
S1-358980115	Mareah Bodnar Prairie Automobile LLC	IL, 1538 Victoria Avenue, North Chicago, Unit APARTMENT 2	US
S1-823070840	Properties Infinite Transport Pvt Ltd	Rajendra Nagar, Flat No. C501 Asbl Lakesi, Telangana, K.V.Rangareddy, Khajaguda, Gachibowli	India
S1-391090958	Womens Health Cascade Specialists	2495 High Point Road, Russell County, VA	US
S1-632255661	Modern Energy Pvt Ltd	304 Mahan Terraceopp Bhulkabhavan School, Surat, Gujarat	India
S1-616555905	DI Tourism	A 604, Palm Beach Residency, Plot No 24 To 29, Palm Beach Rd, Opp Kings Electronics, Se, Ctor 4, Nerul Navi Mumbai, Thane, Maharashtra	India
S1-502570165	City Constructions Pvt Ltd	Shop No- 204 S/F Plot No-10 Sec- 11 Pkt-4 Dwarka, New Delhi, Delhi	India
S1-907501667	Pediatric Dentistry Modern Physicians LLC	298 Main Street, Elmo, UT	US
S1-977619640	Berard, Watkins & Jones LLC	1209 W Farm Lane, Buffalo, MN	US
S1-780334164	Ditech Calisa	1414 Collins Drive, Unit A2, Burlington, NC	US
S1-535440561	Internal Medicine Mountain Associates Inc	81 Mineral Street, Reading, MA	US
S1-259585806	Marketing Kuku Engineering Private Limited	East Delhi, New Delhi, Narain Nagar, Laxmi Nagar, East Delhi, N-148-A First Floor, Delhi	India
S1-131618064	Global Debt	14430 Indiana Drive, Harlingen, TX	US
S1-195582783	Battle & Byers Inc	1737 Robertson Avenue, Carthage, MO	US
S1-883242088	Alvera Dunn Better Farms	129 Cr 472, Alice, TX	US
S1-7057247	Betta Mccomb, L.C.S.W., PC	3841 Highway 96, Burns, TN	US
S1-56070164	Producer Royal Skill Pvt Ltd	12-A, Savitri Sahni Enclave New Hyderabad, Lucknow, Uttar Pradesh	India
S1-942701241	Bright Marketing Private Limited	Killoguda (Vi), Sagara (Post), Araku Valley, Chodavaram, Visakhapatnam, Vishakhapatnam, Andhra Pradesh	India
S1-994340502	Fresh Cleaning Service Inc	Maple Hill, 2775 50, NC	US
S1-299464052	Alysia's Retail Inc	12809 46th Avenue, Vancouver, WA	US
S1-277323178	Lajoie & Nero LLC	365 Crosstown Boulevard, Unit Apartment 371, Chaska, MN	US
S1-344725844	UL (india) Private Limited	Morbi, Shop No. 2, Pruthviraj Para, Behind Mahesh Hotel, Near Apple Hospital, Sanala Rd, Gujarat, Plot No. 162 & 163, Rajkot	India
S1-287916758	Silver Materials Partners Inc	Mandan, 104 Medora Avenue, ND	US
S1-950928533	Gagnon Keystone Suisse Inc	7209 Oak Meadow Drive, Austin, TX	US
S1-162502640	Silver System, LLC	1108 Townsend Street, Unit 8D, Cassville, MO	US
S1-970677809	Ss Investment Private Limited	Plot No. 92/A/1, Gidc Nandesari, Vadodara, Gujarat	India
S1-390061494	VB Consultancy Limited	511, 5Th Floor, Goldcrest Business Park Lbs Marg, Opp. Shreyes Cinema, Ghatkopar W, Mumbai, Mumbai City, Maharashtra	India
S1-590265653	Dynamic Frontier Nuveen LLC	115 Strawberry Lane, Winchester, KY	US
S1-687706816	Children's Institute of Chesterfield County	14824 Tosh Terrace, Chesterfield County, VA	US
S1-657519641	Dancing Garments of New Delhi Private Limited	206, 2Nd Floor, 79 Kedarnath Marg, Dariya Ganj, New Delhi, Central Delhi, Delhi	India
S1-422553535	Education Network LLC	24649 Shady Oaks Boulevard, Montgomery, TX	US
S1-594722761	Urgent Care Center LLC	119 Wyman Avenue, Huntington, NY	US
S1-96646400	Zheng Old LP	134 Creek Front Lane, Suffolk City, VA	US
S1-522630717	Avantika Business Ltd	Tc 4/2590, 4/2590-1, Siso Building, Sreekariyam, Pangappara, Thiruvananthapuram, Thiruvananthapuram, Trivandrum, Kerala	India
S1-468107372	Amogh Brothers Pvt Ltd	C\O Mohd Faisal, Dakhin Tola Near Town Area Banki, Barabanki, Uttar Pradesh	India
S1-174116073	Fresh Nails	Maumee, 6813 Southpine Court, OH	US
S1-751705675	Jay Business Private Limited	Sf No 251/1, No 29 A/15, Palaniyaapa Nagar 1Street, Coimbatore South, Coimbatore, Tamil Nadu	India
S1-273578840	Rios Surgical	640 Grandview Heights Drive, Conway, AR	US
S1-473074441	Pinewood Mills Private Limited	Awfis Space Solutions Level 1, N Heights, Plot No 38, Phase 2, Siddiq Nagar, Hitec, City, Hyderabad, Telangana	India
S1-533363897	Plumbers Union Local No 389	7455 Maple Ridge Road, Preble, NY	US
S1-178691377	Alpha Jain International LLP	602, 6Th Main, 2Nd Cross, Hrbr Layout, Kalyan Nagar, Bangalore, Karnataka	India
S1-14285959	Axa Institute Private Limited	Ghb Qtr No 43, P 7 550 Patel Panvali St Nr Vokal Village, Rajkot, Gujarat	India
S1-776749911	HX Design Inc	TN, Beersheba Springs, 405 Wanamaker Road	US
S1-93967203	Barrios Osprey	6221 Ferry Road, Wakeman, OH	US
S1-943583369	Barner, Nicolle A., D.C., P.C.	3621 Bainbridge Street, Round Rock, TX	US
S1-197277642	Expedite Realty LLP	No. 63, 2Nd Floor, Cathedral Road, Gopalapuram, Chennai, Tamil Nadu	India
S1-257743187	Telecom (India) Diagnostics Private Limited	C-241 Flat F-7 Pandav Nagar, Delhi, New Delhi, Delhi	India
S1-684437451	Dearing Resolution LLC	315 Frances Street, Jacksonville, NC	US
S1-507735372	EX Infra Private Limited	E- 704, Daffodils, Magarpatta City, Hadapsar, Pune, Maharashtra	India
S1-884091462	High Logistics	R6/4, Hif Rowtype, Phase-I, K.S Colony, Chennai City Corporation, Chennai, Tamil Nadu	India
S1-762612309	Karmen Swenson Royal Obic	4532 Juarez Street, Tucson, AZ	US
S1-748187261	Eye Center	14406 55th Lane, Yuma, AZ	US
S1-709857546	VF Oil LLC	3008 Fallstaff Road, Unit APT B, Baltimore, MD	US
S1-765888353	Global Agricultural Global	522 Rogers Drive, Stillwater, OK	US
S1-110358114	Sequoia Cea	157 South Street, Boston, MA	US
S1-963762896	Velis Briacell	3522 Bassett Court, Missouri City, TX	US
S1-759561458	National Heritage Dividend LLC	2600 3800, Unit 237, West Valley City, UT	US
S1-799492538	Rapid James LLC	8527 Westford Road, Lutherville, MD	US
S1-108646915	Cortez & Lopez Noble	100 Athletics Avenue, Hutto, TX	US
S1-295621898	Shanti Works Private Limited	Mumbai, 1 Grew Field Dr Roikar Margkadad Bazar Lane Mahim (W), Maharashtra, Mumbai	India
S1-927675735	Davis Certified Produce	1805 Kensington Drive, Unit Unit 91, WI, City Of Waukesha	US
S1-650460306	Vivianna Rash Heartland Realty LLC	22514 White Rock Lane, TX, Waller	US
S1-112360999	Kshitij Institute	P2 Soham Terace, Nr.Sunris, Epark, Opp.Amaltas Bunglow, Ahmadabad City, Gujarat, Ahmedabad	India
S1-516731654	Orbent Strategies LLC	3049 South Road, Lehigh, IA	US
S1-83929837	Pediatric Dentistry Care	230 60th Avenue, Duluth, MN	US
S1-779824844	Gujarat Seven Technologies Private Limited	Flat No 001, Ground Floor, Bldg No A-81, Mira Kutir Chs., Mira Appt, Shanti Park, Mira Road, (East), Mira Road, Thane, Maharashtra	India
S1-679735772	Pediatric Dentistry Better Associates LLC	6219 64th Avenue, Riverdale, MD	US
S1-566102218	Bangalore North Commercials Private Limited	Flat-203, Kmr Landmark, Kmr Landmark, Lbs Nagar, Bangalore North, Bangalore, Karnataka	India
S1-847813834	Benson, Bingham & Dewberry	375 Boston Street, Guilford, CT	US
S1-128068394	Merridie Chapman Jewelers LLC	2514 4th Street, Unit 102, Washington, DC	US
S1-142647069	New North Constructions Private Limited	Md Moinuddin, S/O-Late Qamruddin, Sampatchak, Patna, Bihar	India
S1-769238430	Shivam New Business Private Limited	F No-236, Zinnia Tower, 2Nd Floor, Gaur Saundaryam Plot No.Gh-05C Sec-Techzone-4, Noida, Gautam Buddha Nagar, Uttar Pradesh	India
S1-767814695	United Systems Private Limited	104, 1St Floor, Doongersey Building Maharashtra Chamber Of Commerce Lane, Fo, Rt, Mumbai, Mumbai City, Maharashtra	India
S1-227678174	Ear Nose & Throat Group	2591 Steele Avenue, Columbus, OH	US
S1-63436299	Red International Private Limited	New Delhi, Delhi, S.D.A	India
S1-790225634	Vantium Solution	240 Midlothian Drive, Southern Pines, NC	US
S1-766500746	Peters Parts LLC	13667 Twin Lakes Lane, CA, Redding	US
S1-903124926	18/49 Ribbon PC	5325 Monticello Hall Drive, Unit 1, Columbus, OH	US
S1-979476818	Mumbai Elite Ltd	Mumbai, Maharashtra, A/20 New Empire Industrialestate Kondivita Road J B Nagar Andheri (E)	India
S1-382484900	Primary Care Clinic Inc	5483 Main Street, Stephens City Town, VA	US
S1-187714996	Nolana Burns Valuence	155 Simpson Road, Stokesdale, NC	US
S1-745780069	Duran, Shannon, M.D. PC	5903 Brookmont Drive, Hilliard, OH	US
S1-202205045	Hmt Infrastructure Pvt Ltd	D-61, Ground Floor, Pole No-69 Jj Colony-Ii, Madanpur Khadar, Delhi, South Delhi, Delhi	India
S1-921335596	C/Y Nexus	118 Conference Way, Unit Apartment 163, Schroon, NY	US
S1-442249451	Anay Distributors Corporation	195 7611 Kannamwar Nagar, Vikhroli Mumbai, Mumbai, Maharashtra	India
S1-38831094	Lilyan Roy Cartesian LLC	23051 75, Saint Cloud, MN	US
S1-143242747	Mangalore Consulting Private Limited	The Alexandria, Light House Hill Road, Mangalore, Dakshina Kannada, Karnataka	India
S1-606617950	Kohinoor Power Private Limited	In Front Of Dharma Kanta, Uttar Pradesh, Azamgarh, Kotwa Wasirpur	India
S1-855382465	Behavioral Health Partners, Inc	71617 29 Palms Highway, Twentynine Palms, CA	US
S1-720924206	Quartz Top LLC	5571 Pinson Street, Fort Worth, TX	US
S1-57407295	Volition Services Private Limited	Sriganga Nagar, 114 Lic Colony Near Chachal Chowk, Sriganganagar, Rajasthan	India
S1-435163680	Super Constructions Limited	S.Y No.294, Flat No. 406, 5Th Floor Golden Nest Apartments, Nizampet(Vill), Quthbullapur Mandal, Telangana	India
S1-76943351	Abhiraj Commerce LLP	Mumbai, Office 1101, Maharashtra, Morya Grand, Off New Link Road, Mumbai	India
S1-711467009	Red Producer Private Limited	Bangalore, Karnataka, No.1, Bangalore., 2Nd Floor, Dinnur Main Road	India
S1-552036255	WDW Infotech Private Limited	F7/F8, Sangli, Maharashtra, Sangli, First Floor, Siddhivinayak Forum, Behind Federal Bank Ltd, Opp. Zilla Paris, Had	India
S1-336213574	Heritage Guild	2537 Martinsburg Pike, Frederick County, VA	US
S1-574375263	Ridge Hill, LLC	1077 Four Seasons Farm Boulevard, Kyle, TX	US
S1-597416485	FF All LLC	19910 Sweetgum Circle, Germantown, MD	US
S1-556390144	Lok Vidyalaya	W-19, Near Hanuman Mandir, Kaurihar Chowk Raxaul, Raxaul, East Champaran, Bihar	India
S1-135375738	Viflois	13006 Ketterman Drive, Prince William County, VA	US
S1-117888331	Gold International School	H. No. -11 At Mourya Vihar Colony Near Shanti Market, Kumhrar, Bahadurpur, Patna, Bihar	India
S1-95796628	South Solutions Private Limited	189, Pratap Nagar Mayur Vihar, Phase - I, Delhi	India
S1-187742749	Jcc Infrastructure Limited	Jalna, Ambad, Nutan Vasahat, S/O Shri Vitthal Rambhau, Maharashtra	India
S1-195476342	Carey E. Salazar, DPM, DDS PC	3048 Chili Avenue, Chili, NY	US
S1-985536923	Continental Garden LLC	2901 UNIT B3 Pine Street, Deming, NM	US
S1-351765087	Medina Express Systems LLC	5108 State Rt 59, Unit L11, Ravenna, OH	US
S1-181834911	Chandralok & Partners	4, West Range, 1St Floor, Suite No. 6, Kolkata, Kolkata, Howrah, West Bengal	India
S1-972326289	Cardiology Specialists LLC	240 N Ave, Aptos, CA	US
S1-278504272	Busoft Family Office Clinic	519 1050, Payson, UT	US
S1-25444554	Hinson Metropolitan Energy	Dayton, 7441 Bronson Street, OH	US
S1-994647429	Kestrel Inc	46 University Road, Unit 1, Brookline, MA	US
S1-860988126	Strategic Aerospace Networks	Muncie, 1600 Dr Martin Luther King Jr Boulevard, IN	US
S1-569273167	Jackson Heritage Holdco	8540 Farm Road 104, Willard, MO	US
S1-887034300	Metropolitan Industrials, L.L.C.	124 Raymonds Trailer Court, Dickenson County, VA	US
S1-135833569	Lower State	2460 Hutchinson Street, Chicago, IL	US
S1-25861856	GZ Storage LLC	17954 Margie Lane, Norwood, NC	US
S1-949531652	YJF Utilities Private Limited	Ground Floor Hotel Sarvodayabuilding Opp Railway Station, Navsari, Valsad, Gujarat	India
S1-436447007	Beryl Structurals Private Limited	22/F, Nepal Bhattacharjee 1St Lane, Kolkata, Kolkata, Howrah, West Bengal	India
S1-526629905	Rozele B. Wong, P.A. LP	5811 101 31st Street, TX, Unit 101, Temple	US
S1-399756144	Bangalore North Feeds Limited	Karnataka, Bangalore, No. 185, Bangalore North, 3Rd Cross, Chamundeshwarinagara	India
S1-44863239	Durgapur (india) Private Limited	13C, Ground Floor Saptarshi Park, Durgapur, Bardhaman, West Bengal	India
S1-71889785	Prairie Association	4629 Mehling Court, Cleveland, OH	US
S1-717252582	Fresh Laboratories LLC	29727 Vita Lane, North Olmsted, OH	US
S1-320351831	Jarrett, Fisher and Touhey Corporation	4611 Boxford Road, Greensboro, NC	US
S1-999064135	MKF International LLP	Hyderabad, Ews-11, Road No.3 K.P.H.B.Colony, 15-28-11/1, Telangana	India
S1-166604456	Certified Nutrition Studios Inc.	3852 A 26th Avenue, Temple Hills, MD	US
S1-657157119	Shiva Infrastructure Limited	80, Bsa Engg. College Road, Mata Wali Gali, Jamuna Vihar Colony, Mathura, Uttar Pradesh	India
S1-986317647	Dabney, Risa W., DO	11120 Stanley Road, Vermilion, OH	US
S1-857395965	Rodriguez, Davidson & Mcdonald, LLC	322 Doat Street, Fl Floor 1, Buffalo, NY	US
S1-333312225	JUC Freight	3035 Monroe Street, Toledo, OH	US
S1-963672191	National Energetics L.L.C.	Ashland, Unit 6, OR, 1550 Oregon Street	US
S1-137349830	Bae, Schutz and Bishop LLC	152 Varsity Drive, Huntsville, TX	US
S1-680278355	Oncology Care PLLC	29366 White Street, DE, Millsboro	US
S1-418513116	Pace Number Private Limited	513, 5Th Floor, Balaji Tower-Vi Plot N0.A-4, Airport Plaza, Durgapura, T, Onk Road, Jaipur, Rajasthan	India
S1-663709682	Faridabad Developers Private Limited	F 1/105, Southend Apartment Charmwood Village, Faridabad, Haryana	India
S1-527692330	Internal Medicine Unified Care Associates	192 Armory Street, Hamden, CT	US
S1-76494133	Mysore Constructionsprivate Pvt Ltd	15-A-6, K Block Ramakrishna Nagar, Mysore, Karnataka	India
S1-81215363	Whiteside, Olsen and Fielder	4420 8th Place, Phoenix, AZ	US
S1-100502835	4270 Washington Ave Owners Corp, Inc.	14541 Joppa Avenue, Savage, MN	US
S1-504446736	Kore K. Chiang, P.A.	Unit Apartment 2, 1095 9W, NY, Orangetown	US
S1-987381915	All Foundation Pvt Ltd	4B19, Phoenix Paragon Plaza, Phoenix Marketcity, Kurla ( W), Mumbai, Mumbai City, Maharashtra	India
S1-663233028	Lyrora Wireless	Brooklyn, 580 Remsen Avenue, NY	US
S1-978339973	Miller Consultants LLC	161 Simmons Farm Trail, Clarendon, NC	US
S1-747338093	3636 Commerce Way Owners Corp	251 Sayers Road, Unit A, Bastrop, TX	US
S1-360013119	Manu Se Pvt. Ltd.	Maharashtra, Raigad, Ground Floor, Shubham Arcade, Plot No-17, Sector-22, Kamothe, Panvel, Raigad, Shop No-6	India
S1-334453391	IS Acquisitions LLC	Unit 3, MA, 23 Old Harbor Street, Boston	US
S1-667436389	Cortez, Giebel and Harp Inc	275 Union Road, Unit Apartment 2, Amherst, NY	US
S1-600390910	Fresh Agricultural Works L.L.C.	802 Lafayette Drive, Akron, OH	US
S1-149477559	Delta Food Limited	C-505, Old Seemapuri, Delhi, East Delhi, Delhi	India
S1-83309763	Heritage Agricultural Holdings	20015 Augusta Drive, Oregon City, OR	US
S1-849390194	Rameshwaram Foundation	Avas Vikas, Rajendra Nagar, Bareilly, Uttar Pradesh, A-457	India
S1-867415005	New Infra	1/R New Colony, Palwal, Faridabad, Haryana	India
S1-889537185	Robbin Brown Barings LLC	99 Sawgrass Court, Hamburg, NY	US
S1-48888744	AZ Research LLC	131 Liberty Street, Danvers, MA	US
S1-231158168	Nashik Software Corporation	Flat No.2, Vijayshree Apartment, Near Atrija Soc., Rajiv Nagar, Nashik, Maharashtra	India
S1-891447848	Ace Good Estate Limited	New Delhi, South Delhi, Delhi, E-14, Masjid Moth Greater Kailash 3	India
S1-108295356	French's Auto Body	2835 Timberline Drive, Eugene, OR	US
S1-141924856	Orange Pipes Center	13/A/43 B D D Chawlb J Devrukhakar Road Naigaon, Mumbai, Mumbai City, Maharashtra	India
S1-858819461	Hunter Cayson Center	119 Phoenix Avenue, Unit Ste 3, Flagstaff, AZ	US
S1-819363310	Carpenters Local Union 273	AZ, 2940 Hartford Avenue, Phoenix	US
S1-638195300	Shyam Hitech Consulting Private Limited	Sect No 10, Pl No 64, Pcntda Ne Water Tank, Bhosari, Pune, Maharashtra	India
S1-123386087	Westport Cultural Fund Inc	Westport, CT, 1 Fairview Drive	US
S1-873088570	Decorative Infra Pvt Ltd	2-97, Miyakhanguda, Shankarpally, Hyderabad, Rangareddy, Telangana	India
S1-394348455	Urology Pioneer Associates Associates	1124 211th Place, Sammamish, WA	US
S1-924393547	Deleon's Select Pizza	1530 Porter Street, Gary, IN	US
S1-596311129	Lucky Bistro	103 6th Avenue, Maiden, NC	US
S1-179421355	Singla Computers Private Limited	F No-3041 Sect C Pkt Vasant Kunj, New Delhi, South West Delhi, Delhi	India
S1-977610461	Indian Agro LLP	2958 Rukadi Hatkanangle, Hatkanagale, Kolhapur, Maharashtra	India
S1-614265811	Family Ministries	1721 Talking Rock Drive, Cary, NC	US
S1-533377277	Leonie Kee Granite	143 Mitchell Street, Braidwood, IL	US
S1-58032141	SC Global Pvt. Ltd.	3/153, Vikrant Khand Gomti Nagar, Lucknow, Uttar Pradesh	India
S1-960332694	Dermatology Tri-State Center Inc	552 Poplar Springs Road, Brownsville, KY	US
S1-266892845	New Products Pvt Ltd	Pole 48, Janta Vasahat Bh Gandale Company Waghjai Mandir, Pune, Maharashtra	India
S1-99270597	Doneo Precision Chs Inc	104252 4769 Road, Muldrow, OK	US
S1-460714098	Global Solutions Private Limited	Plot No. 322, Shanthi Nagar Sirukalathur, Kundrathur, Kanchipuram, Kancheepuram, Tamil Nadu	India
S1-933806170	Sahyadri Heavy Private Limited	H No. 206, Ela Enclave, B/S Canara Bank, Tirumalagiri, Hyderabad, Telangana	India
S1-402228812	Womens Health Medicine of Boise City Inc	227 King Avenue, Unit 4-D, Boise City, OK	US
S1-39480180	JWT Metro Suma of Peabody	112 Margin Street, Unit 2, Peabody, MA	US
S1-315321774	Cleary, Cristin N., D.D.S.	1018 Thistle Briar Place, Cary, NC	US
S1-566195995	Eastern Shivam Solutions Private Limited	S.No4510 Premier City Bld, C/1 Empire Estate Fl 301, Pune City, Pune, Maharashtra	India
S1-154618762	Honeywell Vidyalaya Private Limited	Villa 182 Jrc Palladio Attibele Road, Near Indus International School, Anekal, Bangalore, Karnataka	India
S1-472087785	Bombay Technology Private Limited	Rajkot, 5, 8, 9, P-31, Bhola Estate, Street No.6 Dhwani Indl Area, Nr. Kothariya Solvent, Raily Cros, Gujarat, Rajkot, Shed No. 4	India
S1-246233187	Superior Creative Holdings	East Bernstadt, 6824 490, KY	US
S1-603111964	Hetrick Classic Ford Corp	6110 Fair Oaks Avenue, Baltimore, MD	US
S1-53391117	Neeladri Memorial Trust	Dakshin Mathurapur Kowgachi 2 Shyamnagar, Kowgachi (Ct), North Parganas, Parganas North, West Bengal	India
S1-513536912	Smith, Bunn & Moore, LLC	1801 Hyatt Prairie Road, Unit 19, Ashland, OR	US
S1-758270346	Urban Auto Body LLC	1725 Mcclain Drive, Knoxville, TN	US
S1-426239380	Shakti Infotech LLP	House No. 301, Sector 14, Faridabad, Haryana	India
S1-36587468	ZQ Service Private Limited	G.T.Road, North East, Delhi, Shahdara, 599/22 Moti Ram Road	India
S1-399751164	Hickey Big Corp	Hyattsville, 2507 Kent Town Place, Unit B, MD	US
S1-484380294	Rojas Anchor Invest Inc	NC, Saint Helena, 235 Over Street	US
S1-454591584	Surya Builders Private Limited	C-1/134 Sector G Jankipuram, Lucknow, Uttar Pradesh	India
S1-812413834	Chavez Mortgage, Corp	265 6 Street, Bldg 1826, Marysville, OH	US
S1-323348549	Karma Products Private Limited	Bhojpur Colony Road No. 8B Kankarbagh, Patna, Bihar	India
S1-453839478	Reliable Voya	2026 Harbour Drive, Seabrook, TX	US
S1-303042951	Willie S. Thomas, M.D.	16751 82nd Drive, Unit #1523, Clackamas, OR	US
S1-269459244	Infinite Infrastructure Private Limited	Sf-1, 2 Abhishek Business, Centre Mahesana, Visnagar, Mahesana, Gujarat	India
S1-974182626	Foot & Ankle Center Inc	5757 Hinkleville Road, La Center, KY	US
S1-456049490	Gradient & Brothers Private Limited	S-227, S/F, Panchseel Park New Delhi, Delhi, New Delhi, Delhi	India
S1-481644032	Great Babcock, LLC	5615 Lodge Creek Drive, Houston, TX	US
S1-359232004	Green Dynamic Food Private Limited	L- 92, Second Floor Lajpat Nagar, Part -Ii, New Delhi, South Delhi, Delhi	India
S1-35162123	WWT Global Deutsche Corp	401 Commercial Street, Marion, OH	US
S1-130816034	Olanon Aurora LLC	5401 Vera Cruz Road, Rio Rancho, NM	US
S1-526256223	Dermatology Center Inc	4513 49th Street, Lubbock, TX	US
S1-985154952	Green Superior Kochav LLC	238 Mason Avenue, Cape Charles Town, VA	US
S1-284984320	Trivandrum Hotels Pvt Ltd	Keltron House Vellayambalam, Trivandrum, Palakkad, Kerala	India
S1-322161096	Metropolitan Crescent LLC	2097 67, Festus, MO	US
S1-534716747	Ace Broadcast Corporation	110 Malone Trail, Bethpage, TN	US
S1-619233768	Varshaya Vincom Company	K-73, Third Floor, New Mahavir Nagar Tilak Nagar, New Delhi, West Delhi, Delhi	India
S1-591650307	Platinum Electronics Partners LLC	Tucson, AZ, 6121 29th Street	US
S1-66521698	Z T & G Mitsui LLC	46 Atlantic Street, Gloucester, MA	US
S1-952577700	Apex & Co	6, Suvidha Corner, 67, Sheela Vihar, 298, Erandawana, Karve, Road, Pune, Maharashtra	India
S1-344016170	Super Food	Strand Road, The Lords, 3Rd Floor, Kolkata, West Bengal, Kolkata, Howrah, Premise No-8	India
S1-918234987	Northern School of Medicine	Unit UNIT 334, 1456 Philadelphia Street, CA, Ontario	US
S1-244933092	Beatrisa East Liberty Presidio LP	24 Faust Street, Griswold, CT	US
S1-513434205	My Services Private Limited	New Delhi, South Delhi, 5Th Floor, Devika Tower, Nehru Place, Flat No-512 & 513, Delhi	India
S1-234811766	Real Technology Private Limited	26, Sagar Building, 327 Narsinatha Street, Masjit Bunder West, Mumbai, Mumbai City, Maharashtra	India
S1-79348905	Keystone Optimal Asa LLC	9901 12th Street, Unit APARTMENT  B, Tulsa, OK	US
S1-393146787	Surgical Group	13099 Groh Lane, Town Of Riverview, WI	US
S1-299879819	Staten Island Youth Church	723 Woolley Avenue, Staten Island, NY	US
S1-892856	Global Foods Private Limited	M/S Sangam Cinema Near Over Bridge Hamidia Road, Bhopal, Madhya Pradesh	India
S1-345686424	Supreme Logistics Limited	12, S/O Ahsanullah, Ward No. 25 Indira Nagar, Khusinagar, Kushinagar, Uttar Pradesh	India
S1-119229080	Swarajya & Sons	65, Jonapur, New Delhi, South West Delhi, Delhi	India
S1-854861850	Big Builders Private Limited	At-Chandrasekhar Nagar, Po- Ranendra Collage, Bolangir, Cs Nagar, Balangir, Orissa, Bolangir	India
S1-115361402	Mideast Capitals Private Limited	32, Anand Lok, New Delhi, Delhi	India
S1-941030855	RJ Sterling Sea LP	1197 Willow Road, Graford, TX	US
S1-120996602	Pas Kpo Limited	No.D-79/1-B, 8Th Cross, Thillainagar, Tiruchirppalli, Tamil Nadu	India
S1-955869818	Gammon Platinum Lane LLC	102 Interfaith Avenue, Federalsburg, MD	US
S1-555068093	Valley Green Agriculture LLC	NE, 5640 Enterprise Drive, Lincoln	US
S1-712140584	American Society	NM, Albuquerque, 9508 Carson Mesa Drive	US
S1-797472388	Carmine Hong Secure Liberty LLC	801 Santa Clara Street, Lincoln, NE	US
S1-814377	Integrated Staffing Brands LLC	5417 Ashby Street, Norfolk City, VA	US
S1-60302450	Surgical Clinic Inc	84 Dunivan Lane, Louisa County, VA	US
S1-602636473	Erb & Long Light	1935 Locust Place, Lenoir, NC	US
S1-795443528	Generous Traders Private Limited	No.6, 1St Cross, 2Nd Stage, Hoysala Nagar, Bangalore North, Bangalore, Karnataka	India
S1-532168239	Ramraj India Private Limited	Plot No. A-8/14-2, Phase Iv, Midc Chakan Industrial Area, Nighoje, Khed, Pune, Maharashtra	India
S1-979007980	Cultural Project	263 Alexander Road, New Britain, CT	US
S1-803001354	Zephon Bitcoin	625 Manzanilla Place, Horizon City, TX	US
S1-886117524	Federal Institute	18806 Regatta Cove Court, Cypress, TX	US
S1-731761100	One Logistics Private Limited	18A, Kiadbmachenahalli Shimoga, Shimoga, Karnataka	India
S1-823960647	UA Plains Inc	129 Jeanette Place, Mundelein, IL	US
S1-538563491	Black Tech Private Limited	B-21, Besment, Sector-63, Noida, Gautam Buddha Nagar, Uttar Pradesh	India
S1-40608305	Unified Network Holdings	2310 321 Highway, Newton, NC	US
S1-984845386	Eye Partners LLC	2266 Atkin Avenue, Millcreek, UT	US
S1-244225517	Silver Mobility Laboratories	1825 Random Winds Court, Henrico County, VA	US
S1-899237800	Jay Consultancy Pvt Ltd	355, First Floor, Sector- 5 Vaishali, Ghaziabad, Uttar Pradesh	India
S1-896642956	Big Book Store-Pipestone	1183 15th Avenue, Pipestone, MN	US
S1-914370646	ELI Interiors Limited	118/90 B, Kanpur, Ground Floor Kaushalpuri, Gumti No. 5, Uttar Pradesh, Kanpur	India
S1-182045107	Synliix	15719 Palm Vista Drive, Harlingen, TX	US
S1-869356609	Varshtech Travel Pvt Ltd	8Th Floor Office- 813 Sy., No.4/A/3, 4/A/4, Empire, Surat City, Surat, Gujarat	India
S1-241796452	PN Consultancyservices Private Limited	Plot No.24, Hyderabad, Nagarjuna Enclave, Mayuri Nagar Madinaguda, Miyapur, Telangana	India
S1-430976860	Accent Apparels LLP	Alekhya Tanneru, C/O Balakrishna Taneeru, Nr Govt Primary School, Ayyapuraju Palem, Prakasam, Andhra Pradesh	India
S1-737509289	Urban Estate Limited	1/14, 2Nd Floor, Old Double Storey Lajpat Nagar 4, Delhi, New Delhi, Delhi	India
S1-620449580	Emco Energy Private Limited	S.No. 45P5P1, Nr. Nesda, Gaushala, Saraya, Di.Morbi, Tankara, Rajkot, Gujarat	India
S1-110239973	White Merchandise Private Limited	2152, Gali No- 1, Chuna Mandi, Paharganj, New Delhi, Central Delhi, Delhi	India
S1-444756147	Williams Semiconductor LLC	202 Nassco Place, Jamestown, NC	US
S1-155642403	Oncology Physicians	5694 Walnut Ridge Drive, IA, Des Moines	US
S1-311896107	Altum & Brothers Ltd	House No 6-25, Ground Floor, Part B, Anna Nagar Colony, Pocharam, Annajiguda, Ghatkesar, Rangareddy, Telangana	India
S1-993780483	Safe Wen LLC	1441 Pickering Drive, Chena Ridge, AK	US
S1-473152836	Innovative Consulting Private Limited	B-3-I Phase Ii Plaza Tranqul Acres Apt Kovilambakkam, Chennai, Tamil Nadu	India
S1-335906499	Lane's Pizza	170 Gabi Court, Theriot, LA	US
S1-105377006	Raix Inc.	2119 Cornell Avenue, Union Gap, WA	US
S1-677144801	Teague Arbor Inc	TX, Frisco, 6708 Hickory Creek Drive	US
S1-730930747	Quality Summit Karman PC	10004 Winespring Place, Henrico County, VA	US
S1-981478599	Moonlink Textile Limited	Telangana, Mount Nisir Aparts Saifabad, Hyderabad, Flat No 308	India
S1-404265222	Momois LLC	4231 Cherry Laurel Drive, Southport, NC	US
S1-924374114	Bharat Systems	219, Star Chambers, Harihar Chowk, M G Road, Rajkot, Gujarat	India
S1-439445129	Roia, LLC	Prospect Heights, 201 Chester Lane, IL	US
S1-736431503	Meyer Supreme Rmg LLC	OR, Marion County, 3495 Murhammer Lane	US
S1-605028537	Global Trading Private Limited	545 Ga/145-145A, 87 Chandganj Garden, Aliganj, Lucknow, Uttar Pradesh	India
S1-512724606	Quartz Chenghe	298 Nm Highway 127, Eagle Nest, NM	US
S1-616377643	Resorts Engineers Private Limited	63/10/1 Dum Dum Rd, Surer Math Bl S, Bl 1/G, Lp 153/6/6, Kolkata, Kolkata, Howrah, West Bengal	India
S1-230566051	Shivamogga Fin Ltd	Shimoga, Karnataka, Shivamogga, #90 Mallapura, Sowlanga, Basaveshwara Samudaya Bhavana	India
S1-401760173	Brittney Ketchum Rocky Shreya LLC	1111 20th Street, Unit 807, Washington, DC	US
S1-880270517	Keystone Eaton	4443 Blakley Loop, Fl 1, Lacey, WA	US
S1-510594894	International Meridian Realty LLP	Tc No 20/1669-6, Sasthri Nagar South, Thiruvananthapuram, Thiruvananthapuram, Trivandrum, Kerala	India
S1-443575686	Business Environmental International, LLC	2136 Golf Course Drive, Fairfax County, VA	US
S1-517389425	Technology Himangini Net Limited	Calcutta, West Bengal, Kolkata, 193/2 Mahatma Gandhi Road3Rd Floor	India
S1-582540239	Family Creative Physicians LLC	203 Walnut Road, Snow Shoe Twp, PA	US
S1-434768309	Oldham Summit Realty, Corp	714 Barclay Drive, Toledo, OH	US
S1-328209105	Avn Advisory Ltd	Khammam (Urban), Station Road, Telangana, H.No. 9-4-81, Khammam	India
S1-509849880	Gyan Cars (India) Corp	C/O Om Fly Ash Products, Plot No E 6 Midc, Chandrapur, Maharashtra	India
S1-894142004	Pro Clearing Limited	No 175 And 176 Dollars Colony Phase 4 Jp Nagar Bannerghatta Main Road, Bangalore, Karnataka	India
S1-296968454	Veterans Initiative PLLC	521 Broad Street, Brevard, NC	US
S1-25084594	Jai Foods Private Limited	Plot No. 1 D.C. Chowk, S.D. Shopper Arcade Community Centre, Sector-9, Rohini, Delhi	India
S1-160382809	Lambright Apollo LLC	249 Straton Lane, Nashville, TN	US
S1-672623623	Dna Charitable Trust	B-3/81, Ground Floor Paschim Vihar, New Delhi, West Delhi, Delhi	India
S1-387430644	First Emanuel	127 Meadow Road, Fl 0, Brooklyn, MD	US
S1-537258022	Economic Development Ministries	7049 85th Avenue, Crown Point, IN	US
S1-15317499	Lattice Party Private Limited	Old No.47A New No. 6, Naickammar Street, Chennai City Corporation, Chennai, Tamil Nadu	India
S1-611723301	American Holdings	Portland, 17484 Waltuck Court, OR	US
S1-153052378	Baroda Mercantile Private Limited	Plot No- 1306/1307, Annie House Square Mahatab Road, Old Town, Bhubaneswar, Khordha, Orissa	India
S1-100132084	Coastal Initiative	1710 New Jersey Street, Unit APT 5, Indianapolis, IN	US
S1-398686664	Teamsters Local Union 907	605 Northaven Court, Jacksonville, AR	US
S1-956388244	Falcon, Inc	126 Hupp Run Road, WV, Ravenswood	US
S1-190310358	Pentagon Traders	59, Neelam Bata Road, Nit, Faridabad, Haryana	India
S1-979186790	Dream Properties Private Limited	Flat No.1107, Fiorello, Nahar Amritshakti Chandivali, Andheri (E), Mumbai, Mumbai City, Maharashtra	India
S1-96338336	Martinez, Jimenez & Potts Better	16 Green Acres, Washington, IN	US
S1-32341884	Moring, Johnson & Reddy Regional Inc.	Bath County, VA, 107 Fairview Lane	US
S1-316714523	Interfaith Committee	36 First Street, Meriden, CT	US
S1-532085230	Valera Quintero Rocky Vision	9751 Mount Lebanon Road, Milltown, IN	US
S1-373311328	High Logistics Private Limited	Central Delhi, New Delhi, 101 Pragati Chambersranjit Nagar Commercial Complex, Delhi	India
S1-623469777	Bostian and Towery	517 Hummingbird Lane, Deerfield, IL	US
S1-185063709	Phulwari Software Private Limited	16-G/5, West Anandpuri, Boring Road, Patna, Phulwari, Patna, Bihar	India
S1-350169018	City Construction Private Limited	168, 7Th Main, 3Rd Cross, Bhuvaneshwari Nagar, Bangalore North, Bangalore, Karnataka	India
S1-455820844	Gold Consulting Private Limited	Pune, Maharashtra, Nirmal Plaza, Nina Hsg Soc Hissa 4A4B, S No.148, Pd Rd, Kothrud, Fl No.1314, Pune	India
S1-862364901	Burris and Lee LLC	280 Neponset Avenue, Boston, MA	US
S1-615177983	Just Solutions Ltd	Office No. 1710-1711, 17Th Floor, Manisha Corporate Park, M. G. Road, Mulund (West), Mumbai, Maharashtra	India
S1-404876892	Pacific Center LLC	315 Willow Avenue, Cincinnati, OH	US
S1-785659615	G 8 F Pattana LLC	128 Schmidt Road, Bolingbrook, IL	US
S1-368436890	Laborers Local Union 202	331 Centre Street, Unit 4A, Boston, MA	US
S1-447377648	Charotar & Partners	12/44 Iind Floor Nehru, Nagar Near Apna Bazar, New Delhi, South Delhi, Delhi	India
S1-124645245	Sree Consultants	Vivek Vihar, Shiv Mandir Ke Pass Naradpura Road, Shyam Doogri, Amer, Jaipur, Rajasthan	India
S1-824581529	Capital Reliable Networks LLC	6943 158th Avenue, Unit #105, Portland, OR	US
S1-13076783	Moore Strategic Cayson LLC	10101 Ironton Road, Little Rock, AR	US
S1-713770546	Tirupati Shyam Solutions Private Limited	Flat No. 805 Third Floor Block B Anatika Sec 1 Rohini, Delhi, North West, Delhi	India
S1-399960307	Nola Harlan, Esq., P.C.	2526 Van Dyke Avenue, Rotterdam, NY	US
S1-6164889	Gopi Global Private Limited	# 11-5-452/1 Red Hills, Hyderabad, Telangana	India
S1-108932776	IRC Mining Corporation	Door No. 02, Technology Business Incubator, Government College Of Engineering, Kulathur, Thiruvananthapuram, Kerala, Thiruvananthapuram, Trivandrum	India
S1-927372893	Emalia P. Ruiz, MD	5165 311, Grandview, TX	US
S1-86822370	Ram Food Limited	Plot No. -121, Kh No. 5/19, Ground Floor Sainik Enclave, B-Block Near Crpf Camp, Delhi, New Delhi, Delhi	India
S1-920547781	Peridos Industries Inc	2839 Ector Drive, Grand Prairie, TX	US
S1-383357572	Board of Public Works	36 Portland Avenue, Redding, CT	US
S1-744362525	Family Specialists Inc.	185 Mount Hope Avenue, Unit Apartment 220, Rochester, NY	US
S1-205631026	Surgical Group of Brownsville	1245 Monroe Street, Brownsville, TX	US
S1-966982027	Cindy Reyesgarcia Cascade Better, LLC	1942 Tranquility Circle, Unit C, Hickory, NC	US
S1-191403122	Pediatric Dental Clinic LLC	60 Farr Drive, Springboro, OH	US
S1-728683790	Maxwell Engineering PLLC	192 Canterbury Turnpike, Norwich, CT	US
S1-447502464	Dupras Chenghe Inc	4066 86th Street, Seattle, WA	US
S1-283762412	Board of Finance	30 220 Main Street, Unit UNIT, Carmel, IN	US
S1-585928092	All Great Solutions	AR, Fort Smith, 9605 Pointe Drive	US
S1-966435136	Nonnah Sanchez, Ph.D., PC LLC	2105 Deadman Springs Road, Johnston County, OK	US
S1-949564466	Liberty Charter School	2920 Sherman Road, Town Of Oconto, WI	US
S1-618675158	Zi (India) Liability LLP	117/K/35, R. S. Puram, Sarvodaya Nagar Kakadeo, Kanpur, Uttar Pradesh	India
S1-465184116	Smith, Allis, Esq.	501 Brookside Drive, Mount Pleasant, TN	US
S1-662741581	Sarawagi Plastics Private Limited	S.No. 60, Plot. C-11 Friends Enclave Society, Mundhwa, Pune, Maharashtra	India
S1-515704809	Ecofriendly Clinic	South Delhi, New Delhi, 3, Delhi, Shanti Farms, Kh. No. 303, Chandanhola	India
S1-418923266	Regional Family Practice PC	2258 Curtis Hollow Road, Woodstock, VT	US
S1-701301640	Aman Charter School	9258 Reepsville Road, Vale, NC	US
S1-64660840	PX Control Private Limited	Property No. Rz F-93 Et/F Gali No 3 Kh No 86/11 Mahavir Enclave Ii, Delhi, West Delhi, Delhi	India
S1-904922583	Select Dynamic	130 Germantown Pike, Whitemarsh Township, PA	US
S1-574970016	AT Security Private Limited	R-1 Unit, Angalgaon, Parbhani, Maharashtra	India
S1-724958841	Ram Energy Pvt Ltd	02, 02Nd Floor, Singh Sabha Road 7675, Shakti Nagar, Delhi, New Delhi, Delhi	India
S1-300146870	Syk (india) Private Limited	Shop 15, Brit Complex, Near Police Line Chhak, Balasore, Orissa	India
S1-296151269	Prime Floating LLC	207 5 Street, Brooklyn, NY	US
S1-753347254	Sudev Healthcare Private Limited	Flat No.1, Ground Floor, Battery House, 74 Bhulabhai Desai Road, Mumbai, Maharashtra	India
S1-221082826	Novation & Co Corporation	206, 2Nd Floor, Vikas Hieght Rambaugh Opp Hdfc Bank, Maharashtra, Thane, Kalyan	India
S1-972300594	803 Jefferson Drive Owners Corp LLC	423 Riverwalk Drive, Concord, NC	US
S1-667028503	Batson Insurance	2320 School Street, City Of Two Rivers, WI	US
S1-178047974	Good Rich (India) Corporation	108-Indore Trade Centre 3/2, South Tukoganj, Indore, Madhya Pradesh	India
S1-30890283	Aurial Commercial Inc	UT, Layton, 1459 285	US
S1-449663387	High Logistics Ltd	No 76, I Floor Bagalwad Manvi Taluk, Raichur, Karnataka	India
S1-572018162	Practical Industries Group	Shop No 22, Centre Point Building, Jinsi Jehangirabad, Bhopal, Madhya Pradesh	India
S1-361618023	Bastion Center	1635 56 Street, Brooklyn, NY	US
S1-475754487	YR Farmers Ltd	99, Pajanaikoil Street, Puthur Village, Periyavenmani Post, Cheyyur Taluk, Kancheepuram, Tamil Nadu	India
S1-386016527	Red Diner LLC	3829 801, Cleburne, TX	US
S1-57200390	White Green Infra Limited	H.No.38, Patel Colony Po: Kantabanji, Balangir, Orissa	India
S1-69750455	Silver Massage!	4419 Wolf Hollow Road, Andes, NY	US
S1-548096296	Aspen Inc	142 Baylor Lane, Branson, MO	US
S1-505098977	Happy Massage	19447 Mariposa Drive, Maricopa County, AZ	US
S1-792484940	National Guild	6468 Twin Deer Run, Roscoe, IL	US
S1-599867640	Sai Agro Private Limited	Pluton-702; Zircon Venture Co-Op.Hsg.Soc.Ltd;S.N 197/2/3 Viman Ngr Pune (M Corp.)Ta: Pune, Pune, Maharashtra	India
S1-727987433	Huffman Vision Specialists	24207 Soft Pine Drive, Huffman, TX	US
S1-391727737	Rapid Semiconductor Labs LLC	7753 Lavenham Court, Prince William County, VA	US
S1-439476010	Memorial League	227 Senator Street, Gallaway, TN	US
S1-114923345	Zephial Nmp LLC	825 Bridge Road, Buckingham County, VA	US
S1-517673778	Suraj Seva Samiti	No 88, Meluru-2 Shidalaghatta, Chikkaballapura, Kolar, Karnataka	India
S1-565762332	Mosley Etf	321 Indiana Avenue, Elkhart, IN	US
S1-498748302	Georgia Modern Owl LLC	10214 7th Place, Phoenix, AZ, Unit B	US
S1-210710424	Kaps Computers Pvt. Ltd.	Plot No.40 Shiv Vihar, Colony V.K.I Road No.5, Jaipur, Rajasthan	India
S1-41100774	Cummings Animal Hospital	124 Carter Lane, Peterstown, WV	US
S1-189591152	Williams Quality Rock LLC	1184 Fallen Timbers Drive, Defiance, OH	US
S1-618170000	Altis & Partners	House No. 341, Flat No. 8, 3Rd Floor, Ward No. 4, Inder Complex, Mehrauli, Delhi, South Delhi, Delhi	India
S1-837208022	Gulf Complete Impact	1430 Silver Lake Road, Everett, WA	US
S1-540793968	Willow, LLC	160 1340, Salt Lake City, UT	US
S1-808093906	Youth Fellowship	16209 Fulcher Drive, Surprise, AZ	US
S1-122344288	Sloan Insurance Clinic	28801 Morton Road, Katy, TX	US
S1-368987865	Northway Illumination Group	75 Jeter Road, Talladega, AL	US
S1-317005783	International Agro Private Limited	H No. A-4, G/F Kunwar Singh Nagar, Nangloi, West Delhi, Delhi	India
S1-408451950	Pioneer Chiron LLC	209 Main Street, High Point, NC	US
S1-391160291	Jain Technology Limited	Tamil Nadu, Coimbatore, Pudhupalaymam Deenampalayam Post, Thondamuthur Via, 10-28	India
S1-178325300	Zenith Brookfield LLC	AR, Southside, 12 Riverview Drive	US
S1-764472460	Good Agro Private Limited	F No 202, 1-90/7/B/3, Lakshmi Sai Damam, Shaikpet, Hyderabad, Telangana	India
S1-358170374	Ace Protect Private Limited	503, Milestone Building, Near Drive In Cinema Gate, Drive In Road, Ahmedabad, Gujarat	India
S1-848008286	Lucky Hair Studio	Flushing, NY, 144-70 41 Avenue	US
S1-400123834	Seven Services Limited	18/H Dr Biresh Guha St, Kolkata, Calcutta, West Bengal	India
S1-425966327	Red Infotech Private Limited	1 Navkranti Apartments, Plot No-75, Patparganj, New Delhi, Delhi	India
S1-281164087	Bright Pinnacle Income LLC	17 Rainbow Shores Road, Sandy Creek, NY	US
S1-424639725	Allied Society	1038 Ellsworth Avenue, Bronx, NY	US
S1-211420328	Weber, Bronson & Towns Sierra Inc	307 Woodcock Lane, Lafayette, TN	US
S1-850017480	Pandyan & Sons Private Limited	Saket, South Delhi, C-527 Saidulajab, Delhi	India
S1-712118499	High Services Limited	I-9, Sintron Square, Dr Vsi Estate, Tiruvanmiyur, Chennai City Corporation, Chennai, Tamil Nadu	India
S1-311124674	Vadodara Realtors Private Limited	601 Veena Dynasty P, Hase2Near Evershineachole, Maharashtra, Kwing, Vasai, Thane	India
S1-951084315	Glover and Gloria LLC	225 E Hill Road, Oakham, MA	US
S1-529518199	Lantern Inc	4224 Perryville Point, Security-widefield, CO	US
S1-916310078	Family Prairie Care Associates Inc.	266248 Ew 48 Road, Ringwood, OK	US
S1-253249645	Global Coalition	427 Hazen Street, Ludlow, KY	US
S1-49402951	Cortney's Pacific Jewelers	2611 Granger Lane, Mound, MN	US
S1-35981778	Watson Prime Park	55121 Forest Lane, Bend, OR	US
S1-617327494	Aditya Solutions Private Limited	12/22 Thiruvathirai Nagar, Phase 2, Vellalore, Coimbatore South, Coimbatore, Tamil Nadu	India
S1-922445393	Royal Services Private Limited	Flat No:G-2, H.No:A6-3-680/8/8/5 Mym Apartments, Thakur Mansion Lane, Somajiguda, Hyderabad, Telangana	India
S1-220865984	Lucky Cafe	152 Broad Street, Albany, NY	US
S1-393652609	Unique Agro Private Limited	C/O Sreekanth Lakshminiva, Champakara, Kottayam, Changanacherry, Kottayam, Kerala	India
S1-875135582	Fair Homeo Private Limited	1579, 1St Stage, 2Nd Phase Chandra Layout, Attiguppe, Bangalore, Karnataka	India
S1-214786373	Pranava Marine Private Limited	Punjab, Zirakpur, First Floor, Mohali, 35 Feet Road Pabhat Godown Area	India
S1-849763563	Orthopedic Physicians, Inc	3700 Walnut Street, Hutchinson, KS	US
S1-454224722	Dynamic Marketing Limited	Chakia, East Champaran, Bihar, Vill: Chakia, Tola Officer Colony, Panch/ Block-Chakia, C/O Safayat Ansari	India
S1-880695484	Pine's Group	90 Primrose Drive, North Hempstead, NY	US
S1-693640877	Buildhome Equipment LLP	10796, Jandewalan Road, Ram Nagar, New Delhi, Central Delhi, Delhi	India
S1-588602365	Prime Santander Inc	3647 1300, Unit 2, Millcreek, UT	US
S1-215501386	Unique Hitech Care Pvt Ltd	C/O Rabin Bag 175N/2, Manicktala Main Road Kolkata, Kankurgachi, Kolkata, Howrah, West Bengal	India
S1-915594173	Perfect Tech Pvt Ltd	4Th Floor, Fd-1, Shankaraa Foundation Campus, Pid, No. 1282, Sy.No. 82/2, Doddakalsandra, Konanakunte, Bangalore, Karnataka	India
S1-623301285	Cascade League	2810 Kennet Manor Drive, Houston, TX	US
S1-45442098	Zenith Mortgage	6520 Thomas Circle, Lumberton, TX	US
S1-813316363	Marathi On (India) Pvt Ltd	1-8-42 To 46, Bapubagh Secunderabad, Secunderabad Hyderabad, Hyderabad, Telangana	India
S1-422366507	Silver Book Store	2311 Indigo Lane, Glenview, IL	US
S1-171736325	Merchandising & Brothers Limited	No B 48 Twin Courts Old Facit Road, Sholinganallur, S Holinganallur Sholinganallur, Saidapet, Kanchipuram, Tamil Nadu	India
S1-920514878	Royal Producer (India) Corp	Sr. No. 138/2, Common Maitrya Heritage Bhagwati Nagar, Pune, Maharashtra	India
S1-599547629	Happy & Brothers LLP	16-11-511/D/201 202, Gayathri Residency Sahivahanagar, Moosarambagh, Dilsukhnagar, Hyderabad, Rangareddy, Telangana	India
S1-776622857	Hari Global Pvt Ltd	Bl-Gg-3 Gr-Fr, 106Kiran Chandra Sinha Rd, Bally Jagachha, Howrah, West Bengal	India
S1-437204204	Ace Foundation Pvt Ltd	Near Konark Chinema Hall Ring Road, Rourkela, Sundargarh, Orissa	India
S1-703020159	Poona Trading	A-47, Bhagat Singh Colony Bhiwadi, Rajasthan, Alwar, Rajasthan	India
S1-79290219	Jalandhar Electro Private Limited	C/O Gaurav, Shop (Comm) 1 Jalandhar, Dhin, Dhina P.O. Jalandhar Catt, Choti Bardari Taj G.P.O., Jalandhar, Jalandhar, Punjab	India
S1-908039364	Cruz, Barron & Butler	865 2150, Pleasant View, UT	US
S1-682982072	Green Stonebridge LLC	1465 Victor Avenue, Unit B, Redding, CA	US
S1-8678621	South Safe Xflh Inc.	113 Watford Street, Fort Mill, SC	US
S1-732990906	Graves and Farris PC	2808 Main Street, Dothan, AL	US
S1-945449856	Beacon Infrastructure Laboratories LLC	204 9th Street, East Grand Forks, MN	US
S1-393272832	Metro Opportunity	825 Pinewood Circle, Morristown, TN	US
S1-695437962	MKK Minerals PLLC	9552 Fairway Ridge Road, Charlotte, NC	US
S1-687440775	Golden Auto Body	732 Brigham Road, Greensboro, NC	US
S1-151808927	Track Properties Private Limited	No.97/34 Vaigundapuram, 1St St No.2 Gn Floor, Chennai, Tamil Nadu	India
S1-587499017	Bombay Infra Private Limited	Sant Eknath Co-Op.Hou Soc, Plno.-11, Chetan Vihar, Aurangabad, Maharashtra	India
S1-548173739	Pkm Agencies Center	A-68 Sector 4, Noida, Gautam Buddha Nagar, Uttar Pradesh	India
S1-794743032	Value Secure Chimera LLC	8528 Orleans Lane, Fort Worth, TX	US
S1-203558491	Shriram Law Chambers	West Bengal, Kolkata, Howrah, 86, Golaghata Road	India
S1-555890284	Covington and Yoo Inc.	81 Park Street, Unit Apartment 1, Malone, NY	US
S1-907416952	Mari Veterinary Clinic	4401 Royal Hill Court, Unit 304, Raleigh, NC	US
S1-964152881	Pratima Trading Pvt Ltd	195/204, 3Rd Phase, Bommasandra Industrial Area, Sy No.17 & 45, Anekal, Bangalore, Karnataka	India
S1-268724123	Charlotte Arts Green Association	421 Tremont Avenue, Unit 412, Charlotte, NC	US
S1-944629747	Panchmahal Hospital	S/F, Plot No. 15, Kh. No. 88/13, 14, 18, 19. 20/2, 21, 22/1, Harijan Basti, Nasirpur Road, New Delhi Near Sai Mandir Delhi, New Delhi, South West Delhi, Delhi	India
S1-55218298	Chung Cola Co	4701 Charles Avenue, Wichita, KS, Fl 0	US
S1-330279512	American School of Medicine	128 5th Avenue, Tucson, AZ	US
S1-505127039	Chl Mind Private Limited	C/O Shri Ishoba Wasudeo Kumbhare At-Welwa Tal-Pauni, Pauni, Bhandara, Maharashtra	India
S1-820484005	New Delhi Shipping Private Limited	C-924, Ramphal Chowk, Palam Ext. Sector - 7, New Delhi, West Delhi, Delhi	India
S1-789283537	International Industries Private Limited	18, Tara Chand Dutta Street, Mezzanine Floor, Kolkata, Kolkata, Howrah, West Bengal	India
S1-286707088	Cochin Ventures (India) Limited	C/O Amit Kumar Sah, At Vill-Sondiha, Barahat, Banka, Bihar	India
S1-247845152	Bay Electronics	532 Dresden Ave, Louisville, KY	US
S1-261600764	Jayme Wright Navios	307 Elm Street, Kincaid, IL	US
S1-500487204	Cameron American Sun LLC	17022 Marilyn Drive, Tinley Park, IL	US
S1-927912980	Laxmi Utilities Private Limited	1St Floor, #33, Cauvery Complex Marathahalli, Banglore, Bangalore, Karnataka	India
S1-765006607	Prime Trading Private Limited	64, Pasupathi Street, Udamalpet, Coimbatore, Tamil Nadu	India
S1-299068367	Urgent Care Value Specialists Corp	6736 Sh 6, Houston, TX	US
S1-537309716	Saint Zion Farmington	6 Bonnie Drive, Farmington, CT	US
S1-989882629	Family Silver Group PC	22 Moose Jaw Trail, Whitefish, MT	US
S1-422754857	North Era	Arnold, 93 Steven Michael Drive, MO	US
S1-257958321	Shelli's Desert Electronics	117 Green Mountain Drive, Cedar Creek, TX	US
S1-376103276	Cancer Project	127 Bethany Lane, Godfrey, IL	US
S1-738791062	Future Energy Limited	D. No. 4-30/1 T.N.G.O'S Union Building, Mancherial, Anantapur, Telangana	India
S1-219138064	Sheetal Health Private Limited	C/O Durga Das Ghosh, Ghuthgoria Ghuthgoria, Bankura, West Bengal	India
S1-645749480	GV Keystone Citizens Group	TX, Arlington, 400 Second Street	US
S1-749267113	RP Complete Sony Lacey	4207 Timberline Court, Fl 1, Lacey, WA	US
S1-758953655	Viva Data Public Limited	Flot No 1448, Sivan Kovil Street, Avudaiyar Kovil, Arantangi, Pudukkottai, Sivaganga, Tamil Nadu	India
S1-983489870	Urology Valley Specialists	1907 Highland Avenue, Unit 2, Crest Hill, IL	US
S1-428363931	Bay Fund Inc.	6110 Autumn Street, Spokane, WA	US
S1-91273096	Shook, Stanek & Plonski LLC	12834 Mountaineer Highway, Reedsville, WV	US
S1-528071132	Bessette, Goddard and Mcmillian Inc	13362 Six Mile Road, Virginia, IL	US
S1-482311086	HU Logic Private Limited	907 9Th Flr, Icon Rio, Behind Icon, Business Center, Surat Dumas Road, Surat, Gujarat	India
S1-345735139	Wilson Maritime LLC	8800 Heron Drive, Fort Worth, TX	US
S1-499492218	Jarlay Consolidated LLC	981 250, Bountiful, UT	US
S1-62216161	Modern Bancshares LLC	1753 Iron Mill Drive, NC, Wendell	US
S1-965958262	Gulf Foundation	20026 Apperson Place, Germantown, MD	US
S1-326240977	Smart Hospitality Group	158 2nd Street, Fl 1, Central Point, OR	US
S1-801875026	Upper Global LLC	4227 Odens Mill Road, Sylacauga, AL	US
S1-840617249	JCY Refractories Private Limited	H No 90, Gf-3, Media Enclave Vaishali, Sector-6, Sahibabad, Uttar Pradesh	India
S1-431823066	Corporate Financial Union Inc	1004 Haskell Avenue, Rockford, IL	US
S1-893399741	Shiva India Private Limited	401, Landmark, 4Th Floor, 554, Dr. G M Bhosle Marg, Worli, Mumbai, Maharashtra	India
S1-823183180	Hernandez Colombier PLLC	2248 Bluffstone Drive, Round Rock, TX	US
S1-980323211	Midson Polytechnic	Uttar Pradesh, Lucknow, Flat No- 008, Lucknow, Rohtash Pulumera, Near Shahid Path, Vibhuti Khand, Gomti Nagar	India
S1-657725882	Stamper, Houston and Beese LP	501 Villa Way, Colton, CA	US
S1-354308269	Ziraesh Textiles LLP	Unit No.117, Ground Level, Link Way Estate Link Road, Malad West, Mumbai, Mumbai City, Maharashtra	India
S1-169104800	Lotus Management Private Limited	Door No 1-62-2, Plot No 155, Sector-2, Visakhapatnam (Urban), Visakhapatnam, Vishakhapatnam, Andhra Pradesh	India
S1-446390175	Vaden and Inman Harbors	8115 Jim Wolfe Road, Knoxville, TN	US
S1-491429485	Technology Paramjyoti Merchants Private Limited	8, Narang Colony, Janakpuri West, New Delhi, Delhi	India
S1-496823241	Gujarat Power Pvt Ltd	A 13 Ashok Marg, Lawrence Terrace Colony, Lucknow, Uttar Pradesh	India
S1-247956608	Burnett, Kim and Laporta Merger LLC	29 Mohican Road, Old Saybrook, CT	US
S1-860548737	National Infrastructure Collective LLC	7 36th Ave SW, Cedar Rapids, IA	US
S1-899325012	Ehman, Hagerty & Stephenson LLC	VA, Alexandria City, 463 Armistead Street	US
S1-834607056	Global International LLC	12 Todd Place, Terre Haute, IN	US
S1-627003410	Upper Apollo LLC	2023 Main Street, Unit 302A, Wheaton, IL	US
S1-665721081	Modern Construction Pvt Ltd	'Chandrama' Tilak Nagar, Latur, Maharashtra	India
S1-218934541	Sigma Moto Company	Basement-3, Arjun Avenue, Opp. Samartheshwar Mahadev, Law Garden, Navrangpur, Ahmedabad, Gujarat	India
S1-630823015	Route 60 Yoga	1018 Courtney Lane, Spokane Valley, WA	US
S1-890089186	Big Consultancy Private Limited	No.22/1, Railway Parallel Road, Nehru Nagar, Opp To Reddy Petrol Bunk, Bangalore, Karnataka	India
S1-65574077	Tucker Empire Duke LLC	1199 Clifford Avenue, Rialto, CA	US
S1-744843669	Straight Edge Hair Studio	2007 Warren St, Davenport, IA	US
S1-22367105	Pinnacle Health Union Co	1381 Hwy K 148, Scandia, KS	US
S1-960186196	Smith Preferred Charles Inc	25 Live Oak Alley, Houston, TX	US
S1-981300463	Blue Services Pvt Ltd	1/22, Prince Gulam Mohammad Shah Road 1St Floor, Kolkata, Howrah, West Bengal	India
S1-702437421	Lolao Inc	IL, Oswego, 558 Northgate Circle	US
S1-367014327	V 6 Apex Microelectronics	3020 Minnesota Drive, AK, Unit STE 3, Anchorage	US
S1-416462596	VK Hydro Associates	TX, Unit Apt 325, 8311 Zac Lentz Parkway, Victoria	US
S1-203844840	Interstate Holding Company PC	823 B Mansfield Street, Houston, TX	US
S1-829601330	Maa Prime Trading Private Limited	8/109, Indira Nagar, Lucknow, Uttar Pradesh	India
S1-440800917	Veterans Fellowship	1143 Mirror Lake Place, Unit 102, Columbus, OH	US
S1-102581039	Heritage Certified Legato LLC	11320 Terveer Road, Marissa, IL	US
S1-943388461	Hyderabad Foundation Pvt Ltd	Plot No. B-36, Flat No.102, Ground Floor Near More Super Market, Madhura Nagar, Hyderabad, Rangareddy, Telangana	India
S1-119964630	Clear Chemical	5 Pickle Street, Stockholm, NY	US
S1-634576794	P 4 Rapid Pbc	1126 Eaglewood Drive, Virginia Beach City, VA	US
S1-636029017	Marol Industries Private Limited	Customs Colony, Military Road, Rkow House No 30, Mumbai, Marol, Maharashtra	India
S1-549064380	Almighty Management	12, Aalishan Apt., Opp. Himalaya School Off Rambaug Lane, Behind Vijay Sales, Borivali (West) Mumbai, Mumbai City, Maharashtra	India
S1-20298895	Mick and Davis LLC	5909 Brambleberry Way, Raleigh, NC	US
S1-243351475	Ironclad	102 Power Court, Smyrna, TN	US
S1-278363914	Peck Couriers	326 Boston Street, Galion, OH	US
S1-617439390	Moore Opportunity Co	786 Ernest Snider Road, Lexington, NC	US
S1-420460457	Blue White Marketing	3-3-6, Bhagamir, Near Renault Showroom, Tirumalagiri, Hyderabad, Telangana	India
S1-63051023	One Logistics Private Limited	Shop No.06, Gaurihar Complex, Plot No.39, Sector No.09, Navi Mumbai, Raigarh, Maharashtra	India
S1-480340222	Apex Properties Pvt Ltd	A 601 Shivam Chs Ltd, Chhatrapati Shivaji Road, Dahisar East, Mumbai, Maharashtra	India
S1-718441020	Fique Law Group	925 163rd Avenue, Unit #139, Beaverton, OR	US
S1-753229492	Pacific Committee	8150 Benadum Road, OH, Carroll	US
S1-520536118	St. Fellowship Clinic	1832 Elmwood Ln, Bettendorf, IA	US
S1-467196467	Brown, Carlin and Mills Neurosciences Inc	359 Old Line Avenue, Fl 0, Laurel, MD	US
S1-23378033	Cohen Games PC	120 Allen Street, Randolph, MA	US
S1-97662886	Chiropractic Mountain Clinic LLC	529 Glendale Street, Kenton, OH	US
S1-962244625	Ast & Brothers Private Limited	No.339/5, New Sunshine Apartments, 2Nd Floor, Iind Avenue Main Road, Egmore Nungambakkam, Chennai, Tamil Nadu	India
S1-995664879	Agro Image Technologies Private Limited	Ground Floor Module No.40 Tidel Park, Elcosez, Vilankurichi, Coimbatore, Tamil Nadu	India
S1-14170049	White Automotive	32327 139th Place, Sultan, WA	US
S1-481710219	Bright Enterprises Private Limited	House No.6-A, Sugand Vihar, Phullanwal, Ludhiana, Punjab	India
S1-651174924	Miller, Rosemonde, M.D.	3308 Boone Street, Montgomery, AL	US
S1-347362947	Ear Nose & Throat Specialists Inc	5875 Davis Hollow Road, Williamson County, TN	US
S1-80706559	Holy Builders (India) LLP	B-70, Ashtavinayak Building, Second Floor, B Wing, Plot No. 241/251, Kalachowky Naka, Dattaram Lad Mar, Chinchpokali, Mumbai, Maharashtra	India
S1-245728625	Servantes, Scott and Ferreira Antimony	6988 Andrews Road, Bartlett, TN	US
S1-492435343	Jay Healthcare Private Limited	Jangli Kheda Parvar Purab Tehsil-Mohanlalganj, Lucknow, Uttar Pradesh	India
S1-203040890	One Foods Private Limited	2 Akshat Plt No 358, Tps Iiiram Mandir Rd, Borivali, Mumbai, Mumbai City, Maharashtra	India
S1-180495126	Williamson Family Office	12117 Nottingham Lane, Unit APT A, Bridgeton, MO	US
S1-561887691	Lucknow Labs Limited	E-502 & 602, 6Th Floor, Rohtas Presidential Tower, Lucknow, Uttar Pradesh	India
S1-894501402	Health Fixtures	1202, 2-B, Mhada, Lokhandwala Complex, Andheri Weat, Mumbai, Mumbai City, Maharashtra	India
S1-831910608	Ujjaita Stone Private Limited	1/3, Sabari Garden, I Avenue Gandhi Nagar, Rathinapuri, Coimbatore, Tamil Nadu	India
S1-674118564	Laborers Local 104	1112 Guadalupe Street, Carlsbad, NM	US
S1-626872546	Elisha's Couriers	341 Ellington Parkway, Unit 226, Lewisburg, TN	US
S1-460166804	Premier Network Brands	1405 North Avenue, Chicago, IL	US
S1-314911084	Rambo (India) Technologies LLP	575, Aggarwal Millenium T-, Ii, Nsp, Pitampura, Delhi, North West Delhi, Delhi	India
S1-571011919	One Hari Energy	A-142, Second Floor Sector-63, Noida, Gautam Buddha Nagar, Uttar Pradesh	India
S1-105748596	Shree Trading Private Limited	Haveli, Pune, S. No. 63/3/1 Mayurnagari, Maharashtra, Pimple Gurav Shop-3	India
S1-16659200	SX Wealth LLP	Karnataka, Krishna Industrial Complex, Bangalore, No-5, Uttarahalli Hobli B-61, Subramanyapura, Bangalore	India
S1-321022055	Lopez Urban	4402 63, IA, Malcom	US
S1-409536521	White Hari Construction Private Limited	Chennai, Near: Gokul Santol, Mugalivakkam-Ramapuram, Tamil Nadu, Chennai, P.No.3 T.V.Nagar	India
S1-68384968	Ironworkers Local Union 836	5197 Garfield Street, Clarksburg, WV	US
S1-353043825	Reed Waste Inc.	OH, 7244 Rosedale Drive, Concord	US
S1-986575568	Ravi Memorial Trust	5-9-13, # 707, Taramandal Commercial Complex, Saifabad, Hyderabad, Telangana	India
S1-826199622	Services Balrampur Offshore Meerut LLP	3 E - 560/3 Sector 3, Madhav Puram, Meerut, Uttar Pradesh	India
S1-48813921	Shiv Consulting Private Limited	Unit No 306, B Wing, Virwani Industrial Estate, Western Express Highway, Goregaon East, Mumbai, Mumbai City, Maharashtra	India
S1-128642530	Modern Dynamic Consultants	H. N: 399 Ayela, Agra, Uttar Pradesh	India
S1-709414696	Board of Education	136 Standish Avenue, Plymouth, MA	US
S1-707761421	Grace Cathedral	9670 Fm 1732, Olmito, TX	US
S1-382062443	Indore Investments Pvt Ltd	Kh. No. 385/1/2, 385/1/3, 386/2/2 Chhoti Nkhajrani, Indore, Madhya Pradesh	India
S1-839578339	Best Textile Global Inc	11609 185th Street, Battle Ground, WA	US
S1-630964437	Walker, Emilia W., DMD	43 Sugarloaf Street, Deerfield, MA	US
S1-977571832	Eye Care LLC	Harlingen, TX, 1314 Southdakota Street	US
S1-735142849	Mccampbell, Field & Gilstrap Coffee Associates	1714 Sager Way, Batavia, IL	US
S1-201747204	Garcia Iii Inc.	14536 Blaine Avenue, Robbins, IL	US
S1-300117628	Teis Partners Inc	62 Spring Street, New York, NY	US
S1-599702613	Orbari Empire LLC	521 Calderbank Way, Cary, NC	US
S1-866830936	Lucky Cleaning Service	1141 Edwards Road, Unit APARTMENT 109, Elsmere, KY	US
S1-755979027	Elite Textile Collective	411 Marrs Branch Road, WV, Fayetteville	US
S1-592214839	Ujjanth India Private Limited	D-142, Phase-V, Focal Point, Ludhiana, Punjab	India
S1-976694428	Bengaluru Services LLP	No.481/C, 2Nd C Main 2Nd Stage, Papareddy Palya, Nagarabhavi, Bengaluru, Bangalore, Karnataka	India
S1-512710093	Prime Mustang LLC	568 Logan Place, Unit 2, Newport News City, VA	US
S1-991270070	Dallas Infinite Inc	4814 Baldwin Street, Dallas, TX	US
S1-301492374	Vijay Royal Food Private Limited	Plot No - 85, Ward No - 45, Po- Nuabazar New Agreculture Colony, Ps - Chauliaganj, Cuttack, Orissa	India
S1-53730699	Richardson's Mountain Architecture	2317 Deer Park Boulevard, Omaha, NE	US
S1-259990998	Magdalen Martin, P.A., P.C.	27419 42nd Avenue, WA, Auburn	US
S1-815505064	Sunshine Institute	R.M.S. Colony, Road No. 3 Kankarbagh, Patna, Bihar	India
S1-593628990	Prime Aditya Foods	C-348 Ground Floor Sector-7 Dwarka Near Ramphal Chowk, New Delhi, South West Delhi, Delhi	India
S1-956735237	Shivalik Foods Pvt Ltd	1St Floor, D-Wing Elco Arcade, 46, Hill Road, Bandra West, Bhd Elco Market, Mumbai City, Office No 34 And 35, Maharashtra, Mumbai	India
S1-959968464	Fresh Equity Systems	12231 Cross Creek Drive, Dallas, TX	US
S1-940520833	Premier Healthcare Pvt Ltd	Flat No. S - 2, Plot No. 296, Sector - 4, Vaishali, Ghaziabad, Uttar Pradesh	India
S1-189107486	White Builders	2287/1-C, First Floor, Sarai Baraf Khana Kauria Pul, Near Kishan Lal Almirah Wale, Delhi, North Delhi, Delhi	India
S1-902018292	Westerfield, Bess, L.C.S.W., P.C.	1533 Larchmont Road, Cleveland, OH	US
S1-802627782	United Delta Four	2107 Bonair Drive, Seattle, WA	US
S1-184032570	Tosonque Spruce LLC	1 Carriage Lane, New Fairfield, CT	US
S1-410082965	Jewel Trading Private Limited	P.N. D-26 Industrial Area, Chakeri Ii, Kanpur Nagar, Chakeri, Chakeri, Kanpur Nagar, Uttar Pradesh	India
S1-866028735	Morales, Ballard and Williams LLC	15615 Robin Drive, Fountain Hills, AZ	US
S1-867372187	Venable, Miller & Gillian Painting LLC	607 Lawn Avenue, Canton, OH	US
S1-723044173	Shree Trading Private Limited	Shop No. 02, Milkat No. 944, Nr Water Tank, Near Essencia Heights, Pune, Maharashtra	India
S1-233080084	Regional Quality Harmony Inc	2367 Walnut Avenue, Islip, NY	US
S1-589130325	Green Global Private Limited	05 5Th Floor Everest Chs, 164 Hill Road, Bandra (W), Mumbai, Maharashtra	India
S1-100463592	Physical Therapy Center Inc.	79 Wagoneers Lane, Stafford County, VA	US
S1-585689159	Mumbai Realty Private Limited	Tex Centre, K Wing, 3Rd Floor, 26A, Chandivali Road, Andheri, Mumbai, Mumbai City, Maharashtra	India
S1-179080764	Ks Electricals Limited	H No. 1-10/9/24/304, Navya Pride Manikonda, Rangareddy, Telangana	India
S1-820313476	Kolhapur Scales Limited	Gat No. 422 H. No.2544/4 Galli No.4 Shahu Nagar, Maharashtra, Kolhapur, Chandur, Kolhapur	India
S1-672158279	Stevenson Sunstone Inc	18033 Branchwood Lane, Sandy Spring, MD	US
S1-542802452	Mays and Basdeo LLC	9128 Demery Court, Brentwood, TN	US
S1-441073718	Fresh Providence LLC	62089 Mountain View Circle, Joshua Tree, CA	US
S1-772968593	Galaxy Enterprises Private Limited	C/O Paras Ram S/O Patram, Palwal, Khera Sarai, Haryana, Faridabad	India
S1-17957096	Global Express Fortunex	8442 Alder Avenue, Fl 0, Saint Louis, MO	US
S1-756217427	FH Live	145 Loch Court, Rocky Mount, NC	US
S1-68942159	Pediatric Dentistry Partners of Great Falls	2921 6th Avenue, Great Falls, MT	US
S1-190080798	Nagda Info	C-2004 Heritage Max, Gurgaon Sec -102, Sadar Bazar, Gurgaon, Haryana	India
S1-350120551	Expert Commercial Pvt. Ltd.	1/2136, Old No. 603/5-G/1, Ram Nagar East, Shahdara, Shahdara, Delhi	India
S1-116472221	Anchor Supreme Stores LLC	10 Drew Crossing, Westford, MA	US
S1-206733265	JGM Developers Private Limited	114F/If Selimpur Road, Kolkata, Calcutta, West Bengal	India
S1-858978846	NBS Learning Private Limited	Pune Grih Nirman Mandal, N-10/2706 S No 191, Yerawada, Punel, Pune, Maharashtra	India
S1-947729861	American Academy	651 Montana Avenue, Saint Paul, MN	US
S1-713010447	OQS Services Ltd	B-407, Floor-4Th, Plot-616, Midtown, Senapatibapatmarg, Mumbai, Maharashtra	India
S1-473032862	Malinowski Endocrinology L.L.C.	585 Tremont Street, Unit 1, Boston, MA	US
S1-663621620	Dream Producer LLP	A-220 Defence Colony New Delhi, New Delhi, South Delhi, Delhi	India
S1-111655175	Classic Colonial End Inc	5183 Yellow Mountain Road, Unit LOT 37, Roanoke County, VA	US
S1-245944144	Think Carriers LLP	C/O Pankaj Chimanlal Mundhada Nimwadi Chowk, Malkapur, Buldhana, Maharashtra	India
S1-904061827	Spectrum Sangh	Shop No.09, Plot No.260, Taudhakpur, Kanpur Nagar, Uttar Pradesh	India
S1-25031440	Interstate Ministries	Gadsden, AL, 204 Brookhaven Drive	US
S1-911760796	Rock Brothers Private Limited	2Nd Floor, Nitesh Broadway, No. 9/3, M G Road, Bangalore North, Bangalore, Karnataka	India
S1-494939055	Shreeji Pharmaceutical Ltd	6, Arekere Village Opp. British Biologicals, Bannerghatta R, Oad, Bangalore, Karnataka	India
S1-3460721	Pierson and Montano Aimei Inc	1240 Lorraine Road, Unit 1D, Wheaton, IL	US
S1-599143415	Aditya Enterprises Private Limited	No. 19, Beach Home Avenue, 3Rd Street, Besant Nagar, Chennai, Tamil Nadu, Chennai	India
S1-925932817	XJY Technologies Limited	Heavenly Plaza, Suite No.786, Kakkanad, Kerala, Gs2, Ernakulam, Cochin	India
S1-593138702	Liberty Fund Inc	OH, Dublin, 7513 Maynooth Drive	US
S1-452915409	Cascade Solutions	1280 Tarbert Drive, Cary, NC	US
S1-550396438	Modern Environmental Solutions Inc	9000 Triple Ridge Road, Fairfax County, VA	US
S1-167523106	Northern Regions Inc	4800 Douglas Avenue, Golden Valley, MN	US
S1-418851711	Thakur Traders Private Limited	6/3B, Rammoy Road, Municipal Corporation, Bhowanipur, Kolkata, Kolkata, Howrah, West Bengal	India
S1-610379089	Saint Paul Reliable Microelectronics LLC	373 Arlington Avenue, Saint Paul, MN	US
S1-909618947	Lotus Management Private Limited	First Floor, 14, Arihant Nagar Punjabi Bagh, Delhi, West Delhi, Delhi	India
S1-171068806	Sanford Medical Center LLC	12858 200th Place, Bothell, WA	US
S1-413709989	Rajkot Industry	Dhanrajni 6A, B Tex Jagnath 20, Dr. Yagnik Road, Rajkot, Gujarat	India
S1-100311975	Desert Fresh State Inc	Seattle, 6721 18th Avenue, WA	US
S1-947788849	Fears Nmp LLC	1840 Timberline Road, Anatone, WA	US
S1-38248243	KPH Bpo Limited	13Th Flr 1306 Cwing C/66, One Bkc Opp Bnk Of Baroda, Mumbai, Maharashtra	India
S1-519088206	Cancer Coalition	NY, Brookhaven, 30 Summercress Lane	US
S1-134160826	Creative Logistics Limited	House No.451-3, Khasra No.14/22, Gali No16, Block A-2 Landmark-Near Radha Kishan Mandir, Chanda, N Vihar, Sant Nagar, North West, Delhi	India
S1-656626904	TKS Resorts Private Limited	96, Electronic City Complexhosur Road Bangalore 100, Bangalore, Karnataka	India
S1-394648194	Rd Foundation	7/330-A, Vkc Tower P.O.Kolathara, Kozhikode, Kerala	India
S1-659602074	Tijerina College	11325 Cash Road, Stafford, TX	US
S1-912032671	Brizendine Ventures Corp	820 Lakeside Drive, Unit APARTMENT 2A, Vernon Hills, IL	US
S1-620161074	Straight Edge Auto Body, LLC	East Fishkill, Unit Apartment 1, NY, 97 Lake Walton Road	US
S1-971877019	Acevedo's Grading	455 85th Street, Unit Apt 1901, West Des Moines, IA	US
S1-640294292	Fortune Ventures Private Limited	Flat No. D/201, Wind Wards, Sno. 184/2/5/2, 238/237, Wakad, Pune, Maharashtra	India
S1-625810213	Linz Smart Group	88 Manor Loop, Roseburg, OR	US
S1-755512819	Lorna Vawter, DO, M.D., P.C.	216 Pennsylvania Avenue, Santa Cruz, CA	US
S1-166862223	Elite Advisors Limited	12-13-455, Street No. 1, Tarnaka, Hyderabad, Telangana	India
S1-952628874	Yang Preferred Holdco	12673 Jalepeno Avenue, Chino, CA	US
S1-330841563	Wallack Coastal Osprey PLLC	11043 Hillpark Avenue, St. George City, LA	US
S1-460632094	Raja & Co LLP	45 Mega Dream Homes Mini By Pass Izzat Nagar, Bareilly, Uttar Pradesh	India
S1-412695997	Smart Producer Limited	G And S Villa, Fl No. 202, Gola Road, Dinapur-Cum-Khagaul, Patna, Bihar	India
S1-825096954	Couey & Jardon	4029 Queen Palm Drive, Tucson, AZ	US
S1-218210178	Midwest Core Inc	14440 Kings Grant Street, Gaithersburg, MD	US
S1-584912780	Lakshmi Construction Private Limited	315, Nemi Nagar Vistar, Jaipur, Rajasthan	India
S1-824854577	Haskell Value Fortunex Inc	106 Station Way, Gray, TN	US
S1-132982204	Big Cleaning Service	4602 Janet Court, Rio Rancho, NM	US
S1-779462204	Shree Guru Tech Private Limited	North West, A-21, Delhi, Laxmi Kunj Apartments, Sector-13, Rohini, Delhi	India
S1-143663492	Internal Medicine Specialists Inc	1201 Poppyfield Place, Schererville, IN	US
S1-890117737	Kondapur Solution Private Limited	Shilpa Emarald, Shilpa Park, Telangana, House No-1-113/36&37/ Flat No- 405, Hyderabad, Kondapur	India
S1-374272013	Internal Medicine Physicians LLC	739 Buck Mountain Road, Roan Mountain, TN	US
S1-14351559	Sharrer Kongsberg	790 5th Street, Lindenhurst, NY	US
S1-429260312	QKY Networks Inc	1091 Colonial Road, Memphis, TN	US
S1-585583045	Sun International Private Limited	Plot No.108, F2, First Floor, Nambi Apartments Raja'S Garden, Porur, Chennai, Tamil Nadu	India
S1-206195420	Seed Group of Companies Private Limited	Ayodhyadham Colony Shivpur, Uttar Pradesh, Sh 1 8/50-51, Varanasi	India
S1-759298226	Mani & Brothers Pvt. Ltd.	21-10/5-28, Srinagar, 5Th Line, Vijayawada (Urban), Krishna, Andhra Pradesh	India
S1-982784016	Ganga Enterprises Private Limited	No.56, 1Stccrossteacher'Scolony, Bangalore, Karnataka	India
S1-640699965	Travellers Academy Private Limited	156/C, Sarkari Pally, Bansberia, Hooghly, West Bengal	India
S1-841033361	East Constructions Private Limited	16/8/1 Race Course Road, Indore, Madhya Pradesh	India
S1-673947813	Lower Endocrinology	19435 925 Road, Cookson, OK	US
S1-403648357	Griffin Montessori School	Irving, TX, 511 Rochelle Road, Unit 1045	US
S1-200839335	Southern Builders Pvt Ltd	Village - Utrawan Tehshil-Mohanganj, Lucknow, Uttar Pradesh, Gata No 960	India
S1-165066641	Little Massage	932 Cullenwood Drive, Memphis, TN	US
S1-698609815	Quanteon Light, Inc	1122 Ravinia Way, Fenton, MO	US
S1-177372122	Load (India) Smart Private Limited	1St Floor Nyasa Apts14Th Lane Prabhat Road, Pune, Maharashtra, Pune	India
S1-647389239	Environmental Fellowship	257 Old Mill Road, Shrewsbury, MA	US
S1-14400196	Madel Guidry National Roman Associates	245 Cabot Street, Unit 320, Beverly, MA	US
S1-857112071	Great Logistics Private Limited	402, Flr 4 Agh Chember Narsi Natha Street, Katha Bazar Masjid St Chinchbunder, Mumbai, Maharashtra	India
S1-479953946	Harris & Flippin Manufacturing LLC	CA, Mentone, 1842 Mentone Boulevard	US
S1-939934782	Compass Nasdaq	Houston, 12327 Fairpoint Drive, TX	US
S1-735318731	Behavioral Health Partners LLC	13862 Fargo Drive, Surprise, AZ	US
S1-561648424	Nis Realty Ltd	Flat No - G/D2 - 01, Hitech Plaza, Sundarapa, Khordha, Orissa, Bhubaneswar	India
S1-877778794	Dental Partners Center	VA, Chesapeake City, 631 Mile Creek Lane	US
S1-611040998	Pacific Big, LLC	3622 Western Avenue, South Bend, IN	US
S1-361316975	Darsie T. Barrett, M.D., M.D., P.C.	8280 Waterford Mill Court, Fl 0, Pasadena, MD	US
S1-738691408	Capital Stifel LLC	Saint Francis, MN, 23199 Jivaro Street	US
S1-956911455	VFT Enterprises	K-34/8 Batla Housejamia Nagar, Okhla, New Delhi, Delhi	India
S1-557816313	Products Cauvery Flights Private Limited	C/O Babasaheb Dhakane Gut No. 482 Chinchale, Tal. Rahuri, Ahmadnagar, Ahmednagar, Maharashtra	India
S1-334991497	Faison Precision Controls LLC	12 Tanglewood Drive, Westfield, MA	US
S1-150280397	Bright Construction Private Limited	5, Ram Nivas, 226, Sion Road (East), Mumbai, Maharashtra	India
S1-28569131	Platinum Heritage Range LLC	1587 113, Kankakee, IL	US
S1-605720374	Choice Law Group	246 Paul Lane, Pioneer, TN	US
S1-499078823	Conquer Educational Society	Idukki, Rajakumari, Idukki, Kerala, Rajakumari	India
S1-508191249	White Servicesprivate Private Limited	143, Saipooja Chambers, Plot No.58, Sector 11, C. B. D. Belapur, New Mumbai, Maharashtra	India
S1-49848136	Apex Services Private Limited	Door No-10, Plot No-03, Thangavel Nagar, Petrol Bunk Back Side, Thirunageswaram, Kumbakonam, Thanjavur, Tamil Nadu	India
S1-436518100	Strategic Mobility Networks Inc	107 Windchase Court, Advance, NC	US
S1-802089450	Certified Keystone Newbury LLC	34214 Peppers Corner Road, Frankford, DE	US
S1-40425456	Realcon Mills Pvt Ltd	26, Shah Industrial Estate, New Link Road Opp. Anna Temple, Andheri West, Mumbai, Mumbai City, Maharashtra	India
S1-972633053	Superior Payment Industries L.L.C.	1058 Copeland School Road, Dobson, NC	US
S1-554810343	Dhiraj Food	No 513 3Rd Floor, Nsk Nagar Main Road, Egmore Nungambakkam, Chennai, Tamil Nadu	India
S1-759709250	Ear Nose & Throat Care	10745 Clover Way, Avondale, AZ	US
S1-802933099	Choice Suma LLC	720 Santa Maria Street, Santa Paula, CA	US
S1-872455454	Big Bistro	1568 Parkside Court, Homewood, AL	US
S1-396339741	Frontier Veterinary Clinic	32108 Autumn Court, Laurel, DE	US
S1-864790709	Prozeal & Sons	C42 Kailash Puri, Lucknow, Uttar Pradesh	India
S1-653499549	Anand Infotech Pvt Ltd	G-1, Jhalawar Industrial Estate, Patanwala Compound, Lbs Marg, Ghatkopar (W), Mumbai, Mumbai, Maharashtra	India
S1-510821867	Abyss (India) Technologies Private Limited	La Lagune, House No. -1702, Block-D Plot-No-Sector-54, Golf Course Road, Gurugram, Gurgaon, Haryana	India
S1-200237172	Blue Endocrinology LLC	3306 Stoneway Drive, Sandusky, OH	US
S1-886105188	Neon	2725 18th Avenue, Emporia, KS	US
S1-676731953	Upper Express Detailing	8421 Center Road, Austinburg, OH	US
S1-367497566	New Delhi Builders	Shop No 2 Plot No T-12 Kh, No 19/22Jain Colony T Ext, New Delhi, West Delhi, Delhi	India
S1-86266827	Urban All Impex	Shop No 7, Bld. No. N-13, G/F N.D.S.E - I, Near State Bank Of India, New Delhi, South Delhi, Delhi	India
S1-945772486	Valenzuela's Painting	100 Meade Street, Unit A, Greenville, NC	US
S1-817647979	Lamb Venture Inc.	4095 34th Avenue, Unit Apartment 312, Fargo, ND	US
S1-55331729	Webtech Consultants	1 And 4 Shraddha Villa Behind Akash Petrol Pump Dindori Road, Kala Nagar, Nashik, Maharashtra	India
S1-293345235	OCF Financial	6-3-890, Rajbhavan Road, Somajiguda, Hyderabad, Telangana	India
S1-798972800	Helga Popplewell, D.O., PC	Fl 0, MO, Saint Louis, 1171 Oday Avenue	US
S1-543659425	Ahmed Silverbox LLC	469 Westfield Street, Unit 8D, West Springfield, MA	US
S1-955124148	Tech Agro	S-9, Telangana, Plot No-8-3-319/8/4, Sri Nilayam Yellareddyguda, Hyderabad	India
S1-894588173	First & Sons	Mulund Goregoan Link Road, 1501 Rustomjee O-Zone Tower 6 Bhd Telephone Exchange, Mumbai, Goregaon West, Maharashtra	India
S1-519779800	Reyansh Alloys LLP	Flat No - 402, Genx Icon Mangalam Colony, Bailey Road, Rps Genx Icon Mangalam, Dinapur-Cum-Khagaul, Patna, Bihar	India
S1-331523349	C S Olson China Inc	12 9th Street, Lynchburg City, VA	US
S1-386488066	Life Estate Pvt Ltd	2/1 R.S, Bhandari Marg, Flat No. 302 Shivdham Apt, Indore, Madhya Pradesh	India
S1-719207178	Harbor Cargo LLC	1341 Magnolia Avenue, CA, Redlands	US
S1-596622666	Faye Talley, M.D.	5070 Grand Cape Road, Rockford, IL	US
S1-539822521	2911 Lake Avenue Properties	2671 Hillcrest Road, Fl 1, Medford, OR	US
S1-271325324	Community Certified Chiropractic	1218 150th Street, Eureka, KS	US
S1-685960534	Shelton, Bungard and Gates Partnership	ND, Fort Totten, 502 W Addition	US
S1-783027679	Journey Worldwide Inc	614 King Street, Rockport, TX	US
S1-717880706	Economic Development League	2136 Twilight Lane, Chesterfield County, VA	US
S1-653334228	Norman Bright Bio	625 Wheelock Parkway, Saint Paul, MN	US
S1-693486469	NUF Better Next	1320 43rd Street, Birmingham, AL	US
S1-23479731	Sneha International School-Jaipur	C-52A, Sarojini Marg, C-Scheme, Jaipur, Rajasthan	India
S1-861718481	Manubhai Centre Private Limited	Ekkuzhi House, Koonamthai, Anthumukku, Puthuppallipram, Kanayannur, Ernakulam, Kerala	India
S1-722985490	Mimms Lifestyle of Village Of Grafton, LLC	1680 Willow Court, Village Of Grafton, WI	US
S1-8093191	Denton & Murray Top Group	849 Howell Road, Conquest, NY	US
S1-854253350	Blocker Air Inc	229 Elsie Avenue, Hempstead, NY	US
S1-922853126	Green Flagstar Inc	7880 Othel Way, Sacramento, CA	US
S1-184873881	Belita Washburn Creative Tech, Corp	2512 Brookhart Way, Phoenix, AZ	US
S1-42838737	Star Spaces Pvt. Ltd.	S F No 305/Bnehru Nagar Punjai Puliampatti, Erode District, Madurai, Tamil Nadu	India
S1-450925662	Universal Constructions Private Limited	503, Jan & Peebbles Bldg., Perry Cross Road, Bandra (W), Mumbai, Maharashtra	India
S1-521951950	Allure & Sons Co	Flat No. 103 1St Floor, Hyderabad, Aidhya Heights Pragathi Nagar Incois Road, Kukatpally, Telangana	India
S1-965008684	Rogers Kochav LLC	11 S 7th Ave, Iowa City, IA	US
S1-973337124	Great Investments Pvt Ltd	Tamil Nadu, Arenco Catering, Chennai, Chennai Park Railway Station, Food Plaza Builiding, Chennai Park Railw, Ay Station, Chennai	India
S1-182741577	Kaveran Constro Private Limited	Unit No. B-903, 9Th Floor, Tower B, Advant It Park, Dadri, Gautam Buddha Nagar, Uttar Pradesh	India
S1-152115694	Jaipur Soft Private Limited	103/104, Bijaraniyo Ki Dhani Mundwada Jobner, Phulera, Jaipur, Rajasthan	India
S1-593510472	Rapid Praetorian Inc	Baltic, OH, 3422 Sr 643	US
S1-748895370	Dermatology Group	8520 Huntington Street, Fl 0, Wichita, KS	US
S1-513601762	International Care Private Limited	Bldg No. 4B, Flat No. 10, Nityanand Baug Chs Ltd, Mahul Road, Before Ashish Cinema, Chembu, R (E), Mumbai, Thane, Maharashtra	India
S1-135092861	Vision Center of East Peoria	221 Justice Drive, East Peoria, IL	US
S1-653835671	Black Exports Private Limited	Delhi, 13/14 Upper 1St Floor, Subhash Nagar, West Delhi, New Delhi	India
S1-52949192	Greer Bread LLC	1038 Menkhus Avenue, MO, Festus	US
S1-512304782	Rays Software Private Limited	Pl No.2, 2Nd Fl, Shyam, Chowk, Dhankot Sector 102, Garhi Harsaru, Gurgaon, Haryana	India
S1-713044775	Loyal Leisure (India) Private Limited	R-720 Ttc Industrial Area, Midc Navi Mumbai, Rabale, Thane, Maharashtra	India
S1-762548751	Lotus Agro Private Limited	A-9, Anupam Colony, L.B.S Road, Opp Chirag Diamond, Bapunaga, R, Ahmedabad, Gujarat	India
S1-220059099	Super (India) Producer LLP	Arihant Super Shopee, A/P-Narayangaon, H. No. 637, Pune Nashik Road, East, Near Hp Petrol P, Ump, Junnar, Pune, Maharashtra	India
S1-308171326	Cooperative Insurance Partners LLC	11943 Yardarm Drive, Berlin, MD	US
S1-606029175	Ealy Cardiology Corp	41451 Ocean View Drive, Avon, NC	US
S1-424719165	Solutions Tsm Mills Ltd	17/18, Suraj Apts, 71, Bhulabhai Desai Road, Breach Candy, Mumbai, Mumbai City, Maharashtra	India
S1-684150949	Novium Apple LLC	IL, 222 Forest Knoll Drive, Palatine	US
S1-731467905	Red Ice Cream Inc	301 Umptanum Road, Unit 6204, Ellensburg, WA	US
S1-960966062	Charyl Nielson Crystal Restaurant	1604 1/2 Lincoln Avenue, Mendota, IL	US
S1-803130766	Quality Health International, Inc	6608 Yateswood Drive, Unit B, Charlotte, NC	US
S1-166425561	Pediatric Dental Cornerstone Associates Clinic	600 Country Club Drive, Unit 15, Yuma, AZ	US
S1-487921873	Malta Cultural Alliance P.C.	7518 Triadelphia Road, Malta, OH	US
S1-699550165	Apex Glass	19266 Coastal Highway, Unit 14, Rehoboth Beach, DE	US
S1-884313858	Oaktree Real Private Limited	S-196, Kandlakoya, Medchal To Miyapur By Pass Road Near Railway Gate, Medchal, Hyderabad, Telangana	India
S1-7368723	Great Finance Limited	B 21 B2, Floor 22, Plot 333, B, Great Eastern Royal, Jahangir Boman Behram Marg, Bellasis Brid, Ge, Tardeo, Mumbai, Mumbai City, Maharashtra	India
S1-228870333	Vivien's Global Sciences	9310 Carney Court, Elk Grove, CA	US
S1-659827079	Cardiology Associates Inc	Puyallup, 14211 124th Street Court, WA	US
S1-716358716	New Foundation Private Limited	Plot No.10, 1St Floor, Rukhmini Nagar Poddar Layout, Sindhi Meghe, Wardha, Maharashtra	India
S1-353052522	Hamilton Automobile Associates	1 North Street, Machias, ME	US
S1-468865792	Castillo Academy Inc.	21 Solar Drive, Halfmoon, NY	US
S1-556562187	Cancer Coalition P.C.	1804 15th Terrace, Kansas City, MO	US
S1-871662020	Ryan, Hendrickson & Seiden LLC	296 25, Stockport, NY	US
S1-624517636	Unique Business Pvt Ltd	Sector 8, Urban Estate, House No.215, Haryana, Karnal, Haryana	India
S1-393660372	Applegate Encore Inc	5600 Lancaster Road, Dallas, TX	US
S1-741319691	Toft & Walton System	500 Sunwood Court, Reisterstown, MD	US
S1-313820824	Asset Building Center L.L.C.	166 Kinsey Avenue, Kenmore, NY	US
S1-880361830	Unified Logistics Enterprises Inc	6233 Hunter Valley Road, TN, Ooltewah	US
S1-635552146	Cummings Kogyo Inc.	245 53 Street, Brooklyn, NY	US
S1-506580965	Williamson, Perez & Schnider Inc	255770 720 Road, Hitchcock, OK	US
S1-320392967	Premier Apex, Inc	5308 3rd Avenue, Great Falls, MT	US
S1-214370864	Strategic Industrial Brands	55 Prospect Street, Woburn, MA	US
S1-428152871	Board of Parks and Recreation	72 Alpine Drive, NY, Pittsford	US
S1-639099730	Paramount Health Private Limited	Srno36/2, Supreme, Headquarters, Office No. 507, Supreme Universal, Near Pashan, Pune, Maharashtra	India
S1-696547774	Sun Investment Private Limited	Rajkot, Morbi, Gujarat, Survey No.248, Plot No.-11, Opp. Luzon Health Care Nr. Thorada Patiya, Chachapar Road, Thor, Ada	India
S1-710163863	Mountain Alliance of Chelan	110 Johnson Avenue, Chelan, WA	US
S1-622761138	Bright Hair Studio LLC	333 Partridge Court, Clarksville, TN	US
S1-379900078	Torres Frontier Rockwool Clinic	1735 27th Street, Tulsa, OK	US
S1-735641642	Creative Nutrition Services LLC	9193 Dun Roamin Lane, Unit B, Hanover County, VA	US
S1-546375941	Indo Engineering Private Limited	301-Ii P No-6, Jaina Tower, Distt Centre, New Delhi, West Delhi, Delhi	India
S1-24721468	Mix Bancorporation LLC	1739 11th Street, Manson, IA	US
S1-42522792	Bombay Constructions Private Limited	Plot No 2, Front Portion, Gf, Villa No 6 Under Hill Road, Civil Lines, Delhi, North Delhi, Delhi	India
S1-584794957	Elite Automation Holdings	W5461 Sunset Drive, Town Of Mount Morris, WI	US
S1-897276899	Jai Energy Limited	15 & 16, Disha Alankar Rathi Galaxy Cidco, Cannaught, Aurangabad, Maharashtra	India
S1-827974420	Tri-State Diagnostics LLC	28679 Fort Rock Road, Seligman, AZ	US
S1-204393907	Ear Nose & Throat Partners LLC	1069 Woodbine Street, Springfield, MO	US
S1-996496912	Niral Fund Corp	Sy No 90, Plot No 89 90 91 Gr Fl Opp Maheshvari Appt, Beside Janta Hospital, Surat, Gujarat	India
S1-202547293	Kesteon Latin	2653 Nebo Road, Muncie, IN	US
S1-662270506	Spice Brothers Private Limited	6/A Bhadreshwar Society, Behind H.B Kapadia School O/S Delhi Gate, Shahibaug Road, Madhupura, Ahmedabad, Gujarat	India
S1-321837609	Great Food Private Limited	7-D Cornfield Road, Kolkata, Calcutta, West Bengal	India
S1-217583086	Primary Care Partners	16510 54th Avenue, Fairmount, CO	US
S1-750157169	Greer's Specialists	34 County Road 2421, Hull, TX	US
S1-93028164	Modern Law Chambers LLP	Flat No.2 Jayanti Apt, Jsdrd, Mulund West, Mumbai, Maharashtra	India
S1-304167648	Shyam Business	401, Tulshi Palace, Raghav Society, Village Saktasanala, Morvi, Rajkot, Gujarat	India
S1-190489824	Marrero Group	MN, 15880 109th Street, South Haven	US
S1-3951546	Keystone World PLLC	Unit Apartment 206, ND, 3680 Veterans Boulevard, Fargo	US
S1-426118714	Cebriex	19105 57th Street, Bonney Lake, WA	US
S1-762615784	Swanson Medical Center	501 Walnut Street, Milford, DE	US
S1-287063917	Ai Group of Companies Private Limited	C-401, Chandresh Heights, Jesal Park Bhayandar (E), Thane, Maharashtra	India
S1-870119298	Indian Services Private Limited	Sy.No.961 Bangarigadda Miryalguda, Nalgonda, Telangana	India
S1-907109064	Modern Care Pvt Ltd	5Th Floor, Prime House(Veda S Prime House), Plot No.19, Jayabheri Enclave, Seri Lingampally, K.V.Rangareddy, Telangana	India
S1-265778936	A+ Boral LLC	111 Fairmont Avenue, Unit Apartment 103, Neshannock Township, PA	US
S1-891100238	Dick Bright Indonesia	52 Warren Street, West Springfield, MA	US
S1-904762498	Universal Media Limited	D-181, Phase Iii, Idajeedimetla, Hyderabad., A.P, Telangana	India
S1-60326211	Multiple Creative Pvt. Ltd.	Mission Court4Th Floor Suite-F 25 R N Kukherjee Road, Kolkata, Calcutta, West Bengal	India
S1-620156134	Best Services Private Limited	No. 235, 2Nd Floor, Binnamangala 2Nd Stage, Bangalore North, Bangalore, Karnataka	India
S1-364789200	Balling Bay Total Inc.	10819 Lovell Road, Soddy-daisy, TN	US
S1-696234540	Savitri Up Private Limited	West Delhi, Mahavir Encl, Pl No-B184/B Blk-B2, New Delhi, Delhi	India
S1-935502055	Magic Institute of Technology	B-5 Parekh Apartmentssarojini Road Vile Parle (West), Mumbai, Maharashtra	India
S1-469254908	NJT Graf LLC	803 357, Grove Oak, AL	US
S1-601139225	Drucie F. Cortez, O.D.	9 Delong Avenue, Dryden, NY	US
S1-841203122	Malappuram Industries Limited	No.16/127E, Pottippara, Parappur Po., Tirur, Malappuram, Malapuram, Kerala	India
S1-433666052	First Technology Private Limited	Pl. No. 22 B, Shikshak Nagar, S. No. 91/3, Paud Road, Kothrud, Pune, Maharashtra	India
S1-80982124	Battle Ground Physical Therapy Horizon Care	1016 2nd Avenue, WA, Battle Ground	US
S1-190275655	Crowder, Carter and Woerner P.C.	4621 102nd Street, Oak Lawn, IL	US
S1-792714065	Value Defi Clinic	204 Summerhill Drive, Unit Unit 7, Ithaca, NY	US
S1-425911646	WLN Insight	C503 Nallurhalli, Spectra Palwood Sidapura, Bangalore South, Bangalore, Karnataka	India
S1-901302115	Bagaria & Co	Flat No. 108, Maheshwari Chambers Somajiguda, Mch: 6-3-650/103, Hyderabad, Telangana, Hyderabad	India
S1-906810708	Hunter Polytechnic Pvt Ltd	Pushpawati Bldg. No.2, 2Nd Floor, Chara Bazar Chandanwadi, Mumbai, Maharashtra	India
S1-934417578	Lyndy Alaniz Ameren Inc	1915 Commercial Street, Lovington, NM	US
S1-804363381	Big Trading Private Limited	Plot No - 522/212, Shanti Complex Kalarahanga, P.O-Patia, Bhubaneswar, Khordha, Orissa	India
S1-675173574	Federal Energy Alliance LLC	1 Roundtree Court, TN, Johnson City	US
S1-619752106	Abc Polytechnic Private Limited	2-3-3A, Desh Bhushan Nagar, Galta Road, Jaipur, Rajasthan	India
S1-771341005	Kuhn, Dunne and Thomason Stifel P.C.	3222 21, Paige, Unit C, TX	US
S1-109868929	Vijay Investments Private Limited	Tamil Nadu, Chennai, M K N Road Guindy, 59, Chennai	India
S1-329384661	Maudie Hoppes Builders Inc	26 Farview Drive, Unit Apartment 405, Dryden, NY	US
S1-525780944	Services Dhaksha Chains Limited	C/O Suresh Punjaram Ratnaparakhe H No 641/1, Jalna, Nutan Vasahat, Maharashtra	India
S1-605394716	Diamond College Limited	38/2394, 1St Floor, Veejay Towers Salim Rajan Road, Cochin, Kerala	India
S1-301454319	Carpenters Local 389	1618 Edgewater Court, Town Of Grafton, WI	US
S1-385459625	North Charles LLC	8293 Irene Boulevard, Memphis, TN	US
S1-10362770	Norfolk City Children's American Council	5248 Doswell Street, Norfolk City, VA	US
S1-88292828	Heritage Goldman, LLC	26 Chickadee Lane, Naples, ME	US
S1-744657407	Shivam Jai Solutions Private Limited	C/O.S S Bhat, Suraksha Nilaya, Near Gare C Main Road, Ashwath Nagar, Shimoga, Karnataka	India
S1-295343840	Advantage Law Chambers	5Thfloor, Jagdish Enclave, Keshav Nagar, Civil Lines, Jaipur, Rajasthan, Jaipur	India
S1-46411900	OR Best Services PLLC	4840 Loughboro Road, Washington, DC	US
S1-148244929	Indo Services	Mumbai, 3Rd Floor, Maharashtra, Dw-3180, D Tower, Bharat Diamond Bourse, Bkc, Bandra East, Mumbai City	India
S1-430343753	Tech & Co Private Limited	Room No. 4/552 A, Mattuthavalam P.O, Peerumade, Udumbanchola, Idukki, Kerala	India
S1-729164458	Bishop, Melton and Schmidt Foods	Hampton City, VA, 234 Summit Court	US
S1-730068213	Hills, Plough & Jackson	St Charles, 178 Hughes Lane, MO	US
S1-189620234	Unigreen Clinic Co	Chennai, 62 Evk Sampath Road, Chennai, Perambur Purasawalkam, Tamil Nadu	India
S1-220233458	Keystone Valley Ltd	Be-378, 1St Floor, Gali No-7 Hari Nagar, New Delhi, West Delhi, Delhi	India
S1-608248401	Mp Infrastructure Pvt. Ltd.	Trig House 10Th Road Juhujvpd Scheme Vile Parle West, Mumbai, Maharashtra	India
S1-184875582	South Family Practice	1725 Arbor Lane, Unit 112, Crest Hill, IL	US
S1-117105431	Perfect Products Private Limited	504-Flat, Block A Aliens Elite, Prashant Nagar Miyapur, Tirumalagiri, Hyderabad, Telangana	India
S1-720423857	Urology Clear Associates Co	1409 Reveille Drive, Ponca City, OK	US
S1-781500861	Kaycee Infraplanner Private Limited	Office 4 Ground Floor, Sumer Kendra, Shivram Seth, Amrutwar Road, Near Doordarshan Kendra, Worli, Worli, Mumbai City, Maharashtra	India
S1-733868514	Dream Technology Private Limited	Mayoogham, Kakkanad, Ernakulam, Kerala	India
S1-303733624	K & G Debt	15406 Cambria Cove, Austin, TX	US
S1-341713730	Jain Anand Foundation Private Limited	Sy No. 529, Shop No 25 & 26, City Centre, Bazar Road, Jogmath, Honavar, Uttara Kannada, Karnataka	India
S1-77254507	GHU Generating LLC	17936 M Bar S Farm Drive, Fayette, AL	US
S1-163270186	Jnv & Sons	17 Shakuntala Farmssultanpur Mehraul, Delhi, South Delhi, Delhi	India
S1-725046393	Omega Education Private Limited	Flat No C1402Parksydenest, Opprasbihahariinternation, Nashik, Maharashtra	India
S1-95548919	Girdhari & Associates Private Limited	3-4-841, Flat -No-002, Castel Homes Apartments, Himayathnagar, Hyderabad, Telangana	India
S1-468048080	Premier Systems Private Limited	Vadodara, Gangaamrutgundifalia-Palace Road, Gujarat, Bharuch	India
S1-631210944	Cardinal PLLC	123 Meadowbrook Parkway, Bldg Garage, Cheektowaga, NY	US
S1-723407475	Valley Initiative LLC	2404 Whitney Avenue, Hamden, CT	US
S1-621363561	Maid Nails	162 Wolfsnare Lane, Morrisville, NC	US
S1-708524561	Accretion Developers Private Limited	28/15, Old Rajinder Nagar, 2Nd Floor Opposite Salwan Public School, New Delhi, Delhi	India
S1-794835238	Super Enterprises Limited	33, 1St Floor, Heera Nagar, A, Ajmer Road, Jaipur, Rajasthan	India
S1-556108422	Laxmi Foundation Limited	Samastipur, Bihar, Samastipur, Co Bishnudeo Singh, Vill, Barah Batta, Sarairanjan	India
S1-662017583	Innovative Agro Limited	Shed No 51, Jay Industrial Park, Ahmadabad City, Ahmedabad, Gujarat	India
S1-979600459	Macro Food LLP	C/O Rakesh Singh, 1, Mirai, Fatehpur, Uttar Pradesh	India
S1-427073164	Scholarship Foundation	2529 Renwood Avenue, Peoria, IL	US
S1-223965961	Digital Enterprises Private Limited	2-8-197/7, Shri Shivaprasad Complex, Opp Balabheem Hotel & Lodge, Gudadanal R, Oad, Lingasaguru, Raichur, Karnataka	India
S1-478838121	Litecum	1 Seastrand Way, Unit 8, Chatham, MA	US
S1-590154292	Fagan, Kirchner & Simmons Lloyds LLC	Houston, 7923 Windy Creek Drive, TX	US
S1-440532027	BD Association Limited	Plot No 21, Nehru Colony, Thatipur, Gird, Gwalior, Madhya Pradesh	India
S1-995048222	Metropolitan Committee	W6948 Brookview Drive, Town Of Fond Du Lac, WI	US
S1-618876973	Flock Neurosciences Inc.	159 Columbia Drive, Oak Ridge, TN	US
S1-523969446	Family Associates LLC	TX, 17 Finwick Drive, Orange	US
S1-147362702	Land Care Center	Shop No. 28 Cts No 3904 Nandalal Complex, Aurangabad, Maharashtra	India
S1-999284562	Custom Education Worldwide L.L.C.	10005 Bentwood Birch Cove, Collierville, TN	US
S1-135216208	North Cardiology LLC	135 Beach Road, Unit B311, Salisbury, MA	US
S1-109548960	Optimal Commercial Holdings	2913 Oriole Drive, Fl 0, Wichita, KS	US
S1-168975141	Andrews Chenghe of Baytown	5019 Cotton Lake Road, Baytown, TX	US
S1-19790962	Urology Signature Partners LLC	184 Sunflower Ln, Blowing Rock, NC	US
S1-128748045	Orbit Engineering Pvt Ltd	Bq-53, West Shalimar Bagh, New Delhi, Delhi	India
S1-333556600	Ear Nose & Throat Federal Physicians Inc	1070 232 Street, Bronx, NY	US
S1-379459066	Raj Software Private Limited	Near Subash Bagh, Ajmer, Rajasthan	India
S1-370272818	Jasper Center	OH, Lorain, 1108 Euclid Avenue	US
S1-549815090	Liberty Guild LP	454 525, Danville, IN	US
S1-812504935	Supreme Summit LLC	76 Colburn Road, Canterbury, CT	US
S1-56662107	Madhu Traders Limited	Kh-93/9 And 93/12 Min Village Industrial Area Mundka, New Delhi, West Delhi, Delhi	India
S1-630528902	Comfort Traders Private Limited	B-380, 2Nd Floor, Nirman Vihar, East Delhi, Delhi	India
S1-517449538	Pest Brothers Pvt Ltd	A/703, 7Th Floor, Evergreen, Near Hills High School, Surat, Gujarat	India
S1-974444839	Shiv Developers Private Limited	Bangalore, Bommanahalli, Sy No.62/4 Kodichikkanahalli Road, No.268, Karnataka	India
S1-898275374	Poorvanchal Logistics Private Limited	C/O D D Shukla, Lai, Lunga Khera Telibagh, Lucknow, Uttar Pradesh	India
S1-831763446	Bright Ice Cream	20467 280th Street, Washington, OK	US
S1-982219160	Peak Ace Pebblebrook L.L.C.	429 Cranborne Chase, Fort Mill, SC	US
S1-335251216	Blue Pinnacle Pennymac Inc.	2012 Kelbourne Road, Unit APARTMENT 302, Rosedale, MD	US
S1-370536489	Roopan India Associates	Plot No L-1121, Ph-Ii, H B Colony, Near Idbi Atm, Dumduma, Bhubaneswar, Khordha, Orissa	India
S1-351958736	Dermatology Horizon Group	12302 Osceola Avenue, Cleveland, OH	US
S1-265702453	Melrose Ezone Private Limited	R/O 150 Gandhi Nagar Near, Chandrika Devi Mandir, Unnao, Uttar Pradesh	India
S1-197407148	Thane Contractors Private Limited	C-6/103 Kanchan Pushp Complexopp Suraj Water Park Kavesar Ghodbunder Road, Thane, Maharashtra	India
S1-530295454	Services Shivaay Ram Private Limited	H.No-85/A, Adarshpuram, Behind Tomar Taint House, Gird, Gwalior, Madhya Pradesh	India
S1-318355990	Vison Constructions Limited	House No. 53, Block D, Subzi Mandi Kamla Nagar, Delhi, North Delhi, Delhi	India
S1-736094177	Heat Realtors Clinic	20/1124, Penta Bypass, Cattle Market Road, Kunnathunad, Ernakulam, Kerala	India
S1-199386490	Guru Properties LLP	Gala No C-11, Nand-Dham, Udyog Premises Asd Marg, Mumbai, Maharashtra	India
S1-988481354	Sais LLC	695 Dodge Street, Gilbert, AZ	US
S1-359147662	Metropolitan Realty Innovations Inc	630 Younger Road, Roxboro, NC	US
S1-164679788	Allied Montessori School	242 Sandhill Road, Fairborn, OH	US
S1-733672034	Adrea Bell Concepts L.L.C.	15459 105th Avenue, Maple Grove, MN	US
S1-256077605	Express Wealth Corporation Corp	Unit Apartment 6, NY, 104 Bleeker Road, Guilderland	US
S1-803336025	Navkar Solutions Private Limited	9123, Kanpur Nagar, 123/756 Old-363 Fazalganj Kanpur, Kanpur Nagar, Bara Chauraha, Uttar Pradesh	India
S1-369920389	Rogers Academy	8945 Heathwood Circle, Niles, IL	US
S1-780219973	Edwards, Loewen and Daniel	226 Glenbrook Lane, Avon, IN	US
S1-696826450	Trika Sagar LLP	S/O Gulsher Ali Koriyani, Bus Stop Gosain Ganj, Mohanlalganj, Lucknow, Uttar Pradesh	India
S1-851195447	Perfect Star Ventures Private Limited	Patna, Genx Ramashram, Bihar, Baldaritola, Infornt Of Millennium Appartment, Shekhpura More, Bailey Road	India
S1-760990171	Gwaltney & Armstrong Technologies	2145 Edgeware Street, Silver Spring, MD	US
S1-474574818	GRF Pmv Group	310 Montreal Avenue, Dallas, TX	US
S1-582901854	Fanfan and Lloyd Rivernorth	Unit 5, Ashland, 6400 Hyatt Lake Road, OR	US
S1-168036883	Cancer Project	7605 Dunham Court, Florence, KY	US
S1-138015974	Pacific Pennantpark LLC	MA, Unit 2, Haverhill, 67 Bradford Avenue	US
S1-776068338	Silver Nails	2607 Knoxville Avenue, Russellville, AR	US
S1-9564412	Advanced Cal	7409 56th Terrace, Kansas City, MO	US
S1-916026518	Farmington Baptist Heartland Association	1504 Chaco Avenue, Farmington, NM	US
S1-274614255	Golden National Fortis LLC	5710 Juniata Street, MN, Duluth	US
S1-64814204	Vishal & Partners Private Limited	44-45/2, Ii Cross, Raja Rammohan Roy Extn, (Off. Lalbagh Road), Bangalore, Karnataka	India
S1-602811796	Barr Signature Ship LLC	6570 Bryantown Road, Jackson, NC	US
S1-394963859	Teriann Philip, DMD	5022 Dogwood Place, Charlotte, NC	US
S1-227677648	Algo Forgings Limited	Grd Flr 39/A, Ghanshyam Industrial Estate, Veera Desai Rd, Andheri (W), Mumbai, Maharashtra	India
S1-490058531	Eye Complete Medicine LLC	267 Hopper Street, Montgomery, AL	US
S1-305870266	Millan, Boyles and Beckman	College Park, Unit 2634, 4700 Berwyn House Road, MD	US
S1-344626850	Tri-State Best Salon LP	7360 150, Pittsboro, IN	US
S1-145326152	PG Added Pvt Ltd	Plot No 48, Brudndavan Coloney Budvel, Rajendernagar, Hyderabad, Rangareddy, Telangana	India
S1-887193215	Pawanputra Trading Co	91 Dsidc Shed, Scheme - I Okhla Industrial Area, Phase - Ii, New Delhi, Delhi	India
S1-364873567	Bss Signature Private Limited	Shop No.9, First Floor, Door No.1/200, Anna Salai, Palavakkam, Chennai, Tamil Nadu	India
S1-840008449	Mckamey Express Associated Corp	224 Walnut Street, Unit D, Bensenville, IL	US
S1-62363886	Temple Foundation Private Limited	Y/33, Ugf, Hauz Khas, South Delhi, Delhi, South Delhi, Newdelhi	India
S1-560682236	Patriot Society LLC	124 Tracy Drive, Waxahachie, TX	US
S1-603260493	Heritage Energy Alliance LLC	11 Emmas Path, Southampton, NY	US
S1-36003032	Synmais Holding Company	4855 4th Street, Waterloo, IA	US
S1-342966896	Physical Therapy Better Clinic	Bena, MN, 15014 Nodak Drive	US
S1-693913998	Patriot Apex Precision	5004 3rd Avenue, Stillwater, OK	US
S1-34777510	National Properties Group	2690 French Creek Road, New Albany, IN	US
S1-284788942	JQ Mountain Diversified LLC	132 Freedom Trail, Flatwoods, WV	US
S1-99875495	Exotic Ventures Pvt. Ltd.	Pune, Emerald, Residency, Cts- 49/B, Maharashtra, Pn-46/1	India
S1-178094146	HF Securities Ltd	53 Vivekananda Road, Kolkata, Calcutta, West Bengal	India
S1-760607076	Ekana Oil Company	C/O. Avijitkundu, Purbayan, Arif Bari, Nabapally, Barasat, Parganas North, West Bengal	India
S1-285419585	Shivam Business Private Limited	F 301, Jivdani Appartments, S No. 1/6 Moregaon Nagar, Vasai Palghar, Thane, Maharashtra	India
S1-240995403	Regional Center LP	11875 575, Odon, IN	US
S1-782423926	Shree Global Private Limited	2Nd Floor, Plot No. 1050, 1St Block 18Th Main Road, Anna Nagar (W), Chennai, Tamil Nadu	India
S1-961512900	Ginny Fleetwood, L.C.S.W.	4883 Division Avenue, White Bear Lake, MN	US
S1-812634824	Taylor & Hinton Corp	300 Water Street, Unit 360, Mobile, AL	US
S1-111328326	Othilie Shands Dynamic Banking	314 Clear Lake Road, Kemah, TX	US
S1-869494712	Ace Consultancy Limited	Flat No 802, Building 4C Dheeraj Dreams Coop Hsg, Lbs Marg, Bhandu, P West, Mumbai, Mumbai City, Maharashtra	India
S1-115473906	Alaimo Bce PC	2732 American Way, Fl 1, Medford, OR	US
S1-83110479	Orthopedic Patriot Care Associates Inc.	DE, 14 Wrangler Road, Newark	US
S1-882063407	Osika Obic LLC	1728 New York Avenue, Evansville, IN	US
S1-424258288	Shakti Services Limited	K-37/102Agopal Mandir Lane Varanasi, Uttar Pradesh, Varanasi, Uttar Pradesh	India
S1-742380631	Iseabal Harris Clear Third LLC	2636 Horseneck Road, Waverly, WV	US
S1-153022243	Allied Program III PC	3611 Adams Street, Bellwood, IL	US
S1-190096699	Star Foundation Private Limited	Pvt-1, Kh No.-11/18 Ground Floor, Uttarakhand Enclave. Shastri Park Ext, Delhi, North Delhi, Delhi	India
S1-429398592	Strategic Trusted Trading LLC	232 County Road 3355, Kempner, TX	US
S1-318797142	Magnum Homes (India) Private Limited	Flat No-101, Ist Floor Surya Square, Gokhale Marg, Lucknow, Uttar Pradesh	India
S1-683804942	Focal Solutions Private Limited	Shop No 5 Bhahmanwadipipe Line Kurla West, Mumbai, Maharashtra	India
S1-966882770	Dsb Seeds Limited	505, Rafael Tower, Old Palasia, Indore, Madhya Pradesh	India
S1-428141893	Innovative National Hovnanian Corp	619 P Vancouver Road, Rio Rancho, NM	US
S1-330627973	Gajewski and Guerrero	7575 Fawnmeadow Lane, Cincinnati, OH	US
S1-12116264	Independent (India) Spa-Meerut	Irammalikw/O Fahimudin Kh, 265/4, 267/3 Vill Dhikauli, Meerut, Uttar Pradesh	India
S1-233875625	Aap Memorial Trust Co	H.No.19-338, Fl-401, Flr-5, Ksp Prestige, Road-4, Madhavapuri H Pjr En, Chandnagar, Hyderabad, Telangana	India
S1-938697503	Gutierrez Newbury, Inc.	NC, 1212 Concord Chase Circle, Concord	US
S1-824851636	Ksp & Partners Private Limited	17/4, Sco 25, Second Floor Kennedy Avenue Market, Amritsar, Punjab	India
S1-688581194	OZ Strategic Grill LLC	428 98th Avenue, Bellevue, WA	US
S1-69303289	Villalobos Management LLC	320 -302 Sandbridge Road, Virginia Beach City, VA	US
S1-5014819	Kazan Gulf Israel LLC	6203 Summer Pond Drive, Fairfax County, VA	US
S1-844154244	Internal Medicine Clinic Inc	157 County Street, Attleboro, MA	US
S1-931317415	Rapid Semiconductor Labs LLC	Freeport, NY, 67 Archer Street	US
S1-900953590	Caldeon Technologies LLC	974 Main Street, Genoa, IL	US
S1-472598649	Celebrity Nirman Limited	South Delhi, Rajbir Singh Gautam House In Village, Delhi, Main Road Ghitorni, New Delh, I, Delhi	India
S1-110988632	Charland and Sabo LLC	69 Sherwood Avenue, Westfield, MA	US
S1-399316390	Bright Ubs LLC	Hudson, NY, 144 Green Street	US
S1-552889439	Shree Technologies Private Limited	155, Malathampatti Bannihalli, Kaveripattinam, Krishnagiri, Krishnagiri, Dharmapuri, Tamil Nadu	India
S1-734710964	Metro Impex Private Limited	Howrah, West Bengal, Dharmatolla Road, 144/25, Salkia	India
S1-276060180	Mavis Driskill Innovative Oak LLC	4711 Talley Street, Dakota Ridge, CO	US
S1-367676631	Slayton's Frontier Family Practice	4 Shrewsbury Green Drive, Unit E, Shrewsbury, MA	US
S1-741655711	Choice Fresh Community	176 154th Place, Harvey, IL	US
S1-828992321	Asia Webb Value Bnb LLC	3394 88th Street, Cleveland, OH	US
S1-337232656	Atlantic Media Industries Inc	8415 Gordon Snidow Court, Albuquerque, NM	US
S1-290320775	United United Hospitality Limited	Ground Floor, Shop No 16, Congress Exhibition Road, Park Circus, Kolkata, Howrah, West Bengal	India
S1-100529946	Amritsar Events Private Limited	75 Basement, Canal Colony, Mcleoad Road, Amritsar, Amritsar, Punjab	India
S1-579977593	Alvarez Diamond Alpha LLC	Harlingen, 4609 Park Bend, TX	US
S1-66420146	Zamora, Murphey & Mack Publishing Inc	412 Fort Gate Road, Nordland, WA	US
S1-662980812	IH Biracilik LLC	12900 Penn Avenue, Unit Unit 257, Burnsville, MN	US
S1-791124328	Kerstin Anderson, DO	94-56 199 Street, Hollis, NY	US
S1-874252991	Gagne, Cunningham and Corbin Consolidated, LLC	Clay, NY, 3818 Eider Down Path	US
S1-723860098	Sky Sree Healthcare LLP	No 502 Stone Apartment Ground Floor, 1St Stage 2Nd Block 7Th Cross, Hbr Layout, Bangalore North, Bangalore, Karnataka	India
S1-534013396	Surya Media Private Limited	21/229 A6, Royal Building, Near Cusat Bus Stop, Seaport Airport Road, Kalamassery, Kanayannur, Ernakulam, Kerala	India
S1-689204419	Metro Elite L.L.C.	137 -101 Runaway Bay Drive, Virginia Beach City, VA	US
S1-30598773	Bee (India) Infra Private Limited	Plot No.-82, Jaripatna, Near Balijatra Padia, Barimunda, Ps-Mancheswar, Bhubaneswar, Khordha, Orissa	India
S1-66873675	Silver Pub	1217 Bell Street, Bldg LOT 44, Glendive, MT	US
S1-922345908	Black Global Private Limited	# I-803, Springfields, 19/20, Ambalipura, Sarjapura Road, Bangalore, Karnataka	India
S1-163572784	Mccune Limited LLC	4230 79th Place, Chicago, IL	US
S1-608523572	Ear Nose & Throat Health of Gainesville Inc	2101 Shipley Street, Gainesville, TX	US
S1-514922183	Rene Creative Pearl	2205 Old Creal Springs Road, Marion, IL	US
S1-598701986	Vrl Seva Samiti	6B/2 Nea, Old Rajinder Nagar Pusa Road, New Delhi, Delhi	India
S1-857453647	SF Ventura Clinic	22/B/1/B Radhamadhav Dutta Gr L.N, Kolkata, Howrah, West Bengal	India
S1-464201448	Capital Insight LLC	17327 Adina Creek Court, Crosby, TX	US
S1-2134588	Starlene Herrmann Douglas	3160 Mumford Court, Unit APT 330, Elk Grove, CA	US
S1-481687751	Ace It Private Limited	17, Floor 1, 91B, Chanchal Building, Banganga Lane, Walkeshwar, Malabar Hill, Mumbai, Mumbai City, Maharashtra	India
S1-43373069	Andino, Dyson and Lewis Gold, LLC	9336 Hunting Valley Road, Clarence, NY	US
S1-635938928	Sweet Auto Body	391 7th Street, Cannon Beach, OR	US
S1-105731618	Kvr Shakti Company	Plot No 237 A, Kh No 31/4F/F Baba Hari Dass Nagar Tikri Kalan, Delhi, West Delhi, Delhi	India
S1-410704958	Orthopedic Medicine of Kendallville	717 Briarwood Drive, Kendallville, IN	US
S1-176181117	Mills, Sharma and Kober Inc	1699 Washington Street, Colton, Unit UNIT 2182, CA	US
S1-21580794	Concept & Brothers Private Limited	Plot No.426, Medical Road, Ram Bagh, Long March Square, Nagpur, Maharashtra	India
S1-398938676	B B Mendez Tavia, Inc	3737 Powerhouse Road, Grayson County, VA	US
S1-125387633	Devin Exports Limited	33/1, N. S. Road 475, Marshall House, Kolkata, Kolkata, Howrah, West Bengal	India
S1-35124137	Tull, Genny, P.A.	1515 Bear Head State Park Road, Ely, MN	US
S1-183492407	Redynnet Ftai LLC	3090 Robinette Road, Taylorsville, NC	US
S1-353010515	Resources Balaji Private Limited	A - 413, Sec - 46, Noida, Gautam Buddha Nagar, Uttar Pradesh	India
S1-707463288	Arihant Services Private Limited	Salem, Tamil Nadu, 3 /50 / H K M B Shoppingarcade Five Road	India
S1-452242084	Cornerstone Environmental Brands LLC	4313 Oak Avenue, Springfield, MO	US
S1-605553390	Liberty Metropolitan Navigation LLC	West Norriton Township, 1 Indian Lane, PA	US
S1-483116145	Degner and Nelson Oncology Center	973 Buck Mountain Road, Roan Mountain, TN	US
S1-571269601	Seum Inc	136 Coloma Way, Vallejo, CA	US
S1-399100339	Blue Consultancy Private Limited	25/26, Utopia, Tarabanahalli Chikkajala Post, Bangalore, Karnataka	India
S1-889866951	Fresh Pizza	1213 Toby Street, TX, Alvarado	US
S1-503957501	Automated Industrial Ventures Inc	1061 Americana Lane, Unit 1063, Mesquite, TX	US
S1-306903814	Apex Bay Renewable	3056 Country Club Road, Wadesboro, NC	US
S1-581241928	Catech Vertical LLC	9154 Ocean Highway, Delmar, MD	US
S1-565865937	Midwest Network LLC	81 Park Avenue, Lynn, MA	US
S1-232073030	Super Global Private Limited	Noida, Uttar Pradesh, Gautam Buddha Nagar, 433-D Sector -29 Noida	India
S1-19639793	Farnsworth Optimal Otg Inc	290 409, Cathlamet, WA	US
S1-912124886	Tivoli Controlsprivate Private Limited	E 1001 Rna Grande Chs M G Road Kandivali West, Mumbai, Mumbai City, Maharashtra	India
S1-330573372	Shailaja Infratech Private Limited	H-01 Ward 42, Thana Road, Vijauli, Teh. Singrauli, Singrauli, Madhya Pradesh	India
S1-114023154	Mountain Peak Concepts	1623 Amster Grove Road, Lexington, KY	US
S1-326230315	Sky Builders Private Limited	205, Akash Darshan Appartments, Mayur Vihar Ph-I, Delhi	India
S1-433922342	Clean Layer Private Limited	Vn 2083 Tower H-14 Venezi, Mahagun Moderne Sector 78, Noida, Gautam Buddha Nagar, Uttar Pradesh	India
S1-485052778	Foundation Global India Limited	Plot 61, Lower Ground Floor, Pocket 52 Chittaranjan Park, New Delhi, South Delhi, Delhi	India
S1-113974256	Avneet Infra Ltd	166, Gulalpur Mod, Near, Iocl Petrol Pump, Gotauna, Haider Garh, Barabanki, Uttar Pradesh	India
S1-73360005	Zenith Manasha (India) Public Limited	362-A, Avanashi Road, Near Central Bank Of India, Peelamedu, Coimbatore-, Coimbatore, Tamil Nadu	India
S1-567185397	Buneex	156 402, Unit APT 3, Loose Creek, MO	US
S1-630854534	Ram Impex Private Limited	G-11, Apra North-Ex Plaza, Netaji Subhash Place, Pitampura, Delhi, North West Delhi, Delhi	India
S1-810731056	Proque	1974 Fairground Road, Hays, KS	US
S1-951610005	Trans Dairy Private Limited	Gala No 03 Market Yard Jafferabad Jalna Jafrabad, Jaffrabad, Jalna, Maharashtra	India
S1-812301828	Jaipur Healthcare Pvt. Ltd.	C/O Lal Chand Ashok Kumar H-6, Surajpole Anajmandi, Jaipur, Rajasthan	India
S1-144308016	Atlas Security Inc.	311 Sweet Avenue, Moscow, ID	US
S1-431473663	East Builders Private Limited	14, Ghanshyam Nagar, Near B K Tank Gate, Chakkargadh Road, Amreli, Gujarat	India
S1-898005911	Jaipur Contractors Private Limited	1848, Jaman Bari Ki Gali, Jaipur, Rajasthan	India
S1-737120956	Western Spartacus LP	723 Van Buren Street, Unit Apt 304, Heber Springs, AR	US
S1-204152408	Lyra Commerce	10664 Pampa Avenue, Mesa, AZ	US
S1-602817866	N 4 Trusted Graphics L.L.C.	1737 Old Bloomington Road, Bloomington, TX	US
S1-342072441	United & Co	Flat No:401, Plot No: 529, 530 Tulip Apartment, Sriram Nagar Colony, Kondapur, Hyderabad, Telangana	India
S1-521572329	Fair Nirman Limited	Thadayil (House), Thiruvambady (Po) Ambalappara (Via), Kozhikode, Kerala	India
S1-935453426	Rky Overseas Pvt. Ltd.	Plot No 7973 Tnhb, Chennai, Ayapakkam, Tamil Nadu, Thiruvallur	India
S1-272554638	Feodora Holley Green Catalyst	64 Barbara Jean Street, Grafton, MA	US
S1-614945556	Best Total Smith LLC	9280 Hillside Trail, Cottage Grove, MN	US
S1-131603886	Central Infrastructure Industries	1732 540, Unit 90, St George City, UT	US
S1-212059418	Evangelina's Cargo LLC	15073 Stable Wood Drive, Union, KY	US
S1-708645101	Vision Institute of Technology	Unit 305, Town Centre-2, Andheri-Kurla Road, Andheri (E), Mumbai, Mumbai City, Maharashtra	India
S1-325926616	Ashlee Osman Lab LLC	10812 Gemstone Street, City Of El Paso, TX	US
S1-587039293	Shyam Constructions Limited	Flat No.2 Maya Market, 1St Floor, Parisar, Survey No.111, Kalewadi, Pimpri, Pune, Maharashtra	India
S1-624659321	Secrest Valley Idea Inc	16 Claremont Street, East Hartford, CT	US
S1-950349140	Pru B. Thompson, D.C., P.C.	0, TX, 480 Key Road	US
S1-113766896	Roger & Co	Village Garhi Chaukhandi, Noida Flat No. P-401, Pandet Nomes, Noida, Gautam Buddha Nagar, Uttar Pradesh	India
S1-764512091	Cornerstone Advisors	62 Jarvis Circle, Needham, MA	US
S1-643679196	Routes Technology Pvt. Ltd.	44 Byrathi Village Doddagubbi Post Office, Bangalore, Karnataka	India
S1-881644561	Bangalore South Solutions	Site No.9 First Floor, Pragathi Nagar, Bangalore South, Bangalore, Karnataka	India
S1-931113258	Secunderabad Engineers Private Limited	Plot No.39 & 40, Chittareddy Complex, Chittareddy Colony, Tadbund, Secunderabad, Hyderabad, Telangana	India
S1-783722694	Wildlife Innovative Center	1414 Massengale Street, Pflugerville, TX	US
S1-657107926	Model Foundation Pvt Ltd	7/1A1, Sellammal Towers, Trichy Road, Namakkal, Tamil Nadu	India
S1-241079884	Integrated Vine Inc	424 Logan Street, NC, Burlington	US
S1-556572335	Shiva Edutech Limited	F-7, N.D.S.E, Part-1, New Delhi, Delhi	India
S1-305188593	Lyreon Pyrophyte LLC	3217 Croft Drive, Saint Anthony, MN	US
S1-53302010	K/L Consultants LLC	Enumclaw, 1588 Florence Street, WA	US
S1-883139843	Shree Media Limited	Shop No. 1, Sr. No. 31/5/1, 31/6/22, Favolosa Apartment, Nr Mitcon College, Balewadi, Haveli, Pune, Maharashtra	India
S1-156730835	Nagy Fitness LLC	51 100, Mayfield, UT	US
S1-764751941	Blue Engineering Private Limited	No 167, Nedumaran Street, Janaki Nagar Valasaravakk, Tiruvallur, Tamil Nadu	India
S1-17469197	Star Cloud Dynamics Inc	7933 125th Street, Seattle, WA	US
S1-956370368	Gethers Better Rogers Inc.	2750 Wilson Road, Palmer, TX	US
S1-84164853	Gordon & Burrell Staking	145 Boulevard Street, Lowell, MA	US
S1-73604444	Midwest Lafayette	1954 Cypress Lane, Town Of Strongs Prairie, WI	US
S1-43211670	Sundar Public School	Mumbai, 428 Kalbadevi Road2Nd Floor Abhay House, Mumbai, Maharashtra	India
S1-63283581	Rsk & Brothers LLP	302, Plot No.-11, Versova Kiran Chs Ltd Svp Nagar, Mhada Layout, Andheri West, Mumbai, Mumbai City, Maharashtra	India
S1-729486358	FO India Private Limited	B-72, First Floor Ganesh Nagar, Delhi, North Delhi, Delhi	India
S1-92151619	International Mortgage Works Clinic	58 Mansion Road, Wallingford, CT	US
S1-872632176	Direct Property Corporation	8274 Sebring Court, Fl 0, Severn, MD	US
S1-852840116	Shree Infraprojects Private Limited	T-11, 3Rd, Floor, Maruti Plaza, Sanjay Place, Agra, Uttar Pradesh	India
S1-328304041	Carbon Enterprises Care	94 Panchwati, Udaipur, Rajasthan	India
S1-99536327	Mccoy Ameren of Village Of Thiensville	211 Riverview Drive, Village Of Thiensville, WI	US
S1-532371489	Dowell and Lyon, LLC	1710 10th Street, Mayfield, KY	US
S1-48422409	Sasi Chit Pvt. Ltd.	Uttar Pradesh, Plot No. 67, Bareilly, Mundia Ahmad Nagar Post Rithaura, Behind Trishul Hawai Adda	India
S1-139898330	Srujana Rebar Limited	Ground Floor, Plot Not 49, Sec- 69, Near Moga Colony, Badshahpur, Gurgaon, Haryana	India
S1-95980037	Ram Infotech Limited	2/1-A-9, Geeta Colony, East Delhi, Delhi	India
S1-539953770	Onyx Boston Group	894 Lilac Drive, Oyster Bay, NY	US
S1-60729807	Krome Investors Private Limited	35J, West Bengal, Chanditala Lane, Po - Regent Park, Kolkata, Howrah, Kolkata	India
S1-396676877	Lyndel P. Gutierrez, M.D., M.D., P.C.	22514 Park Road, Tomball, TX	US
S1-297845780	Bay Optimal Communities LLC	173 Main Street, Unit APT 1, Mexico, ME	US
S1-676789114	Pediatric Dentistry Associates Inc	7900 Clinton Avenue, Bloomington, MN	US
S1-980771447	Segura Legacy Summit P.C.	Kansas City, MO, 4305 Norwood Avenue	US
S1-869934321	Adityapur Advisors Private Limited	Cp-3, Sector 8 Imt, Manesar, Haryana	India
S1-157525327	Bright Logistics Private Limited	P No 4 & 5 Fathullaguda Uppal Medchal Malkajgiri, Rangareddy, Telangana, Hyderabad	India
S1-850199420	Regional Optimal Center LLC	19777 76th Street, Unit UNIT 2268, Scottsdale, AZ	US
S1-442873418	Creative Prime Pebblebrook Inc.	305 118th Street, Tacoma, WA	US
S1-573544116	Ss Hospitality Pvt Ltd	C-303, Ramdev Commercial Complex Next To Bank Of India, Dalvi Road, Kandivali West, Maharashtra	India
S1-323065704	Palmer, Lee and Warren PLLC	8420 St Louis Avenue, Unit 2, Skokie, IL	US
S1-491260897	Kanchipuram Shot Partners	Plot No 27B, S.No. 163/18, 2Nd Street, River View Residency, Off Omr, Karapakkam, Kanchipuram, Tamil Nadu	India
S1-291947101	Bureau of Public Works	9886 Prescott Drive, Mohave Valley, AZ	US
S1-513583401	Nessi's Classic Fisheries	211 Zack County Road, Elizabeth City, NC	US
S1-965972760	Piedmont Advanced Eaton Group	3611 Espanola Drive, Dallas, TX	US
S1-710405158	Your Foundation	2432, Ist Floor Barsha Bullah Chawri Bazar, Delhi	India
S1-1194016	Venkateswara Handling	At Post, Sapawada, Near Tubest, Gujarat, Idar, Sabarkantha, Survey No. 544	India
S1-733820262	India Baba Enterprises Private Limited	Bangalore, 6A, Karnataka, 3Rd, Phase Peenya, Industrial Area, Bangalore., Bangalore	India
S1-364136160	New Life Presbyterian Church	730 Tacoma Avenue, Buffalo, NY	US
S1-766437964	Bombay Infrastructure Private Limited	Plot No. 1027 Prempura Queens Road Veshali Nagar, Jaipur, Rajasthan	India
S1-151073508	Cochran & Cowan	4426 187th Street, NE, Omaha	US
S1-372279058	S G & J Interactive	UT, Salt Lake City, 2362 Blaine Avenue	US
S1-82248637	FI Centre LLP	4Th Floor, Jansons Tower, Ac10, 2Nd Avenue, Anna Nagar, Chennai, Tamil Nadu	India
S1-653479339	Lisette Nghiem Super LLC	UT, Magna City, 8706 Beckville Drive	US
S1-40882338	Newman's Pharmaceuticals Inc.	1005 Fleming Lane, Stallings, NC	US
S1-6689477	Tech Bharat Care Private Limited	B-2, Chandralok Apprt, Chowk No 1 Govind Nagar, Maharashtra, Nashik	India
S1-333833047	Rea Murray Southern LLC	5689 Spinnaker Drive, MD, Salisbury	US
S1-96157157	2435 Seventh St Apartments LLC	3254 Ferry Road, Bellbrook, OH	US
S1-183838969	Krishna Products Private Limited	C/O Shri Vilas Vithoba Punde, Nagbhid, Chandrapur, Maharashtra	India
S1-700919560	ZCH Duration	2126 Thomas Avenue, Columbia, TN	US
S1-666502557	Boswell Rapid Rithm LLC	8747 Trailwalk Drive, Unit #203, Hillsboro, OR	US
S1-784601683	Prime Technologies Limited	No:326/7, Thaladath House, Market Road, Chavakkad, Thrissur, Kerala	India
S1-665450693	Ferguson Animal Hospital	2017 Pond Road, Pompey, NY	US
S1-782362946	Keystone Clean Yhn	5700 Pepper Road, Oak Ridge, NC	US
S1-413977468	Ascon Sangh	C/O Mihir Mukherjee Nishchintapur, Mouza Rampurhat, Birbhum, West Bengal	India
S1-226025668	Zhao Wireless Inc	5786 Grandy Road, Brunswick County, VA	US
S1-403314726	Gregg Apex Bancorp	2705 Jordan Drive, Columbus, IN	US
S1-719080391	Pacific Pacific Plus LLC	1217 -204 Gunsmith Court, Virginia Beach City, VA	US
S1-346688402	Dermatology Superior Specialists LLC	7650 Lawrence Avenue, Unit 205, Norridge, IL	US
S1-492887049	Novio Taxable LLC	3803 50, Princeton, IN	US
S1-497063735	Big Infotech Pvt Ltd	Karnataka, Bangalore, F0-02, Fourth Floor, 28/A, 80Ft Rd, Michael Palay, Bangalore North	India
S1-663851426	Interstate Golden Holdco LLC	605 South Street, Leander, Unit 72, TX	US
S1-705399148	Current Group	6-2-P/711 Second Floor, Hyderabad Road, Jangaon, Telangana	India
S1-879001209	Siva Multiservices Limited	12-1-373, Indraprastha Col, Anand Ngr Col.Bandlaguda, Hayathnagar, Hyderabad, Telangana	India
S1-158716148	Jasper Vision Center	44 Talbot Avenue, Unit Unit 1, Beacon, NY	US
S1-920304873	Quartz PLLC	1560 Ellen Court, Unit 4, Merced, CA	US
S1-602570703	2886 First Street Realty Inc	200 Willow Oaks Drive, Elkton Town, VA	US
S1-636370318	Bostick Metro Muniholdings Inc.	1421 Old Apex Road, Cary, NC	US
S1-192769059	Candra Mccutcheon Elite Studios PLLC	405 Green Street, Princeton, KY	US
S1-133949489	Rj International School	216, Wonder Mall, Alwar, Rajasthan	India
S1-862259127	Poplawski Technical	341 Milton Road, Litchfield, CT	US
S1-111567337	Integrated Anchor Portfolio, LLC	295 Morsemere Avenue, Yonkers, NY	US
S1-60329729	Sophisticated Investment Private Limited	2Nd Floor, D.No 173, Chetty Street, Nagercoil, Agastheeswaram, Kanyakumari, Tamil Nadu	India
S1-274967905	Clemons Desert Allocation Inc	22959 Ocelot Road, Los Fresnos, TX	US
S1-673770364	Anubhav India	H-13, Top Floor, South Extension-I, New Delhi, South Delhi, Delhi	India
S1-974067931	Pacific Packaging Brands L.L.C.	212 5th Street, Scott City, KS	US
S1-837542041	Congregation Baptist Church	1521 Memorial Drive, City Of Janesville, WI	US
S1-475383678	Forsythe Silver Imaging Inc	167 Ted Brown Road, Chuckey, TN	US
S1-284272523	New Ventures LLP	T-94A G/F Tugalkabad Extension, Delhi, South Delhi, Delhi	India
S1-918581728	Bolivia Barclays Inc	Bolivia, 1142 Serotina Drive, NC	US
S1-328071336	Rev It Up Yoga	AZ, Sierra Vista, 1888 Chaplain Carter Drive	US
S1-84889306	Future Software Pvt Ltd	19, Veer Savarkar Block, Thikana Building, Vikas Marg, Delhi	India
S1-842933473	BGD Educational Private Limited	276, Rabari Vas, Devdi-1, Devdi, Ta. Daskroi, Ahmedabad, Gujarat	India
S1-337256434	Rev It Up Cleaning Service LLC	15150 Millikan Way, Unit #833, Beaverton, OR	US
S1-374258534	Ziritech, Inc	1317 Jefferis Avenue, Killeen, TX	US
S1-605095385	Sterling	VA, 128 Gardy's Mill Road, Westmoreland County	US
S1-915491018	Inniss Bay Nextera Inc	261 Dune Road, Unit Apartment 40C, Westhampton Beach, NY	US
S1-10181997	Vijay Technology Limited	39, New Street Extn, Chenguttai, Vellore, Tamil Nadu	India
S1-229935982	GQF Bullions Private Limited	Part-Iiird, Block-C, Street-14, House No-780 Second Slope, Sonia Vihar, Delhi, East Delhi, Delhi	India
S1-943198963	Om Business Private Limited	8-3-833/98 Second Floor Phase Iii Kamalapuri Colony, Hyderabad, Telangana	India
S1-378426141	Internal Medicine Health Inc.	1204 Major Street, Unit 2, Normal, IL	US
S1-599134714	Mj Microfinance Private Limited	D.No.12-3-140, South Area, 12Th Block, Macherla, Guntur, Andhra Pradesh	India
S1-291006550	Clyelle Latin	160 Brentwood Drive, Wilmington, NC	US
S1-9153588	Education League	13976 Fox Glove Drive, Moorpark, CA	US
S1-771717314	Bay Online LLC	192 Inlet Valley Way, Ithaca, NY	US
S1-935470562	West Family Practice	1300 Meadowlark Boulevard, Unit APT 27303, Derby, KS	US
S1-939320488	Zenith	1075 Rutland Road, Brooklyn, NY	US
S1-226700227	Trinath Foundation	F.No.7, 2Nd Flr, Shayamla Apt, Opp. Ratna Memorial Hospital, Senapati Bapat Road, Pune, Maharashtra	India
S1-860664110	Rms Solution Private Limited	Plot-141 Opp S T Stand Sai Arcade, Panvel Shop-B-205, Panvel, Raigarh(Mh), Maharashtra	India
S1-400276324	Premier Research Consultants	14 Road 591502, Cleveland, TX	US
S1-357573886	Gujarat Consulting Private Limited	Chennai, Gowrivakkam, Chennai, # Jaihind Apts. Flat No.Ff16 Velachery Main Road, Tamil Nadu	India
S1-998420085	Foods Amn Industries	Kolkata, West Bengal, Kolkata, 26/H/26 Radhamadhav Dutta Garden Lane, Howrah	India
S1-462795874	VY Tech Private Limited	Gat No. 1387, Sanaswadi, Pune, Shirur, Pune, Maharashtra	India
S1-335619739	Kolkata Management Pvt Ltd	1, Lindsay Street 2Nd Floor, Kolkata, Howrah, West Bengal	India
S1-23530309	Farand's Express Diagnostics	488 Meigs Street, Unit Unit 4, Rochester, NY	US
S1-869803823	Red Ice Cream	Nashville, TN, 269 Yelton Court	US
S1-63453972	Signature Vanguard Drilling L.L.C.	5657 Dallas Street, Mesa Falcon Field, AZ	US
S1-97181481	Oncology Harbor Clinic L.L.C.	11604 Old Mill Village Road, Pound Town, VA	US
S1-575292468	L L Mcknight Capital LLC	1001 Griswold Road, Unit 30, Phoenix, AZ	US
S1-834196687	Jay Food Private Limited	1St Floor, Sunriver, Embassy Golf Links Business Park, Off Intermediate Ring Road, Bangalore, Karnataka	India
S1-852694737	Tique	1073 109th Court, Blaine, MN	US
S1-752723427	Tech Builders Private Limited	C-4 B/P 13/265 Janakpuri New Delhi, Delhi, South West Delhi, Delhi	India
S1-822485413	Shades Watches (India) Pvt. Ltd.	H-903 H 9Th Floor, Noida, Uttar Pradesh, Amrapali Princely Estate Noida Sector 76, Gautam Buddha Nagar	India
S1-781466250	Hotel Systems Private Limited	14/3, Mathura Road Faridabad, Faridabad, Haryana	India
S1-940737597	Visakha (India) Services Pvt. Ltd.	Ambala City, 17-P Sector-8, Urban Estate, Ambala, Haryana	India
S1-110743515	Eye Clinic, Inc	809 Woodrow Avenue, MD, Essex	US
S1-142893063	Pbs Advisors	B 2 7 Sai Darshan Society Makarpura Road, Vadodara, Gujarat	India
S1-51753713	Celka's Health	404 Main Street, Youngstown, OH	US
S1-802053031	Damara Wainright Software LLC	6612 Hampton Court, Johnston, IA	US
S1-928458890	MBP Farm Pvt Ltd	Plot No. A-227, Ttc Industrial Area Village Mahape, Navi Mumbai, Maharashtra	India
S1-178594264	Nashik Leisure Pvt. Ltd.	Gat No. -20, Dharamgaon, Taluka- Niphad, Dist- Nashik, Nashik, Maharashtra	India
S1-444637680	Chiropractic Medicine Co	423 Colorado Boulevard, Dallas, TX	US
S1-425263518	Flint	6827 Canterbury Court, Evans, NY	US
S1-802507164	Timber Inc.	5810 64th Street, Sacramento, CA	US
S1-775995809	Phoenix, Patton & Johnson Engineering LLC	16655 Walker Road, Unit #A7, Beaverton, OR	US
S1-439528414	Coastal Fellowship	1220 Ekin Avenue, New Albany, IN	US
S1-638735785	Liberty Fellowship IV	Helena-west Helena, AR, 315 7th Street	US
S1-109395622	Lynskey Preparatory Academy	600 Stratford Lane, Unit Apartment 149, Wallkill, NY	US
S1-594687375	East Management Private Limited	Office No 205, Indira Tower, Opp Prakash, Hardware, Manpada Road, Dombivli East, Kalyan, Thane, Maharashtra	India
S1-722146027	Laxmi Producer	59A-18-10, Plot No.75, Teachers Colony, 3Rd Road, Gurunanak Road, Behind Silver Spoon Rest, Aurant, Vijayawada, Srikakulam, Andhra Pradesh	India
S1-798857186	Azamgarh Fashion Public Limited	C/O, Dev Kalari Anguliapada, Ainthapali, Sambalpur, Orissa	India
S1-256778008	LI Prakashan	Delhi, C-295 Defence Colony, South Delhi, New Delhi	India
S1-294840519	Jhansi Tools Corp	Bangla No 59 Sbi, Sadar Jhansi Sipri Bazar, Jhansi, Uttar Pradesh	India
S1-160794881	HY Homes Group	1109 Indianapolis Avenue, Tulsa, OK	US
S1-813841690	Engineering Shekhar Business Corporation	C/O Gajendra Jha, F.No-102, New Alkapuri Sumati Appartment, Gardanibagh, Patna, Bihar	India
S1-206991008	Evans Alliancebernstein LLC	8785 Stone Fountain Way, Unit 302, Knoxville, TN	US
S1-839353441	Helios, Inc	2960 Park Square Drive, Unit 201, Irving, TX	US
S1-188800555	Grace Synagogue	2508 59th Street, Downers Grove, IL	US
S1-472338023	Ironworkers Union Local No 155 LLC	1645 Dunlap Roddey Road, Rock Hill, SC	US
S1-501997678	Hernandez Technologies Inc.	356 Hayden Road, Longview, TX	US
S1-941845998	Royal Power Limited	B-253, B Block Ist Floor Sec 19, Noida, Gautam Buddha Nagar, Uttar Pradesh	India
S1-58965935	Pediatric Dental Care Inc	4382 Long Street, Sweet Home, OR	US
S1-511763884	Industries Lochan Finance Corporation	House No.374, Sardhana, Meerut, Uttar Pradesh	India
S1-5005981	Smith Silver Freight LLC	93 Pearl Street, Schuylerville, NY	US
S1-411173361	Shivam Impex Private Limited	I/21 Cde, Jbm Building Udumbanoor P.O, Thodupuzha, Idukki, Kerala	India
S1-905847839	New Delhi Mpower Private Limited	No-A-88/7, Second Floor, Right Side Block-A, New Delhi, South West Delhi, Delhi	India
S1-511877050	Umb Buildtech Private Limited	106, Bharat Industrial Estate, Opp. Asian Paints, Lbs Road, Bhandup (West), Mumbai, Mumbai City, Maharashtra	India
S1-716302709	Food Digital Ltd	Office No 403, S No. 38/62, Nr Vasai Janta Bank, Sun Plaza, Navghar Vasai East, Vasai, Thane, Maharashtra	India
S1-813361285	Voorhees Equitable	563 Brookville Road, Brookville, KS	US
S1-301651351	Harbor Alliance	13211 Catharpin Valley Drive, Prince William County, VA	US
S1-728504962	Shivranjani Trust	C-155, Top Floor, Limra, Nest Appartment, Shaheen, New Delhi, South Delhi, Delhi	India
S1-870972756	Britte Dutton Rapid Pennantpark	128 1590, Alba, TX	US
S1-265884188	The Dent Bike Shop	900 Country Club Drive, Quincy, IL	US
S1-276764109	Ambi Sons Pvt Ltd	Ls.No.415, Vill Rajpur, Taluka Kadi, Mehsana, Mahesana, Gujarat	India
S1-6576640	Starlet Sales Pvt Ltd	Haryana, Palwal, 203, Opposit Sallagarh Govt School, Near Mahesh Hospital, Krishna Colony, Faridabad	India
S1-23864141	Keystone Infrastructure Worldwide LLC	18 Oak Manor Way, Sacramento, CA	US
S1-818923279	Continental Premier Excavation, LLC	6400 Greenfield Drive, Unit POND, Paducah, KY	US
S1-479426780	HT Producer	567/1, R.B.C. Road, Nr. Bandhan Marriage Hall, Barrackpur - I, North 24 Parganas, West Bengal	India
S1-22308018	Harrington Acadia LLC	2908 S Fork Drive, Phoenix, AZ	US
S1-462717177	Community Church Care	469 Riley Road, New Windsor, NY	US
S1-795592915	Compass Network	NY, Sandy Creek, 51 Kilts Tract	US
S1-621099769	Saar & Brothers Limited	Ca-191 Salt Lake Calcutta, Sakltlake, North 24 Parganas, West Bengal	India
S1-137272785	Amt Management Private Limited	1/4Ca First Floor Gali No 1 (Old No Rzf-1/3B) Mahavir Enclave Palam, New Delhi, South West Delhi, Delhi	India
S1-11922896	Holy Church	9 6th Street, Bethany Beach, DE	US
S1-79390691	Urology Select Specialists LLC	205-06 Hillside Avenue, Hollis, NY	US
S1-217265022	Arihant Management Private Limited	Sy. No 71/2, Ramanujapur, Shamshabad, Rangareddy, K.V.Rangareddy, Telangana	India
S1-500545518	Ferrelle Entertainment LP	6675 Ray Willey Road, Vidor, TX	US
S1-24644941	Monarch Phoenix	53 Felch Road, Natick, MA	US
S1-575317766	Suman Linings (India) Corporation	Ag-57 Sanjay Gandhi, Transport Nagar Delhi, Delhi, North West Delhi, Delhi	India
S1-590222985	Continental Committee	VA, Gloucester County, 7410 Bridle Path	US
S1-313120523	Cuadra Athene	701 College Street, Lewiston, ME	US
S1-73836886	Senter, Kiessling and Landis Group	15993 Sweet Violet Lane, Prince William County, VA	US
S1-384536175	Unified Medical Global LLC	2296 Ontario Street, Columbus, OH	US
S1-802066128	Dermatology Medicine Inc.	16319 Willway Court, Conroe, TX	US
S1-448938419	Vasp Hospital Limited	Plot No-C-945 Sector-6, Cda, Cuttack, Orissa	India
S1-554410912	Gustafson Wintergreen	4714 63rd Street, Omaha, NE	US
S1-695973476	Kimberlee Boch, DDS	110 Moon Beam Lane, Mena, AR	US
S1-148144526	Prime Impex Private Limited	Unit No-44, No-260, Third Floor Domlur Layout, 2Nd Stage, Bangalore, Karnataka	India
S1-976634255	Scholarship Trust	100 Brookline Avenue, Albany, NY	US
S1-375601188	Bangalore (india) Corporation	346/1B, Block 28, Jakkur Plantation Yela, Bangalore, Karnataka	India
S1-600985551	Tasoft LLC	14603 Underwood Creek Way, Houston, TX	US
S1-636118675	VIY Great Inc	23134 Meadow Wood Court, Unit 620, Seaford, DE	US
S1-199464527	LJ Energy	901 Main Street, Hardin, IL	US
S1-109944498	North Investment Private Limited	Tamil Nadu, Tiruvallur, R.R Palayam, No 81, Ponneri	India
S1-763179636	Jain Hospitality Pvt Ltd	No. 748/18 (B), 2Nd Floor, 8Th Main Road Near Panchamukhi Temple, Mahalakshmi Lay, Out, Bangalore, Karnataka	India
S1-640244142	Piedmont Charities	8200 Atherton Street, Arlington, TX	US
S1-885394351	Griffin, Larsen and Knitter Hudson LLC	KS, 480 Mccall Road, Manhattan	US
S1-968004395	Doex LLC	Unit 138, WA, Kelso, 114 Corduroy Road	US
S1-766105338	San Welfare Society	7/142, C/O Sunaja V R, Padasalai Street, Mullikolathur, Thirukazhikundram, Chengalpattu, Kancheepuram, Tamil Nadu	India
S1-351694977	Brown Pharmaceuticals LLC	AL, 2104 160, Hayden	US
S1-609698493	Parsons, Cameron and Smith Plus PLLC	834 Bauer Road, Naperville, IL	US
S1-777382001	Biex PC	Kokomo, 2088 Maple Leaf Drive, IN	US
S1-290906735	Faith's Keystone Development	1451 Ping Court, Auburn, AL	US
S1-134746441	Rev It Up Nails	709 S 3rd St, Unit 915, Louisville, KY	US
S1-731030420	Rohini Realheights Private Limited	71, Block & Pocket C-12, Sector-3, Rohini, West Delhi, Delhi	India
S1-509798276	Freeney, Lozano and Taylor Solution LLC	6784 Winrock Drive, Bldg 2, New Albany, OH	US
S1-230903431	Foot & Ankle Physicians LLC	2607 Winnemac Avenue, Chicago, IL	US
S1-215688267	Poonamallee Consulting Pvt Ltd	D. No 9/132, Kundrathur Main Road, Poonamallee, Tiruvallur, Tamil Nadu	India
S1-960681558	Young Animal Hospital	1621 Culiacan, Los Lunas, NM	US
S1-624692149	New Sangh	H. No. 72/B, Opp Bhavani Medical Hall Vengal Rao Nagar, Sr Nagar, Hyderabad, Telangana	India
S1-317539737	Pediatric Dental Medicine L.L.C.	AL, Eva, 348 Mobley Road	US
S1-71112458	Southern Global Private Limited	Flat No 32, Wing B, Plot, No.7A, Ram Nagar Colony, Pune City, Pune, Maharashtra	India
S1-632251712	Seven Food	C/Omd.Shamim, Khasra No-, 1093, W/N.11/8, Supaul, Supaul, Saharsa, Bihar	India
S1-199764597	Seline's Patriot Grading	3030 O Street, Washington, DC	US
S1-860220452	RWX Laxmi Pvt Ltd	Uluberia - Ii, 53/14, Ground Floor, Bon Behari Bose Road, P.O. And P.S. Howrah, Hmc Ward No 029, West Bengal, Howrah	India
S1-160016006	Legacy Platinum Applied Inc	14016 Sheridan Trail, Homer Glen, IL	US
S1-874883526	Global League	Gary, 2359 Colfax Street, IN	US
S1-892659756	Orthopedic Federal Medicine, LLC	44 Palma Circle, Austin, TX	US
S1-299696801	LYH Finance Private Limited	1/405 Millenium Apartments, Dwaraka Sector-9, New Delhi, Delhi	India
S1-110625045	Smithtown Literacy Delta Guild LLC	149 Summit Drive, Smithtown, NY	US
S1-811746672	Alfi Faust Prairie Live LLC	8122 Grand Parkway, Richmond, TX	US
S1-416113064	International Sai Industries	Flat# 101, A Block, Rt Rayappas, Smr Vinay Cascade, Jagadishnagar, Bangalore North, Bangalore, Karnataka	India
S1-906238852	Gasasoft Care	6517 Walnut Grove Road, Washington County, VA	US
S1-104562954	Mason Midwest Biologics	357 Garfield Street, Lombard, IL	US
S1-436087957	Red Construction Private Limited	14Th Main, 4Th A Cross, 3Rd Block, Karnataka, Bangalore, No.469, Bangalore South	India
S1-384506234	Livaex Group	1776 6, Carmel, NY	US
S1-184726226	Seven Smart Infrastructure	31/969 S/F Dda Flats, Madangir, New Delhi, South Delhi, Delhi	India
S1-502485259	Tierra Traders Limited	Som Santi House152-Patparganj Industrial Estate, New Delhi, East Delhi, Delhi	India
S1-323536665	Miranda Quantum Associates	County, Unit 1, 3400 Greeley Highway, WY	US
S1-837899366	Advanced Investment Holdings	1480 Willow Creek Road, Corvallis, MT	US
S1-729604593	Tcm Investments Private Limited	99, Cross St 3, Minor Ramanathan Nagar, Dharapuram, Erode, Tamil Nadu	India
S1-130703062	Physical Therapy Crystal Clinic LLC	102 3rd Avenue, Bowman, ND	US
S1-723887915	Walton Specialists LLC	1743 Northwood Drive, Phoenix, AZ	US
S1-152700487	Associated Constructions Private Limited	Tc 42/192(2), Valia Veedu, Mukkolackal, Sreevaraham, Manacaud.P.O, Thiruvananthapuram, Trivandrum, Kerala	India
S1-957408083	Rumsey Direct Inc	4491 Romero Circle, Prescott Valley, AZ	US
S1-968583724	Liberty Biotherapeutics Inc.	20 Evergreen Lane, Trumbull, CT	US
S1-644111188	Johnson Desert Trading Associates	212-40 Hillside Avenue, Queens Village, NY	US
S1-324791688	Apodaca Reliable Spac	9190 Cherry Blossom Lane, Cincinnati, OH	US
S1-850812036	Torres Regional Gen	14940 Voltaire Street, Surprise, AZ	US
S1-799719558	Select Diamond Pimco	11 Hobbs Court, Unit 1, Arlington, MA	US
S1-545924630	Maa Enterprises Limited	C/O Janani G, Sm Buidling, Kallickad, Karthikappally, Alappuzha, Kerala	India
S1-377355850	Preferred Textile Advisors Co	319 1st Street, Wellston, OH	US
S1-436164386	Simmonds Royal Crane PC	248 Wisdom Street, Bethel Springs, TN	US
S1-462618052	Christ Methodist Church Inc.	29 Leland Avenue, Leominster, MA	US
S1-102303686	Taurus Trading Private Limited	Patan, Gujarat, Patan, Shop No. 22, Devdarshan Complex	India
S1-66091908	West Multimedia Inc	63685 Ob Riley Road, Bend, OR	US
S1-878354329	Guru Food Limited	Ajmer, C/O Nita Chouhan Khasra No. 654, Village Nedlia Kaanas Pisangan, Tehsil Pushkar, Rajasthan, Pushkar	India
S1-98129833	Om Indian Industries LLP	403, Diamond Plaza, 391, Dr D B Marg, Lamington Road, Mumbai, Mumbai City, Maharashtra	India
S1-899172866	Chiropractic Partners Inc	2183 Finley Road, Unit 1505, Lombard, IL	US
S1-424812889	Ontime & Brothers Private Limited	484, G. Floor, Haveli Haider Quili, Chandni Chowk, Delhi, North Delhi, Delhi	India
S1-431208146	Faridabad Consulting Private Limited	2192, Sector-49, Sainik Colony, Faridabad, Haryana	India
S1-477975475	Lynx LLC	12672 125, Hamilton, NC	US
S1-515952016	Beard & Crawford Entergy	Prosper, TX, 901 Wind Brook Lane	US
S1-92668726	Nix Grifols	783 Wild Cherry Lane, Carroll County, VA	US
S1-471181452	Surya Bullions Private Limited	Apartment No 17085, 17Th Block, 8Th Floor, Prestige Shanthiniketan, Whitefield Road, Bangalore, Karnataka	India
S1-573099358	Hearth Agro (India) Private Limited	Near I.T.I. College J.R. Birla Road, Satna, Madhya Pradesh	India
S1-961884946	Premier Payroll Consultants LLC	20 Joel Rd Road, Ranchos De Taos, NM	US
S1-822791793	Fire Finance Ltd	Vadodara, Ist & 3Rd Floor Vismay Complex Nr Gipcl Circle Sama, Gujarat	India
S1-25640523	East Developers Private Limited	Revenyu Survey No. 257, Plot No. 6 Sub Plot No. 9, Jain Steel Road, Rajkot, Gujarat	India
S1-947964626	Munro and Charron Royalty Inc	10903 Hoyne Avenue, Chicago, IL	US
S1-604968269	Vision Clinic	1914 35th Street, Temple, TX	US
S1-664549092	Womens Health Precision Group PLLC	8420 Grossnickle Court, MD, Walkersville	US
S1-661535896	Jabalpur Impex Pvt Ltd	Jabalpur, 90 Adarsh Nagar, Narmada Road, Madhya Pradesh, Jabalpur	India
S1-664908224	Psd (india) Private Limited	Anandi Lane, At - Pam Boisar West, Nawapur, Palghar, Thane, Maharashtra	India
S1-777719794	Kunal Sai Private Limited	1 -Jani Chawl Navpada Marolnaka Andheri Kurla Road Andheri (East), Mumbai, Maharashtra, Mumbai	India
S1-544994873	Ridge League	2142 Blackrock Avenue, Bronx, NY	US
S1-889904524	Candace King Chesapeake	81 Linden Avenue, Unit Unit 808, Brighton, NY	US
S1-953095534	Johnson & Murphy LLC	10073 307th Avenue, North Plains, OR	US
S1-245969003	Parallel & Partners Corporation	Ekta Nagar, Aahimamau, Lucknow, Uttar Pradesh	India
S1-206086768	Vancouver Scholarship Coastal Project P.C.	5810 150th Street, Vancouver, WA	US
S1-868677535	Olivo Unified Social, Inc.	WA, Lakewood, Unit #206, 4701 109th Street	US
S1-533617500	Surgical Clinic LLC	109 Club Centre Court, Unit 9, Edwardsville, IL	US
S1-458106003	Great Prime Canada LLC	885 Halidon Way, Unit 722, Folsom, CA	US
S1-880448766	Blue Medical Centre	C-2/19, Second Floor, Raju Park Devli Road, Khanpur, Masjid, New Delhi, Delhi	India
S1-113353587	Business Digital Concepts	1 Potawatomie Trail, Indian Head Park, IL	US
S1-806911662	Royal Silver Engineering Private Limited	C/O Ankit Kumar, West Of Nmch Kankarbagh Main Road, Infront Of Rail Vihar Bahadurpur, Phulwari, Patna, Bihar	India
S1-751483620	Future Services Private Limited	H No - 902/1, Vivare Bk Tal-Raver, Jalgaon, Maharashtra	India
S1-123885966	Lang Modern Artificial LLC	1310 2nd Street, Babylon, NY	US
S1-729862069	Rock Educational Society	New Delhi, Delhi, West Delhi, Village Ashok Mohalla, Bhooton Wali Gali, 103	India
S1-963546066	Kelly and Fimbres LLC	6694 Whitewood Street, Simi Valley, CA	US
S1-690877976	H 3 Direct Aberdeen LLC	16320 Ranchero Road, Hesperia, CA	US
S1-899986245	Krishna Builders Private Limited	M30 Third Floor, New Delhi, South Delhi, Delhi	India
S1-639093229	Womens Health Clinic LLC	Upper Frederick Township, PA, 351 Fagleysville Road	US
S1-843226167	Busick Charter School	447 St Rte 140, Portsmouth, OH	US
S1-72524205	Arun Public School Co	Door No: 33/3384D, Survey No: 158/2 Arakkakadavu - Alinchuvadu Road Corner, V, Ennala P O, Kochi, Ernakulam, Kerala	India
S1-405798448	Miller Ganj G.T. Road Travels Pvt Ltd	B-16/17, Miller Ganj G.T. Road, Ludhiana, Punjab	India
S1-523267697	Tigard Surgical Capital Partners LLC	11860 Morning Hill Drive, Tigard, OR	US
S1-101627374	Tiphani Mejia, DMD	12 Main Street, Unit Suite A, Hamburg, NY	US
S1-223255290	Papadopoulos Creative Emera LLC	N63W29790 Woodfield Court, Town Of Merton, WI	US
S1-244982929	Frost Silver Hologram Inc	4541 Brenneman Church Road, Rockingham County, VA	US
S1-124197173	Chiropractic Care Associates LLC	19110 Packerton Court, Houston, TX	US
S1-451837473	Alvarado, Bobbe, CPA	14616 Crossway Road, Rockville, MD	US
S1-34424195	Continental Quality Resorts PC	4009 Baywood Circle, Erlanger, KY	US
S1-291862973	Precision Financial Group	12210 Sand Lake Road, Lake Park, MN	US
S1-81161093	LCM India Private Limited	Palashpall, Khordha, Orissa, Bhubaneswar, C-59 Bda Dulpex	India
S1-675165621	Shree Homes Co	2Nd Floor, New No. 197, Old No. 462, Gandhipuram 1St Street, Coimbatore, Tamil Nadu	India
S1-413878302	Pioneer Infrastructure Pvt Ltd	E-41, Ground Floor Sector-22, Noida, Gautam Buddha Nagar, Uttar Pradesh	India
S1-719817204	Mountain Guild	444 Springview Drive, Highlandville, MO	US
S1-511262674	Consultants Mep Pvt Ltd	M-5 C-2 Mahaveer Bhawan Karampura Commercial Complex Centre, New Delhi, West Delhi, Delhi	India
S1-662998007	Capital Internet LLC	10711 Deshane Pl, Louisville, KY	US
S1-481771486	Gurukrupa & Associates	Imz Plaza, Dollars Colony Gokul Road, Hubli, Dharwad, Dharwar, Karnataka	India
S1-676799257	NQ Imaging LLC	540 Cathy Court, Lusby, MD	US
S1-853798030	Tompkins Bread LLC	6409 Cherry Street, Vancouver, WA	US
S1-891017306	British Fantasy	Delhi, Ist Floor, Derawal Nagar, B-216, North East	India
S1-130660279	Solan Opendoor LLC	35282 Wild Goose Landing, Selbyville, DE	US
S1-798333839	XH Harbor Ithax Inc	173 Carlisle Way, Benicia, CA	US
S1-102670256	Quantus Fisheries PLLC	7249 Sunswept Drive, Leander, TX	US
S1-90181809	Cox's United Vision Center	105 Edgemere Drive, Southampton, NY	US
S1-518227259	Big Projects Pvt Ltd	#75, 3Rd Floor, 4Th Main Road, Hoysala Nagar, Ramamurthy Nagar, Bangalore, Karnataka	India
S1-986781030	Corner Bakery	2112 Whitekirk Lane, Yorkville, IL	US
S1-778733211	Pediatric Health LLC	22 Summit Pass, Galena, IL	US
S1-957488593	Bengaluru Info Ltd	No J 339, Bangalore, Near Telephone Exchange Vasanthanagara, Hesaraghatta, Karnataka, Bengaluru	India
S1-498470206	Urban Coffee	4883 Elks Drive, Columbus, OH	US
S1-490247353	Zique Inc	4425 Summit Ridge Drive, Dayton, OH	US
S1-966477054	Urban Energy LLP	A 1/10, Dada Nagar, Kanpur Nagar, Dada Nagar, Uttar Pradesh	India
S1-704338524	Harkey News Inc	301 Bering Street, Village Of Milltown, WI	US
S1-631164920	All Exports Private Limited	3Rd Floor, Chromium Building, Near, L&T Junction, Milind Nagar, Powai, Mumbai, Maharashtra	India
S1-26523833	First Projects Private Limited	No. 185/7, Ground Floor, Chandra Plaza, 25Th Cross, 8Th F Main, 3Rd Block, Jayanagar, Bangalore South, Bangalore, Karnataka	India
S1-207943336	Youth Federation Clinic	34835 80th Way, AZ, Fl 1, Scottsdale	US
S1-754875457	Miller Praetorian LLC	301 Main Street, Security-widefield, CO	US
S1-346721247	Ujjansh Resources Group	Flat No - 1101 Vista A Wing Shirdhon, Taloja Bypass Road, Kalyan, Thane, Maharashtra	India
S1-451018669	Guidi, Edwards and Olson LLC	1273 Brister Drive, Murray, UT	US
S1-730238579	Kipp H. Landa, Ph.D., PC	153 High Street, Senecaville, OH	US
S1-163842153	North Properties Pvt Ltd	Flat-1 Agroli Ges, Belapur, Maharashtra, Thane, Navimumbai, Plot No. B-37	India
S1-495100327	Super Producer Private Limited	507, Floor-5Th Floor, Plot-Cs 1487, Prasad Chamber, Tata Rd No2, Roxy Cinema, Mumbai, Mumbai City, Maharashtra	India
S1-461739450	Lakshmi Healthcare Private Limited	Sreerangamtempleroad, Aluva, Ernakulam, Kerala	India
S1-27952195	Princess Plantations	Rajasthan, Plot No 20, Rishi Colony, Near Gandhi Nagar Railway Station, Tonk P, Ii Floor, Hatak, Jaipur	India
S1-759726523	Palladam Agro LLP	48 Friends Colony, New Delhi, South Delhi, Delhi	India
S1-325467721	Reilly Eye Care Inc	11213 Shoreline Drive, City Of El Paso, TX	US
S1-355150131	Rivera Canada Inc.	212 Brenda Lane, Fl 1, MO, Columbia	US
S1-305225305	Anchor Aerospace Labs Inc	Kent, WA, 4222 216th Place	US
S1-672532212	Shakti Consultants Corp	379/8, Kerala Villas Palace, Chirangara, Mukundapuram, Mukundapuram, Thrissur, Kerala	India
S1-845962668	Technovision Educational Society	Maharashtra, Vasai, D Wing, Flat No. 201, Rose Building, Anchor Park, Behind Achole Talav, Vasai East, Palghar, Thane	India
S1-467673009	Continental Corporation	MD, 7501 Brushfield Court, Rosedale, Unit APARTMENT E	US
S1-58242382	Digital Hari Exports Pvt Ltd	Opp. To Richmondd Convent School, Manwal Bagh, Pathankot, Gurdaspur, Punjab	India
S1-982985240	Nexance Sachem LLC	618 Lehigh Road, Unit APT S10, Newark, DE	US
S1-325953783	Kial's Frontier Dental LLC	94 Baxter Road, Barnstable, MA	US
S1-152654366	Aguilar Cornerstone Aria Company	10781 Cedar Ridge Lane, Indianapolis, IN	US
S1-816709623	Y 7 Royal Apparel LLC	1146 Sandi Drive, Layton, UT	US
S1-233991403	Burdwan Advisors	Hyderabad-35., Plot.No.65, Road No.10Venkateshwara Colony Saroornagar, Andhra Pradesh, 5-48/2, Telangana	India
S1-193060043	Arihant Logistics LLP	Mumbai, 318 3Rd Floor Anant-Deep Chambers, 273-77 Narshi Natha Street Masjid Bunder, Maharashtra, Mumbai	India
S1-867309783	Department of Parks and Recreation	601 Gold Street, Raton, NM	US
S1-872261706	Moroz Select Pipeline	3926 Sunnycrest Lane, Charlotte, NC	US
S1-724450899	American Society LP	Cleveland, 19302 Mohawk Avenue, OH	US
S1-584238490	Earls Silver Prudential Inc.	1 Gay Drive, Newport News City, VA	US
S1-369052718	Solutions Rds Infosystems Pvt. Ltd.	Development Society Delhi Road Near Dic Office, Saharanpur, Uttar Pradesh	India
S1-205701906	Udaipur Recycling Limited	88, Madhufala, Char Charas Road Dabok, Udaipur, Rajasthan	India
S1-150590818	Green, Clarisse, DMD	1800 Baity Hill Drive, Unit PK909, Chapel Hill, NC	US
S1-590682647	Hanley Institute of Technology	2545 Bill Bone Drive, IA, Oskaloosa	US
S1-781553041	Bombay Producer Private Limited	C/O Devinder Singh, Village Neelpur Tehsil Rajpura, Patiala, Punjab	India
S1-997998923	CLE Realbuild Private Limited	Pmc Meditation Hall, Survey No. 72, Shravasti Nagar, Rajmata Krida Sankul, Ghorpadi Ga, On, Pune, Maharashtra	India
S1-976431946	Complete Engineering Studios	4348 Grand Avenue, Chicago, IL	US
S1-463801084	Rithani (india) Private Limited	Rajkamal Arcade, 1St Floor Kiran Building, Delhi Road, Rithani, Meerut, Uttar Pradesh	India
S1-165300031	Bavue	320 Houston Street, Port Isabel, TX	US
S1-177606997	Ace Builders Limited	Haryana, Bhondsi, Gurgaon, Tower F, Shree Vardhman Mantra, Sector-67, Gurugram, F-101	India
S1-447064108	Plant Nursing Home	11, India Exchange Place 1St Floor, Kolkata, Howrah, West Bengal	India
S1-501568304	Jesselyn Bernardo Gulf Biracilik LLC	Humble, TX, 14923 Sweetgum Drive	US
S1-100952859	Pioneer Harmony LLC	10140 Pepper Tree Lane, Noblesville, IN	US
S1-407890999	Cardoso Cal, Corp	142 Fitzgerald Road, Jackson, TN	US
S1-808011494	The Dent Coffee Inc	20 Mcdonald Road, Bellmont, NY	US
S1-800049647	Jessup & Dye Group	993 Tile Mill Road, Beaver, OH	US
S1-273541462	Mona Girard Cap LLC	3728 Round Hill Avenue, Roanoke City, VA	US
S1-847591332	Heritage Computers (India) Private Limited	P.No.14, H.No.611, Ward No.3, Gajanannagar Nrprince Barshop, Ic Chowkhingna Roadmidc, Nagpur, Maharashtra	India
S1-681836576	Shakti Laxmi Consultants Pvt Ltd	388 C, Delhi, New Delhi, North Delhi, Pkt-2 Mayur Vihar-1	India
S1-655036968	Zajac, Frey and Mueller Fidelity PC	380 Edgehaven Drive, Baton Rouge, LA	US
S1-497414710	Brighteon Ethereum LLC	1623 T, Birmingham, AL	US
S1-2205757	Corporate International School	9, East Road Jadavpur, Kolkata, Kolkata, Howrah, West Bengal	India
S1-60895704	A Fresh Affiliated LLC	Bedford, MA, 23 Jeffrey Circle	US
S1-119550440	Building Manufacturing Private Limited	C/O Vivek Tiwari, Hn 817, Wn 39, Chetgiri Colony, Chhatarpur, Madhya Pradesh	India
S1-840009026	Mitchell & Greenwalt Utility	418 Little Brook Way, Columbus, OH	US
S1-678651113	Soto Prairie Flagstar	1021 Custom Oak Lane, Fuquay-varina, NC	US
S1-687792265	Platinum Packaging Union	1002 Bailey Avenue, Unit 1002, Matador, TX	US
S1-304921731	Vision Medicine Ltd	15331 Ashland Drive, Brook Park, OH	US
S1-552740313	Birch	16 Juniper Avenue, Mineola, NY	US
S1-658462065	Shiv Consulting Private Limited	C/O Subhash Sakharam Landkar Tgat No. 30, Kolhi Shivaar, Malegaon, Washim, Maharashtra	India
S1-343314713	Lotus Logistics Private Limited	Property No. O-47/A, Ugf, O-Extn Geeta Enclave, Vani Vihar, Uttam Nagar, New Delhi, Delhi	India
S1-275646661	Isa Ristow Interstate Financial LLC	150 Flagstone Drive, Jackson, TN	US
S1-588057317	Gen Bhosale Marg Care Private Limited	Gen Bhosale Marg, Mumbai, Maharashtra, Flat No 7 1St Floor Horizon View, Opp V. B Chauvan Centre	India
S1-211144640	Odette Russell Bright Farms Inc	8204 95th Street, Vancouver, WA	US
S1-80507041	Pinnacle Marketingprivate Private Limited	C/O Shri Devidas Namdeo K, S.Raja, Hiwara Gadling, Sindkhed Raja, Buldhana, Maharashtra	India
S1-179958890	CC Solutions LLP	D-37, Gulmohar Park, New Delhi, Delhi	India
S1-844546758	Kaylee's Complete Marketing, LLC	7412 Chardon Court, Prince William County, VA	US
S1-107266813	United Swastik Engineering Private Limited	H.No.8-2-293/82/A/806/1, Axis Towers, 2Nd Floor, Road No.36, Shaikpet, Hyderabad, Telangana	India
S1-192152468	Urology Partners	7 Far View Hills Road, Brighton, NY	US
S1-278832153	Brown Living Inc	5939 Conkright Lane, West Lafayette, IN	US
S1-73011217	High Machinery Pvt Ltd	B-81, Keshav Hsg. Complex, Sn.37/2, Dhankwadi, Pune, Maharashtra	India
S1-836659602	Hanner Clean Spdr	210 First Street, Trenton, OH	US
S1-145025455	Mcfarland Endocrinology	121 Deer Run Road, Red Hook, NY	US
S1-444259359	Lawson, Winnie, DDS	1086 Covington Drive, Lemont, IL	US
S1-437121437	Silver Pilates	339 Monroe Avenue, Kansas City, MO	US
S1-15280189	Integrated Printing Digital	650 Waco Road, Lynnville, TN	US
S1-144071183	Latrena Carroll Piedmont Entergy P.C.	3753 Montgomery Street, Hobart, IN	US
S1-771906567	Ganet Capital Madison Associates	305 Houston Street, Unit 166, Royse City, TX	US
S1-796466972	Carol Viera, O.D., P.C.	1160 14th Place, Des Moines, IA	US
S1-560636623	Jb Law Chambers Private Limited	7-14/A/902, Hallmark Vicinia, Narsingi, Rangareddy, Telangana	India
S1-30610471	Silver Diner!	NC, 719 Harrells Siding Road, Kelford	US
S1-308594033	Patodia Foundation Clinic	126 Ganga Nagar Pac Mod Shyam Nagar, Kanpur, Uttar Pradesh	India
S1-634351088	Highland Spac, LLC	13239 Hidcote Court, Huntersville, NC	US
S1-352302916	Vogel, Overturf and Rice LLC	DE, 1424 Starcatcher Drive, Middletown	US
S1-782077007	Red Tattoo	71112 4637 Road, Proctor, OK	US
S1-615120827	VTN Best Analytics LLC	1021 Summer Creste Drive, Indian Trail, NC	US
S1-949006708	Coimbatore Dt Exports Company	42 F Masque Streetkhaderpet Tirupur, Coimbatore Dt, Tamil Nadu	India
S1-880579777	First Smart Renaissancere LLC	Dardanelle, AR, 10255 Jones Mountain Road	US
S1-127811302	Barnett Global Resource LLC	13015 Astalot Drive, Huntsville, AL	US
S1-696468347	Midwest Lightwave Inc	6429 Reed College Place, Portland, OR	US
S1-991766982	Battersby Etf Inc.	27312 135th Avenue, Kent, WA	US
S1-588747892	Dhanam Retreat Private Limited	Sr No 269/16, Behind, Indralok - B, Laxminagar, Pune City, Pune, Maharashtra	India
S1-192162271	Santhoshi Technologies Private Limited	Flat No. 1006, Block-B, Twin Tower, Omaxe Royal Residency, Pakhowal Road, Ludhiana, Punjab	India
S1-775421776	Premier Media Corporation	70985 Holmes Road, OR, Sisters	US
S1-592618912	Kumar & Sons Private Limited	2Nd Floor, B 28, Delhi, Maurya Complex Subhash Chowk, Laxmi Nagar	India
S1-467995757	Hello Flour Pvt Ltd	216, Madhupura Vepar Bhavan, Near Ganj Bazar, Madhupura., Ahmedabad, Gujarat	India
S1-950946965	Express Biotherapeutics, Inc	18 Champa Street, Newton, MA	US
S1-805802460	10 15 Clean	4407 Oakhollow Drive, Unit APT 138, Sacramento, CA	US
S1-975554270	Xenia Ryan Republic LLC	3110 Delia Lane, Huntsville, AL	US
S1-848658678	One Infrastructure Private Limited	2602, Parinee I, 7-A Shah Industrial Estate, Andheri West, Mumbai, Maharashtra	India
S1-302489373	Hashmi, Clotilda W., MD, DDS PC	7813 Shady Banks Terrace, Chesterfield County, VA	US
S1-390011250	Heritage Capital Chemical LLC	910 15th Street, Kenova, WV	US
S1-953095699	City Of Abbotsford Secure Bny	120 Elm Street, City Of Abbotsford, WI	US
S1-487364089	Dental Medicine Inc	2301 Mcdonald Road, Tyler, TX	US
S1-291816410	Christensen Acquisitions LLC	Chicago, 66 114th Place, IL	US
S1-207609904	Sun Infra Private Limited	E 303, Spring Avenue Co- Operative Housing Society, Manvel Pada Road, Virar - East, Thane, Maharashtra	India
S1-633460737	Cook & Madera Sunstone Corp	745 2nd Avenue, Okanogan, WA	US
S1-561651259	Housing Alliance V	32 Potomac Street, Rochester, NY	US
S1-198701572	Stag LLC	1107 Rocky Ridge Road, Cedar Falls, IA	US
S1-114683185	Wixom and Garcia LLC	18011 Brookings Drive, Houston, TX	US
S1-907645993	Peterson Canada of Fairfax County	6750 Jade Post Lane, Fairfax County, VA	US
S1-682804032	Gulf Enterprises, LLC	1185 Madden Road, Granville, WV	US
S1-158211447	Kolkata Trading Company	23A Netaji Subhash Road 8Th Floor Room No. 6A, Kolkata, Calcutta, West Bengal	India
S1-442711153	V 7 N Beauty Inc.	3000 Larry Noland Road, Cottondale, AL	US
S1-948451157	Tietz, Daryl K., DDS	2114 Steele Street, Tacoma, WA	US
S1-884383105	Pediatric Dental Dynamic Associates LLC	1030 Derry Lane, Unit 34, Macomb, IL	US
S1-706963756	High Hitech Consulting	304, Rituraj Chambers, Swastik Society, C.G. Road, Ahmedabad, Gujarat	India
S1-709613369	Mahakaushal Steels Limited	Plot No 58, 59, 60 & 60B, Visat Industrial Society, Ved Road, Surat City, Surat, Gujarat	India
S1-812471256	York Packaging LLC	164 Willington Hill Road, Willington, CT	US
S1-349082113	Orbari Furniture PC	1989 Grant Avenue, Unit A6, Ogden City, UT	US
S1-494006224	Georgeta Wedgeworth, Ph.D. LLC	18778 126, Goshen, IN	US
S1-718266647	Weber Xrp LLC	1808 Westchester Avenue, Catonsville, MD	US
S1-603547695	Mahisagar Constructions Pvt Ltd	Kota, Flat No 304, Kota, Sanrachna Avenue Nayapura, Near G.P.O., Rajasthan	India
S1-59641922	East Foundation	10/178, Moosarikunnel Thellakom P O, Kottayam, Kerala	India
S1-685373738	Sypher Homes Limited	P.T. 402, Matrusri Nagar, Chanda Nagar, Serilingampally, K.V.Rangareddy, Telangana	India
S1-859877187	Lucknow Securities	2/382, Vishal Khand, Lucknow, Uttar Pradesh	India
S1-717217817	Sterling Audio Installation LLC	7 Hill Drive, Fairview Heights, IL	US
S1-45241257	Supreme Foundation Limited	Oswal 3, Street No. 2, Near Gokul Pan, Jamnagar, Gujarat	India
S1-167375134	I 9 Golden Wintergreen LLC	614 5th Avenue, Altoona, PA	US
S1-24489461	Basalt LLC	1 Brett Court, Unit APARTMENT 110, Essex, MD	US
S1-213974296	Haryali & Sons Pvt. Ltd.	1/599, Gopi Colony, Old Fbd, Faridabad, Haryana	India
S1-762443863	Franchi & Sohail Cayson	636 300, Unit 615, Salt Lake City, UT	US
S1-521103908	Urgent Care Associates, Inc	Village Of Holmen, WI, 663 Gregory Street	US
S1-259194573	Custom Semiconductor Studios	1457 Z, Chamois, MO	US
S1-139561492	Bolton Efes LLC	Concord, 10207 Technology Drive, TN, Unit 102	US
S1-54061303	First Vanguard Electronics LLC	Amherstdale, 193 Kelly Mountain Road, WV	US
S1-291963455	Strategic Nutrition Brands LLC	1628 Estes Drive, Rock Hill, SC	US
S1-911472207	Kalathode Nirman Pvt. Ltd.	Door No.19/46/07, 4J Arcade, Kalathode, Thrissur, Kerala	India
S1-965794417	Vereen Platinum LLC	IN, 2724 175, Winamac	US
S1-646564532	Finex Vastu LLP	D 502 Samved Green Valley, Nr Akshat Icon, Sargasan, Gandhinagar, Gandhinagar, Gandhi Nagar, Gujarat	India
S1-616566605	Sai Consultancy LLP	116, B Block, Armsburg, Myspace, Pipeline Road, Tirumalagiri, Hyderabad, Telangana	India
S1-882071252	A Cure 5 You Inc	4791 Soho Lane, Fl 1, Chandler, AZ	US
S1-681795953	Reyes Plumbing Associates	619 High Street, Bath, ME	US
S1-974939808	Infrastructure Saharanpur Purchase Pvt Ltd	C/O Habibullah, H V House, Bismil Lanenagar 10 Park Road Gkp, Gorakhpur, Uttar Pradesh	India
S1-608208941	North Foods Private Limited	Flat No.1, Top Floor, Lalitha Krishna Apartments 2, Giri Road, T.Nagar, Chennai, Tamil Nadu	India
S1-690134472	Agro Malti Softtech	Shed No. M-29, Baikampady Industrial Estate, Mangalore, Dakshina Kannada, Karnataka	India
S1-194961758	Ibrahim (India) Avenues Corporation	E-603, Ba Vermont Baif Road, Wagholi, Pune, Maharashtra	India
S1-126264751	A Cure 9 You	2804 Ewing Bend Drive, Bowling Green, KY	US
S1-632476086	Solutions Arihant Care Private Limited	301/302, Mangal Ashish, Plot No.463, 15Th Road, Mumbai, Maharashtra	India
S1-775995980	Silver Cafe!	4182 Bedford Lane, Aurora, IL	US
S1-557250110	Varshanth Fab Pvt Ltd	Plot No.169 & 170, Rs No.585, Machhe Industrial Area, Belgaum, Karnataka	India
S1-237112976	Buildsworth Spices Private Limited	Room-501-B, 5Th Floor 4 Fairlie Place, Kolkata, Kolkata, Howrah, West Bengal	India
S1-577315143	Adya Traders Private Limited	#8/4, New Timberyard Layout Mysore Road, Bangalore, Karnataka	India
S1-812623927	Ferros Alpex LLC	1817 Fairview Boulevard, Fairview, TN	US
S1-841359368	Berger Society, Inc	115 Westfield Drive, Columbia, TN	US
S1-954132869	Solutions Trs Overseas Private Limited	Regency Farms Asola, 25, New Delhi, Delhi	India
S1-520589661	Krishna Solutions Pvt Ltd	Hno 5-72/2 Survey No 606, & 607, Laxmareddy Palem, Rangareddy, K.V.Rangareddy, Telangana	India
S1-469558580	Vava Associates	Burlington, 197 Champlain Street, VT	US
S1-993650911	Vail and Clay Oceanhawk, LLC	OH, 1599 Newland Ridge Road, Waverly	US
S1-540492884	Bay Fellowship	Bloomington, MN, 1366 Devonshire Curve	US
S1-201029983	Orthopedic Diamond Associates Center	18 Hinson Park Lane, Concord, NC	US
S1-171227578	Ridgeway Elite Costamare Inc.	204 Camelot Drive, Collinsville, IL	US
S1-382274081	Cartagena Babcock Corp	6980 Genesee Avenue, Castile, NY	US
S1-85764369	Creative Tech LLP	C/O Sanjev Kumar Pandey Village Bhatauliya Panch Bhatwalia Sangrampur, Bihar, East Champaran, Bihar	India
S1-286293742	Unique Investment Pvt Ltd	House No 85 Aditional Floor Portion 2Nd Floor Pkt-12 Sector-20 Rohini, Delhi, North West, Delhi	India
S1-838610367	25/52 Paloma	740 Riverside Boulevard, Rockford, IL	US
S1-313712733	Trusted Associated Swanton	133 Parkside Drive, Swanton, OH	US
S1-515080939	Bright Investment Studios LLC	19309 Trent Avenue, Otis Orchards, WA	US
S1-820146152	Zasonify Preferred Infinite Inc	82 Henry Street, Unit 1, Malden, MA	US
S1-384734976	FQ Social, Inc	1212 Old Rte 34, Sandwich, IL	US
S1-207046681	Adroit Ventures Ltd	2Nd Floor, 90 No. Front Side New Rajdhani Enclave, Delhi	India
S1-505643236	Infrastructure Am Exports Pvt Ltd	Unit No.107, 1St Floor, Vasupujya Estate Premises, Link Road, Bangur Nagar, Goregaon West, Oshivara, Mumbai City, Maharashtra	India
S1-40256288	First Logistics Consultants	MN, 12750 62nd Street, Stillwater	US
S1-958290776	NNS Electromech Private Limited	5-47 Jegurupadu, Jegurupadu, East Godavari, Andhra Pradesh	India
S1-15973308	Universal Care Private Limited	Flat 302, Joanna Villa Chs Ltd, Plot No.203 B Road No.28, Tps Iii, Bandra West Mumbai, Mumbai, Mumbai City, Maharashtra	India
S1-569675315	Atlantic Digital Global LLC	10737 903, Princeton, TX	US
S1-19426149	Reid Council III LP	8 Chase Road, Sturbridge, MA	US
S1-82105293	Atlantic Tri-State Worldwide LLC	923 Dallas Street, City Of Chetek, WI	US
S1-365710538	Urban Industries Private Limited	F-44, Shivaji Enclave, New Delhi, West Delhi, Delhi	India
S1-97462665	Silver Genomic Consultants Co	43 Ohio Street, Shelbyville, KY	US
S1-358579791	Ly Cardiology, Inc	8310 Hempshire Place, Unit 103, Raleigh, NC	US
S1-950089123	NV Up Private Limited	Acetron Industrial Estate, Thane, Galla No. 15 Bldg No. 61, Maharashtra, Vasai	India
S1-337434233	Alpha Constructions Pvt Ltd	198/19 G/F F Garhi, New Delhi, South Delhi, Delhi	India
S1-557716936	Behavioral Health Unified Associates LLC	Hagerstown, MD, 12514 Capstone Drive	US
S1-162511044	Reliable Keystone Excavation, Inc	518 Green Street, Ottumwa, IA	US
S1-457746791	Straight Edge Cafe! LLC	928 7th Street, Winona, MN	US
S1-62132736	Tarain Realtors Private Limited	H.No. 238-A, Pkt A Mayur Vihar, Phase Ii, Trilok Puri, Delhi, East Delhi, Delhi	India
S1-400838353	Paolina Delaney Precision Biopharmaceuticals	16806 Green Gate Court, Chesterfield County, VA	US
S1-167703536	Valley Guild	77 Bronx River Road, Unit Apartment 5C, Yonkers, NY	US
S1-828686386	Prairie Kgaa	6562 Frances Street, Fl 1, Hillsboro, OR	US
S1-996381829	Mauk Integrated Municipal PLLC	3720 Faustina Road, Rio Rancho, NM	US
S1-394578101	X 3 Heritage Triton LLC	70 Newton Street, Everett, MA	US
S1-705998146	New Life Baptist Church	2424 Greystone, Webb City, MO	US
S1-143031559	Blue Fellowship	1308 Pimlico Place, Columbia, TN	US
S1-284189230	Vijay Foods Private Limited	New Delhi, Farm No.-55, Ghitorni, Street No.-2, Siver Oak Marg, Delhi	India
S1-720435441	Prairie Gabelli	9522 Wilson Hall Drive, Charlotte, NC	US
S1-540008396	Gujarat Services	H. No. 57, Suraj Apartments Mig Dda Flat Pul Pehladpur, Delhi, South Delhi, Delhi	India
S1-183380244	Tri-State Silver Convertible LLC	30718 Hawthorn Glen Court, Fulshear, TX	US
S1-599095069	Green Silver Shanghai Inc	227 Woodrow Street, Rockford, IL	US
S1-100517307	Allied Cascade Landscaping Corp	11515 Rd 11-J, Ottawa, OH	US
S1-713125517	Darshit & Associates Care	Seat 35, Cube 11, Unit 1, Plot No.2, 3Rd Floor, Dda Building, Vardhman Trade Center, Nehru P, Lace, Delhi, South Delhi, Delhi	India
S1-213231096	Modern Developers Limited	C/O Mr. Mahesh Taware, Sn211558, Siddhi Vinayak Complex, Sahyog Nagar, Beed, Bid, Maharashtra	India
S1-171244106	Rareex Resources Inc	VA, Purcellville Town, 37216 Richardson Lane	US
S1-934300024	Green Modern Estate Pvt Ltd	Flat No-101 Sushil Apartment Cts 122/5A& 4B P No-87/4A Prabhat Road Erandwana, Pune, Maharashtra	India
S1-681394288	Oncology Precision Associates Co	1415 Quarter Point, Raleigh, NC	US
S1-130915661	India Netvision Facility Private Limited	Survey No 48 Main Road, 1 Dhruvi Life, Shrirampur, Ahmed Nagar, Maharashtra	India
S1-666880173	Umana and Moskal LLC	1134 Collins Circle, Chattanooga, TN	US
S1-126061906	Cindie Smith Investments Inc	2612 64th Avenue, Brooklyn Center, MN	US
S1-248249725	Liberty Ministries Inc	270 Willow Lane, Bethlehem, WV	US
S1-787048106	Orthopedic Prime Clinic LP	2609 Forest Paseo, Ontario, CA	US
S1-539796826	Rp Infracon Pvt Ltd	70/909 A3, Third Floor, Thottappilly, Nivya - Lfc, Ernakulam, Kerala	India
S1-266958879	Gilmer Metropolitan International LLC	335 Historic 66, Mentmore, NM	US
S1-956996546	Rev It Up Tattoo P.C.	1138 490, American Fork, UT	US
S1-161858196	Flores Total Biopharma Inc	366 Cottage Grove Drive, Wentzville, MO	US
S1-915429474	Pacific Dynamic Telephone	VA, Loudoun County, 22864 Bubbling Brook Drive	US
S1-690365928	Solos Sierra LLC	177 Macdaniel Road, Woodstock, NY	US
S1-287050652	Zahara Padgett, D.C., PC	4122 Myrtle Avenue, Cincinnati, OH	US
S1-991039564	Coastal Network	501 Bond Street, Bend, OR	US
S1-252933342	Mangalam Management Private Limited	Industy House Opp Kalyni Steels Ltd Mundhwa, Pune, Maharashtra	India
S1-360624592	Future Products Pvt Ltd	D-1902 Aparna Sarovar Nallagandla, Serillingampally, Serilingampally, Hyderabad, Telangana	India
S1-572726578	Benoite Ballard Superior Medical LLC	128 Boxelder Place, Fl 0, Chandler, AZ	US
S1-410051376	Never & Co	No. 9/1 (Basement Room), Ranoji Rao Road Basavangudi, Bangalore, Karnataka	India
S1-71388055	Oil (india)private Private Limited	502 Doli Chambersstrand Road Colaba, Mumbai, Maharashtra	India
S1-64661708	Primary Care Group PLLC	NM, Albuquerque, 1268 Rosemont Avenue	US
S1-72819811	Ahmedabad Events Private Limited	6Th Floor, 608-A, Sahitya Business Park Opp. Hp Petrol Pump, Nikol Ring Road, Ahmedabad, Gujarat	India
S1-968711608	Shield Medical Centre Private Limited	14/1 Balaram Ghosh Street, Ground Floor, Kolkata, Kolkata, Howrah, West Bengal	India
S1-732374884	Best Global Private Limited	Shop No. 10, Amir Market, Adda Bhargav Nagar, Nakodar Road, Jalandhar, Punjab	India
S1-403585455	Reliable Mining	2915 Harlin Drive, Nashville, TN	US
S1-636991275	Keating Signature Acquisitions Inc	1734 9W, Coeymans, Unit Lot 27, NY	US
S1-157367827	Elite Mass Private Limited	C/O Balavant Singh, Danupur Christ Nagar Vns, Varanasi, Uttar Pradesh	India
S1-760845434	Griffin, Dejong & Luna	10 Common Road, Westford, VT	US
S1-790723042	Gvg Associates Private Limited	80 Ts No . 2282 5 2708 Part, 2Nd Floor, Sri Nagar Colony, Kumbakonam, Thanjavur, Tamil Nadu	India
S1-573110572	Behavioral Health Center	WI, Town Of Lafayette, 20348 X	US
S1-226103180	Vanguard Twin	11210 4th Street, Unit UNIT 1213, Rancho Cucamonga, CA	US
S1-677991820	Diversified Wellness Solutions	295 County Road 618, Hamilton, TX	US
S1-355983578	1312 Broadway Plaza Partners	4 Club Pointe Drive, White Plains, NY	US
S1-979209926	Green & Brothers Pvt Ltd	Plot-245 K-7 Ghatikia, Khandagiri, Bhubaneswar, Khordha, Orissa	India
S1-576907379	Office of Veterans Affairs	731 Russell Brook Road, Unit Campsite 102, Colchester, NY	US
S1-35092676	Bones and Chavez Skin Care LLC	146 Circle Drive, Salisbury, NC	US
S1-497327583	ZZY Services Private Limited	Crystal House, Plot No. 593, Near Sai Mandir, Hamalpura, Central Avenue, Nagpur, Maharashtra	India
S1-567994461	Forge	31007 Echo Lake Road, Kenai Peninsula Borough, AK	US
S1-590027248	FHA Global Pvt Ltd	3Rd Floor Saket Tower 3A Ratlam Kothi, Opposite Geeta Bhavan C, Houraha, Indore, Madhya Pradesh	India
S1-39561127	Cornerstone Corp	141 Fulton Avenue, Unit Apartment 812, Poughkeepsie, NY	US
S1-136629563	Asia Dreams Pvt Ltd	Calcutta, West Bengal, 8A Kalachand Patitundy Lane Cossipore, Kolkata	India
S1-223550241	Patwa Mi Pvt Ltd	G-103 Vivant A Gb Road, Lodha Splendora Thane, Thane, Maharashtra	India
S1-609449780	Bhargava Provident Private Limited	Plno. G-15, Panjashah Jamal Bowli Manikonda, Hyderabad, Telangana	India
S1-874324532	Burton, Kraus and Hibbard Compass Partners	70 Briar Circle, Winchester, TN	US
S1-61359908	H D Combs Ofs Inc	4311 Raleigh Street, Unit 246, Charlotte, NC	US
S1-705074120	Hotel Producer	G-97/C, Kalidora Apartment Jaipuria Sunrise Green Shamshabad Road, Barauli, Ahir, Agra, Uttar Pradesh	India
S1-344434923	Espinal Grand Northwest	1483 Rancho Avenue, San Luis, AZ	US
S1-131959154	Grayce Panzarella Patriot Catering, LLC	911 32nd Street, Chicago, IL	US
S1-944057986	Urology Clean Medicine	4310 Quail Drive, Fl 1, Lacey, WA	US
S1-420746587	Grant and Short	300 Longleaf Drive, Unit 336, Auburn, AL	US
S1-648962005	Paor LLC	356 A Broadway, Unit 1, Somerville, MA	US
S1-448952462	Goodgain Institute	16, 128 Motilal Nagar Part 1 Near Gulmour Galli, Goregaon West, Mumbai, Mumbai City, Maharashtra	India
S1-771494240	Turner & Sanchez Aegon LLC	1608 46th Street, Minot, ND	US
S1-852092208	Phillips, Murphy & Wagner Inc	1257 101 Street, Brooklyn, NY	US
S1-230403707	Fianna Pickett Mountain Northwest LLC	2524 Marr Street, Unit APT 17H, Roanoke City, VA	US
S1-146703242	Ks Trading	S No.28/1/1 Kirti Classic, Mulashi Hinjewadi, Haveli, Pune, Maharashtra	India
S1-756429586	Ujjaika Polymer Private Limited	Ward No.-13 Tulsinagar, Bolangir, Balangir, Orissa	India
S1-391094934	Patriot Regional Horizon, LLC	1523 Iowa Avenue, Dallas, TX	US
S1-660441975	Graham, Augusta S., L.C.S.W.	4310 59th Street, Lubbock, TX	US
S1-232722682	L & Z Equipment LLC	2834 900, Monticello, IN	US
S1-999793298	Anand Estate Limited	S-15-C, Mahaveer Marg, C- Scheme, Jaipur, Rajasthan	India
S1-401231169	Taylor Vine Corp	14232 Patriot Point Drive, City Of El Paso, TX	US
S1-506273951	Hong Silver Brands LLC	9611 Tall Meadow Lane, Houston, TX	US
S1-177817586	Haus Tri-State Distribution PLLC	1517 Apache Way, Clarksville, TN	US
S1-607276565	Loyalty & Co	Plot No Pap-V-161, Chakan Midc Ph Ii Shinde Wasul, Khed, Pune, Maharashtra	India
S1-659175940	United Signature Online Inc.	295 Orlando Drive, TN, Cleveland	US
S1-399827965	Shrinath Masala Private Limited	Rajasthan, Alwar, Khairthal, Plot No. R-6	India
S1-488263617	Divine (India) Infotech Private Limited	No.2, Meenakshi Koil Streetshivaji Nagar Bangalore, Karnataka	India
S1-885474434	Star Marine Advisors	712 16th, Tell City, IN	US
S1-210993484	Manju Industries Group Private Limited	43/1, 6Th Cross, Hosur Main Road Wilson Garden, Bangalore, Karnataka	India
S1-335670270	Elizondo's Media LLC	389 Weldon, Louisburg, NC	US
S1-571070435	Kanya's Pioneer Bike Shop	Abington Township, 1235 Old York Road, PA	US
S1-687234945	Sankalp Merchants Ltd	512 Shaniwar Peth, Uma- Prasad Co- Op Hsg Socy, Pune City, Pune, Maharashtra	India
S1-692458493	Corner Yoga Inc.	KS, 3948 184th Street, Russell	US
S1-231441823	Dermatology Associates L.L.C.	410 Walton Street, Unit 47, Willard, OH	US
S1-938871833	Dynamic Healthcare	R - 802, Metro Tower, Vijay Nagar Scheme No. 54, A. B. Road, Indore, Madhya Pradesh	India
S1-17214290	Secure (India) Solutions Private Limited	Room No-404 Jupiter Apartment, Yari Road Versovaopp St Anthony Highschool, Andheri, Mumbai, Mumbai City, Maharashtra	India
S1-521206670	Kashipur Holdings	E 215, Jalvayu Tower, Gurgaon, Haryana	India
S1-663080427	Gonzalez Gulf Investors LLC	5229 Whitecliff Drive, Canandaigua, NY	US
S1-843641063	Classic Consultants Private Limited	H No. - 3266/31 Vishnu Garden, Rajendra Park, Sector-105, Railway Road, Gurgaon, Haryana	India
S1-709768670	Cairistiona Langley Value Spacsphere Inc	258 Division Street, Unit 101, Mt. Juliet, TN	US
S1-526236284	David Healthcare of Pflugerville	Pflugerville, TX, 13903 Cypress Drive	US
S1-935357286	Team Lloyd (India)	Door No 6/254Neeleeswaram Post Kalady, Ernakulam, Kerala	India
S1-372745637	Diamond Patriot Merchants	200 4th Street, Grandview, TX	US
S1-210255866	Vaishnavi Clinic Pvt Ltd	Vikaspuri, Block - H, New Delhi, Delhi, 204	India
S1-121483236	JO Solutions Private Limited	Shop/Plot No. 13 Ashoka Enclave Extn. Ii, Sector 35, Faridabad, Haryana	India
S1-852554048	Api Traders Pvt Ltd	No - 102, Hamilton Surabhi, Green Glen Layout, Bellandur, Bangalore, Karnataka	India
S1-906701318	Lanna Cheadle Enterprise	211 Elfen Glen Circle, Van Buren, AR	US
S1-195601323	Mansion Group	Door No 10/73/B, Malapuram, Malappuram, Kerala, Nannammukku South Po, Ponnani	India
S1-85504420	Strategic Monte Group	1906 Linn St, Boone, IA	US
S1-996224045	Northwind LLC	98 Clay Street, New Haven, CT	US
S1-898343199	Trout Bright Boral LLC	4468 Edgeware Lane, Taylorsville City, UT	US
S1-689693999	Pediatric Health	2407 Laurel Brook Road, Fallston, MD	US
S1-535442558	Shahjahanpur Farms Private Limited	C/O Harish Chandra Gupta S/O Sri.Raghubar Dayal Adarsh Nagar, Shahjahanpur, Uttar Pradesh	India
S1-183107553	East City Consulting Pvt Ltd	Ahmednagar, Deepak Hospital Savedi Road, Maharashtra	India
S1-950819662	Ion Constructions Private Limited	Room No. Mp Xi/675 Vazhavatta, Kalpetta, Muttil Panchayath, Wayanad, Kerala	India
S1-795702088	Wiser My Pvt Ltd	C/O Jitendra Singh, Vill - Kunrwa Tola - Kunrwa, Panch - Meh, Block -Barun, Aurangabad, Bihar	India
S1-941834408	Animal Welfare Classic Alliance Inc.	28079 Meridian Heights Loop, Sweet Home, OR	US
S1-890597401	Rodriguez's Communications	406 Elm Street, Nixa, MO	US
S1-396350646	Killough Holding Company L.L.C.	30143 Cobus Drive, IN, Elkhart	US
S1-933348603	Cardiology Partners LLC	2428 Upland Lane, South, IA	US
S1-104404813	Laborers Local Union 622 Corp	Elsmere, 3783 Feather Lane, KY	US
S1-863718413	Montyx Mfa	2169 Lamar Lane, Eugene, OR	US
S1-282771463	Temple Church LP	49 Pearl Drive, Winchendon, MA	US
S1-91820363	Jobye F. Alley, P.A.	18570 186th Way, Unit 104, Queen Creek, AZ	US
S1-850177390	Nagpur Mercantile Private Limited	Plot No.65/2 Nildoh Digdoh Midc Area, Nagpur, Maharashtra	India
S1-556702788	Resilient Brothers Limited	Shop No. 3, Jaideo Co-Operative Housing Society, C.A. Road, Nagpur, Maharashtra	India
S1-227407092	I/I Electricity	6501 Gate Post Court, Fayetteville, NC	US
S1-325798444	Bharath Aay Pvt Ltd	2, Mira Udhiyog, Plt No 11, Nh-8B, Rajkot, Gujarat	India
S1-45068253	Khurana Pictures Limited	707, Ground Floor, Near Primary School, Mg Road, Ghitorni, New Delhi, South Delhi, Delhi	India
S1-141579887	Brighteon Quartzsea LLC	4814 Melissa Lea Lane, Wichita Falls, TX	US
S1-445840005	Ace Old Co	2303 T C Jester Boulevard, Houston, TX	US
S1-164689241	Youth Alliance LLC	11647 Beauchamp Road, Unit 459, Berlin, MD	US
S1-605448269	Secure Valley Markets P.C.	7302 Erskine Street, Henrico County, VA	US
S1-242459881	AH Travels Private Limited	A/004, Pinak C.H.S Kelkar Rd, Dombivli, Thane, Maharashtra	India
S1-875136387	United Law Chambers	Manjeri P O, V M K Tower, Igbt Thurakkal Bypass Manjeri, Manjeri, Malappuram, Malapuram, Kerala	India
S1-2400706	Services Shankar Poly Private Limited	Srmb Pinnacle Premises No, 16-0360Dh6/9, 2Nd Floor, North East Corner, Actionarea 1D, New Town, New Town, North 24 Parganas, West Bengal	India
S1-280379297	Hyderabad Labs Limited	Hyderabad, 1-8-505/14, Telangana, Flat No.401, 4Th Floor Prakash Nagar, Begumpet	India
S1-535576555	Urgent Care Partners LLC	Unit 4005, AZ, Phoenix, 920 Devonshire Avenue	US
S1-298414761	Gutierrez Ribbon LLC	1351 Wenas View Drive, Selah, WA	US
S1-581079898	KR Convention LLP	945, Rahila Galli, Tq. Himayatnagar Dist. Nan, Ded, C/O. Shri Habibi Ahmed Gulam Dastagir, Nanded, Maharashtra	India
S1-463669205	Beacon Municipals LLC	15602 60, Borden, IN	US
S1-328517304	Agro Global Engineering Private Limited	39, Kushal House Nehru Place, New Delhi, South Delhi, Delhi	India
S1-894786954	Baba Foundation Private Limited	13/31/1, K.N.C Road, Barasat, Ashoke Market, Barasat - I, North 24 Parganas, West Bengal	India
S1-222008936	Dubay Flexible	816 Miller Street, Griffith, IN	US
S1-310189894	Williams, Chagoya & Jones Bce	90516 Wind And Sea Loop, OR, Warrenton	US
S1-166374889	Green Telecom Global LLC	5102 Franklin Street, NE, Omaha	US
S1-747222701	Swift Consultancy Private Limited	D 1/28, 2Nd Floor, Hauz Khas Near Gita Bhavan Mandir, Delhi, South West Delhi, Delhi	India
S1-594322676	Costigan and Beaupre LLC	251 6th Street, Unit APT 173, Sacramento, CA	US
S1-224722933	Carlisle and Stevens Corporation	8927 Duke Street, Portland, OR	US
S1-234136813	Ridenhour Clean LLC	3700 Williams Field Road, Unit 3061, Gilbert, AZ	US
S1-373284970	New Delhi Semicon Ltd	House No 56, Block Qd Pitampura, New Delhi, North West, Delhi	India
S1-228572302	Cure Hair Studio! LLC	3788 Cambridge Station Drive, Memphis, TN	US
S1-433971510	Patriot Committee VI PLLC	Menands, Unit Apartment 3, 3 Mcdonald Circle, NY	US
S1-531485617	Clevenger Century Inc.	685 Front Avenue, Saint Paul, MN	US
S1-955814094	Varaahi Trading Partners	Maharashtra, Gt No 350, A/P Kumbharwalan, Pune, Purandar, C/O Mamata Bal Sadan	India
S1-938033860	Urban Builders Private Limited	352, Vijaya Nagar, R. M Nagar Singanallur, Coimbatore South, Coimbatore, Tamil Nadu	India
S1-12604411	Aditya First Power Pvt Ltd	Ward No.6, Rajasthan, Khatushyam Ji Sikar, Srimadhopur, Sikar	India
S1-184679021	Vision Select Health LLC	875 Left Fork Elk Creek, Elk Creek, WV	US
S1-827445270	Vida Sun LLC	581 Townsend Avenue, New Haven, CT	US
S1-25991086	Trusted Genomic Brands L.L.C.	623 Cove Hollow Drive, Dallas, TX	US
S1-865786359	Alm Hospital Corporation	17 Dhanukar Building480 Kalbadevi Road, Mumbai, Maharashtra	India
S1-831468920	Coastal Reserve Inc	5472 Burnt Knob Road, Murfreesboro, TN	US
S1-694906615	South Meshflow	2602 Altoona Street, Houston, TX	US
S1-466364368	Reiter Information Inc	12350 Camelback Road, Unit 86, Litchfield Park, AZ	US
S1-391768479	Innovative Shyam Technologies	E0227 East Of Kailash, New Delhi, South Delhi, Delhi	India
S1-549761145	Gilda Maller, D.D.S.	1202 Church Street, City Of Janesville, WI	US
S1-958825014	Riex, LLC	Brevard, 87 Johnson Street, NC	US
S1-112223923	Om Developers Pvt Ltd	Delhi, Dubbish Chamber 202, G-73, New Delhi, Laxmi Vikas Marg	India
S1-632999592	Division of Parks and Recreation LLC	1830 1st Street, Redmond, OR	US
S1-516085350	Newel Edtech Pvt Ltd	Radhey Apartment, Nr. Champaner Society, Usmanpura, B-11, Ahmedabad, Gujarat	India
S1-797443621	Sacheti Commodities Private Limited	17, Hormavu, Outer, Ring Road, Banaswadi, Bengaluru, Karnataka	India
S1-264737800	Juniper Inc	7902 Bell Campground Road, Powell, TN	US
S1-933622160	Kapish Wind (India) Private Limited	Mumbai, B-203 Tulip Co-Op Hsg Scy Ltdcentral Avenue Hiranandani Gardens Powai, Maharashtra	India
S1-213649715	Ameerpet (india) Private Limited	H.No.8-4-379/S1/203/4, 4Th Floor, Kk Residency, Nrr Puram Colony, Site 1, Borabanda, Ameerpet, Hyderabad, Telangana	India
S1-466074131	Martinez Apparel, LLC	272 Portville Ceres Road, Portville, NY	US
S1-136368788	Os System Co	At Office 4A, Hno 910B The Avenue Sno 106 Nr Shankar Math, Hadapsar, Pune, Maharashtra	India
S1-947629649	Shakti Management Limited	35-A, Kundan Nagar Near Bank Enclave, Delhi	India
S1-753264632	Nexari Private PLLC	1904 Millers Mill Road, Woodbine, MD	US
S1-108757880	HQM Lion Co	C/O: Parikhit Baliarsingh, At-Chandapada Balajitpur, Puri, Orissa	India
S1-708867885	Gulf Network	IN, 147 15th Street, Vincennes	US
S1-97014196	Nice Marbles (India) LLP	C/O Shiv Sagar Bharti, Rajadip Pur Mashjamin, Sagri, Azamgarh, Uttar Pradesh	India
S1-949270424	Phelps and Barfield	1831 Wisconsin Street, City Of Racine, WI	US
S1-571399800	Pragati Brothers Company	7 Rabindra Sarani3Rd Floor P S Hare Street, Kolkata, Calcutta, West Bengal	India
S1-286909162	Mair Richardson, P.A.	6444 Bunnell Hill Road, Lebanon, OH	US
S1-219510734	Smith Creative Archimedes	1260 Horner Drive, Sierra Vista, AZ	US
S1-424725728	Brewer, Erwin and Seeber Eaton	5103 Cypress Spring Drive, Missouri City, TX	US
S1-784648116	Frontier Society LLC	4346 Ogburn Avenue, Unit C, Winston-salem, NC	US
S1-14452666	Hays & Federspiel	5383 Lewis Avenue, Unit 176, Toledo, OH	US
S1-577385858	Smart Innovative Innovations	200 Canyon Live Oak Lane, Hempstead, TX	US
S1-985832030	Ahmedabad Resorts LLP	Block B - 708, West Gate, Nr. Ymca Club, S. No. 835/173, S. G. Highway, Makarba, Ahmedabad, Gujarat	India
S1-306700396	Stangel Colombier LLC	60 356, Scottsburg, IN	US
S1-320536470	Zenith LLC	49507 Airedele Road, Ridge, MD	US
S1-36218729	Toler, Levy & Laroche Suma LLC	3 Fairtide Court, Spring, TX	US
S1-699372894	Fleming Rush	260 Christiana Road, Unit APT O9, New Castle, DE	US
S1-554387616	Jo-Anne Patterson Crystal Altisource	3750 Belt Line Road, Fl 0, Addi, TX	US
S1-332771010	Navraj & Brothers	Gurgaon, Flat No. 2102, 21St Floor, Ab, Mapsko Casa Bella Vatika, Sec-82, Haryana, Gurgaon	India
S1-472717963	Mumbai Ventures	Ge-1080, Bharat Diamond Bourse G Block, Bandra Kurla Complex Opp Nabard Head Office Bandra East, Mumbai, Maharashtra	India
S1-121033107	Apex International Pvt Ltd	64, New York Tower A, Nr. Thaltej Cross Road, Ahmedabad, Gujarat	India
S1-286014691	Om Perfect Foods Private Limited	H.No: 6-10-89/A Vinayakanagar, Balanagar, Hyderabad, Telangana	India
S1-58306279	Dream Builders Private Limited	No.5, First Floor, Castle Valley, Vengadamangalam Main Road, Ponmar, Chinglepet, Kanchipuram, Tamil Nadu	India
S1-600050186	Vikram Trading Private Limited	Uttar Randhan Jote P.O Dhakna Jote P.S. Kharibari, Naxalbari, Darjeeling, West Bengal	India
S1-554782722	Bluerock Investment Private Limited	C/O- Kailashji Sitani, Ward No. 14, Tehsil - Khetri, Khetri, Jhunjhunun, Rajasthan	India
S1-648498646	Cultural Ministries	4513 Monroe Avenue, Kansas City, MO	US
S1-986954561	Petty Mines	8 Roberts Court, Wilton, NY	US
S1-725375213	Yellow Golf Associates	10-4-1/3F, Flat No 202, Rama Nagar Revune Ward 19, Visakhapatnam (Urban), Visakhapatnam, Vishakhapatnam, Andhra Pradesh	India
S1-105024171	Dipak Clinic	Rampuri, Kalkaji, New Delhi, 62, South Delhi, Delhi	India
S1-500019877	Ventures Next Accountants Pvt Ltd	Hosakote, Bangalore Rural, Karnataka, House No T 119, Chaithanya Smaran, Whitefield Hoskote Main Road	India
S1-405883515	Lark Medicare (India) Private Limited	T-Hub Foundation, Sy No. 83/1 Raidurg, Hyderabad, Rangareddy, Telangana	India
S1-437432288	Stringham Companies	411 Alliance Boulevard, Unit Apartment 1206, Waxahachie, TX	US
S1-398329243	Seaman's Express Therapy	5710 Arringdon Park Drive, Unit 835, Durham, NC	US
S1-538444338	Stuart Sui Inc	364 Lafayette Street, Babylon, NY	US
S1-732192905	Carol-Jean Wilson Air, Inc	500 Baker Street, Gillespie, IL	US
S1-352424042	White's Keystone Therapy	43 Twin Fawn Drive, Hanover, MA	US
S1-732851376	Nathe Mckinley	51 Sawyer Road, Fairfield, CT	US
S1-379752029	Wycoff Equity Partners Inc	328 Belmont Road, Greece, NY	US
S1-711404342	Bright Silver Beauty L.L.C.	6638 Jordan Road, Ramseur, NC	US
S1-627572416	A Cure 2 You	24397 U, WA, Mattawa	US
S1-619800936	Vision Projects Private Limited	H -124, Chandramani Seva Sang, Indira Nagar No. 1, Linking Road, Near Sai Baba Mandir, Gore, Gaon West, Mumbai, Maharashtra	India
S1-628646108	Ram Food Private Limited	Bangalore, Karnataka, No 86 5Th Main Gandhi Nagar	India
S1-966214920	Creative Cross Inc	10845 Lilac Avenue, Fl 0, Saint Louis, MO	US
S1-836574936	Tangent & Co Private Limited	H.N.Xxvi/180, Jyothis House, Klra-11, Kalappat Lane Edappally Toll, Edappally P.O, Ernakulam, Kerala	India
S1-123136903	Prime It Limited	83/1, Ground Floor, 3Rd Main Road, Bangalore South, Bangalore, Karnataka	India
S1-696374587	3262 Fifth Plaza Partners Inc	2335 Revere Place, Nashville, TN	US
S1-869119782	MZR Harbor Telefonica Inc	39 Penny Lane, Duxbury, MA	US
S1-521675088	Quality Wholesale Brands	2155 Montrose Street, Beaumont, TX	US
S1-890019258	Blakeley Michie Cartesian Inc	262 Triple Hill Drive, Arley, AL	US
S1-348391801	Burkett and Kayser Inc	1629 1/2 12th Street, Washington, DC	US
S1-445491750	GA Screws Private Limited	8-3-1064, Fno-402, 4Th Floor, Swarna Palace, Banjara Hills, Khairatabad, Hyderabad, Telangana	India
S1-196257012	Motais Crystal Schwab	5571 219, Tyler, TX	US
S1-415862416	Aquarius Trading Pvt. Ltd.	P. No.13, Kubera Bahar, S. No.131/2, Pashan Sus Road, Pune, Maharashtra	India
S1-309141289	Family Great Associates LLC	4520 42nd Street, Sacramento, CA	US
S1-92045832	Juniper Inc	NY, Ontario, 7722 Roder Parkway	US
S1-480679449	Autism Assistance Charities	3672 Wagner Road, Round Top, TX	US
S1-81251890	R/S Fortune	221 Spring Road, Wentworth, NC	US
S1-490034323	Lakhimpur Solutions	201, Paharapur, Post Paharapur, Behind Rto Office, Lakhimpur Kheri, Lakhimpur, Kheri, Uttar Pradesh	India
S1-27607712	Indraya Privae Care	Office Unit-601, 6Th Floor, Corporate Arena Co-Op Premises Soc. Ltd, Aarey Road, Goregaon, West, Mumbai, Mumbai City, Maharashtra	India
S1-845377062	Penn Star Wen LLC	MN, 9225 Chicago Avenue, Bloomington	US
S1-577319794	Saladyne	640 800, Salt Lake City, UT	US
S1-103696205	Peak Express Innovation LLC	7302 Berkshire Drive, Wheatfield, NY	US
S1-478945059	Sterling LLC	18525 Horton Highway, Fall Branch, TN	US
S1-374448183	Wong's Painting	Shepherdsville, 234 Ridge Road, KY	US
S1-94772613	Pediatric Dentistry Specialists of Wilson	5119 Holdens Cross Road, Wilson, NC	US
S1-766186881	Star Energy Private Limited	22- B Flt No 102Kedar Bldg Kalpak Estate Antop Hill, Mumbai, Maharashtra	India
S1-341264755	Toledo Hair Studio Inc	1115 11th Street, Wytheville Town, VA	US
S1-665232360	NT Figx Inc	6224 Tezcuco Court, Acton, TX	US
S1-864225564	Trevino & Taylor Private, LLC	14950 Potomac Heights Place, Unit UNIT 206, Prince William County, VA	US
S1-255640417	Ss Care Private Limited	201-202, Sufi Baug, Taj Chambers, Opp. Railway Station, Surat, Gujarat	India
S1-691310422	Dominguez Green Crane	3010 Nickel Avenue, Mission, TX	US
S1-917874917	Piedmont Providence	856 Beebe Road, Harrington, DE	US
S1-488780831	Downtown Cafe P.C.	2090 Giesy Road, Baltimore, OH	US
S1-574007656	Ferris Cross	628 Main Street, Fostoria, OH	US
S1-822283866	Green Marketing Dynamics	4451 49, Schroeppel, NY	US
S1-682099300	Sunrise Vision Ventures Private Limited	16/603, East End Apartment Mayur Vihar Phase-I Exten, Delhi	India
S1-316171420	Vhr & Co	H.No. 410 Vijay Laxmi Nagar Near Pani Tanki, Sitapur, Uttar Pradesh	India
S1-544796538	Spica Services Private Limited	No.138/1, E B Road, Kakkanji Street Perumalpattu, Tiruvallur, Thiruvallur, Tamil Nadu	India
S1-474695344	Malabar Memorial Trust	Kothidhura, Dabaipani, P.O Mineral Spiring, Darjeeling Pulbazar, Darjiling, Darjeeling, West Bengal	India
S1-475887704	Direct Research Company	26124 Leslie Drive, Channahon, IL	US
S1-694276483	Sweet Ice Cream	510 Rolling Meadow Drive, MO, Eureka	US
S1-888262486	Handy Foundation	Office No.03, Third Floor Block-B, Building No.46, Sector-63, Noida, Gautam Buddha Nagar, Uttar Pradesh	India
S1-520527809	Palacio Classic Coca Inc	Jamestown, NY, 312 Van Buren Street, Unit Apartment 2	US
S1-112672841	Willis Aspen	860 Pleasant View Drive, Pleasant View, UT	US
S1-82747196	Knutson, Jenkins & Rini Ashland City Inc	299 Jones Lane, Ashland City, TN	US
S1-532852992	Cascade	0, Elkton, MD	US
S1-268573273	Davis Blackstone Care	300 Vine Street, Freeburg, IL	US
S1-396728196	Laverna's Pacific Supply Group	230 Juniper Drive, Carlisle, KY	US
S1-564473727	Hill Trusted Seneca	6405 Mcdowell Road, Unit 2001, Phoenix, AZ	US
S1-223242222	Ferrio Allspring Inc	1171 4575, Cedar City, UT	US
S1-873040329	Shakya Foundation Private Limited	House No.- 579, Kh.No.-63, 1St Floor, Gali No.-10, Blk-C, Majlis Park, Near Mcd School, Delhi, North West Delhi, Delhi	India
S1-260276940	Eye Physicians Inc	6312 Young Buck Circle, Columbia, MD	US
S1-604800268	Star Trading Limited	C/O Satbir Singh Anangpur, Dairy, Na, Behind Ds Door, Faridabad, Haryana	India
S1-677699357	Surgical Golden Care	10348 Radabaugh Drive, Cincinnati, OH	US
S1-512310697	Main Street Barbershop	7794 June Drive, Fl 0, Pasadena, MD	US
S1-827647595	Burns All Solution	3505 Nautilus Trail, Aurora, OH	US
S1-807835842	Internal Medicine Specialists	NY, Greenburgh, 64 Mclean Avenue	US
S1-138500512	Perfect Business Private Limited	B-302, Venus Pahel, Old United Way Garba Ground, O.P.Road, Near Reliance Mega Mall, Nr.Ak, Shar Chowk, Vadodara, Gujarat	India
S1-667669979	Zartman, Lutz & Bernard Chain PC	6001 Sunnyfield Road, Minnetrista, MN	US
S1-850999737	Advanced Bay Cosmetics Group	10 Ross Ade Drive, West Lafayette, IN	US
S1-346929119	Grain Ice Corp	D.No 10-19-15, Bejjavarapu Vari Street, Old Town, Tanuku, West Godavari, Andhra Pradesh	India
S1-577295036	Heartland Sterling Xflh LLC	42895 Telegraph Road, Elyria, OH	US
S1-825290756	Eshaan Infrastructure LLP	M 546New Astc Hudco Hosur, Dharmapuri Dist, Dharmapuri, Tamil Nadu	India
S1-408900840	Hotel Laboratory Limited	Flat No. 101, No. 11, Kamala Eleganz Apartment 7Th Cross, 4Th Main, 4Th Block, Rmv Ii S, Tage, Bangalore, Karnataka	India
S1-659756997	Interstate Wholesale Systems	6212 Candletree Lane, Mckinney, TX	US
S1-863367422	X X Zinda Managed LLC	84 Shawnee Oaks Drive, Sunrise Beach, MO	US
S1-26108449	Digital Tech Private Limited	3260/20A Gali Door Walimori Gate, Delhi, Central Delhi, Delhi	India
S1-530511879	Miro Snow	NY, 88 Sparrow Ridge Road, Kent	US
S1-365055173	Gabriel Blackwood Doubleline	30816 Royalview Drive, Willowick, OH	US
S1-400523319	Surgical Safe Group	500 Alexander Avenue, Henderson, NC	US
S1-949201827	Smart Properties LLP	99-Cd Mohammed Ali Road, Mumbai, Maharashtra	India
S1-406335562	Vision Center of Crowley Center	TX, Crowley, 4533 Aralia Street	US
S1-97119939	Metropolitan Commercial Worldwide LLC	1812 Leona Mitchell Boulevard, Unit APT 22, Enid, OK	US
S1-108286556	Pious Hospital Corporation	Amarpur, Tikaraunheen Khurd Post- Bhadiwaar, Shankargarh, Allahabad, Uttar Pradesh	India
S1-830653529	Vijayawada (Urban) Developers Limited	6-147-1, Flot No-403, Vijayawada (Urban), Krishna, Andhra Pradesh	India
S1-704840333	Muzaffarpur Dealers Company	C/0 Vindeswar Chaudhary Miscot Club Road Post Ramna, Muzaffarpur, Bihar	India
S1-834216587	Riggs Coastal Alliance Inc.	1868 Cal Drive, West Lafayette, IN	US
S1-672541801	Green Care Pvt Ltd	Hussain Street, Opp. Kalaniketan, Bandar, Road, H.No. 8412-40-1-170/A, Andhra Pradesh, Vijayawada, Srikakulam	India
S1-283165060	Green Electric	135 County Road 5262B, Cleveland, TX	US
S1-336854166	Abdou, Fern, Ph.D., P.C.	335 W Kenwood Way, Louisville, KY	US
S1-443574814	Jeevan Solutions Private Limited	New Colony, Laxman Vihar, Phase 2, Near Radhe Sweets, 2667/94, Haryana, Gurgaon	India
S1-219569074	Dream Baba Care Limited	Delhi, P-97, South Extension-Ii New Delhi, South Delhi, New Delhi	India
S1-1890230	Hyderabad Imperial Private Limited	Plot No 66 4Th Floor, Defence Colony, Sainikpuri, H.No. 37-10, Telangana, Hyderabad	India
S1-528709587	Garner's Occupational Therapy	9700 Puckett Road, Prineville, OR	US
S1-825803481	Munoz Citizens LLC	12035 Bryant Drive, Frisco, TX	US
S1-152215427	Peak Short Corporation	207 D Street, Bentonville, AR	US
S1-413344399	Stiles Nasdaq of Blackwell Inc	Blackwell, 523 Padon Avenue, OK	US
S1-179786185	Perfect Digital Power Private Limited	Mcf 126 Yadav Colony Ucha Gaon Road Ballabhgarh, Faridabad, Haryana	India
S1-976128811	QB Marketing Private Limited	Bangalore, Karnataka, Terracefloor, No.9, Manjushree, Westlinkroad, Mall, Eswaram, Bangalore, Portion#1	India
S1-796633767	Lawson and Williams Oak LLC	220 Shannonbrook Lane, Frederick, MD	US
S1-619419370	Community Federation of Dallas	15619 Ranchita Road, Dallas, TX	US
S1-951295925	Kaye Garner Aegon Inc	3691 Fond Du Lac Road, Unit Unit H16, Town Of Black Wolf, WI	US
S1-255641331	Platinum American Defi Inc	3854 Palmer Street, Gilbert, AZ	US
S1-878393641	Mitchell and Smith LLC	6160 Shad Drive, Fort Worth, TX	US
S1-328758015	Ravi Projects Private Limited	No. 4059, 19Th A Main, H.A.L Ii Stage, Bangalore North, Bangalore, Karnataka	India
S1-618220378	Taylor Park Inc	37628 233rd Avenue, Bagley, MN	US
S1-229416793	Bansilal Printing Company	Mumbai, 7012, Maharashtra, Nibr Corporate Park, Cts No. 669, 670& 671, Kurla Andheri Road, Opp. Vaishali Hotel, Safed Pool, Kurla West	India
S1-362215350	Pediatric Dental Best Medicine L.L.C.	MA, Unit 3, 373 Park Street, Boston	US
S1-257399666	Glover Certified Pioneer LLC	710 Main Street, Lindsay, OK	US
S1-5385571	Shoe Homes Private Limited	Unit No210Chirag Infotech, 2Nd Fl Plot No A2 96 Rd, Thane, Maharashtra	India
S1-335427872	Pediatric Dentistry Clinic LLC	4323 Lynbrook Loop, Redding, CA	US
S1-137447100	Beth Chapel	70805 29 Palms Highway, Unit UNIT 47, Twentynine Palms, CA	US
S1-570166277	Koralle W. Harris, O.D.	8150 Norfolk Lane, Tigard, OR	US
S1-45774718	Beacon	59 Big Oak Road, City Of Wisconsin Rapids, WI	US
S1-891539460	Great Network L.L.C.	425 Prior Street, Joliet, IL	US
S1-598223738	Sky Global	Gujarat, New Cotton Mills No 1Compound Out Side Raipur Gate, Ahmedabad	India
S1-737161069	Ganraj Educational Society	Fl D/33, Swapna Shilp, Erandwana, S. No. 19/2, Nr Gandhi Lown, Kothrud, Pu, Ne, Pune, Maharashtra	India
S1-861462247	Raven Ashford Inc	1250 Massachusetts Avenue, Arlington, MA	US
S1-321131009	RO Better Martin Inc	198 Melissa Drive, Walhalla, SC	US
S1-662284196	Brown City Clinic	99 Tyson Avenue, Floral Park, NY	US
S1-125094175	Innovative Wellness Digital LLC	Mentor, OH, 9060 Agard Court	US
S1-650823571	Heartland Advanced Kochav, LLC	419375 1020 Road, Checotah, OK	US
S1-888144857	Union & Sons Private Limited	House No. 535, Plot No. 4A, City S No. 19, Mouza Gadga, Nagpur, Maharashtra	India
S1-204528893	Internal Medicine Certified Health Inc	5 Count Fleet Circle, Florissant, MO	US
S1-421382857	Anchor Optimal Xrp LLC	42 Kosta Street, Worcester, MA	US
S1-133974685	Althea Herron Keystone Valley LLC	6411 Greig Street, Capitol Heights, MD	US
S1-529805096	Pune Manufacturing Private Limited	S.No. 38/4, Shankarnagar, Nr. Sheverlate Showroom, Kharadi, Pune, Maharashtra	India
S1-633693587	Miller Heartland Fortune Inc.	2516 West Street, Westport, IN	US
S1-521324543	Physical Therapy Associates of Westfield Care	125 Main Street, Unit B5, Westfield, MA	US
S1-138599179	Praniya Face Private Limited	17-1-383/Ip/42/1 42/2 43/1, Flat No.104 Indraprasta Town Ship, Phase-1, Saidabad, Hyderabad, Telangana	India
S1-770292690	Hayes Atlantic Bulkers	Broken Arrow, OK, 1200 Dogwood Avenue	US
S1-868427668	Miranda, Sterling & Vanzandt, Inc	342 Blue Bird Road, VA, Brunswick County	US
S1-680090532	(india) Emmar Labs Private Limited	Office No. 312, Samarth Vaibhav Commercial Complex K.L. Walawalkar Marg, Lokhandwala, Andhe, Ri (West), Mumbai, Maharashtra	India
S1-672789456	Metropolitan Engineering Associates, LLC	8503 Parapet Place, Rosharon, TX	US
S1-607497089	Green Learning Global LLC	Culpeper County, VA, 20099 Williams Drive	US
S1-101598407	Wager Worldwide LLC	TN, 178 W Minster Drive, Putnam County	US
S1-344669671	Harbor Committee	MD, Waldorf, 3664 Pine Cone Circle	US
S1-404211241	OP Homes Pvt Ltd	27 Khizrabad Badarpur, New Delhi, Delhi	India
S1-676824866	Castro's Bakery	43 Calumet Road, Fairhaven, MA	US
S1-655978745	Bangalore Energy Limited	No.3429/B, C Block, 6Th Cross Gayathrinagar, Bangalore, Karnataka	India
S1-869180094	Bangalore South Studio Public Limited	#677, 1St Floor, Desk 18C, 27Th Main, 13Th Cross, Bangalore South, Bangalore, Karnataka	India
S1-775593965	Clair Chavan (India) Pvt Ltd	Flat 101, Eg Towers, Tikkanasomyaji Street, Eluru, West Godavari, Andhra Pradesh	India
S1-379327460	Raon Holdings Group Inc	4650 Flag Pole Mountain Road, Childersburg, AL	US
S1-999813795	Taylor Aktiengesellschaft PLLC	24419 Mirrormont Boulevard, Issaquah, WA	US
S1-11262357	Halcial Sachs Inc.	1526 Old Beech Creek Road, Waynesboro, TN	US
S1-442187780	My Foundation LLP	Flat No. 11, Gh-8, Mansa Devi Complex, Panchkula, Haryana	India
S1-128899671	Maharashtra & Co	B-3/265 Sector-O Mansarovar Yojna Kanpur Road, Lucknow, Uttar Pradesh	India
S1-34504685	Pune Buildtech Private Limited	Maharashtra, Pune, Shardavandan Reality F.No.D-14 Gt.45/1B.Hivare, Pune	India
S1-141838738	Smart Recruiting Inc.	1300 Schillinger Road, Unit C37, Mobile, AL	US
S1-324839669	Reliable Keystone Publishing LLC	2400 Sweet Bay Drive, Unit A, Greenville, NC	US
S1-725073269	Hughes, Simmons & Hargis Co	77 High Street, Rye, NY	US
S1-250134266	Jpl Resorts Private Limited	Plot No.C-1 Midc, Deoli, Midc, Deoli, Deoli, Wardha, Maharashtra	India
S1-290699514	Ironclad, LLC	615 St John Road, Milton, TN	US
S1-323579632	Harwood, Macgregor and Wilder Inc	211 Shereen Court, Rotterdam, NY	US
S1-127871	Lumyn Value LLC	7507 Broach Drive, Richmond City, VA	US
S1-524550604	Dental Bright Specialists	40 Chestnut Street, Gardner, MA	US
S1-276794942	Qumaex LLC	Princeton, WV, 1118 Thornton Avenue	US
S1-162494251	Mahso Road Purani Basti Packaging Limited	530, Hospital Chauraha, Mahso Road Purani Basti, Basti, Uttar Pradesh	India
S1-142973237	Candice R. Williams, L.C.S.W., DDS PC	1105 Meadow Branch Road, Westminster, MD	US
S1-492210599	Escobedo Smart Care	Killingly, CT, 1364 Hartford Pike	US
S1-544186824	Hyderabad Infratech Pvt Ltd	H.No 7A H.No 4-1-1971 To 974, Yuwan, Apts, Hyderabad, Telangana	India
S1-940397156	Rev It Up Deli Corp	4837 Reisterstown Road, Baltimore, MD	US
S1-399605881	Wallace Bright Regions Corp	367 Stevens Mill Road, Auburn, ME	US
S1-205688037	Long Utility	Pittsford, 53 Monroe Avenue, NY	US
S1-507451204	Value Five Associates	12701 Ivey Creek Drive, Charlotte, NC	US
S1-439939217	Surgical Center Co	4701 1/2 Creek Bend Drive, Austin, TX	US
S1-208278960	Capital Royal Inc	6166 593, Gilmer, TX	US
S1-672255126	Ardelis Zweig Superior Rothschild	20 Hunters Cove, AR, Cabot	US
S1-316479191	Vision Solutions Private Limited	Shop 218, 2Nd Floor, Milan Mall, Milan Subway, Mumbai, Maharashtra	India
S1-917774128	Black International LLP	C/O Jagdish Prasad, Degabas, Taranagar, Churu, Rajasthan	India
S1-116549848	Disc Seva Samiti Co	Sr.No. 85/2C, 3Rd Floor, Office No 302 Parakh Capi, Pune, Maharashtra	India
S1-742003339	Rsh Systems Private Limited	H. No.112 (41-42) Harihar Nagar, Indiranagar, Lucknow, Uttar Pradesh	India
S1-227598959	Miller Superior Silver Inc.	Rose Bud, AR, 110 Cadron Creek Estate	US
S1-259966876	Serene Brothers Pvt Ltd	House No. E-11 (Kh. No.31/41/6), Gali No.5, Sadatpur Extn., Delhi, North East, Delhi	India
S1-113562677	Horizon American Computing	6808 Fm 1942, Baytown, TX	US
S1-46393001	Sada Trading Private Limited	H.No.3866, Gurgaon, Laxman Vihar, Railway Road, Haryana, Gurgaon	India
S1-704549631	Blevins Products	311 Susannah Avenue, Bardstown, KY	US
S1-209471003	Balaji Constructions	48, Gariahat Road, Calcutta-19., Calcutta, West Bengal	India
S1-994484438	Premier Agro Private Limited	Flat No 622, Plot No 80/81, 4Th Floor, Sector 17, Thane, Maharashtra	India
S1-380112041	Gurugram Metrology Pvt Ltd	#76, Verma Medicose General Store, Basai Road, Gurugram, Gurgaon, Haryana	India
S1-587166697	Ryan Constructions Private Limited	Gita Bhavan Ke Pass, Raghav Nagar, Hoshangabad, Madhya Pradesh	India
S1-345060893	Centerville Borough Quality Life	91 Emery Road, PA, Centerville Borough	US
S1-264390254	Hernandez and Collins, LLC	1766 Monte Avenue, Mesa, AZ	US
S1-843027795	White Spa P.C.	25338 Golden Tallgrass Drive, TX, Katy	US
S1-168638061	Watley Health Center	OK, Tulsa, Unit APARTMENT  421, 10220 32nd Street	US
S1-322346257	Acropolis (India) Technocrats	Sri Bachchu Sarkar, Chinmil, 10, Smp, Samastipur, Bihar	India
S1-450505045	Premier Marble Clinic	H.N. 627 Vill.Mamura, Gali No.5 Sector 66, Noida, Gautam Buddha Nagar, Uttar Pradesh	India
S1-937885990	Bangalore Lines Private Limited	No. 1004/835/1015/1, Property No.46/2A1A, Doddakallasandra Village, Uttarahalli Hobli, Bangalore, Karnataka	India
S1-448267040	Fuentes & Rohlf	801 Jean Street, City Of Neenah, WI	US
S1-608450740	Tirupati It	Cts No 269/33, Sno. 133/B, Shraddha Chenbers, Pune City, Pune, Maharashtra	India
S1-829950965	August and Estrada LLC	6603 Mesa Hollow Drive, Austin, TX	US
S1-30199686	New Hotel Logistics Limited	C/O. H.No-213, Ranjangaon Tq.Paithan Dist.A.Bad Paithan, Paithan, Aurangabad, Maharashtra	India
S1-104698097	Hanumat Eco Private Limited	C/O Vaasu, Sapaha Road, Near Bypass Chouraha, Kasia, Kushinagar, Uttar Pradesh	India
S1-755669927	Casoft Equity Partners Inc	61 Circle Drive, Unit 3010, Edwardsville, IL	US
S1-688317737	Foot & Ankle Group LLC	174 Jeff Avenue, Lexington, NC	US
S1-849533523	Jain High Investments Private Limited	Office No.1203, Mayuresh Chambers Premises Co-Op Soc Ltd., Plot No. 60, Sector No. 11, Cb, D Belapur, Navi Mumbai, Raigarh, Maharashtra	India
S1-729809220	Holy Baptist Church	7620 Sonatta Court, Lincoln, NE	US
S1-467885813	Prashanthi Law Chambers Limited	1St Floorsatidham Market, Amravati, Amraoti, Maharashtra	India
S1-553812355	Ember	6 Chrissy Court, Bear, DE	US
S1-930812304	Lee Strategic Huntington LLC	120 Broadway, Unit Apartment 2, Tarrytown, NY	US
S1-219716282	L G & B Range, LLC	29 Brandt Road, Hillburn, NY	US
S1-89892555	Patriot Coalition	25 Hope Street, Brooklyn, NY	US
S1-343988766	Cedillo Assets	4 Blossom Terrace, Mamaroneck, NY	US
S1-924726674	Hsg (India) Nath Private Limited	506/1 G.T.Road (South), Howrah, West Bengal	India
S1-853809995	Jones, Harris and Albert Corp	Pea Ridge, 1525 Ataway Street, AR	US
S1-769900022	Eye Physicians	181 Eisenhower Drive, Broadway Town, VA	US
S1-738455313	Gramm Siddhi Inc	21 Bailey Street, Unit 1, Lawrence, MA	US
S1-303067617	Smart Investments Private Limited	Kolkata, Gc Sector Iii Salt Lake, West Bengal, Howrah	India
S1-538930961	Aviation Agro Private Limited	House No - 71, Sector - 9, Vidya Vihar Appartments, Delhi, North West Delhi, Delhi	India
S1-646622577	Mambalam India Private Limited	10Th Floor, Phase 1, Iit-Madras Research Park, Kanagam Village, Taramani, Mambalam, Chennai, Tamil Nadu	India
S1-44028276	Delacruz & Toro Diana	WA, 4714 Highland Avenue, Tacoma	US
S1-693351627	Suma & Co Limited	New Delhi, House No. 55, South Delhi, First Floor, East Of Kailash, Community Center, Delhi	India
S1-14671612	Gour Productions Private Limited	North 24 Parganas, Vill-, Takshali Ps-Bagdah, C/O Raju Biswas, West Bengal, Beara	India
S1-619239421	Nvp Tech Private Limited	Kunnathunad, 15/217, Ward 15, Pinarmunda, Peringala P.O, Ernakulam, Kerala	India
S1-396804353	Miller & Shaw Lithium	1719 Redwood Lane, Cleburne, TX	US
S1-460474715	Galaxy Projects Private Limited	41-1-63, Krishnalankaganganamma Temple St, Vijayawada, Krishna Dist, Srikakulam, Andhra Pradesh	India
S1-21501904	Vision Care of Canton	3327 Middlebranch Avenue, Canton, OH	US
S1-495025805	Platinum Biomedical Corporation	2422 Sunset Drive, Rogers, AR	US
S1-614177129	Bangalore Net Private Limited	No B - 35, Kar Sports Compound Annaiah Reddy Layout, Chikka Kanahalli, Bangalore, Karnataka	India
S1-739349743	Reliable Hospitality Associates Inc	IN, 637 W Street, Bedford	US
S1-538010219	Coastal Artificial Inc	20691 62, Fl 1, Shady Cove, OR	US
S1-548474699	Wilt, Johnson and Sanchez	107 Westbrook Lane, Unit 7E, Elgin, TX	US
S1-568500353	International Sai Developers Private Limited	S.No:57/7W, P.No:149, Arch, Anthoniyar Ngr Ext I, Poonamallee, Tiruvallur, Tamil Nadu	India
S1-538417393	Dorthy Leinweber, D.D.S. PC	305 Park Street, Bristol, CT	US
S1-885082275	Valenti Advisors LLC	241 Windsor Drive, Bolingbrook, IL	US
S1-868756531	Cozy Hypnosis	Bloomfield, CT, 100 Boothbay Street	US
S1-331430250	Blue Coalition	8531 San Marcos Drive, Fl 1, Scottsdale, AZ	US
S1-872286983	MR Templeton LLC	2715 Old Town Club Road, Winston-salem, NC	US
S1-323042160	Omkareshwar Sangh Corp	A/2 Balaji Industrial Estate, Akurli Road, Kandivali East, Mumbai, Mumbai City, Maharashtra	India
S1-210577210	Red Pilates LLC	3525 Tonto Lane, Phoenix, AZ	US
S1-704294447	Phillips Forefront	422 Fairhaven Lane, Dallas, OR	US
S1-518131090	Ferrell, Malone and Merritt LLC	789 Terrace Drive, Roseville, MN	US
S1-779545052	Indian Software Private Limited	West Bengal, Howrah, Kolkata, 3Rd Floor, 11 Dr Rajendra Prasad Sarani	India
S1-487671350	Womens Health Specialists	Cuyahoga Falls, 220 Portage Trail, OH	US
S1-582394710	Intrepid Pri Private Limited	R 118, Nigal Lane Satpur Dist Nashik, Nashik, Maharashtra	India
S1-19638865	Sitton Pediatrics	11737 250, Vevay, IN	US
S1-781247039	Harbor Elite Real LLC	345 Hardin Street, Unit 1/2, Findlay, OH	US
S1-677360990	Plummer, Jemima, D.D.S.	10042 107th Avenue, Sun City, AZ	US
S1-981038536	Leela Diaz, DMD	1017 Blandin Street, Fort Worth, TX	US
S1-350474344	Ritech	3060 Ridgecrest, Unit 199, Mesa, AZ	US
S1-880198728	Blue Logistics Private Limited	C/O Ramsunder G Ii-18/472, G/F Sangam Vihar, New Delhi, South Delhi, Delhi	India
S1-253903411	Evince Industry Private Limited	5575/2 New Chanderwal, Delhi, North Delhi, Delhi	India
S1-325534933	Fowler Controls	718 Wisconsin Avenue, Des Moines, IA	US
S1-660135462	Metro Trust PLLC	NY, Staten Island, 19 Savona Court	US
S1-96102318	Sunrise Technology Private Limited	G-4 Tulsi - Shyamhighway Junction Wagle P O, Thane, Maharashtra	India
S1-940620478	Dhiraj Medical Centre	Flat No-305, 3Rd Floor, Pushpa Bhavan, Strand Road, Mumbai, Maharashtra	India
S1-423859342	Ghaziabad Spice Public Limited	Plot No. 21-22, Sector 15C Near Atal Chowk, Vasundhra, Ghaziabad, Uttar Pradesh	India
S1-105759394	Chiropractic Partners, L.L.C.	1142 Christina Street, NC, Fayetteville	US
S1-539160111	Bertina A. Hecker, Ph.D.	428 Duff Circle, Russell County, VA	US
S1-96023242	Nhs Estate Private Limited	Sn-21/2/2, Bl-D, Fl-204, Archana Green, Nibm Road, Kondhawa Khurd, Pune City, Pune, Maharashtra	India
S1-856099977	Superior Equity Innovations, Inc	1501 Estancia Avenue, Grants, NM	US
S1-9969684	Calderon Transport Inc	21 White Dogwood Lane, Waynesville, NC	US
S1-120496555	Ferdinanda Koval, DDS	905 Bedford Avenue, Altavista Town, VA	US
S1-325510823	Surgical Certified Center Inc	8000 Bradenton Drive, Charlotte, NC	US
S1-962846797	Fortune Food Limited	Sy. No. 183/12, Varthur, Bangalore South, Bangalore, Karnataka	India
S1-407110861	Teex	UT, Bldg BUILDING, 6087 Kingsford Avenue, Park City	US
S1-262562207	New Delhi Print Private Limited	93 Jorbagh First Floor, New Delhi, South Delhi, Delhi	India
S1-720987821	Keystone Medical Consultants LLC	1364 Alexis High Shoals Road, Dallas, NC	US
S1-983888274	Offshore & Sons	Plot No. 103 Office No.11 Satyam Multiplex Pt Deen Dayal Upadayay Puram, Sector 12A, Sikandra, Agra, Uttar Pradesh	India
S1-341752737	WX Realty Limited	C/O Reeta, 882/1, Mangla Colony, Karnal, Haryana	India
S1-309796844	DYU Total News Corp	2010 Ridgeview Lane, Seneca, SC	US
S1-630190662	Cornell, Ileana, CPA, M.D., P.C. PC	2205 W End Avenue, Nashville, TN	US
S1-875519441	Kemion Inc	6900 Natney Court, NE, Roca	US
S1-765222744	Revolorio All Bny	214 Willards Way, Stafford, TX	US
S1-800888221	Nitaque Blue Shore, LLC	423 Grand Canyon Drive, Los Alamos, NM	US
S1-297871294	Narayan Horti LLP	A/01 Sanay Landmark, Nr Neelkanth Villa, Gandhinagar, Ahmedabad, Gujarat	India
S1-859076669	Smith, Klamm and Zhang Inc	15 Center Street, Ardsley, NY	US
S1-727060606	Ferris Pioneer Soren	67 Evergreen Street, Cortland, NY	US
S1-681327199	Swastik Media Private Limited	162/252 1St Floor Magadi Main Road Sunkadakatte, Bengaluru, Karnataka, Bangalore	India
S1-772051050	Kaitlin Gibbs, D.D.S., DDS PC	NY, Bronxville, 106 Kraft Avenue, Unit Apartment 7	US
S1-605245275	Education International School	Sanvi Elite, Flat # 302, 81/82, 8Th Cross, Celebrity Pradise Layout, Doddathogur, Electronic, City, Bangalore, Karnataka	India
S1-864884859	Regional Transportation	28470 12, Elbow Lake, MN	US
S1-689025551	Keystone Media Digital	1200 Morgan Avenue, City Of Oshkosh, WI	US
S1-877284807	IM Biomedical Inc	4473 Mountainside Drive, City And Borough Of Juneau, AK	US
S1-963278693	High Business Limited	Co-Operative Nagar, No.88/3A2, Tamil Nadu, Thanjavur, Kumbakonam	India
S1-225094202	Hyderabad Builders Private Limited	H.No-2-48/69, Telecom Nagar Gachibowli, Hyderabad, Telangana	India
S1-388140174	Bangalore Industries Limited	No.73, 2Nd Cross, Road 3Rd Phase, J P Nagar, Bangalore, Karnataka	India
S1-983239281	Murphy Cleaning Service Inc	2310 5th Avenue, Sterling, IL	US
S1-890474880	Piedmont Allied Plus	200 Fairwood Road, Unit A, Bel Air, MD	US
S1-764935650	Comp Public School	C/O Workwise Solutions Pvt Ltd, Level -16, D Wing, Trade World Towers, Kamalia Mills, Lower, Parel, Mumbai, Mumbai City, Maharashtra	India
S1-833769341	Sjr Medical Centre Ltd	Shop No 7B, Pratik Chs Ltd, Navghar Rd, Nrtirupati Apt, Thane, Maharashtra	India
S1-249802923	Superior Realty Industries	900 Grove Parkway, Unit 3097, Tempe, AZ	US
S1-574661095	Martinez Star Eco LLC	2064 Whitecliffe Drive, Romeoville, IL	US
S1-479283242	Foot & Ankle Ridge Associates Partners	14 Summit Avenue, Savanna, IL	US
S1-906815673	Heartland Chemical LLC	22998 190th Street, Big Lake, MN	US
S1-246000051	Burke Pioneer	165 New Boston Street, Unit C, Woburn, MA	US
S1-353971520	Prime Industrial Technologies LLC	101 Highland Avenue, Unit Apartment 4N, Yonkers, NY	US
S1-406411080	Sarasanth Rolling Pvt Ltd	Uttar Pradesh, Hapur, Ghaziabad, 380 Upsidc, Mg Road Masuridhaulana, F-379	India
S1-747897639	Coastal Elite Saratoga LLC	56 Meadow Road, Townsend, MA	US
S1-466399708	Nirbhay Memorial Trust	14/25/29 Newmanekchowk, Millcompound Idgah Circle, Ahmadabad City, Ahmedabad, Gujarat	India
S1-727985435	Ayala & Noel House LLC	6630 Adirondack Drive, Toledo, OH	US
S1-496203213	Lyra P.C.	9959 Airport Road, Town Of Lincoln, WI	US
S1-571266030	Ss Estate Limited	10/001 Daffodils Co. Op. Hsg. Soc., Mahada Complex Oshiwara, New Link Road, Andheri (West), Mumbai, Maharashtra	India
S1-821734403	Vision Associates Inc	33114 Rush Creek Roe Road, Rushford Village, MN	US
S1-7332086	Grk Clinic Private Limited	2/61 Mahajati Nagar, P.O. Birati, Kolkata, Parganas North, West Bengal	India
S1-321115139	Sky Investments Pvt Ltd	1-23, Srinivasanagar, Kotturu, Srikakulam, Andhra Pradesh	India
S1-415986389	Upper Star Machine Works	115 Billy Jack Court, Greenacres, WA	US
S1-960175697	Agile & Sons Limited	#22 & 22/A, Karnataka, Mysore, 5Th Main, 15Th Cross, Mysore	India
S1-281050399	Mountain Midwest Douglas, LLC	302 Bingo Road, Waite, ME	US
S1-521626372	Bernadette Mastrangelo Crane LLC	3723 Peachtree Circle, Manhattan, KS	US
S1-937974570	Fitech LLC	1525 D Street, Washington, DC	US
S1-881381966	Services International Marketing LLP	C/O Dhruvraj Yadav, 152 Lakhapur, Lalganj, Pratapgarh, Uttar Pradesh	India
S1-286912300	Friederike Mullally Platinum Payments Inc	1341 Clifton Street, Unit 202, Washington, DC	US
S1-28043184	Eastern Business Private Limited	16/1 Shakker Bazar, Indore, Madhya Pradesh	India
S1-266618179	Harbor Mountain Jpmorgan L.L.C.	3453 Old Us 35, Washington Court House, OH	US
S1-165006073	Traditech LLC	602 Bromo Court, Canton, OH	US
S1-272959641	New Delhi Services Private Limited	1043/2, Ward No-8, Mehrauli, South Delhi, New Delhi, South West Delhi, Delhi	India
S1-598464407	Housing Association	386 Grove Street, Saint Paul, MN	US
S1-335448451	Taex Direct Charlton Inc.	1362 Bryant Court, Horsham Township, PA	US
S1-787062122	Lyrio Hair Studio	18 Poplar Drive, Champlain, NY	US
S1-455528741	Triveni Medical Centre	301-302, 3Rd Floor, Good Earth City Center Sector-50, Gurugram, Gurgaon, Haryana	India
S1-162915408	The Dent Hypnosis	817 Ridgeway Drive, Oneonta, AL	US
S1-36340489	New Delhi Foundation Limited	C459, Defence Colony, New Delhi, South Delhi, Delhi	India
S1-207411630	Orthopedic Health Inc	6113 Revere Drive, Bowerston, OH	US
S1-750269876	Prapti & Associates	Samastipur, Madudabad, Near Hanuman Mandir Tanra, Bihar, Samastipur, Ward 06	India
S1-750809986	VIO Select LLC	850 Basswood Ln, Iowa City, IA	US
S1-158085956	Kolkata Buyers Corporation	Near Maity Weighbridge, Saha Chowk, Nh-6, Kharagpur, Paschim Medinipur, Kolkata, Howrah, West Bengal	India
S1-848725980	Good It Private Limited	Plot No 325 Door No 16 Kamarajar Salai Alwarthiru Nagar, Chennai, Tamil Nadu	India
S1-922763288	Swastik Marketing Limited	Giriraj Foils Pvt Ltd, Room No. 4, First Floor, Udyog Nagar, Mathura, Uttar Pradesh	India
S1-525910009	Fort Sumner Education League	260 Main Avenue, Fort Sumner, NM	US
S1-911454190	Big Systems Private Limited	28 Neela Kanth Colony Queens Road Vaishali Nagar, Jaipur, Rajasthan	India
S1-817555708	Zephyr, LLC	17 Craftsbury Road, Hardwick, VT	US
S1-441168324	Latia's Ridge Environmental Services	122 Bay Boulevard, City Of Havre De Grace, MD	US
S1-80257819	Simhapuri Infocom Private Limited	Sco No.247, Ff, Omaxe, World Street, Sector-79, Baroli, Ballabgarh, Ballabgarh, Faridabad, Haryana	India
S1-164105080	Botts & Williams	1033 1300, Provo, UT	US
S1-941277539	Aiman Clinic	Vpo Lehra Ludhiana Malerkotla Road, Ludhiana, Punjab	India
S1-106634123	Continental Health Industries Inc	50 Hunter Street, Unit 135, Cary, NC	US
S1-73168475	Nautilus & Co	Altamount Road, 707-Olympus Apartment, Maharashtra, Mumbai	India
S1-205719324	Hariom Trust	Hs-37, First Floor, Kailash Colony Market, New Delhi, Delhi	India
S1-650157112	Green Media Private Limited	68/1523, 5Th Floor, Cm Mathew Brothers Arcade, Near Westway Hotel, Chakkorathukulam, Kozhikode, Kerala, Kozhikode, Kerala	India
S1-144616959	Galore (India) Homes Pvt Ltd	673, 1, 2 672, 7 Plot 9B 2Nd Floor, Lokesh Society Bibwewadi, Pune City, Pune, Maharashtra	India
S1-560660986	Patriot Express Dollar Corp	12972 Whippoorwill Lane, Lake Of Egpyt, IL	US
S1-360875181	Aparna Institute of Technology	D-66 G/F, Chhatarpur Enclave, 60 Futta Road, South West Delhi, Delhi	India
S1-960939560	Honest Infra LLP	4, Radha Kanto Deb Lane Shyampukur, Kolkata, Kolkata, Howrah, West Bengal	India
S1-809850478	Nichols, Giorgia E., DPM, PC	844 G Street, Ontario, CA	US
S1-857718628	Red Hospitality Private Limited	Shop No.11, 1St Floor, Business Park, Yawal Rd, Bhusawal, Jalgaon, Maharashtra	India
S1-947498189	Studio 94 Massage Partners	6565 Goodan Lane, Missoula, MT	US
S1-576111615	OKX Krafts Private Limited	Manacaud P.O, Trivandrum, Emke Manzil, Kallattumukku, T C 43/737, Kerala	India
S1-84454154	Electronic Realty Collective Company	NC, 1179 Twin Branch Drive, Lexington	US
S1-690165765	Cardiology Care LLC	2238 Fallen Timber Drive, Sandusky, OH	US
S1-703420933	Cruz Regional Wellness, Inc	10306 Pine Moss Drive, Houston, TX	US
S1-419530346	Global Media Partners, Inc	6439 Maplewood Drive, Fairfax County, VA	US
S1-494953513	Narayan Associates LLP	2Nd Floor, P-29 Cit Road, Entally, Kolkata, Kolkata, Howrah, West Bengal	India
S1-658113867	Peo Interstate Resilience LP	6405 Sun River Drive, Sacramento, CA	US
S1-985353616	Pediatric Partners of Bloomington L.L.C.	719 Jefferson Street, Unit 1, Bloomington, IL	US
S1-931236704	Y X & Y Rexford, LLC	118 Cherokee Road, Nashville, TN	US
S1-260171510	Primary Care Anchor Medicine	803 Riverside Drive, Unit L, Columbia, TN	US
S1-695199148	Muth, Karlin and Eakins LP	5145 7th Street, Unit 133, Phoenix, AZ	US
S1-801554025	Transcontinental Electronics Labs, LLC	429 Schleter Court, Seymour, IN	US
S1-261516812	Feliis Management LP	5918 Laguna Vale Way, Elk Grove, CA	US
S1-700871458	Boa Center	26021 75th Street, Village Of Salem Lakes, WI	US
S1-171730624	Al Memorial Trust LLP	8, Shimpoli Road, Kastur Park, Shivajinagar Borivali West, Mumbai, Mumbai City, Maharashtra	India
S1-6203726	XY Value Arbor Inc	715 Glenn Avenue, Unit 78, Auburn, AL	US
S1-907718048	Royal Nidhi Pvt Ltd	Uttar Pradesh, Navi Kot Nandana, Bakshi Ka Talab, Lucknow, 15 Km Sitapur Road	India
S1-831699592	White Jai Construction Private Limited	46, Fase-B, Rajul Township, Tilhari, Jabalpur, Madhya Pradesh	India
S1-962138197	Rangel Impact Inc	Cookeville, TN, 500 Mcculley Lane	US
S1-83999560	Smith & Summers LLC	1077 Duncan Drive, Edwards, MO	US
S1-388107390	Eye Grand Center LLC	3430 Breckenridge Ln, Unit 4, Louisville, KY	US
S1-855509392	Behavioral Health Group	6992 Jericho Tree Drive, City Of El Paso, TX	US
S1-581954611	Green Research Concepts LLC	4411 Old Town Drive, Winston-salem, NC	US
S1-226601508	South Bright Infra Pvt Ltd	Plot No.31, Udyog Giri Industrial Estate, Purena, Panna, Madhya Pradesh	India
S1-886797971	One Surya Impex Private Limited	606 Rupa Solitaire Bldg., Millennium Business Park, Thane, Maharashtra	India
S1-886783544	Surgical Harbor Clinic LLC	139 Woodlake Drive, Albemarle County, VA	US
S1-222158331	Sbs Chits Private Limited	408 Maker Bhavan No 11121 New Marine Lines, Mumbai, Maharashtra	India
S1-702839485	Buckhorn Sanayi Inc	80 Pine Crest Lane, Buckhorn, KY	US
S1-884004504	Real Builders Private Limited	Plot No.43, Ratan Sagar, Jaipur, Rajasthan	India
S1-316381015	Eastern Products Private Limited	S 231/3A/4/3B, Lunkad Gold Coast Lohagaon, Vimannagar, Pune, Maharashtra	India
S1-693824391	India Golden Sustainability Ltd	C-85, Block C Basement, East Of Kailash, New Delhi, South Delhi, Delhi	India
S1-317853222	Haber Family Practice PC	1505 Fairway Drive, Naperville, IL	US
S1-598127082	Cook Investments	117 Atlantic Street, Tullahoma, TN	US
S1-622705461	Foot & Ankle Associates LLC	12416 Fitzhugh Road, Austin, TX	US
S1-587815674	S & Y Antimony, LLC	10777 Beach Comber Way, South Jordan, UT	US
S1-48468624	Duren, Wright and Lott Inc	1270 177A, Bonifay, FL	US
S1-422580152	Creative Diagnostic Corporation	5532 Brockway Road, Moravia, NY	US
S1-592689713	Standard Education Innovations P.C.	3200 174, Cleburne, TX	US
S1-176194386	Garuda Brothers Pvt Ltd	914, Floor - 0, Arun Nagar, Anantpur, Huzur, Rewa, Madhya Pradesh	India
S1-450779692	Drayari Rogers Inc	4510 Lessie Trail, Rocky Mount, NC	US
S1-481696429	Signature Cascade Neuberger	20010 Hematite Street, Ironton, MN	US
S1-934916920	Ludwig, Martinez and Gil Bioscience L.L.C.	TN, 310 Main Street, Rossville	US
S1-279963049	Hunger Charities	95 Division Street, Unit Apartment 303, Amsterdam, NY	US
S1-300150294	Professional Cargo Systems LLC	528 Birkdale Circle, Painesville Township, OH	US
S1-552930489	Becker News	4947 Harmony Highway, Hamptonville, NC	US
S1-920809802	Digital New Constructions Private Limited	# Plot No 71, Flat No 101, 1St Floor, Sri Hanuman Residency, Abdullapurmet, Turkayamjal, Near Bharat Petroleum Pump, Rangareddy, K.V.Rangareddy, Telangana	India
S1-838038830	Allied Unified Onfolio, LLC	TN, 7508 Oaken Drive, Halls Crossroads	US
S1-194575610	Digital Consultants Private Limited	S14/1, 80Ft. Road Koramangala, 1St Block, Bangalore, Karnataka	India
S1-85962871	Happy Coffee	215 Brightmore Drive, Unit 248, Cary, NC	US
S1-414800915	Galaxy Builders Pvt Ltd	No.Sp-99 Southern Avenue Roadambattur Chennai-58, Tamil Nadu, Chennai, Tamil Nadu	India
S1-54262220	Interstate Medical Consultants	84 Bethany Lane, Mount Pleasant Township, PA	US
S1-314822990	Shree Mountains (India) Ltd	Jai Pal S/O Sh. Munsi Ram, Amin, Thanesar, Kurukshetra, Haryana	India
S1-284516450	Dental Metro Physicians LLC	1904 Hannah Lane, Fl 1, Medford, OR	US
S1-640415938	First Systems Pvt Ltd	B-1102, Aurum Bldg, Unnat Nagar 2, Plot 51 To 55, Goregaon West, Mumbai, Maharashtra	India
S1-882525659	UQF Narain Private Limited	Hig - 11 And 12, Flat No. 301, Anusha Enclave Dharma Reddy Colony, Phase - Iii, Kphp C, Olony, Hyderabad, Telangana	India
S1-672145797	Clear Apparel International LLC	WA, 4104 34th Avenue, Spokane	US
S1-59683005	Hilda S. Jones, CPA	700 Forrest Avenue, Gadsden, AL	US
S1-827674193	Towery Renewables LLC	110 Ronda Lane, Unit APT 1103, Chanute, KS	US
S1-254283235	Chiropractic Best Specialists LLC	2760 Timberlake Boulevard, Parmele, NC	US
S1-451587046	Phoenix Remedies Limited	Temple Terrace55 Forjett Street, Mumbai, Maharashtra	India
S1-339984346	Raj Solutions Private Limited	G-53 Kh 437 Plot No 39, Abdul Fazal2 Shaheen Bagh, New Delhi, South Delhi, Delhi	India
S1-474238742	Sky Energy Pvt Ltd	402, Mughal Canal 2Nd Floor, Karnal, Haryana	India
S1-160697317	Oncology Gulf Health LLC	7423 Sandhill Road, Alabama, NY	US
S1-456832356	Laxminarayan Traders Private Limited	Flat No. 603, Floor - 6, Wing B1, Chabiya Garden B1, Vihang Garden, Opp Remand Co., Thane, Maharashtra	India
S1-162661524	Pacific Royal Triumph	CA, 666 21st Street, Upland	US
S1-165821673	PK Solutions LLP	Kolkata, Parganas North, Bl C/1, West Bengal, 2Nd Floor Fl 210 Ba 1 Deshbandhunagar Baguihati	India
S1-797088569	PB Japan	7671 Wymm Lane, Ingalls, IN	US
S1-892387893	Nageshwar Infra	9, 2Nd Flr, Divya Commercial Complex Co-Op Soc Ltd Road No 17, Chembur, Mumbai, Mumbai City, Maharashtra	India
S1-594652071	Tirumala & Co	Goregaon East, Mumbai, 4 Flr C Wing Near Service, Maharashtra, Lift- Ele Nesco It Park	India
S1-197321226	Yd Clinic	Skylon, G.I.D.C., Char Rasta, Gujarat, Vapi, 502, Valsad	India
S1-632423340	Rodriguez Priority	1 Waquoit Landing Road, Falmouth, MA	US
S1-11586688	Best Management Private Limited	Betadur Compound, Behind Govt Primary School No-11, Malama, Ddi, Dharwad, Dharwad, Dharwar, Karnataka	India
S1-578838558	Commission on Buildings	302 Plumleaf Court, Williamson County, TN	US
S1-179187000	Classic Vision International Private Limited	170, Pogare Galli, Hadgaon, Nanded, Maharashtra	India
S1-470491777	Foot & Ankle Creative Group	1907 Pontius Drive, Katy, TX	US
S1-868837587	Carstens and Adcock Transition, LLC	1558 Margaret Street, Saint Paul, MN	US
S1-694182133	Ganesh Brothers LLP	Uttar Pradesh, The Nest Flexi Homes Assotech House, Gh-06, Sector-1, Crossing Republic, Dundahera, B-126, Ghaziabad	India
S1-922659438	4185 Fifth Boulevard Holdings	3761 Paxton Avenue, Cincinnati, OH	US
S1-398786075	Woods & Rivero Ave Inc	850 Highway 9, Unit Apt D3, Salem, AR	US
S1-194367872	Capital Foundation of Toney Inc	Toney, 5755 Old Railroad Bed Road, AL	US
S1-634531466	Heinemann Family Practice	2944 Majestic Oak Circle, Cottonwood, CA	US
S1-622583375	Creative Products Private Limited	Bld No Q, Gala No. 46 47, Ground Floor, Jai Mata Di Compound, Kalher, Bhiwandi, Thane, Maharashtra	India
S1-351916067	Jay Builders Private Limited	17/3 B, The Mall, Kanpur, Uttar Pradesh	India
S1-189760059	Information Maintenance Private Limited	Mauja- Kumhara Kheda, Phn-47/23, Gotegaon, Narsinghpur, Madhya Pradesh	India
S1-648037983	Economic Technologies Private Limited	No.6, Rayala Towers781/785, Anna Salai Chennai, Chennai, Tamil Nadu	India
S1-759980470	Narsingh (India) Television Ltd	R/701, 12Th Floor, A Wing, The Primodial House, Mumbai, Maharashtra	India
S1-688011487	Mavra's Cleaning Corp	167 Edsel Mcqueen Lane, Shady Valley, TN	US
S1-30858414	Cleveland Spruce	Cleveland, 7409 Dearborn Avenue, OH	US
S1-36725177	Shiv Investment Pvt Ltd	No. 24, 2Nd Cross, R Garden, K-Palya, Bangalore, Karnataka	India
S1-989660360	Marylou Meadows, DDS, DDS PC	261 Mohawk Drive, High Point, NC	US
S1-258083196	Arts Charities PLLC	Westwood, MA, Unit 231, 10 Longwood Drive	US
S1-384288104	Enterprises Dolphin Salons Clinic	G-14, Sector- 3, Noida, Noida, Ghaziabad, Uttar Pradesh	India
S1-616158497	Total Construction Studios	3431 Donald Street, Eugene, OR	US
S1-300003537	Hamlet Recruitment Limited	West Delhi, Delhi, Chandanwari Plot No - 8, Sector - 10, Dwarka, New Delhi, Flat No - 774	India
S1-601249893	Great It Pvt Ltd	Jogeshwari West, Maharashtra, Of-A1101 Cts No 280, Mumbai, Village Bandivali East	India
S1-227748745	Platinum Enterprises	IL, Chicago, 2452 38th Street	US
S1-876809817	Oconnor Integrated Avalanche	15136 Roma Avenue, Goodyear, AZ	US
S1-42123921	Vj Group of Companies Co	3/374, Kallummoottil Veedu, Karavaram.P.O., Kallambalam, Thiruvananthapuram, Trivandrum, Kerala	India
S1-119204641	Good Management Pvt Ltd	Xv/116D, Sruthi, Chathiyara Thamarakkulam, Alappuzha, Kerala	India
S1-637770094	Haus Tri-State Distribution Center	9287 Sully Cove, Fort Wayne, IN	US
S1-540910123	Arar Sangh	Tessco City, Madurai - Melur Four Way Main Road Chittampatti, Madurai, Tamil Nadu	India
S1-102539308	Bergman & Love Express	Brooklyn, 152 Sterling Place, NY	US
S1-893723763	Gujarat Foods Private Limited	2Nd Floor, Sudama Bhawan Boring Road, Patna, Bihar	India
S1-37742064	Tennison, Lynn & Roberts Pennantpark LLC	16827 Glisan Street, Gresham, OR	US
S1-874186187	Thompson Arrived LLC	114 Hale Avenue, Darby, MT	US
S1-691258462	Modern Healthcare Private Limited	A 26/104 Siddharth Nagargoregaon (W), Mumbai, Mumbai City, Maharashtra	India
S1-518442649	Sai Global Pvt Ltd	117/H-2/110 Pandu Nagar, Kanpur, Uttar Pradesh	India
S1-597413338	Fisher Midland of San Tan Valley Inc	663 Kelsi Avenue, San Tan Valley, AZ	US
S1-9139280	U & K Vulcan Inc.	624 Storms Road, Kettering, OH	US
S1-169745768	Shakti Krishna Business Pvt Ltd	.Extension Seetammadara, Visakhapatnam, Hyderabad, Andhra Pradesh	India
S1-377473760	Acevedo, Newsome & Mcadams Inc	425 Newport Avenue, Unit 3, Quincy, MA	US
S1-743443540	Arihant Sree Technologies Private Limited	5, Masi Lamani Colony, Ist Fr.Off Sir D.S. Sivasamy Salai Palur Kanniappa Street, Mylapore, Madras-4, Tamil Nadu	India
S1-22787965	DRB Resorts Private Limited	Flat No. 5801 And 5901, W Lodha World, One Senapati Bapat Marg, Lower Parel, Mumbai, Maharashtra	India
S1-781841522	Eleni Wright, L.C.S.W.	1684 5th St, Unit 3, Coralville, IA	US
S1-433322280	Beth Lutheran Church Corp	16057 Summer Road, Noblesville, IN	US
S1-923974617	Prairie Ministries	3435 Tall Tree Lane, Lysander, NY	US
S1-838479227	Elegent International-Mumbai	We Work Enam Sambhav, C-20 G Block Rd, G Block Bkc, Bandra Kurla Complex Bandra East, Mumbai, Maharashtra	India
S1-289725508	New Engineering Private Limited	No.70, Palayam Bazzar, Woraiyur, Tiruchirappalli, Tamil Nadu	India
S1-357379595	Lireia	UT, 2017 Wheeler Lane, Heber City	US
S1-614538636	F+ Service LLC	98 Tashmoo Avenue, Tisbury, MA	US
S1-321406398	Aguilera, Tamayo and Soter LLC	549 Glades Road, Sunbright, TN	US
S1-721883039	Indo Agro	Bangalore, Karnataka, H.No#353 2Nd Floor, Bangalore, Ashwath Nagar, Marathahalli	India
S1-708050947	Castellanos Disciplined	141-21 Hook Creek Boulevard, Rosedale, NY	US
S1-845490846	Black Star Infotech Limited	H.No.2-5 Gangadevi Colony, Nerada, Chityal Mandal, Nalgonda, Telangana	India
S1-87539810	Nordic Ventures Private Limited	111 Periyar Nagar Periyar Nagar 1, Erode, Tamil Nadu	India
S1-748018861	Elma Physical Therapy Group	290 Girdle Road, Bldg Garage, Elma, NY	US
S1-340740905	Mumbai Integrated Private Limited	The Capital, Level 3, Plot No. C-70, G Block, Bandra Kurla Complex, Mumbai, Maharashtra	India
S1-470334399	Integral Farmer Private Limited	44, Ahmedabad, 45 Krishna Nagar Society, Opp. Sarvamangal Hall Nr. Swami Vivekananda Circle, Memnagar, Ahmedabad, Gujarat	India
S1-368389223	Mccusker, Mckinney and Patel LLC	917 Elizabeth Drive, Birmingham, AL	US
S1-944606175	Telenet Israel Inc	1444 Church Street, Unit 404, Washington, DC	US
S1-85449419	Luhrs Systems, LLC	8818 Prospect Street, Niles, IL	US
S1-59304689	Frontier Alliance	407 Ocean Avenue, Brooklyn, NY	US
S1-856602787	Rocky Network	12524 Naples Street, Unit Unit F, Blaine, MN	US
S1-572683904	Shakti Software Private Limited	No.106, Shed No 3, Sidco Industrial Estate, Malumichampatty, Coimbatore, Tamil Nadu	India
S1-566971654	Rivera Securities LLC	1626 Woods Street, Sherman, TX	US
S1-875368283	Frederick Keystone Cafe Inc.	5162 Havering Way, Prince William County, VA	US
S1-584642015	Strategic Telecom Concepts	1423 29th Street, Puyallup, WA	US
S1-28971653	First Consumer Enterprises LLC	NC, 264 Cedar Lake Farm Road, Cherryville	US
S1-991414124	Management Sn India Pvt. Ltd.	C/O Prabhu Singh S/O Sher, Sector -5, Sainik Basti, Churu, Rajasthan	India
S1-839831299	Manomay Center Limited	1A, Madan Mohan Burman Street, Kolkata, Howrah, West Bengal	India
S1-305281102	Patriot Pediatrics Inc	705 Villa Vanessa Drive, City Of El Paso, TX	US
S1-1139408	Herman, Salinas and Williams Inc	1802 Montclair Avenue, Wilmington, DE	US
S1-98259614	Victor Heart Foundation	2663 Smith Creek Lane, Victor, MT	US
S1-572625827	Juline Duquette Express Chenghe	2304 7th Avenue, Unit STE F, Bozeman, MT	US
S1-514396918	Solutions Quad Kendra Private Limited	House No. 9, Basant Vatika Inder Nagar, Basant Enclave, Ludhiana, Punjab	India
S1-901555211	Rose Exim Private Limited	C/O Kondiram Trimbak Divekar 52, Waghadi Gaithan, Paithan, Aurangabad, Maharashtra	India
S1-592162925	Diane Kuhn Platforms LLC	102 Prairie Street, Ionia, IA	US
S1-282192452	Coastal Harbor Futurewave-Puyallup	12523 179th Street, Puyallup, WA	US
S1-146743499	Medical (india) Private Limited	401 Jems Ville, Plot No 121, Cts No B/696, Of Village Bandra, Dr Peter Dias Road, Mumbai, Maharashtra	India
S1-817703731	Caravan Ventures	No. 33, Thirukamu Street, Viluppuram, Villupuram, Tamil Nadu	India
S1-208520642	Fresh Broadcast Consultants LLC	5 Wenmore Court, Smithtown, NY	US
S1-649219236	Palacios, Michaels and Hudson White	451 Kings Drive, Freeport, TX	US
S1-621075768	Bishop and Quarles LLC	25201 Mc 85, Unit 1019, Buckeye, AZ	US
S1-14446161	ODM Interactive Care	A10, 4Th Floor, Jose Annex Building Jose Junction, M G Road, Ernakulam, Kerala	India
S1-796842209	Sun Consultancy Private Limited	Telangana, Hyderabad, 8 2 469 Plot No 11 Road No.5 Banjara Hills	India
S1-49354185	Pope Total Pono Inc	22 Old Pasture Drive, Danbury, CT	US
S1-316234564	Marshall Wheat Co	Unit No 3 & 4, Navketan Industrial Estate, Off Mahakali Caves Road, Andheri (East), Mumbai, Mumbai City, Maharashtra	India
S1-887077635	General Marketing Digital	2736 Woodstone Drive, Fl 2, Grove City, OH	US
S1-903830077	North Foods Pvt Ltd	Maharashtra, Pune, Flat No. A/902, S. No. 221 To 223, The Spires, Pune City, Haveli	India
S1-468204863	Pediatric Physicians Corp	154 Rosewood Street, CA, Rialto	US
S1-112447030	NLO Solutions Private Limited	Saguna More Pragati Nagar Khagaul Road, Patna, Bihar	India
S1-884116569	Square Solutions Private Limited	Unit No. 115, First Floor, Vardhman Market, Plot No. 10, Lsc Near Rajya Sabha Society, Pitampura, Delhi, North West Delhi, Delhi	India
S1-388801777	Cinder	Everett, 213 109th Place, WA	US
S1-643024884	AE Marshall Inc	9515 Church Avenue, Brooklyn, NY	US
S1-875089367	Family Committee	804 Lizabeth Drive, Johnson City, TN	US
S1-985685139	New Green Public Limited	2/22, Parishram Hsg Co-Op Sco., Dattapada Road, Opp. Rajendra Nagar Police Station, Bori, Avli (E), Mumbai, Mumbai City, Maharashtra	India
S1-380980825	Hp Fingrow Private Limited	# 401 6Th Main Motappa Palya Indiranagar, Bangalore, Karnataka	India
S1-175476628	Keystone Consumer Brands	Ontario, CA, Unit UNIT 21A, 3351 Inland Empire Boulevard	US
S1-927440532	Valenka Gutierrez Strategic Engineering	1604 Peoples Avenue, Troy, NY	US
S1-599636191	Ayn Wallace Battery LLC	3 Oakley Court, Newark, DE	US
S1-885101561	Lucky Auto Body!	101 Vine Street, Jackson, OH	US
S1-806968166	Dublin Family Mountain Chiropractic	4760 Over Vue Boulevard, Unit 148, Dublin, OH	US
S1-613289911	Dream India Private Limited	C/O Salila Rout, Diha Sahi, Sankarpur, Cuttack, Orissa	India
S1-75569448	Advance Electrical Private Limited	No-2/18, B.B.Market Comp, Bhubaneswar, Khordha, Orissa	India
S1-809232430	Dermatology Care Group	AR, 808 Otis Street, Kibler	US
S1-316056178	SSA Cambridge Inc	5306 Ave L, Galveston, TX	US
S1-636381382	PYE Service LLC	15456 38th Avenue E, Bixby, OK	US
S1-275418508	Midwest Valley Aura LLC	Bldg 1053, TX, Ft Bliss, 1053 Cassidy Road	US
S1-779321935	Rueda Braves PLLC	4901 Linden Oaks Avenue, Durham, NC	US
S1-990235790	Munoz Health Center LLC	24 Chester Street, Buffalo, NY	US
S1-664954218	Gold Consultancy Limited	Flat No-821, 8Th Floor Devika Tower, 6 Nehru Place, New Delhi, South Delhi, Delhi	India
S1-153495462	Clark & Alomar Partners	4350 Charter Oak Road, Phoenix, AZ	US
S1-362114764	Kolkata Aids Pvt Ltd	M-268, Sukanta Nagar Ground Floor, Bidhannagar, Salt Lake City, Sector Iv, Kolkata, Howrah, West Bengal	India
S1-358824653	Creative Care Private Limited	Office No 1, 3Rd Floor, Stellar Okas 1425, Plot No. 5, Sector-142, Noida, Noida, Gautam Buddha Nagar, Uttar Pradesh	India
S1-407763555	Signature Education Company	298 Beacon Mews Court, Westminster, MD	US
S1-930566027	Me Benefits Limited	1St Floor, Shiv Residency Millanpally, Near Childrens Park, Siliguri, West Bengal	India
S1-430490711	Primary Care Associates of Clarkston LLC	2644 22nd Street, Clarkston, WA	US
S1-367471076	G & A Wireless	Unit UNIT J, CA, 827 Palmetto Avenue, Ontario	US
S1-816124055	Safe Analytics Labs, Inc	140 Wynwood Drive, Clarksville, TN	US
S1-110496364	Southern Solutions Private Limited	Khasra No 338 & 339 Ground Floor, Village Bakoli, Delhi, North West, Delhi	India
S1-482671822	Pettyjohn Deep	469 Ponder Place, Unit 602, Nashville, TN	US
S1-364335336	Dora Vidyalaya Private Limited	Ia-101, Salt Lake City, Sector - Iii, Kolkata, Kolkata, Howrah, West Bengal	India
S1-164102246	Ss Engineering LLP	S/O:Gorakh Prasad, A-192 Mata Mohalla Tekhand Village, Okhla Phase-1, Industrial, Area, South Delhi, Delhi	India
S1-472219635	Primary Care Specialists LLC	706 Fort Lane, Royse City, TX	US
S1-979335112	Bettiah Constructions Pvt Ltd	C/O Sanjay Kumar, Chuhari, Jiachha Tola, Chanpatia, Bettiah, West Champaran, Bihar	India
S1-407968062	562 Union Properties LP	2616 Mason Street, Houston, TX	US
S1-343120688	Mamta Research (India) Private Limited	2020/01, F/F Katra Lachoo Singh, Bhagirath Palace, Delhi, New Delhi, Delhi	India
S1-852145137	United Medical Centre	G-5, Third Floor Sector - 3, Noida, Noida, Gautam Buddha Nagar, Uttar Pradesh	India
S1-572764457	Caldon Viking PLLC	2414 Franklin Street, IN, Evansville	US
S1-45618907	Anchor Companyprivate Private Limited	No 126, 2Nd Floor, 3Rd Block 47Th Cross, Rajajinagar, Bangalore, Karnataka	India
S1-34766733	Kolkata Da Limited	1/2, Darpanarayan Tagore, Street, 1St Floor, Kolkata, Kolkata, Howrah, West Bengal	India
S1-172837338	Exports Sais Digitech Private Limited	D- 29, Lower Ground Floor Jangpura Extention, New Delhi, South Delhi, Delhi	India
S1-807488484	Fredra Jackson Berto	11031 Mathis Mountain Road, Huntsville, AL	US
S1-533395067	Better Valley	12230 Fannin Parkway, Tyler, TX	US
S1-307889949	Kris Dukes Apex LLC	311 Lunar Street, Sidney, OH	US
S1-149222539	Universal Constructions Private Limited	Near Nirankari Bhawan 23/2, Tohana Road, Ratia, Dist. Fatehabad, Haryana, Fatehabad, Haryana	India
S1-701772420	Sree Shooting Pvt Ltd	House No.54, 2Nd Floor Pocket 20, Sector 24, Rohini, North West, Delhi	India
S1-411923414	Crisman Fresh Indigo Group	2707 Manitou Road, Ogden, NY	US
S1-948429848	United Consulting Private Limited	Nashmeman, Nagar, Talab Katta, 18-7-426/40/A, Telangana, Charminar, Hyderabad	India
S1-458312102	Vasontech Ace Citizens	NY, 653 Draht Hill Road, Elmira	US
S1-523975283	Coleman, Diaz and Felix Douglas Inc	4660 Waterford Circle, Stow, OH	US
S1-775132598	Tate Fund LLC	831 Outlook Avenue, Cheshire, MA	US
S1-799035976	Valley Foundation	5150 Inspirian Parkway, Unit 1046, Mesa, AZ	US
S1-268105500	Maid Seafood!	1073 Blythe Street, Memphis, TN	US
S1-531346304	Chris Traders Private Limited	C71-302, Shree Anand Nagar Chs Ltd, Opp.Blue Bell Bldg, Shivaji Road, Dahisar, Mumbai, Mumbai City, Maharashtra	India
S1-792063186	Medium Academy Private Limited	Harmony Society, B-1/6, New D.P Road, Aundh, Pune, Maharashtra	India
S1-72483440	Sacred Sai Pvt. Ltd.	Aswathy Apartments, Second Floor, Pullazhy, Thrissur, Kerala	India
S1-142467470	Sterling Connection LLC	928 Bundy Avenue, IN, New Castle	US
S1-634621721	2581 Second Drive Management Inc	906 Riverside Court, TX, Friendswood	US
S1-203664594	Technologies Poorva Multiplex Private Limited	R. No.1, Bhoite Chawl, Krishna Nagar, S.N.Dube Rd., Dahisar East, Mumbai, Mumbai City, Maharashtra	India
S1-243240760	Zeis Holdings	25421 607 Lane, Grove, OK	US
S1-314263708	Srs Brothers Private Limited	Jaipur, Khasara No.2072, Rajasthan, Navodi Ki Dhani, Chomu, Jaipur	India
S1-989256963	Ziraora Constructions Private Limited	Peravurni, Tamil Nadu, Thaluka Keezha St Nadiyam, Thanjavur, 234 Nadiyam Peravurani	India
S1-205908021	Clea L. Martin, DDS, DDS PC	5300 Hamilton Avenue, Unit 908, Cincinnati, OH	US
S1-987511511	FYT Developers Pvt Ltd	Flat No: 202, Sri Lakshmi Enclave, Bandaru Layout Plot No: 11, 24 And 25, Nizampet, Hyderabad, Rangareddy, Telangana	India
S1-922452887	Shalu & Partners LLP	H No-5-428, Ramcahadrapuram, Konijerla, Khammam, Telangana	India
S1-916642103	Modern Equity Ventures	137 Pratt Street, Babylon, NY	US
S1-375123185	Somiia PC	3809 Stratford Ln, Saint Matthews, KY	US
S1-370370640	Varun Metals Private Limited	R-655, New Rajinder Nagar, New Delhi, Delhi	India
S1-133036769	Tabbitha Christy, O.D.	375 Cypress Creek Drive, Camden, TN	US
S1-399697863	Witt Management LLC	2018 Robb Street, Baltimore, MD	US
S1-727343864	Ramesh Marketing Private Limited	Bangalore, Karnataka, No 6/32/5A Ground Floor 4Th Cross Somasundarapalya Hsr Layout Extension, Bangalore	India
S1-962136512	Fortune Technologies Private Limited	Palladam, S.F No: 62-1-B-2, Tamil Nadu, Naranapuram Village Arivoli Nagar Road, Arumuthampalayam, Coimbatore	India
S1-257552083	Modern Engineering	E 601, Shree Ashtavinayak Chs Ltd., Cts 195, Old D.N. Nagar, Andheri West, Mumbai, Mumbai City, Maharashtra	India
S1-409568084	Haveli Producer Pvt Ltd	Green Hills, Flat No A-804, Sr No48/1/3, Pashan Sus Rd, Haveli, Pune, Maharashtra	India
S1-48760025	Collins Annaly of Charlotte P.C.	7736 Arboretum Drive, Unit 108, Charlotte, NC	US
S1-651454980	Dorolisa Dow, DMD	5506 Greentree Avenue, Wichita Falls, TX	US
S1-316758188	Adroit Memorial Trust	D/4-33/Lig-Awas Nagar, Dewas, Madhya Pradesh, Dewas, Nr Dagduseth Ganpati Temp	India
S1-738841152	Nale All Made P.C.	603 West Street, Leon, KS	US
S1-934837822	Software Apn Agro Private Limited	B/2 402Poonam Park Lalbaug, Mumbai, Maharashtra	India
S1-757333565	Eye Mountain Center	1709 Peters Avenue, Norman, OK	US
S1-428619041	Kovai & Brothers Private Limited	Tower B, Gf-13/4, Narayan Resicomm, New Vip Rd, Khodiyar Nagar, New Kareilba, Ug, Vadodara, Gujarat	India
S1-650288292	Gonzalez, Burchard and Kelly Target Inc	5305 La Salle Street, Phoenix, AZ	US
S1-639020078	Media Farmprivate Private Limited	Maharashtra, 3Rd Floor, A-2, Bgta Nilgiri Chs, 320, Mumbai	India
S1-509139589	Gangotri Trust	11-D, Industrial Estate Govindpura, Bhopal, Madhya Pradesh	India
S1-558968084	Interstate Automation Union	3910 Sunny Lane Drive, Ayden, NC	US
S1-934964462	Ruparel Group	55/634, First Floor, Halcrow Building Near Ayyanthole Ground, Ayyanthole P O, Thrissur, Kerala	India
S1-474612301	Delta Foundation II	UT, 126 100, Willard City	US
S1-738147217	Vision Investments Private Limited	300/2 Ground Floor, Chamundeshwari Layout, Doddabommasandra Main Road, Bangalore North, Bangalore, Karnataka	India
S1-427987044	Interfaith Ministries	6207 Hadley Drive, Chattanooga, TN	US
S1-539834625	Mahaveer & Sons	First Floor, 4Th Avenue, Ashok Nagar, No.82 (Old No. 76), Chennai, Tamil Nadu, Chennai	India
S1-418793403	Silver Investment Technologies Inc	806 Eagle Cove Drive, IN, South Bend	US
S1-963082885	Gomez Chemical Partners	11516 Melstone Drive, Manor, TX	US
S1-372505327	Ly Worldwide	211 19 Avenue, Sartell, MN	US
S1-877069340	Doloritas Moro Flagstar, LLC	177 Saguaro Road, Tonto Basin, AZ	US
S1-469110428	Wright Mining LLC	109 11th Avenue, ND, Minot	US
S1-577912711	Integral Brothers Private Limited	35/1/L Topsia Road, Kolkata, Calcutta, West Bengal	India
S1-326982303	Vadodara Services(india) Pvt Ltd	C 54 Devdeep Nagar O P Road, Vadodara, Gujarat	India
S1-564734304	Agro Urban Clinic	1704, Lightbridge, Hiranandani Meadows, Pawar Nagar, Thane ( West), Thane, Maharashtra	India
S1-215354145	Damini Educational Society	P.O. Narmadanagar, Bharuch, Gujarat	India
S1-140011689	Veor Cayson	52 Hawks Nest Lane, East Hampton, NY	US
S1-905554589	Cinder L.L.C.	795 Park Street, Unit 1, Columbus, OH	US
S1-206965113	Arma International School Private Limited	501-503 Sheel Chambers 10 Cawasji Patel Street, Fort, Mumbai, Maharashtra	India
S1-189836149	Basant Traders Pvt. Ltd.	11/1-Bokhla Industrial Area Phase Ii, New Delhi, South Delhi, Delhi	India
S1-50275474	RV India Private Limited	House No -1, C/O Soumen Sinha Ray Rabindra Nagar Nr Tk Pathak, Midnapore, West Bengal	India
S1-513834239	Valley Liberty Inc	68 Middleburgh Street, Unit Apartment 2, Troy, NY	US
S1-125624867	Hempstead Colonial Catering	739 Seabury Avenue, Hempstead, NY	US
S1-647007116	Lotus Marketing Pvt Ltd	14-36-19/16/1 Kl Rao Nagar, Pedagantyada, Visakhapatnam, Vishakhapatnam, Andhra Pradesh	India
S1-672884893	Oncology Specialists LLC	121 Pin Oak Drive, Lancaster, KY	US
S1-199573737	DV Advisory Private Limited	At 02Nd Floor Room No 201, Orissa, Jagatsinghpur, Paradip, Udayabata 1	India
S1-131712176	Caon	6 Short Street, Catskill, NY	US
S1-962541998	ZR Global Center	84 Avantika Royal City, Raisen, Madhya Pradesh, Raisen, House No. 83	India
S1-688579770	Seven Management Private Limited	Unit-302, Global Business, Square, Sector 44, Gurugram, Sector -45, Gurgaon, Haryana	India
S1-426680882	PU Consumer Pvt Ltd	Maharashtra, B8/0:3, Thane, Shiv Prerna, Chs Sector 24, Juinagar, Navi Mumbai	India
S1-304806502	Creative Creative Partners LLC	464 280th Avenue, Little York, IL	US
S1-984376515	United Constructions Private Limited	Dno. 49-14-20/7Lalithanagar Visakhapatnam, Visakhapatnam, Vishakhapatnam, Andhra Pradesh	India
S1-382399317	Aditya Enterprises LLP	B-202, Purbasha, Anandlok Co-Operative Housing Society, Mayur Viha, Delhi, R Phase I	India
S1-292189304	Metro Cardiology	7 Birch Lane, Cortlandt, NY	US
S1-357548338	Al Shivam Energy Private Limited	Off 318, Shiv Chamber, A Wing, Plot No. 21, Sector Near Mtnl, Cbd Belapur, Navi Mumbai, Mumbai City, Maharashtra	India
S1-964608861	Primary Care Center L.L.C.	4713 Coventry Road, Montgomery, AL	US
S1-266605342	New Life Cathedral Associates	443 Willow View Lane, St Peters, MO	US
S1-503101102	Foresight (india) Private Limited	Flat-F-404 Plot-58 & 65, Sector 15 C B D Belapur, Thane, Maharashtra	India
S1-541486132	Kolkata Farms Private Limited	18A, Sakharam Ganesh Dauskar Sarani, Kolkata, Howrah, West Bengal	India
S1-41187520	Bangalore Advertising Private Limited	744/51, Chintal Plaza, 3Rd Floor, 10Th Main 33Rd Cross, Jayanagar 4Th Block, Bangalore, Karnataka	India
S1-390796822	Pmr India	Flat No-1008, X Wing, Eiffel City, Khed, Pune, Maharashtra	India
S1-845094461	Sterling Wholesale Enterprises L.L.C.	AZ, Tucson, 2304 6th Street	US
S1-613968337	Intimate Agro Private Limited	24/50, Town Extension, Mayiladuthurai, Thanjavur, Tamil Nadu	India
S1-729828996	Ethos Reddy Company	14-A, Sector A, Sanwer Road Indore, M.P., Madhya Pradesh	India
S1-232936892	Hitech Urban Impex Private Limited	Mangalshree Apart, Block-B Flet Na. 101 Tilak Nagar, Indore, Madhya Pradesh	India
S1-75503084	Dermatology Crystal Care Associates Care	2718 South Boulevard, Dallas, TX	US
S1-798655306	Miller Rocky Anadolu Inc	340 3rd Street, Linton, IN	US
S1-973989862	Legacy All Electronic LLC	100 Meadow Fox Road, Holly Springs, NC	US
S1-380894290	James Endocrinology Inc	21 Fenwick Road, Tonawanda, NY	US
S1-609804289	West Peak Cross Holdings	1415 Hobart Avenue, Evansville, IN	US
S1-834709845	Sarawgi Foundation	Plot-303, West Bengal, Darjiling, Darjeeling, C/O- Bijay Rai, S/O- Binod Rai, Saureni Busty, Dhargaon, P.O- Soureni, Dist- Darjeeling, Kurseong	India
S1-352336167	Continental Center	822 Southern Street, Seattle, WA	US
S1-301026637	Heartland Corporation	331 Stonecastle Avenue, Reisterstown, MD	US
S1-692868151	Fourfold Traders Ltd	#250/Ab Ganapathiplackal No.28, Green Casa Villas, Pallikara, Ernakulam, Kunnathunad, Ernakulam, Kerala	India
S1-40090540	Alvarado Neighborhood L.L.C.	3956 Beach Lane, Polk County, OR	US
S1-830831833	Prarthana Medical Centre	Ashok Singh S/O Rajendra Singh 45-A Alakananda, City Centre, Gwalior, Madhya Pradesh	India
S1-755769174	Krishna Technology Private Limited	Qutubullapur, Telangana, K.V.Rangareddy, 2-11/154 Dhomec Building, Balaji Enclave	India
S1-2106671	Wildlife Green Charities	Fairview Park, 4873 210th Street, OH	US
S1-251953706	Bauer Integrated Greenfire Associates	453 Elberon Avenue, Cincinnati, OH	US
S1-63564152	Columbus Vision Ridge Associates	1750 Northridge Road, Columbus, OH	US
S1-17371412	Health Foundation	11846 Greenmesa Drive, Houston, TX	US
S1-410013314	Pammi Dauphin, L.C.S.W., PC	1510 Roxbury Way, City Of Waukesha, WI	US
S1-75009675	Roflois Ventures LLC	817 Joseph Wilder Circle, Eutaw, AL	US
S1-229801334	Dowling Mellon P.C.	5961 Hunt Club Road, Elkridge, MD	US
S1-144357468	Pediatric Dentistry Health Inc	340 Arch Street, Tiskilwa, IL	US
S1-878885428	Nissy's Peak Healthcare	Murfreesboro, 1782 Northfield Boulevard, TN	US
S1-82077093	Solutions Te Trading Pvt Ltd	39 Strand Road 4Th Floor Room No. 75, Kolkata, Howrah, West Bengal	India
S1-829291976	Tia Virginia	Unit 308, Salem, 20 Central Street, MA	US
S1-393137715	Apex Trading Products LLC	1323 Meadow Creek Drive, Unit 121, Irving, TX	US
S1-448011005	Kns (India) Imperial Private Limited	Shiv Shakti D-3, Chetak Puri, Jhansi Road, Gwalior, Madhya Pradesh	India
S1-995958403	Mangalam Traders Pvt. Ltd.	Kolkata, West Bengal, Calcutta, 127A Narkel Danga Main Road	India
S1-778971244	Supreme Limited	1375 Armitage Way, Hampden Township, PA	US
S1-341440165	Aditesh Happy Limited	56/1, Hriday Krishna, Banerjee Lane, Uluberia - Ii, Howrah, West Bengal	India
S1-221993270	Bay Federation	315 Byron Avenue, Addison, IL	US
S1-556521959	Carmella's Transport	141 Birch Avenue, Wilmington, DE	US
S1-974564298	Biddle & Rodriguez	29047 Channel Drive, Selbyville, DE	US
S1-297621618	# 6 PN Emera Inc	13621 Haynes Avenue, Mishawaka, IN	US
S1-907787728	Tri-State Coalition	2545 83rd Avenue, Unit 2077, Phoenix, AZ	US
S1-645691902	Heartland Program LP	109 Kent Road, Valley Stream, NY	US
S1-751862961	Jai Technology Private Limited	98/5B S N Banerjee Road, Kolkata, Calcutta, West Bengal	India
S1-848015478	Kelly Hull Creative Square LLC	NM, Albuquerque, 706 Amherst Drive	US
S1-394650371	Keystone Diagnostic Industries, LLC	2158 Ebenezer Road, Rock Hill, SC	US
S1-198853433	Cornerstone Defense Global Associates	205 Warrior Drive, Unit 106, Murfreesboro, TN	US
S1-565097441	Giselle Hale Navigation Inc	9624 Muskegon Avenue, IL, Chicago	US
S1-923701609	Heart Project	Montgomery Village, 8802 Welbeck Way, MD	US
S1-627397885	Moran Aurora	8744 Wimbledon Drive, Knoxville, TN	US
S1-928608525	Three Logistics (India) Private Limited	19/3, Stringers St, Chennai-108, Chennai, Tamil Nadu	India
S1-337450152	SZ Innovative Purecycle	14908 Statesville Road, Unit 34, Huntersville, NC	US
S1-606269938	Maighdiln Wortman Beyond, LLC	5267 -200 Greenwich Road, Virginia Beach City, VA	US
S1-749210977	Sahara Laxminarayan Private Limited	Plot No 197, Kha No 202, Arjun Enclave, Lucknow, Uttar Pradesh	India
S1-256973779	Liv Reese Ishares Partners	4 Adams Street, Unit A3, Norwood, MA	US
S1-429632208	Yuvraj Charitable Trust	Shop No. 8, 3Rd Floor Sat Saheb Arcade Complex, Ayodhya Puri, Main Road, Morbi, Rajkot, Gujarat	India
S1-815771805	Jaipur Laboratory Private Limited	8A Kailash Path Suraj Nagar West Civil Lines, Jaipur, Rajasthan	India
S1-796070257	Mancha, Roxanna, CPA, P.C.	1 Muellers Lane, Brookhaven, NY	US
S1-317394458	Bansal Charitable Trust	Chandrapur, C/O Rajendra Kulmethe, Maharashtra, Kasargatta, At Po Kasargatta, Pombhurna, Dist - Chandrapur Gondpipri	India
S1-797337506	Shyam Care Private Limited	Door No. 10/1931-A, Opposite Hi Tech Diagnostics Centre, Karuvelipady, Kochi, Ernakulam, Kerala	India
S1-379687871	Piedmont Project	2545 Oak Level Road, Henry County, VA	US
S1-425010164	Pantalone College	TN, 6830 Kerri Valley Lane, Cordova	US
S1-800181010	Tri-State Gas	4820 Cherry Avenue, Tucson, AZ	US
S1-96598602	HFW Pipes Group	B/308, Krish Cubical, Nr. Govardhan Party Plot, Daskroi, Ahmedabad, Gujarat	India
S1-583068859	Sanderson Dental Associates	1409 Rens Road, Tucson, AZ	US
S1-398781456	Sawai Jai Singh Highway Khasa Kothi Circle Management Corp	A-1-B, Adarsh Palaza, 6-B, Sawai Jai Singh Highway Khasa Kothi Circle, Jaipur, Rajasthan	India
S1-314127495	ND Constructions Private Limited	29/194, Pastors Lane, North Street, Marthandam, Madurai, Tamil Nadu	India
S1-304418037	Capital Brothers Private Limited	S-119, Upper Ground Floor School Block, Shakarpur, New Delhi, East Delhi, Delhi	India
S1-387307987	Reyes, Halimeda, DDS, DDS PC	VA, 4800 Bickings Lane, Prince George County	US
S1-237442617	Teia Worldwide	2330 Chambourd Drive, Buffalo Grove, IL	US
S1-536983591	Peltier Truist	6080 Hornbeck Lane, Anderson, CA	US
S1-988349613	Y 2 J Broadband Inc	12151 Union Avenue, Alliance, OH	US
S1-501284762	4054 Union Ave Holdings Partners	167 Main Street, Fl 0, Annapolis, MD	US
S1-307346116	Star Software Limited	40/E, Jessore Road (South) Barasat, Kolkata, Parganas North, West Bengal	India
S1-953181297	Tucker Allied Connecticut	1527 Quincy St, Louisville, KY	US
S1-986832215	Behavioral Health Classic Specialists	257 Kerns Hill Road, Manchester, ME	US
S1-442331688	Total Dynamic Commercial	Republic, 1 Colorful Road, WA	US
S1-308753451	Piedmont Animal Hospital	914 Canterbury Lane, Prescott, AZ	US
S1-587370382	Tran, Aubrie K., DMD	IL, Harwood Heights, 4427 Newland Avenue	US
S1-441466654	Metropolitan Animal Hospital Inc	3206 111th Street, Chicago, IL	US
S1-176710533	Cultural League	2049 Hellman Avenue, Unit UNIT H, Ontario, CA	US
S1-334222600	Collins Intelligence	8113 Clyde Bank Road, MD, Loch Raven	US
S1-89118352	Namoa Classic Aberdeen, L.L.C.	4812 Shale Oaks Avenue, MO, Fl 1, Columbia	US
S1-948769373	Shree Machines Private Limited	No.12, Plot No. 9A/1, Ambattur Redhills Road, Ponneri, Tiruvallur, Tamil Nadu	India
S1-167663425	Wildlife Trust PLLC	285 Pirie Dr, Hiawatha, IA	US
S1-822101972	HGC Exim Pvt. Ltd.	Sreenagar, Po-Panchasayar Lp-207/29/3, Kolkata, Kolkata, Howrah, West Bengal	India
S1-590976736	Satkar & Brothers Private Limited	H.No. 18 A Mahavir Enclave, Palam, Dabri Road, New Delhi, South West Delhi, Delhi	India
S1-780751012	Panch Concrete LLP	Maharashtra, Mumbai, 518 Midas Sahar Plaza Com, Sir M V Road, Andheri (E)	India
S1-439921573	Urban Buildtech Corp	501, Navkar Commercial, Complex, Sir M.V. Road, Mumbai, Maharashtra	India
S1-396624773	Cb & Brothers Private Limited	Gurgaon, 516, 5Th Floor Vipul, Business Park Sector 48, Gurgaon, Haryana	India
S1-834668512	Historical Project	22 Leslie Lane, North Hempstead, NY	US
S1-438960618	Bhagvati & Co	Flat No.72, Bldg No 26, Vijay Nagari Annex, G.B.Road, Waghbil, Thane (West), Thane, Maharashtra	India
S1-351784237	Ajay Chemicals Private Limited	A-148, First Floor, Defence Colony, New Delhi, South Delhi, Delhi	India
S1-290456882	Infrastructure Sarv Infra Ltd	3-B Dolphin Aptpilut Bunder Rd Colaba, Mumbai, Mumbai City, Maharashtra	India
S1-712455599	Products Zenith Information Associates	201, Pankaj Tower L.S.C., Savita Vihar, Delhi	India
S1-615400045	Merlin (kerala) Private Limited	Shop 16, National Palace, Plot No. 445, Beside Cosmopolition Chs, Takka, Tal. Panvel, Panvel, Raigarh(Mh), Maharashtra	India
S1-272155663	Mahalakshmi Crushers Private Limited	B-1210, Titanum Heights, Nr.Vodafone House Corporate Road, Prahaladnagar, Makarba, Ahmedabad, Gujarat	India
S1-983558693	Bowlds Islands Inc	1853 30, Blenheim, NY	US
S1-601898071	Human Rights Association IV	12 Banco Road, Belen, NM	US
S1-853288386	Muth, Karlin and Eakins LLC	Chandler, Unit 4, 1011 Commonwealth Place, AZ	US
S1-822213151	HM Frontier Spruce	1445 Lorraine Road, Unit 314, Wheaton, IL	US
S1-8978262	Shakarpur Data Private Limited	C-106, Abc Complex, 20-Veer Savarkar Block, Shakarpur, New Delhi, Delhi	India
S1-783414036	Lopez Harbor Neuberger LLC	York County, 300 Ella Taylor Road, VA	US
S1-219067873	Cone & Langston Mortgage P.C.	9206 Park Boulevard W, Knoxville, TN	US
S1-356686243	Optimal Energy Group	150 Pine, Lockesburg, AR	US
S1-119284889	Reliable Apex Technologies Corp	936 Rex Avenue, Canton, OH	US
S1-469665067	Madurai Consulting Pvt. Ltd.	15/3 Gokale Road Thallakulam, Madurai, Tamil Nadu	India
S1-224322079	Guru Construction Pvt Ltd	Mumbai City, Bhargava House Marol Co-Op Industrial Estate, M.V. Road, Andheri (East), Mumbai, Maharashtra, 49	India
S1-558043454	Oncology Smart Center LLC	1054 Gilbert Road, Unit 1, Gilbert, AZ	US
S1-288980259	Mountain Holdco LLC	762 Gresham Place, Washington, DC	US
S1-161904798	Ninetta Irick Central Corp	604 Pink Magnolia Drive, Winona Lake, IN	US
S1-79298291	Young Advanced Plains	3621 Rogers Avenue, Fort Worth, TX	US
S1-442764813	Veo Inc	3111 36th Avenue, Tacoma, WA	US
S1-23686105	Asset Building Institute II Inc	317 Milwaukee Street, Houston, TX	US
S1-562335232	Patparganj Multispeciality	C-24 Dsidc, F.I.E. Patparganj Industrial Area, Patparganj, East Delhi, Delhi	India
S1-830985329	Parallel Enterprises	Building No.321, Kadayil Dale Thangasseri.Po, Kollam, Kollam, Kerala	India
S1-289459147	Rdr & Sons	75, Kamla Amrut, Industrial Tech Park, Kadi, Mahesana, Gujarat	India
S1-895266962	Total Media Solutions LLC	4614 Shalegh Avenue, Springfield, IL	US
S1-580991352	Clarion & Co	No. 9, 3Rd Floor, Varthur Road, Thubarahall, Bangalore South, Bangalore, Karnataka	India
S1-547741249	Briscoe Express Jpmorgan	1013 32nd Avenue, Unit B, Nashville, TN	US
S1-642152257	Creative Gulf Flexible Inc	1908 Jessie Lane, Pasadena, TX	US
S1-325414259	VY Metals	C/O - Anupama Trivedi, 9, Madhopur, Ps - Mushari, Kurhani, Muzaffarpur, Bihar	India
S1-436847068	Indrora Systems Private Limited	Karnataka, Maruti Galli, 1532, Belgaum	India
S1-927658518	Britt's Empire Painting, LLC	4165 Cadillac Lane, Beaumont, TX	US
S1-405352889	Jain Energy Private Limited	308, V-4, Corporate Tower, Karkardooma Comm. Center, East Delhi, Delhi	India
S1-997358088	Lewis & Geary	21 Apachee Circle, Eminence, KY	US
S1-528753223	Lakehills/pipe Creek Ramaco LLC	271 Black Bass Road, Lakehills/pipe Creek, TX	US
S1-833673416	Sungold Trading LLP	C/O. Mr. Ratnakar Nayak At - Kusalpur, Po - Ostapur, Kendrapara, Orissa	India
S1-859391813	Garner Gulf Steers PLLC	5485 Mcleod Lane, Unit 202, Keizer, OR	US
S1-445895176	Sakshi (India) Trading Limited	Farm No-59 G/F Road No-2 Ghitorni, New Delhi, Delhi	India
S1-374566728	Oncology Secure Clinic LLC	Stoneham, MA, 512 Fellsway	US
S1-353627516	Sauhard Welfare Society Company	C- 602, Krishna Apra Apartment, Sector- 61, Noida, Gautam Buddha Nagar, Uttar Pradesh	India
S1-652007317	Wildlife Association	84 Tuttle Road, Southbury, CT	US
S1-952991996	Connaissance Travels Private Limited	1/2 Pathan Chawl, Gavdevi Dongri Cama Road, Opp Mastanhotel Nrakram Tailor, Andheri (West) Mumbai, Maharashtra, Mumbai City, R No.577	India
S1-190259650	Wood Highland Tower Partners	4737 Copper Leaf Boulevard, WI, Village Of Mount Pleasant	US
S1-378119509	Qi Filtration (India) Private Limited	Rz-17-A/1, Gali No.9, Indra Park, Palam Colony, New Delhi, South West Delhi, Delhi	India
S1-182440458	Saex, LLC	369 Military Road, Unit Unit 1, NY, Buffalo	US
S1-523242679	Sirius	3009 White Pine Drive, Monrovia, MD	US
S1-812919077	Braswell & Newbern Series	818 Hereford Avenue, Texico, NM	US
S1-893558427	Weiser Capital	3037 Old 51 Road, Sandoval, IL	US
S1-37984602	American League Inc	1102 Torg Way Alley, Fl 0, Hanover, MD	US
S1-536411867	ZKG Prime Residential Inc	49 Academy Street, Patchogue, NY	US
S1-497551811	Arihant Power Private Limited	Pune, Flat No.2, Pune, Sn-199/204/206, Siddhant Classic, Viman Nagar, Maharashtra	India
S1-699961455	Amargo Wirtz Hospitality	1113 Palomino Road, Carthage, MO	US
S1-261700940	Memorial Guild Inc.	Waukegan, Unit APARTMENT GL, IL, 517 Lakehurst Road	US
S1-979879429	Autism Assistance Guild	599 Dembytown Road, Joppa, MD	US
S1-745557511	Commission on Parks and Recreation	DC, 1499 Massachusetts Avenue, Washington, Unit 712	US
S1-390428510	Midwest Ridge Enterprise	183 Meadow Drive, Oliver Springs, TN	US
S1-413283498	Frontier Bankshares	LA, 3524 Ramey Drive, Zachary City	US
S1-445316640	Abram Asset Inc	Unit Suite 6, Watertown, 210 Court Street, NY	US
S1-88847491	Perfect Infrastructure Private Limited	Lakshdeep Bldg 3Rd Floor5Th Gulmohar Cross Road Opp Club Millennium Jvpd Scheme, Juhu, Mumbai, Maharashtra	India
S1-731917801	Christian Towing Inc.	1191 7 Road, Marysville, KS	US
S1-328046969	Ismail Solution Pvt Ltd	Agra, Shop 6 Upper Ground Floor, Uttar Pradesh, N.N.No2/200B/1 Civil Line	India
S1-182023619	VM Maintenance LLC	VA, Unit CND 12B, Fairfax County, 1546 Northgate Square	US
S1-967294867	Tejavi Foods Partners	Office 201 Plot 13 Gold Cornet Chs Ltd Mahakali Caves Road, Opp Holy Spirit Hospital Andheri East, Mumbai, Maharashtra	India
S1-540881292	Elegant Educational Society	Vill: Kotalpara, Hooghly, P.O.: Pashyampur P.S.: Pursurah, Hooghly, West Bengal	India
S1-44012628	Urgent Care Gulf Health	10909 Jillian Court, IL, Orland Park	US
S1-332094383	Corner Cleaning Service LLC	505 Amber Circle, Marshall, MN	US
S1-788481229	A Cure 2 You	183 Kilburn Street, Unit 1, Fall River, MA	US
S1-645405975	Shivam Laxmi Global Private Limited	Flat No. 101, Vishakhapatnam, Valley Vista Apartments, Vivekanada Nagar, Yendada, Visakhapatnam (Rural), Andhra Pradesh, Visakhapatnam	India
S1-393180742	Rayna Clark Alliancebernstein Inc	925 Bankside Drive, Clarksville, TN	US
S1-602706958	Board of Education LLC	5521 Coventry Park Way, Indianapolis, IN	US
S1-706441905	Deonne Jacobs Apex Petroleum	319 Matthew Street, Rome, NY	US
S1-965462970	Tirupati Finance Private Limited	P-411/16, Hemanta Mukhopadhyay Sarani, Kolkata, Kolkata, Howrah, West Bengal	India
S1-269730765	Harbor Wheeler Partners	1900 Vestavia Court, Unit C, Vestavia Hills, AL	US
S1-957002488	Margeaux's Regional Seafood	99 Haskell Avenue, Unit B, Clinton, MA	US
S1-257569492	Horizon Certified Clean	485 Watts Ct, North Liberty, IA	US
S1-719944967	Kane Health	37021 Aspen Way, Hansville, WA	US
S1-61845430	Bal & Co Ltd	Mumbai, Borivali (E), Maharashtra, E-501 Dheeraj Regency, Next To Western Express Highway	India
S1-50129599	Hagler Insight LLC	515 Promenade Parkway, Unit 114, Irving, TX	US
S1-515443391	Bora Memorial Trust	Chennai, No 41-A Mano Apartmentthambusamy Road Chennai, Tamil Nadu	India
S1-945771091	Zea's Advertising	TX, Austin, 11123 Shady Hollow Drive	US
S1-11058985	Dharmapuri Vision Pvt Ltd	Chipyana Buzurag, Uttar Pradesh, Ghaziabad, Plot No 23 A Sai Garden	India
S1-925601963	Tri-State Committee LLC	505 Mckenzie Drive, Dixon, CA	US
S1-209225114	Tea Assets	591 Sullivan Street, Addison, IL	US
S1-180700949	North Tech	Plot No 10, House No 298, Raghuji Nagar Nagpur Urban, Nagpur, Maharashtra	India
S1-711449822	Optimal Network Studios LLC	Powell, TN, 7400 Meadowbrook Circle	US
S1-586526023	Brown & Carrera Inc	713 Nebo Street, Roseburg, OR	US
S1-430248379	Summit Apex Inc	1208 15th Street, Redmond, OR	US
S1-30550253	QA Pipeline PLLC	NY, 514 Midland Lake Road, Wallkill	US
S1-336771812	Great Construction Private Limited	Raurkela Industrial Township (, Sundargarh, Khata No 365/498, Ground Floor, Ambika Niwas, Birsa Dahar Road, Uditnagr, Plot No 913/1196 & 909/2008, Orissa	India
S1-404997856	Red Consulting Private Limited	2884-2887 Chelpurikinari Bazar, Ch.Chowk, New Delhi, Delhi	India
S1-145398623	Rich Desert Genesis	1870 Lonsdale Road, Columbus, OH	US
S1-642334198	Heartland Association	8501 Hopewell National Road, Hopewell, OH	US
S1-128472276	Glm Tree Limited	H.No:3-127/2, Parimala Colony, Komatipally Hasanparthy Mandal, Warangal Dist, Komatipally, Telangana	India
S1-42342267	Norrod Health Center	NY, 133 Stonecliff Drive, Greece	US
S1-251278741	Strategic Agricultural Dynamics Inc	2804 Flora Ave, Louisville, KY	US
S1-932102645	Ear Nose & Throat Health LLC	8 Grant Lane, Great Barrington, MA	US
S1-482683720	Bain and Mendez, LLC	309 Shoreline Drive, Sunset Beach, NC	US
S1-862894808	Rios Rocky Construction PC	1006 Saint Johns Bay, Woodbury, MN	US
S1-791351792	Hades Trading	Flat No A/102, 1St Floor, Suryakiran, Cts No/561/5 Svp Rd, Borivali West, Mumbai, Mumbai City, Maharashtra	India
S1-134316565	Wortham Scientific LLC	255 Claybourne Avenue, South Salt Lake City, UT	US
S1-383722873	#2 Procap, Inc	19310 Sherwood Green Way, Gaithersburg, MD	US
S1-47344615	Magda Coleman Pioneer Generation LLC	2390 Krebs Station Road, Paducah, KY	US
S1-587071783	Sara Buildtech Company	Rajendra Singh, Rzd-3/12, Gali No-9, Mahavir Enclave, Palam Colony, Palam, New Delhi, Delhi	India
S1-622853869	Marks Beverages Limited	Thakur Brs. Cts No 5/744, Thakur Cmpx Nr Terapanth, Kandivali East, Mumbai, Maharashtra	India
S1-661083244	Indo Business	No.18, Tamil Nadu, Kushal Doss Street Saligramam, Chennai	India
S1-87139069	Frontier Evolution	80 Quaker Lake Terrace, Orchard Park, NY	US
S1-345482323	Memorial Network Inc.	101 Beverwyck Drive, Unit Apartment 4, Guilderland, NY	US
S1-970429195	Stansfield Endocrinology	514 Jacksonville Road, East Machias, ME	US
S1-50268509	Reed Prairie Housing Inc	210 6142, Wills Point, TX	US
S1-956699100	Pileggi Interests Corp	6805 Hominy Court, Henrico County, VA	US
S1-58500965	Youngblood Preparatory Academy, LLC	5151 Alliance Road, Malvern, OH	US
S1-415565417	Guerrero, Castro and Olivieri Inc.	9213 Whispering Lane, Unit LOT 27, Indianapolis, IN	US
S1-594337704	Parallel Seva Samiti	6-3-1238/15, Somajiguda, Hyderabad, Telangana	India
S1-248173578	Smv Builders (India) Private Limited	P. No E-207, Road No 10, Jaipur, Rajasthan	India
S1-719360392	Metropolitan Montessori School LLC	2094 Sunset Avenue, Decatur, IL	US
S1-178719440	Eye Health Inc.	7120 91st Street, Lincoln, NE	US
S1-780812908	Think Advisors	Delhi, C-2 Ganpati Apartments6 Alipur Road Civil Line, Delhi, North Delhi	India
S1-882738333	Legacy Software Union Inc.	1420 10th Avenue, Yakima, WA	US
S1-649703482	Jumbo Commercial Private Limited	No 1, 13Th Cross, Ganapathipura Uttarhalli Hobli, Konanakunte, Bangalore, Karnataka	India
S1-914213662	Babcock Choice Platforms LLC	10430 38, Deweyville, UT	US
S1-279826814	@ Style 2 It LLC	IL, Carol Stream, 821 Burning Trail	US
S1-560638808	Fraser, Obrien and Blackburn Inc.	2028 Baker Road, Atlanta, GA	US
S1-596255247	Mahaveer Infrastructure Pvt. Ltd.	Plot No. 2834, Road No. J, Almighty Gate, Gidc Lodhika, Village Metoda, Rajkot, Gujarat	India
S1-525452209	Shree Producer Private Limited	Sno 35/2/1/1, A Shop 1 2Nd, Floorkale Padal, Pollens, Pune City, Pune, Maharashtra	India
S1-259061077	Red Hypnosis	5814 Pleasant Woods Court, Portsmouth City, VA	US
S1-765332830	Battaglia Precious Center	12622 Brentleywood Lane, Houston, TX	US
S1-564654516	Modern Union LLC	36 Patriots Drive, Asheville, NC	US
S1-670129686	2455 Jefferson Road Properties Partners	1970 Interstate Highway 10, Beaumont, TX	US
S1-162825899	Eye Center	6406 Osborn Road, Hyattsville, MD	US
S1-791668499	Interfaith Committee VI	1120 Delowe Drive, Unit 2206, Matthews, NC	US
S1-890140888	Empire World LLC	8 Brentwood Drive, Cromwell, CT	US
S1-524574059	Cy Manpower Private Limited	Bihar, Araria, Sisouna Basti Gaiyri Mile Dist & Town Araria, Araria	India
S1-520565065	First Federal PC	4943 Albemarle Street, Washington, DC	US
S1-52563845	Delgiudice Money LLC	9 Mowbray Place, Islip, NY	US
S1-953892077	Mique Green Freight Inc	319 Lakemont Drive, Clayton, NC	US
S1-824253546	Epson Engineering (India) Private Limited	102, Shree Hari, Opp. Saryu Chambers Jardakhadi, Mahidharpura, Surat City, Surat, Gujarat	India
S1-603216049	Atlantic Center, LLC	27 Hillcrest Road, Braintree, MA	US
S1-437285075	Lakshmi Smart Energy Private Limited	3-B, Rizvi Park, Altamount Road, Mumbai, Maharashtra	India
S1-247570434	Snyder's Metal Works PLLC	309 Central Avenue, Pewee Valley, KY	US
S1-834669406	Calumet City Orthopedic Better Clinic	IL, Calumet City, 601 Forsythe Avenue	US
S1-289911167	Bharat Producer Pvt Ltd	Daya Wati 10 Biswa Bearing Khasra No-11/3 Situated At Village- Samalka, New Delhi, South West Delhi, Delhi	India
S1-168384972	Ward Total Ridge LLC	220 6, Wellington, UT	US
S1-456038488	Emmalynn Abarca, O.D.	OH, Coldwater, 617 Robert Street	US
S1-911158884	My Projects Private Limited	D-5, Ground Floor, Kakrola (Dwarka Mor), New Delhi, South West Delhi, Delhi	India
S1-75444	LRL Infotech Pvt. Ltd.	Ward No 34, Behind Milk Dairy, Pachpadra Road, Barmer, Balotra, C/O Shaitan Singh, Rajasthan	India
S1-930726787	Solutions Big Investment Pvt Ltd	1123, 11Th Floor, Tower D&E, Chandigarh Citi Center, Rajpura, Mohali, Punjab	India
S1-784001303	Williams Reserve Clinic	8107 Forest Parks, Fl 0, Wichita, KS	US
S1-367500192	South Delta Perimeter	5721 Rafferty Avenue, Mcclellan, CA	US
S1-455585540	Price Armour	NC, Charlotte, 12624 Moores Chapel Road	US
S1-367165313	Walsh Interiors Inc	21 Beech Street, Tyngsborough, MA	US
S1-919536057	Kolkata India Pvt. Ltd.	West Bengal, Kolkata, Calcutta, P 51 Block B Bangur Avenue	India
S1-155597662	Life Estate Limited	C/O K. Geeta, Near Valmiki School, Opp. Manjanna House, Rathnagiri Bore Ext, Ension, Chikmagalur, Chikmagalur, Chikamaglur, Karnataka	India
S1-368315700	Hitech Enterprises Private Limited	B 502 Shree Balaji Apartmentsplot No 37 Sector 6 Dwarka, New Delhi, West Delhi, Delhi	India
S1-300445777	Sree Properties Private Limited	Victoria Junction, Golden Enclave, Ground Floor, Near Club Town, 2Nd Mile, Sevoke Road, Siliguri, Jalpaiguri, West Bengal	India
S1-625628532	Algo Adventure Private Limited	H/O H M Ghosalpathal Kudwa, Ranchi, Bihar	India
S1-262201247	Cranford Prime Consolidated Inc	2303 Marshall Avenue, Newport News City, VA	US
S1-15268273	Lovell and Adkins PC	409 Brunch Avenue, Trinity, TX	US
S1-779729140	Venus Exim Private Limited	Mumbai, Lower Parel, Maharashtra, Unit 4, Peninsula Chambers, Peninsula Corp. Park, G. K. Marg	India
S1-443054019	Engineering Swan Education LLP	Flat No Ef-20 Plot No Sp-01 Gh-01 Ashiana Green Hills, Neemrana, Alwar, Rajasthan	India
S1-6791258	Economic Development Program	7 Wainwright Road, Unit 92, Winchester, MA	US
S1-638201171	Silver Hypnosis	3016 Gentry Parkway, Tyler, TX	US
S1-225722002	Astute & Co Corporation	No 818 Bob Colony 2Nd Main Jp Nagar 7Th Phase Bangalore, Bangalore, Karnataka	India
S1-964963818	Kale's Allied Sciences	350 Old Hickory Boulevard, Unit 5302, Nashville, TN	US
S1-735760443	Ram South Foods Pvt Ltd	No.49/2, 10Th A Main Road, I Block Jayanagar, Bangalore, Karnataka	India
S1-160777270	Kay Music Private Limited	F-11, Jagdamba Tower, Amrapali Circle, Vaishali Nagar, Jaipur, Rajasthan	India
S1-410404563	Montalbano Atlantic Amc	729 Sue Barnett Drive, Houston, TX	US
S1-69868837	Garcia, Wilson and Routh LLC	1307 Wingfield Court, Leland, NC	US
S1-846208528	High Investments Pvt Ltd	The Playce, Office No.101 Marathon Maxima, Lbs Marg, Mulund West, Mumbai City, Maharashtra	India
S1-845551087	Murlipura Scheme Infrastructure Private Limited	E-236, Murlipura Scheme, Jaipur, Rajasthan	India
S1-379805313	New Foundation Private Limited	S No 116/4 Wall Street 24, Office No. 210, Nr. Nh-4, Pune City, Pune, Maharashtra	India
S1-633195828	South Frontier Cbre Inc	15602 Giese Lane, Manor, TX	US
S1-582064203	Spanaway Health Charities	209 191st Street Court, Spanaway, WA	US
S1-618894368	Bright Construction LLC	211 1/2 Constitution Avenue, Washington, DC	US
S1-309050329	Prairie Society	45 Casa Loma Road, Cedar Crest, NM	US
S1-449421702	Novara Housing LLC	4600 Gladiola Lane, Fort Worth, TX	US
S1-964931596	Cosmos Film Limited	Thane, Maharashtra, 101 And 102 Deveshree Garden R.W.Sawant Road Majiwada, F-Building, Thane	India
S1-455312625	Kurtz, Robertson & Delarosa Navios Group	2013 Alamo Heights Avenue, Austin, TX	US
S1-11005970	Parks Technologies	9481 Bay Road, Foley, AL	US
S1-720792336	Kelsi Watson Preferred Big, L.L.C.	108 East Drive, Hartville, OH	US
S1-943155701	Lakshmi Marketing Private Limited	Ho Sh Rajendra Prasad Singh Vill Mahna Tola Mahna Panch Mahna Block Barauni Dist Begusarai, Begusarai, Bihar	India
S1-980988877	Romans & Mcclanahan Guggenheim LLC	558 Stephen Street, Oregon, OH	US
S1-631563158	Fresh Kpet LLC	Beaverton, OR, 18933 Northridge Court	US
S1-243570169	Physical Therapy Group Partners	6418 Waterlily Haven Way, TX, Baytown	US
S1-245519179	Supreme Metro Star LLC	Oyster Bay, 14 Appleby Lane, NY	US
S1-309882145	Engineering Rm Solutions Corp	4B/2Gangaram Hospital Marg, New Delhi, Delhi, Central Delhi	India
S1-367804292	Loretta Russ Precision Net LLC	1010 4th Street, Washington, DC	US
S1-257051324	King Advanced Media	1807 Park 270 Drive, Unit SUITE 130, Saint Louis, MO	US
S1-300854306	Choice Bread	2170 Saint Clair Avenue, Saint Paul, MN	US
S1-22410489	Million College	Atpadi House No. 2937, Sangli, Maharashtra, Sangli, Jaybhavani Nagar Behind Court, Atpadi, Taluka- Atpadi	India
S1-939045632	Dynamic One Marketing Pvt Ltd	No.31, Bdalayout, 4Th T Blk, Banashankari, 6Thstage Exn, Bangalore, Karnataka	India
S1-465260631	White & Nickerson	6255 Windlass Avenue, Port Orchard, WA	US
S1-976362989	Stovall Leapfrog	Nashville, 1500 Porter Road, TN, Unit 4	US
S1-539362253	Peak Apex Mines Clinic	9493 Timberleaf Drive, Dallas, TX	US
S1-502665025	Barnes, Winton & Tate LP	33017 St Rte 278, Mc Arthur, OH	US
S1-648317754	Birch	185 Crafford Road, York County, VA	US
S1-524719550	Jai Infrastructure Private Limited	Bangalore, Flat I-201, Karnataka, Sterling Garden Apartments, Kempapura, Hebbal	India
S1-771316211	VKK Products Private Limited	4 Gyan Sarovar Colony Stadium Road, Bareilly, Uttar Pradesh	India
S1-842235709	Red Bistro	4501 Pierce Street, Gary, IN	US
S1-768120725	Arredondo Internet LLC	7 Windsor Court, Streamwood, IL	US
S1-314154935	Williams, Ricker & Weiss Inc	2136 Sara Jane Parkway, Unit 10121, Grand Prairie, TX	US
S1-83399881	Hawthorne Digital	162-16 73 Avenue, Fresh Meadows, NY	US
S1-992188872	Unique Hospitality Private Limited	2-101 Venkateswara Swamy, Temple Street Pasumarru, Narasaraopet, Guntur, Andhra Pradesh	India
S1-21556608	Arihant Consultancy Pvt Ltd	Plot No 104, Flat No S-1, Dollar Hills, Hyd, Hyderabad, Telangana	India
S1-106642798	Raviora Service Limited	G. No 100/9, Parner, Tal Baglan, Satana, Nashik, Maharashtra	India
S1-902535440	Scardina Ubs LLC	624 Cokesbury Drive, Winston-salem, NC	US
S1-830376162	Better Wholesale Partners Inc	23316 145th Avenue, Kent, WA	US
S1-7938981	Vision It Limited	574-B Mohalla Kalan, Sonepat, Haryana	India
S1-958657519	Chen, Salli, Esq.	Hot Springs Village, AR, 52 Acceso Circle	US
S1-115126196	Take (India) Eservices	C/O Sow Phand Savita Prakashrao, Saraswati Colony, Latur Mahsul Colony, Latur, Maharashtra	India
S1-877434079	Johnson Regional LLC	1311 Claudine Drive, Saint Louis, MO	US
S1-289692975	Applied Infrastructure Collective LLC	51 Cherry Street, Malden, MA	US
S1-845189914	Shyam Consultancy Private Limited	No.18, First Floor Pillaiyarkoil Street, Poonamallee, Chennai, Tamil Nadu	India
S1-183709540	Horizon Electrical Limited	Plot No 101B, Kh No 17/1, Gemini Park, Jr- Block, Nangli Sakrawati, Najafgarh, South West Delhi, Delhi	India
S1-489810413	Pediatric Dentistry Golden Care	201 Brimfield Road, Holland, MA	US
S1-44119323	Kaplan College	NY, Albany, 101 Beacon Avenue	US
S1-859830922	Ronnica Guerra Gulf Stardust Inc	673 Cr 149 Road, Boling, TX	US
S1-899788840	Angelina Shockey Midland LLC	22 Chambers Drive, West Seneca, NY	US
S1-589638923	Prairie Signature Alpine Corp	246 Thomas Nelson Lane, Williamsburg City, VA	US
S1-294893961	Corporate Aerospace Studios, Inc.	2121 Ellen Drive, Hempstead, NY	US
S1-581548034	Kin Hospital LLP	House No.378, Block-G, Pocket 26, Sector-3, Rohini, Delhi, North West, Delhi	India
S1-895150939	Aurangabad Servicesprivate LLP	F No 210 Sr No 8 Building No 3Bhagirath Hsg Society Sunny Center Pisadevi Road, Aurangabad, Maharashtra	India
S1-959047130	South Chiron Co	406 6th Street, Bloomington, IN	US
S1-175758690	Future Enterprises Pvt Ltd	G5 Street, H No. 7, Vatika India Next, G.F., Sector -82, Shikohpur, Gurgaon, Haryana	India
S1-994195561	Indogerman Services Pvt Ltd	P.No. 232 A, Dr. Rajendra Prasad Nagar, Jaipur, Rajasthan	India
S1-799754103	Uptown Auto Body LLC	3221 Felician Street, Fort Wayne, IN	US
S1-213873095	Buque	1806 Memorial Boulevard, Murfreesboro, TN	US
S1-992592221	Dierkes & Johnson Bnb Inc	104 250, Unit D, Wellington, UT	US
S1-736002853	Fair Builders Pvt Ltd	1/192A, Workafella High Street, Anna Salai, Teynampet, Chennai, Tamil Nadu	India
S1-420336356	TR Orange LLC	17826 Indian Forest Court, Rosharon, TX	US
S1-354409701	Futuregrow Build (India) Limited	H No. 1820 Pipla Sheri Opp. Police Station Mahidherpura, Surat, Gujarat	India
S1-459578672	Ridgeline Inc	NY, 95 Hillcrest Village, Unit Apartment B1, Niskayuna	US
S1-755024686	Raj Foundation Pvt Ltd	6 Famous Cie Building20 Dr E Moses Road Mahalaxmi, Mumbai, Maharashtra	India
S1-911864057	RRG Labs Pvt. Ltd.	302 Raheja Acropolis 2, Bldg No. 2B Ambrosia Deonarpada Road, Near Telecom Factory Ch, Embur, Mumbai, Mumbai City, Maharashtra	India
S1-493848036	DY Trading Private Limited	West Bengal, Malda, C/O Mojahara S/O- Latif Malshabad Sultannagar, H.C.Pur	India
S1-438108340	Surgical Health LLC	4839 Foxdale Drive, Kettering, OH	US
S1-304796938	Firefighters Local 651	516 Detweiller Drive, Peoria, IL	US
S1-466252866	Colonial Society	13574 Sand Flower Drive, Peoria, AZ	US
S1-727032038	Hampton's Systems	14219 200th Street, Kent, WA	US
S1-492886730	Trimurti & Co	H.No-4-5, C/1-A, Gali No., Nangli Vihar Extn, Baprol, New Delhi, South West Delhi, Delhi	India
S1-176712381	Mil Fitzpatrick Rocky Invesco LLC	20555 Piney Point Road, Callaway, MD	US
S1-19588996	Board of Sanitation	612 Milam, Gorman, TX	US
S1-93320402	Lory Clayton Rapid Futurecorp LLC	7315 Hudson Heights Court, Hudson, IA	US
S1-564464376	Rajgarh Aquarium Private Limited	C/O Tinku Ghosh, Vill-, Atghara, Po-Madarat, Baruipur, South 24 Parganas, West Bengal	India
S1-646963845	Knowledge Hospital	348 Bapu Nagar Extension, Pali, Rajasthan	India
S1-317620285	Margeaux Cruz Vehicle Inc	2060 Dandridge Avenue, Unit 98, Knoxville, TN	US
S1-944198591	Hitech Impex Private Limited	6/83 Verma Cagarold Nagardas Road Andheri East, Mumbai, Maharashtra	India
S1-586892756	RD Plantations Private Limited	Plot No. 125, Ground & First Floor Vidhyut Nagar A, Chinmay Marg, Ajmer Roa, D, Jaipur, Rajasthan	India
S1-868540007	Commercial Trading Private Limited	201, Balaji Darshan, Tilak Road, Santacruz (West), Mumbai, Maharashtra	India
S1-830282204	Collier Supreme Gsr LLC	3731 Polk Loop, Monticello, IN	US
S1-136463756	Vini For Limited	South Delhi, Ground Floor, Kh No232/141/146 Phase Vi, Delhi, South Delhi, Plot No-1169	India
S1-948930092	Kalli Honeycutt Classic Index LLC	3009 Education Loop, Castle Hayne, NC	US
S1-282716065	Technology Jagannath Enterprises Private Limited	Kaveri Complex Fl-No-243, 896 Nana Peth, Pune, Maharashtra	India
S1-678689008	Total Certified Online	Providence, 379 Willow Lane, UT	US
S1-907110411	Galaxy Infrastructure Private Limited	S/1, Shree Capital Market, Near Prashant Cinema B. K. Road, Mehsana, Mahesana, Gujarat	India
S1-497375444	Timex Global (India) Private Limited	1St Floor, Sai Hill, Seva Sangh Pascal Wadi, Madh Island Miranda House, Malad West, Mumbai, Maharashtra	India
S1-385274566	Fiva Best Biotechnology LLC	108 Rebs Circle, Taylorsville, NC	US
S1-277588164	Midwest Prairie Property Solutions Inc	1220 Cypress Avenue, City Of Superior, WI	US
S1-479713486	Sharan Traders Associates	Flat No-303, Plot-285 Gyan Khand-1, Indirapuram, Ghaziabad, Uttar Pradesh	India
S1-324129816	King Interiors	6852 Upper Burningtown Road, NC, Franklin	US
S1-670287403	Enrichetta Waldron Anchor Flaherty Partners	804 Ford Avenue, Spring Valley, MN	US
S1-231294704	Integrated Smart Nextera Corp	469 Tugalo Road, Oneonta, AL	US
S1-497699777	Rocky Committee	4601 Main Avenue, Unit #414, Beaverton, OR	US
S1-324136140	Lindsey Plumbing LLC	Unit D1, TN, 100 Southfield Drive, Springfield	US
S1-783168674	Piedmont Interests Co	54 Mccumbee Lane, Berkeley Springs, WV	US
S1-566194809	Health Foundation II	4409 Wild Flower Road, Bethalto, IL	US
S1-85054675	Laxmi Mercantile Private Limited	Tamil Nadu, Post Box No.1 P.A.C.Ramaswamy Road, Rajapaliyam., Rajapalayam Mills Premises	India
S1-725218038	Asp Cable Private Limited	S-179/B, Panchseel Park, New Delhi, South Delhi, Delhi	India
S1-878734176	Apex Construction LLP	106, New Poonam Chs Ltd, Near Bhairav Darshan Tower Cabin Road, Bhayandar East, Thane, Maharashtra	India
S1-579319131	International Consulting Pvt Ltd	Sauparnika Houseno132Near Kadambanad Grampanchayat Iverkala Westnorth, Puthanambalam, Kunnt, Hur, Kollam, Kerla, Kollam, Kerala	India
S1-486757709	Howland United Hamilton	298 Parkway Boulevard, Babylon, NY	US
S1-549013470	Chavero Elite Communications	5813 River Road, Hamden, NY	US
S1-607502920	Demetris's Enterprises Inc	13080 Henry Road, Mount Vernon, OH	US
S1-532726370	Maan Nursing Home Private Limited	Karnataka, Bangalore North, Grd Flr Vaishnavi Badri, No48, 5Thmainjayamahal Ext, Bangalore, 3	India
S1-216421166	Vision Clinic PC	4395 379, Bleeker, AL	US
S1-804776101	Value Realty Associates	16 Restaurant Court, Unit 212, Asheville, NC	US
S1-378031966	Vaum Family Office Inc	73 Josephine Evaristo Avenue, Greenwich, CT	US
S1-191377084	Ariela M. Storey, D.C.	15841 Gladeside Avenue, Frisco, TX	US
S1-476474673	Marketing Solve Innovation Private Limited	Rh 66 Gut No 329, Dream City, Kumbephal, Aurangabad, Maharashtra	India
S1-283064121	Bay Rothschild	6529 575, French Lick, IN	US
S1-180953986	Baptist Association	8352 Seabridge Way, Indianapolis, IN	US
S1-385536869	Cure Pub Inc	IL, Naperville, 2215 Spartina Road	US
S1-46552932	Roos Heritage Foods	449 Falcon Avenue, Staten Island, NY	US
S1-292593300	South Allspring	116 Las Vegas Trail, Fort Worth, TX	US
S1-368361779	Choice Valley Jaws Corp	21918 Sunvolt Court, Richmond, TX	US
S1-982767100	Credent Distributors Private Limited	C/O Mansarovar Rameshwaram Parisar, Sitabari Tonk Road Vishnu Garden, Sanganer, Jaipur, Rajasthan	India
S1-897546196	Dental Capital Care Co	2200 Maedell Drive, Killeen, TX	US
S1-822788309	Wildlife Committee Inc	22715 Robin Way, Grand Terrace, CA	US
S1-108218935	Badshahpur Equipments Co	5Th Floor, Tower-A, Intellion Edge, Southern Periphery Road, Sector - 72, Gurugram, Badshahpur, Gurgaon, Haryana	India
S1-656661291	Mari Institute Pvt Ltd	Delhi, South Delhi, Shop No.1, Mmtc Shopping Centre Geetanjali Shivalik Road	India
S1-508972786	Mind & Co Co	B704 Vishvangr Shreeji Arcade Bh Bhulkabhavan, Surat, Gujarat	India
S1-396226909	Pds & Co	Gold/F 17/9, L-2A/1, Wave One, Sector 18, Noida, Gautam Buddha Nagar, Uttar Pradesh	India
S1-645161211	United Equity Partners	5030 North Road, Canandaigua, NY	US
S1-74385651	Blue Pilates Partners	23646 Tr 42, Coshocton, OH	US
S1-631547982	Saint Synagogue	49 Glen Avenue, Sea Cliff, NY	US
S1-851605021	Hansen & Hightower Archimedes Inc	200 Ridge Road, Chattanooga, TN	US
S1-847609646	Kolkata Music Pvt. Ltd.	P- 5, Kalakar Street, Kolokata, Kolkata, Howrah, West Bengal	India
S1-19649475	Mountain Committee LLC	500 Mason Dickson Road, York, SC	US
S1-575470457	Team Reality Limited	39/2475-B1, Suite 630, Lr Towers, Sjrra 104, South Janatha Road, Ernakulam, Kerala	India
S1-719240129	Delta Institute L.L.C.	300 Kenmar Industrial Parkway, Unit 0, Broadview Heights, OH	US
S1-503958794	Blue Skill Private Limited	Old No. 57/3A1, New No. 619/5 N. Shanmugasundarapuram, Thiruvannamalai, Srivilliputhur, Virudhunagar, Tamil Nadu	India
S1-774644826	Micaela Durant Healthcare	465 Third Street, Fall River, MA	US
S1-857813497	Construction Varun Technologies Associates	Qp-1, Pitampura, Delhi, North West Delhi, Delhi	India
S1-85828136	Muhammed Preferred Treasury LLC	1203 Kingdom Road, Scott County, VA	US
S1-221682985	Charmane Pineda Value Engineering Inc	263 Sandstone Crossing, Valparaiso, IN	US
S1-190673886	Pediatric Dental Medicine of Bristol LLC	475 Pemaquid Harbor Road, Bristol, ME	US
S1-759820185	Healing Holdings	A-4, Priyadarshani Vihar, Laxmi Nagar, Delhi, Delhi, New Delhi, Delhi	India
S1-838949048	East Sree Power Pvt Ltd	Pl.No.A 1, Sri Sairam Avenue Sathyanarayanapuram, Chennai, Kancheepuram, Tamil Nadu	India
S1-89566666	Ahmedabad Greens Private Limited	C 01, The First, B/S Keshavbhaug Party Plot B/H Itc Hotel, Vastrapur, Ahmedabad, Ahmedabad, Gujarat	India
S1-752578032	Green Commercial Consultants	9797 Good Luck Road, Unit 1, Lanham, MD	US
S1-870826773	Harmon's Interiors	2734 Hall Street, Hays, KS	US
S1-200494661	Prime Broadcast Studios	2020 Highway 35, Benton, AR	US
S1-891676475	Jones, Kelly & Fabre	835 Hunt Avenue, Roanoke City, VA	US
S1-691619566	Dermatology Value Group	44 Main Street, Unit A, Southborough, MA	US
S1-222373157	Ghaziabad Solutions Private Limited	Ghaziabad, Iii A 72 Nehru Nagar, Ghaziabad, Uttar Pradesh	India
S1-687578965	Vulcan Sangh	21052 Hidli Road Athner, Khapa Ke Pas, Bhainsdehi, Betul, Madhya Pradesh	India
S1-892720007	Physical Therapy Express Specialists LLC	1347 Kansas Avenue, Fl 0, Wichita, KS	US
S1-367476188	Hutchinson Superior Medical Corp	7616 King's Hill Avenue, Baton Rouge City, LA	US
S1-144216076	Gay's Bakery Inc	2458 72nd Street, Chicago, IL	US
S1-993436040	Eby Wave	4313 Kaiden Court, VA, Roanoke City	US
S1-465160107	Onkar Projects Group	6Th Floor, Vb Capitol Building, Range Hill Road, Opp. Hotel Symphony, Bhoslenagar, Shivajinagar, Haveli, Pune, Maharashtra	India
S1-730348473	Uprise Group of Companies Private Limited	Karimnagar, Telangana, 14-2-71/1 5 In Cline Godavarikhani, Ramagundam	India
S1-514353745	Keystone Optimal Equity	Owensboro, 416 Breckenridge Street, KY	US
S1-604602526	Creative Enterprises Private Limited	8/34, Mafatpura Vistar, Near Prathmik Shala, Palanpur, Banaskantha, Gujarat	India
S1-183200241	Federal Bce	Gaithersburg, 8641 Ziggy Lane, MD	US
S1-967619045	HB Udyog	Gat No. 67, Jyotiba Nagar, Sonawane Wasti Road, Talavade, Pune, Maharashtra	India
S1-439796880	National Crystal Mae	5547 Parkview Court, Crestwood, IL	US
S1-311508798	Rocky Ministries II	112 Montreal Avenue, NY, Staten Island	US
S1-186841314	Black Consultants	Near Add. Midc, Ch. Sambhajinagar Road, Maharashtra, Jalna, P.N.C-31, Jalna	India
S1-944455269	QF Constructions Private Limited	No.8 & 9, Evr Street, Kothari Nagar Ramapuram, Chennai, Kancheepuram, Tamil Nadu	India
S1-194788834	First Chemical Products	2111 Northgate Way, Seattle, WA	US
S1-282978928	Z B Collins Australia Inc	896 Benton-carroll Road, Oak Harbor, OH	US
S1-697305088	Advance Council Corporation	C/O-M/S-S. R Enterprise, Prop. Ranadeep Dey, Biradingi Street, Jagacha, Howrah, West Bengal	India
S1-6219666	Physical Therapy Medicine, LLC	429 Upper Sawyers Creek, Robbinsville, NC	US
S1-163441988	Doify Starry LLC	W2257 Bonnie Lane, Town Of Vandenbroek, WI	US
S1-471407914	Physical Therapy Ridge Health P.C.	Wheeler, OR, 1032 4th Street	US
S1-132872164	Ne (India) Paper Public Limited	C/O Kakkar Forge Private Limited, Randhawa Masanda Road, Near Petrol Pump, Gadaipur, Jalandhar, Punjab	India
S1-411412365	Samarth Sea Pvt Ltd	West Delhi, D-211 Laxman Plazaopp Subway Munirka, Delhi, New Delhi	India
S1-40083172	Carlyn's Keystone Agriculture of Granite City	Granite City, 2504 Madison Avenue, IL	US
S1-886756931	Frontier Society LLC	1763 Stones Chapel Road, Grayson County, VA	US
S1-620949632	Modern Marketing Private Limited	Ph-Ii, South City-Ii, Gurugram, Gurgaon, Haryana	India
S1-347145333	Selden and May Pebblebrook, LLC	405 Chester Avenue, Valparaiso, IN	US
S1-475331982	Allied Boston LLC	172 Main Street, Warren, ME	US
S1-701194641	Pickett, Kaela N., DO	MT, Great Falls, 707 6th Avenue	US
S1-809445753	Gargi Sangh	Plot No-4, Cys No-179, Flat No-101, Pune City, Pune, Maharashtra	India
S1-114302397	Studio 48 Grill	1910 Towne Centre Boulevard, Unit 718, Annapolis, MD	US
S1-327634363	Delta Guild of Winston-salem	722 Aldersgate Drive, Unit 205, Winston-salem, NC	US
S1-254037927	Fayth Gonzales Scientific LLC	7671 Windlawn Way, The Pinery, CO	US
S1-715221797	Heritage Trust	134 Kentucky Avenue, Tipton, IN	US
S1-619694021	My Bombay Consultants	F No.15, Saraswati Heights, Nr Vithal Mandir, Khode, Nashik, Maharashtra	India
S1-381680609	Glanz Infra Pvt Ltd	Room No.60/5543, Kootingal Building, Puthiyapalam, Chalappuram, Kozhikode, Kerala	India
S1-897414757	Atlantic Association III Inc	515 15, Boaz, AL	US
S1-353439450	Matthews Platinum Brands LLC	7675 Stonebridge Golf Drive, Maryville, IL	US
S1-71469035	Black Media Pvt Ltd	H. No- 598, Mandi Railway, Road, Pilkhuwa, Hapur, Ghaziabad, Uttar Pradesh	India
S1-4654382	Ortiz Highview LP	1308 Division Street, Forrest City, AR	US
S1-64819565	Oncology Center	2415 Buena Vista Drive, Rialto, CA	US
S1-861154284	Aili Harmon Value Evolution LLC	513 Dickey Road, Unit 131, Grand Prairie, TX	US
S1-860990724	Ceque Holding Company of Katy	19218 Haystream Drive, Katy, TX	US
S1-861486693	Schwartz Equity Partners Partners	5007 S Regency Circle, Tucson, AZ	US
S1-475671413	Gulf Argentina	25831 621 Road, Grove, OK	US
S1-272009402	Fenderson Holdings PLLC	18977 Pilkington Road, Lake Oswego, OR	US
S1-204423089	Coates & Dye Painting LLC	603 Brookview Way, Costa Mesa, CA	US
S1-862613494	Star Food Limited	No.23, Karpagambal Nagar, Mylapore Mylapore, Chennai - 600 004., Tamil Nadu	India
S1-1540298	Lucknow Infraproperties Corp	647B/I-55, Jankipuram Garden, Lucknow, Uttar Pradesh	India
S1-498575953	Technology Mats Services LLP	Maharashtra, Thane, 4Th Floor, Harandani Estate, G.B, Thane, Zenia Bldg	India
S1-619954501	X+ Annaly	10322 N Flanders Court, City Of Mequon, WI	US
S1-711971688	Ofallon Entertainment L.L.C.	12591 Prescott Road, Yuma, AZ	US
S1-549033987	Smart Indian Consultancy Limited	C/O Sekhar, Balaghat, Sonegaon, Thesil, Tirodi, Madhya Pradesh	India
S1-384012900	CK Agenciesprivate Care	Sr. No. 37/2, Shop No. 09, Upper Ground, Madh, Pune (Cb), Haveli, Pune, Maharashtra	India
S1-680293989	Marilee Hollings, DMD, M.D., P.C.	306 Santa Fe, Santa Anna, TX	US
S1-179442204	Services Jinendra Securities	903, Jungle Dhusan Coloney, Sadar, Gorakhpur, Uttar Pradesh	India
S1-791782697	Prairie Charities	309 Meadowbrook Circle, Fulton, NY	US
S1-131341173	Pediatric Dental Platinum Partners	8554 Burley Avenue, Chicago, IL	US
S1-617045030	Himgiri & Partners	Shopno24, Bldg.No28, Neptunechs Ltd, Evershine Mileniumparadise Phaseii, Thakurvillage, K, Andivli(E), Mumbai, Mumbai City, Maharashtra	India
S1-298986603	Western Clear Ave Inc	81 Mountain Heights, Williamson, WV	US
S1-772886321	Merl Barbaro Miluna, Inc	WV, Mount Gay, 90 Joe Alley	US
S1-976886276	Velasquez Systems LLC	314 Maple Avenue, Altoona, PA	US
S1-534516381	Arnab Tradingcompany Co	Office No 201 Mallika Bld, P No. 14/15 S. 19C Vashi, Thane, Maharashtra	India
S1-738180057	Crabtree Berkley LLC	4606 57th Place, Tulsa, OK	US
S1-567831225	Marielle Hicks Plumbing	1209 Starling Drive, VA, Henrico County	US
S1-989520130	Swastik Power Private Limited	New Delhi, 207, New Delhi, Delhi, N-1, Bmc House, Middle Circle Connaught Place	India
S1-172157434	Blue Hudson Inc	5602 Seely Street, Phoenix, AZ	US
S1-993501749	Pediatric Dentistry Care P.C.	NY, 460 Felton Road, Schuyler Falls	US
S1-749351677	Nelli D. Sherman, M.D. PLLC	84 1350, Bountiful, UT	US
S1-231576704	Fanonet LLC	377 Grand Street, Bridgeport, CT	US
S1-794878927	Morales, Cecelia, D.D.S.	523 Maple Street, WI, City Of Appleton	US
S1-619498270	Mitchell Academy Group	178 Center Street, North Hempstead, NY	US
S1-535516063	Ha and Davis	IA, Council Bluffs, 511 Arnold Ave	US
S1-748625950	Metropolitan Resources Inc	1026 Splitlog Avenue, Kansas City, KS	US
S1-651672220	Services Vaayu Steels Private Limited	Flat No.174 17Th Floor, Falcon' Crest G.D.Ambekar Marg Parel, Mumbai, Mumbai City, Maharashtra	India
S1-418656874	Horizon Heritage Advertising Inc	1717 Linwood Avenue, IN, Indianapolis	US
S1-751660686	Consultants Archies Solar Care	G-05, Sri Krishna Bliss, Ayyappa Layout, Kattigenahalli, Near Reva College, Bangalore North, Bangalore, Karnataka	India
S1-237543695	Muskan Padmavati Pvt Ltd	Flat No.202, F-Wing, Apostrophe Building, Near Datta Mandir Road, Wakad, Pune, Maharashtra	India
S1-15998062	Cohen Heritage Rice LLC	MA, Boston, 23 Vera Street	US
S1-181101653	Regional Kimco P.C.	5213 Old Railroad Way, Hope Mills, NC	US
S1-44721051	Khalilabad Shine Limited	Khalilabad, Station Road, Sant Kabir Nagar, Palika Market Sant Kabir Nagar, Uttar Pradesh	India
S1-367421960	Internal Medicine Piedmont Clinic LLC	4500 250, Bldg BUILDING, Park City, UT	US
S1-501554750	Services Digivision Engineers Private Limited	D.No.5-37-57, 4/7 Lane, Brodipet, Guntur City, Guntur, Krishna, Andhra Pradesh	India
S1-184569783	Taaza Polymers Private Limited	Bangalore South, Snn Raj Grandeur, Kodichikanahalli Main Road, Next To Shahi Exports, F-72, Bangalore, Karnataka	India
S1-326542680	H+ Rexford	Clarksburg, MD, 23934 Catawba Hill Drive	US
S1-282337731	Laxmi Management Private Limited	Hospet Road Harapanahalli, Bellary, Karnataka	India
S1-508230574	Radiant Singh Limited	G/F3-F, Sri Nagar Colony, Priyas Amrtha, Trunk Road, Srirangam, Tiruchirappalli, Tamil Nadu	India
S1-739326068	Principle (India) Advisors Care	Surat, Block No. 23, Surat, Gujarat, Kim -Olpad Road Bhadol	India
S1-362690074	Blue Hospitality Private Limited	C/O-Muralidhar Jena, Malisahidhabaleswartemple, Khurda, Khordha, Orissa	India
S1-798690072	Human Rights Fellowship LP	Chandler, 3085 Laguna Drive, AZ, Fl 1	US
S1-422810096	Miller, Thomas and Hale LLC	140 Tailspin Circle, Frederick County, VA	US
S1-347028945	Balaji Technologies Pvt Ltd	Uttar Pradesh, B-15 Gama-I, Greater Noida	India
S1-9780371	Sai Ventures Limited	Nr. Pipe Line, Rd No. 33, S Dngr, W E, Thane, Maharashtra	India
S1-225934729	Cascade Horizon Rush LLC	46 Scotsmoor Court, Sugar Land, TX	US
S1-636932631	Grand Orchard Private Limited	59/54 Birhana Road, Kanpur, Uttar Pradesh	India
S1-372117647	OV Mission Pvt Ltd	222, India House, Opposite Gali No. 1 Main Ignou Road, Neb Sarai, New Delhi, South Delhi, Delhi	India
S1-351022799	Arihant Agro Private Limited	Tharachitra, Sahawar, Etah, Sahawar Amanpur Road, Uttar Pradesh, Patiali	India
S1-726398926	Bernier Generation Inc	NY, 3 Mill Court, Milton	US
S1-299399231	Surgical Group	6800 Mccrary Road, Semmes, AL	US
S1-960922051	Lewis Globa LLC	AL, 136 Mccrory Road, Fosters	US
S1-95663838	Nakoda & Brothers Private Limited	3387 1967 Sanjay Gram, Opp Hanuman Mandir, Sadar Bazar, Gurgaon, Haryana	India
S1-183025170	Robinett Kleinfelter Stores	112 Howard Avenue, Norton, KS	US
S1-266544536	Johnsburg Cultural Committee	1523 River Terrace Drive, Johnsburg, IL	US
S1-554487661	Delta Ecological	206 Inizio Businesscenter, Cardinal Gracious Road, Mumbai, Maharashtra	India
S1-30958229	Id Remedies Private Limited	Survey No. 23, Sub-Plot No. 13, Nr. S. T Work Shop N.H 8, Motipura, Himatnagar, Sabar Kantha, Gujarat	India
S1-961771608	54/87 Chesapeake LLC	7700 Bates Road, Jefferson City, MO	US
S1-913455145	Golda's Design	24 Grand Road, Henlawson, WV	US
S1-817321865	Agro Salt Private Limited	271 E, Sector 23, Gurgaon, Haryana	India
S1-85676933	Apex Properties	Fa-6, New Delhi, South Delhi, Near Subzi Mandi, Shaheen Bagh, Okhla, Delhi	India
S1-712448338	Alfi Turner Cap LLC	3262 Cheltenham Way, Fl 1, Medford, OR	US
S1-740112235	Bullock's Painting, LLC	OH, 184 Highland Avenue, Akron	US
S1-154366306	Foundation Umesh Tours Private Limited	Wework Redwood, D-3 Block, Embassy Manyata Business, Bangalore North, Bangalore, Karnataka	India
S1-940093331	Regional Allied Northwest LLC	7484 Hunter Drive, Hanover County, VA	US
S1-746387593	Shakti Solutions Private Limited	Katni, Madhya Pradesh, Town Katni, 187, Jar Complex, Azad Chouk	India
S1-764847309	Sunday Homes Pvt Ltd	Press House, Press Complex, Madhya Pradesh, Indore, Lg - 1 / 22	India
S1-184557767	Silver Platinum Duration	105 231st Street, Bothell, WA	US
S1-370458240	Cardiology Associates LLC	1412 Arcade Ave, Louisville, KY	US
S1-78925738	Shiv Life Hospitality Private Limited	A-5574 Iind Floorbusiness Plaza Kamla Nagar, New Delhi, North Delhi, Delhi	India
S1-373164430	Tivue Family Office Corp	4095 Needmore Road, Woodleaf, NC	US
S1-710419609	Sacramento Baptist Preferred Chiropractic P.C.	7840 Tierra Way E, Sacramento, CA	US
S1-902072822	Miracle Traders Limited	C-21/88A-1 Shanii Marketlahurabir Varanasi, Uttar Pradesh, Varanasi, Uttar Pradesh	India
S1-281144602	Shields American Aspen	1417 Tamarac Road, Pittstown, NY	US
S1-926249324	Tathagat & Co	Gopal Plaza Near Hal, Faizabad Road, Lucknow, Uttar Pradesh	India
S1-497497518	Schmidt, Tinkham and Henkel Encore, LLC	12461 Huntington Drive, Laurinburg, NC	US
S1-402795097	Bradley Charter School LLC	11 Crestview Road, CT, Plymouth	US
S1-988050319	Martin, Marshall & Daniel	12480 Lantern Way, Oro Valley, AZ	US
S1-352951940	Card, Madonia & Miller LLC	4754 Forest Trails Drive, Springfield, MO	US
S1-614877751	Harbour Signature Bce	32 Thomas Street, Portland, ME	US
S1-766501892	504-505 East Owners Corp	City Of La Crosse, 2214 Winnebago Street, WI	US
S1-704392071	Jay Media Private Limited	102 Prince Towerl B S Marg Ghatkopar (W), Mumbai, Maharashtra	India
S1-244723389	Shree Services Limited	1/831, S-4 Vasundhara, Ghaziabad, Uttar Pradesh	India
S1-767611081	Cozy Coffee	1728 Hickory Drive, City Of Madison, WI	US
S1-464682697	Department of Public Works	3906 I H 20, Arlington, TX	US
S1-105411969	Blue All Management Private Limited	Hno-18 Gali N-15 Mainroad Lakhpat Colony Part 2, Meethapur Ext Near Akshay Builder, Badarpur, New Delhi, Delhi	India
S1-269224474	Vision Products Private Limited	Flat No 4F/5 Sri, Raghavendra Towers, Vijayawada (Rural), Krishna, Andhra Pradesh	India
S1-156018359	Vencer Welfare Society	F. No. 106 Sy No.267, 269, Srs Siri Estate 1St Floor, Qutubullapur, K.V.Rangareddy, Telangana	India
S1-22414066	Harris Piedmont Sui LLC	3200 Stone Road, Unit K3, Atlanta, GA	US
S1-960601961	Ramdev & Sons Limited	New Delhi, Iind Floor, Karol Bagh, Blk-65 Near Liberty Cinema, New Rohtak Road, H.No-18, Central Delhi, Delhi	India
S1-447302134	Integrated Peak Towing LLC	354 East Street, Chicopee, MA	US
S1-818550607	Glover Oriental of Peoria	1607 Indiana Avenue, Peoria, IL	US
S1-69140101	Savana Educational Society	5 Flr, Office 353 Satguru, Linking Road, Khar West, Mumbai, Maharashtra	India
S1-812710390	Ranice Starks United Miluna LLC	118 Butler Square, Greenville, AL	US
S1-507881166	Total Aerospace Partners Inc	16 Greenleaf Terrace, Milford, MA	US
S1-359856795	Pediatric Health Inc.	2160 Little Robinson Creek, Virgie, KY	US
S1-664042991	Trading Black Fast Private Limited	A-3/263 Janakpuri, New Delhi, West Delhi, Delhi	India
S1-191048605	Hitech Logistics Private Limited	F-68/1 Ff Gali No 1/3 Mohan Baba Nagar Tajpur, Extn Tajpur Roa, D Badarpur, South Delhi, Delhi	India
S1-217423954	Keystone Capital	5402 Skyridge Drive, Indianapolis, IN	US
S1-886787274	Juniper LLC	TN, Birchwood, 6101 Sam Smith Road	US
S1-682015870	Sykes Anchor Thunder Corp	41 Silver Street, Hempstead, NY	US
S1-358105699	(india) Aws India of Puruliya	Purulia, Puruliya, Nh314, Kapasgora, Hura, C/O Ajijun Ansari, West Bengal	India
S1-676412222	Physical Therapy Heritage Center Corp	5 Albion Place, Boston, MA	US
S1-184900655	Surya Technology Private Limited	Tansidco Industrial Estat, Tiruchirappalli, Centre Of Excellence, Tamil Nadu	India
S1-313295455	Dalenna Rhone Kochav, Inc	37-39 101 Street, Corona, NY	US
S1-306918698	Varshtech Lab Pvt Ltd	19, Mahaveer Colony, Opp. Hansa Palace Hiran Magri Sector 4, Udaipur, Rajasthan	India
S1-154368687	Panth Clinic Ltd	Flat No 10 Kedar Galaxy, B Wing Shramik Nagar, Nashik, Maharashtra	India
S1-114004303	Brown Beacon Metal LLC	2207 Landerhaven Court, Mayfield Heights, OH	US
S1-838631710	Shree Urban Logistics Pvt Ltd	Sno30/14, Unitno 3&4, 13&14, Unity Industrial Estate, Haveli, Pune, Maharashtra	India
S1-527655458	Miller Insurance	18598 17, Canton, TX	US
S1-418525742	Dindori Ventures Limited	C/O Sham Rambhau Devkar, G. No. 188, Devi Mala, Dindori, Nashik, Maharashtra	India
S1-742533899	Ridge Highview	1313 Lincoln Street, Unit Apartment 207, OR, Eugene	US
S1-885461134	Rock Pacific Peace LLC	204 Edgeview Road, High Point, NC	US
S1-88528946	Classic Heartland Block LLC	1215 Jefferson Avenue, St Michaels, MD	US
S1-105037596	First Lincoln Inc	3599 Redhead Terrace, Clay, NY	US
S1-165304514	Dynamic American Chile LLC	1100 Gateway Boulevard, Unit 2217, Forney, TX	US
S1-23921603	Atlantic Prairie Mitsui Co	845 60th Street, Unit Apt 317, West Des Moines, IA	US
S1-863322702	Shiva Perfect Tech Private Limited	Bl-8, 1St-Fr, Fl-B-831, 528/N Ho Chi Minh, Kolkata, Kolkata, Howrah, West Bengal	India
S1-663330784	Stewart Crystal Fashion PC	1978 Gibbs Drive, Unit APT C, Montgomery, AL	US
S1-747146316	Signature Information, Inc	8409 Timberline Court, North Richland Hills, TX	US
S1-711704121	Barr Land	2528 Vineyard Lane, Ankeny, IA	US
S1-980306526	Gaia Resources, LLC	Draper City (sl Co), UT, Unit C306, 461 13490	US
S1-571998355	Maure Funk Unified Silicon	5504 Fran Ct, Louisville, KY	US
S1-30532704	Karoline Chang International Brookline	23 Holland Road, Brookline, MA	US
S1-641691605	Summit Kkr	3200 Wilmington Highway, Jacksonville, NC	US
S1-231764328	GX Bdc LLC	3123 White Eagle Drive, Naperville, IL	US
S1-479558669	Morrill, Dickson and Colarusso Independence, Inc	2050 Atlanta Avenue, AZ, Phoenix	US
S1-897006627	Miraon Manufacturing Co	3883 Connecticut Avenue, Unit 311, Washington, DC	US
S1-34266548	Animal Welfare Initiative	310 King Street, Windsor, NC	US
S1-787185381	Morissa Mckendrick Brc PC	Hempstead, NY, 911 Naple Avenue	US
S1-931485423	Fresh Grand Brighthouse LLC	809 Commercial Street, Weiser, ID	US
S1-998748371	Fuller Allied Tbk Group	1116 Lochenshire Circle, Manhattan, KS	US
S1-590083928	Mueller Allegro LLC	9448 Sundance Drive, Piedmont, OK	US
S1-655909451	Solar (India) Minerals Private Limited	Kalyan, Thane, Flt No 11 Rohini Kripa Co, Op Hsg Soc Mhada Col Kln, Maharashtra	India
S1-714673863	Green Wellness Worldwide Inc	303 Mechanic Street, Tomball, TX	US
S1-886008298	Lange Prime Roofing, Inc	7 Renai Court, Newark, DE	US
S1-715928160	Western Capital Solana Inc	307 Meadowbrook Drive, Huntsville, AL	US
S1-367464792	Baba Consulting Private Limited	5/512 Sonepat, Sonepat, Haryana	India
S1-812614302	Human Rights Council	523 Good Avenue, Des Plaines, IL	US
S1-572086548	Womens Health Care	6185 Sugargrove Road, Chandlersville, OH	US
S1-907147631	OSX Automation LLP	Plot No - 1460 / 1999 Baneikala (Azad Basti), Joda, Keonjhar, Kendujhar, Orissa	India
S1-318300731	Hitech Infotech Private Limited	Flat 801 Floor No 8, Sai Anand Plaza Mira Roa, Thane, Maharashtra	India
S1-503571997	Innovative Analytics Corporation	2250 Brentnell Boulevard, Columbus, OH	US
S1-45541395	Thane Business Private Limited	1 Hinglaaj Apartmentvinayak Nagar Road Bhayander West, Thane, Maharashtra	India
S1-417036893	Super 33 Tavern	AL, 705 Country Club Trail, Gardendale	US
S1-529363431	Central Wireless Concepts	23 Private Drive 1710, Tierra Amarilla, NM	US
S1-556738812	Continental Charities	311 Kelly Avenue, Osawatomie, KS	US
S1-511730328	Harbor Montessori School	CT, 170 Dromara Road, Guilford	US
S1-830069853	3260 Fourth Ave Company	9303 Ave L, Houston, TX	US
S1-832050174	Inter Traders Private Limited	B-3, Ansal Vikasdeep Build, Laxmi Nagar Dist. Centre, New Delhi, Delhi	India
S1-795526939	Stoll Textiles LLC	Unit 423, Bothell, 23825 15th Avenue, WA	US
S1-916518916	Lynx Inc	8595 253rd Avenue, Buckeye, AZ	US
S1-86017869	Page, Lopez and Tucci	Riegelwood, NC, 7875 Stage Highway	US
S1-177964259	Fife Intelligent LLC	14038 Golden Court, Prince William County, VA	US
S1-133717606	Apple Valley Economic Development Rocky Alliance	901 Mcintosh Drive, Apple Valley, MN	US
S1-112526361	Family Center	510 Burnham Court, Fl 1, Rainier, WA	US
S1-291073258	Bombay Industries Private Limited	Chhawla Extension Part 2, Street No-1 Plot No - 52, Khasra No - 44/17 Near Bsf, Chhawla, New Delhi, Delhi	India
S1-394619513	T+ Century LLC	1853 Blackburn Way, Unit UNIT C, Badger, AK	US
S1-503511973	Fortune International Consultancy Private Limited	Kh No-37, Prop No-D-243, Shop No-5, G/F, Gali No-10 Laxmi Nagar, Near Laxmi Nagar Metro Stat, Ion, Delhi, East Delhi, Delhi	India
S1-381434501	Automark (india) LLP	H.No.51 First Floor Gali No.21 Blk-A Mahindra Park, Village Sarai Pipal, Thala, Delhi, North West, Delhi	India
S1-428041252	Thane Foundation Co	Maharashtra, Thane, B-202 Tierra Casa, Thane, Univis Lodha	India
S1-477285411	Munson, Capriotti & Bach Medicines LLC	7907 85th Court, Brooklyn Park, MN	US
S1-934098958	Upper Aspen LLC	17 Wolfson Road, Yarmouth, MA	US
S1-263215243	Allen, Smith and Piper Inc	4833 Leybourne Drive, OH, Hilliard	US
S1-787317846	Ak Traders Pvt. Ltd.	C/O Geeta Devi, H. N.-351, Ward No ? 6, Deoria Khas, Deoria Sadar, Deoria, Uttar Pradesh	India
S1-717646377	Ace United Excavation	617 Foss Drive, Edmond, OK	US
S1-224128591	Green Exports Pvt Ltd	Fl N. 27, Sn.25/5, Apurva, Res.Vitthalwadi Hingane, Pune City, Pune, Maharashtra	India
S1-315204299	Pinos, Perkins and Stevenson LLC	433 Catalina Avenue, Youngstown, OH	US
S1-983107219	Amulya Facility Pvt. Ltd.	Room No 31 40Dlf Industrial Area Kriti Nagar, New Delhi, North Delhi, Delhi	India
S1-1934141	WY Chadwick	MA, Waltham, 54 Charlesbank Way	US
S1-500160636	Legacy Gulf Garden LLC	Unit 9, MA, Falmouth, 93 Falmouth Heights Road	US
S1-99156027	Gujarat Software Private Limited	924 R.K Road, Dharmapuri, Tamil Nadu, Sanasandiram, Hosur, Krishnagiri	India
S1-639120667	Chiarra English Prime Nmp, Inc	10396 Gold Canyon Place, Oro Valley, AZ	US
S1-111014696	Maa Supreme Private Limited	801, Divyajyot Appartment, Near Wilson Tower, Ghod Dod Road, Surat, Gujarat	India
S1-953467291	Sequoia	11 San Angel Court, James City County, VA	US
S1-798867139	Gujarat Business Private Limited	F-8, Harbans Bhawan-1 Dda Complex, Nangalraya, New Delhi, South West Delhi, Delhi	India
S1-649789821	Jp Advertising Pvt Ltd	Maharashtra, 604 Sampada Chs Arunoday Nagar Veer Savarkar Marg Mulund East, Mumbai, Mumbai City	India
S1-482000700	Coral Consultants	4/267 A Chellamthuruthi, Surulacode, Kalkulam, Kanyakumari, Tamil Nadu	India
S1-325685394	Ankur & Partners Corporation	198, Faridabad, Haryana, Faridabad, 2Nd Floor, I.P Colony, Sec-30-33	India
S1-891768544	Balaji Anand Industries Private Limited	Flat No. S-2, Plot No 3/10, Second Floor, Sector-3 Vaishali, Ghaziabad, Uttar Pradesh	India
S1-992502007	Romero & Villa Inc	Lynwood, IL, 559 Linda Lane	US
S1-983994781	Services Lakshmi Work Private Limited	Ist & Iind Floor, F89/8, Okhla Industrial Area Phase-I, New Delhi, South Delhi, Delhi	India
S1-676892812	Villard, Gill and Parkman Ingredients PC	OH, Toledo, 2209 Wimbledon Park Boulevard	US
S1-916593347	Royal Sai Exports Private Limited	155, Mel Street, Pethikuppam, Gummudipoondi, Thiruvallur, Tamil Nadu	India
S1-275774384	Tirupati Global Limited	University Of Horticultural Sciences, Bagalkot Uhs Campus, Bagalkot, Karnataka	India
S1-303346434	Supreme Public School	Chennai - 600 083., Tamil Nadu, Kasi Industrial Estate, Jafferkhanpet, 3, Chennai - 600 083.	India
S1-152896439	2688 Madison Ave Owners Corp, LLC	8390 Kelzer Pond Drive, Victoria, MN	US
S1-555321717	Fionna Meyer Prime Adamas	12790 Germane Avenue, Unit Unit 112, Apple Valley, MN	US
S1-546399251	Gulf International PLLC	211 Misty Ridge Lane, Suffolk City, VA	US
S1-507099339	Academy Grinders Pvt. Ltd.	C/O Rajendra Rampratap Jindal Plot No 28, Jalna, Near Ware House, Raut Nagar, Maharashtra, Jalna	India
S1-831334435	G F & B Coastal LLC	16209 Tahoe Drive, Houston, TX	US
S1-349174766	Chowringhee Medical Centre	20, Moti Nagar (West), Akshar Dham Mandir Road, Vaishali Nagar, Jaipur, Rajasthan	India
S1-377833532	Az Clinic	H. No. 2/40, Agra, Uttar Pradesh, Ram Nagar Colony, Civil Lines, Agra	India
S1-867163608	Nois Modern Music LLC	11640 Winnetka Avenue, MN, Champlin	US
S1-566752703	Unique Om Impex	3Rd Floor, Stanford Park Road No.2, Banjara Hills, Hyderabad, Andhra Pradesh	India
S1-718814268	Pediatric Bay Center P.C.	New Albany, IN, 1318 Oak Street	US
S1-150750700	Diify Metro Santander LP	8934 Pocahontas Trail, Unit E, James City County, VA	US
S1-621046324	Samson's Energy LLC	136 Pleasant Hill Drive, Frankfort, KY	US
S1-743012951	Gurgaon Securities Care	Unit No. 1060, Tower B1, Spaze I Tech Park, Gurgaon, Haryana	India
S1-119344640	Fresh Learning Worldwide LLC	42 Riverside Street, Lowell, MA	US
S1-795448604	North Neurosciences LLC	7621 Bellingrath Drive, Theodore, AL	US
S1-116160320	Rosales Twelve Inc	2712 Cypress Point Drive, Benton, AR	US
S1-690893388	Pan Future Private Limited	C/O Ram Naresh Gupta, Ganj Main Road, Kabirchak, Darbhanga, Bihar	India
S1-438931700	Big Trading	12/4, Someshwarapura 6Th Cross Jogupalya, Bangalore, Karnataka	India
S1-333858507	Pioneer Infrastructure Private Limited	Flat No.-S/1, Plot No.-1/B, Sector, Chaman Plaza, Huzur, Bhopal, Madhya Pradesh	India
S1-576147674	Dental Care Associates LLC	TN, 624 County Rd 782, Etowah	US
S1-852765706	Sudarshan Splash Private Limited	Sf No. 316, Kgk Road Kuniyamuthur Post, Coimbatore, Tamil Nadu	India
S1-48695661	Sherrie Benson, MD	16 Horse Foot Road, Dennis, MA	US
S1-277174304	Physical Therapy Health LLC	7167 Arbor Oaks Drive, Wilmington, NC	US
S1-469511631	Signature Americas Clinic	18 Doe Drive, Elkton, MD	US
S1-168546072	Thane West Real Private Limited	Thane West, Building No A-5, Corel Heights, Nr. Kanchan Pushpa Society, Ghodbandar R, Oad, Flat No 403, Thane, Maharashtra	India
S1-705674229	Gold Builders Private Limited	2686, Kashmiri Gate, New Delhi, Delhi	India
S1-16557837	Clyial Nano Inc	14500 51st Avenue, Unit UNIT 120, Marysville, WA	US
S1-561550342	Summit Silver Limited Inc	2958 North Road, Eden, VT	US
S1-398415740	New Delhi Handicrafts Private Limited	J 121 Khasara No 89 Jaitpur Ext. Arpan Vihar, Badarpur, New Delhi, South Delhi, Delhi	India
S1-996904576	Christ Emanuel	4628 Westwood Avenue, Canton, OH	US
S1-595089479	Mashaal Consumer Private Limited	Sy. No.-74 Plot- 28 Gr. Fl. Laxmi Wadi Society, Ved Road, Nani Ved, Surat, Gujarat	India
S1-286084134	Sweet Bakery	VA, 302 Myers Avenue, Harrisonburg City	US
S1-603019872	Developers Dreamline Foundation Co	S. No. 26/1, Fl-B/103, Ashoka Heritage, Vishal Nagar, Pune City, Pune, Maharashtra	India
S1-710912446	WB Superior Transition Center	5000 Mabel Drive, Franklin, TN	US
S1-583358084	Hillman Nidhi Private Limited	49/22 East Patel Nagar, New Delhi, Central Delhi, Delhi	India
S1-676919993	Tobye Suarez Ventures LP	1926 370, Conquest, NY	US
S1-906581512	Adams Liberty Mountain	1395 Glen Oaks Road, Clemmons, NC	US
S1-25775535	Select Automation Associates Inc	Buckingham County, VA, 2676 Old Tower Hill Road	US
S1-759104032	Feast Smart Private Limited	419- B Bahadurganj, Ujhani, Badaun, Uttar Pradesh	India
S1-960313818	R O Martinez Shore Inc	5525 Thomas Road, Unit 8, Phoenix, AZ	US
S1-500146496	Dahl Bright Core LLC	TN, 6947 Surrey Lane, Germantown	US
S1-671467544	Maa Impex LLP	806, Shah Prima, Plot No 13, Sector 2, Kharghar, Raigad, Navi Mumbai, Raigarh, Maharashtra	India
S1-941877424	Amara India Private Limited	Office No 10 Sanskriti, Plaza 840 Chopasni Road, Jodhpur, Rajasthan	India
S1-72989746	Sanchez's Brewing	24 Burnsdale Avenue, Mount Pleasant, NY	US
S1-689735039	Bratt Direct For, LLC	9695 350th Avenue, Mc Nabb, IL	US
S1-995595686	Blossom Dealcom Private Limited	321, West Bengal, Sahid Khudiram Bose Sarani, Kolkata, Kolkata, Howrah	India
S1-24219535	Davue LLC	777 1000, Unit V4, Logan City, UT	US
S1-891690245	Jensen Rogers LLC	75 Veterans Drive, Unit B307, Cookeville, TN	US
S1-664133520	St. Catholic Church	502 Land Grant Drive, Richmond, TX	US
S1-970333931	Warner & Bennett	Fruit Heights, 1243 Bogey Drive, UT	US
S1-942627098	SJY Sachem of Bellaire, Inc	5424 Bissonnet Street, Bellaire, TX	US
S1-802545478	Rashi Plantations LLP	Subash Nagar, P.O.Chakdha, Nadia, West Bengal	India
S1-680374386	Susannah N. Williams, L.C.S.W.	Indianapolis, IN, 6935 Pennsylvania Street	US
S1-410676274	Primary Care Specialists LLC	DC, Washington, 909 New Jersey Avenue, Unit 1318	US
S1-873648213	Abagail Ramos American Corp	1311 Lincoln Terrace, Peekskill, NY	US
S1-933321133	Donoque Certified Investment	Mico, 1192 Cr 2801, TX	US
S1-645535519	India Mainak Solution Private Limited	365/2/7 At Post Kharab Wadi, Chakan Tal:Khed, Pune, Maharashtra	India
S1-786746558	Reliable Biomedical Innovations Inc	8476 Ag, Town Of Maple Valley, WI	US
S1-86075825	Jai Trading Private Limited	401 Lake View Iii, Royal Palm Aarey Colony, Goregaon E, Goregaon, Mumbai City, Maharashtra	India
S1-641947345	Gump Agnc, LLC	260 Charlotte Ann Drive, Paducah, KY	US
S1-480259010	Highland Plumbing LLC	2264 York Drive, Unit UNIT 321, Prince William County, VA	US
S1-71300620	Deviya Site Corp	314 Bhagirath Pura, Indore., Madhya Pradesh	India
S1-614104403	Maruti & Brothers Private Limited	C/O.Ruma Banerjee, Kargahir Road, Kargahir H.No-3, Kenduadihi, Behind Medicalcollege, Bankura, West Bengal	India
S1-622255208	Maegan Rutherford Core	9655 Hollywood Drive, Oak Harbor, OH	US
S1-581690196	India Services Private Limited	503, Addor Aspire, Nr. Jahanvee Rd, University To Panjrapole Rd, Ahmedabad, Gujarat	India
S1-183823944	Ide, Saravia & Carlson Centers Inc.	61 Main Street, Andover, MA	US
S1-854538360	Cassy Castellano Empire Hill Inc.	902 162nd Avenue, Portland, OR	US
S1-733621837	Diane-Marie Schmidt Empire Corp	201 Pear Street, Bethesda, Unit LOT 16, OH	US
S1-771892637	Sree Technology Pvt Ltd	No.18, S2, Ksharaa Poomalai Housing, 2Nd Street, Siva Prakash Nagar, Puzhudhivakkam, Chennai, Tamil Nadu	India
S1-119398834	V S & Q Investment Inc	3404 Kensington Yellow Place, Houston, TX	US
S1-570246518	Mountain Choice Point LLC	6607 Evans Avenue, Chicago, IL	US
S1-230217694	Melendez, Farr and Alverson Metal Works	2707 School Drive, Rolling Meadows, IL	US
S1-307837236	Silver Seafood	6501 Patricia Street, Katy, TX	US
S1-27528968	Stag LLC	Texarkana, AR, Unit Unit 505, 1310 35th Street	US
S1-466016834	South Mountain Properties Inc	150 Mill Run, Aurora, OH	US
S1-215732709	Apex Prime Blockchain LLC	1261 Wells Street, Lake Oswego, OR	US
S1-891589404	# 3 BQ Jackson	112 Wood Avenue, Brookhaven, NY	US
S1-30311488	Sai Green Industries Pvt Ltd	H No. 6-3-886, Beside Vanhussian Show Room Myhome Hillview Apts, Rajbhavan Road, So, Majiguda, Hyderabad, Telangana	India
S1-374870777	Yogiraj (India) Logistics Associates	H.N.695, Sabar Lane, Vadner Bhairao, Chandwad, Nashik, Maharashtra	India
S1-813551605	Kuhn Fitness LLC	5604 Lee Way Court, Fl 0, Churchton, MD	US
S1-537431725	Nonie Morales Bay Bitwise LLC	61 Old Field, North Hills, NY	US
S1-128280807	Dev Galleries Ltd	215, Laxmi Plaza, Laxmi Industrial Estate, New Link Road, Andheri (W), Mumbai, Maharashtra	India
S1-354514231	Green Shree Tech Private Limited	H.No. Mh 071/28/001/2016, Mahakali Ward, Chandrapur, Maharashtra	India
S1-403768695	Gale's Premier Deli Inc	140 School Street, Gorham, ME	US
S1-718538182	VD Cell LLC	Glastonbury, 33 Cedar Ridge Drive, CT	US
S1-190553607	Pune Asia Private Limited	Sector No. 7, Plot 253 Pcntda, Bhosari, Pune, Maharashtra	India
S1-194418582	Alisa Hatcher Crystal Array	2705 Meridian Avenue, Unit #D202, Edgewood, WA	US
S1-203717565	Vision Agro Limited	C/O Chinmoy Basu 4A, Santosh Roy Road, Behala Sakherbaza, R, Kolkata, Kolkata, Howrah, West Bengal	India
S1-155684533	We Trading (India) Private Limited	Shradhha Apt B, Bl No.302, Nr.Ashiyana Soc, Joshipara, Junagadh, Gujarat	India
S1-110721726	Goel Filters Private Limited	Pune, 38/12 Suvarpadeep Aptsprabhat Road Lane No10, Maharashtra	India
S1-832157141	Innovative Galaxy Hospitality Pvt Ltd	Fiza Tower, 48/1071-A, Deshabhimani Road Elamakkara P.O, Keerthi Nagar, Elamakkara, Ernakulam, Kerala	India
S1-523117558	Reed and Allen Good Associates	Moorhead, 3230 4th Avenue, MN	US
S1-302740128	Alpha Technology Private Limited	G-42, Haware Fantasia Business Park Plot No-47, Sector 30A, Opp Vashi Station, Vashi, Navi Mumbai, Thane, Maharashtra	India
S1-280736347	1966 Madison Road Apartments Care	1101 206 Volunteer Drive, Paris, TN	US
S1-496353077	Gervasio Smart	87 High Street, Danvers, MA	US
S1-429412342	Tristar Traders LLP	B-858A, Sector 23, Gurugram, Haryana, Palam Vihar, Gurgaon, Haryana	India
S1-103825891	Ace Bharat Food	49, Cotton Street, 3Rd Floor Garodia Market, Kolkata, Howrah, West Bengal	India
S1-797774718	Hyderabad-500060 Kumar Private Limited	9-14, Hari Krishna Building, 2Nd Fl Dilsukhnagar, Hyderabad, Telangana	India
S1-593161007	Jain Marketing Private Limited	Shahu Layout, Plot No. 21 House No. 5211, Wadi, Nagpur, Maharashtra	India
S1-86683796	QAP Pacific	9690 Straight Fork, West Hamlin, WV	US
S1-670108503	UVI Martial Limited	1, Taratolla Road, Gardenreach, Calcutta, West Bengal	India
S1-399301626	Ace Dime LLC	410 Timberland Drive, Glenwood, NC	US
S1-390138761	Behavioral Health Center of Chunchula Inc.	13085 Maddox Road, Chunchula, AL	US
S1-697853687	Rising Finance Private Limited	House No-1276, Suryanagar, Tal. Umbergoa, Umbergoan, Valsad, Gujarat	India
S1-227425791	K 2 Smart Apollo PC	5520 Stemilt Loop Road, Wenatchee, WA	US
S1-10565403	The Dent Tattoo	1804 Ann And Doss Court, Crowley, TX	US
S1-124520851	Caudill Tri-State Procap LLC	Addison, 1435 Indian River Road, ME	US
S1-94291101	Tanvi Detergents Private Limited	160, Manicktala Main Road D-6/8 Purbasha Housing Complex, Kolkata, Kolkata, Howrah, West Bengal	India
S1-587448674	Arrowline Developwell Pvt Ltd	H No.99, Sector -73, Noida, Gautam Buddha Nagar, Uttar Pradesh	India
S1-193189779	Deeann Green Mortgage, LLC	Warsaw, 77 Ems B61K Lane, IN	US
S1-753173249	Dental Physicians of Carmichael	4513 Foster Way, Carmichael, CA	US
S1-217257643	Beta Consultants	Vo-221 Wework Eldeco Centre, Malviya Nagar, Eldeco Centre, Block A, Shivalik Colony, Malviya Nagar, New Delhi, South Delhi, Delhi	India
S1-81893106	Phan Network of City Of River Falls	326 Glenmeadow Street, City Of River Falls, WI	US
S1-63806233	Ace Solutions	D No: 4-704, Behind Rtc Bus Stand, Balaji Nagar, Gudur, Gudur, Nellore, Andhra Pradesh	India
S1-409650543	Soundarya Academy Associates	1101 Orange Blossom Special, Uday Baug, B T Kawade Road, Pune, Maharashtra	India
S1-918745445	Delacruz Charter School LP	41302 Medleys Neck Road, Leonardtown, MD	US
S1-493248069	Stellar Services LLP	C/O Rameshbhai Ratnabhai, Dobariya Charaniya, Jetpur, Rajkot, Gujarat	India
S1-682674606	Emlyn Russell Elite Tavia LLC	137 167th Avenue E, Tulsa, OK	US
S1-15420735	Bangalore Law Private Limited	No 1334, 2G Cross Ramaiah Layout Kammanahalli, Bangalore, Karnataka	India
S1-860858107	Foot & Ankle Smart Clinic Inc	425 Brice Road, Blacklick, OH	US
S1-554477735	South Developers Private Limited	212, Vardhman Plus City Mall, Sector-23, Dwarka, Delhi, South West Delhi, Delhi	India
S1-46148397	Chase Solid LLC	6272 Gentle Lane, Fairfax County, VA	US
S1-899027244	AC Institutions Co	115 Leach Street, Unit 1, Salem, MA	US
S1-392481685	Astral Services Private Limited	Dr. Alok Ke Pass Nav Grah Colony No. 2 Gol Pahadia Lashkar, Gwalior, Madhya Pradesh	India
S1-770273967	Singhal & Co	G I D C Plot No. 43, Nr. Mahadev Engineering, Porbandar, Gujarat	India
S1-956682858	Rocky School of Medicine	15910 Brookvilla Drive, Houston, TX	US
S1-413503434	Braswell Bluerock Inc	MT, 1223 4th Avenue, Kalispell	US
S1-813402684	Heritage Institute	1238 Homestead Drive, Linden, TN	US
S1-648901743	Sisely's Skin Care	11529 Crazy Alice Run, Manor, TX	US
S1-533785440	Ah Brothers Private Limited	Ghaziabad, Uttar Pradesh, Flat No. 710 7Th Floor, Express Apartment, Sector-4, Ghaziabad	India
S1-48118492	Jarlic Money LLC	4801 Oliver Springfield Road, Mount Vernon, IN	US
S1-819709496	Coastal Foundation	Shopno24, Bldg.No28, Neptunechs Ltd, Evershine Mileniumparadise Phaseii, Thakurvillage, K, Andivli(E), Mumbai, Mumbai City, Maharashtra	India
S1-266189722	Unique Investments	C-2, F/F, Between C-6 To Shiv Mandir, Greater Kailash Enclave -I, Opp. Savitri Cinema, New Delhi, South Delhi, Delhi	India
S1-441161274	Gladi Rooney Coastal Tungsten	95 Dahlia Street, Rotterdam, NY	US
S1-191019714	X 7 R Constellation	Fallsburg, 5555 42, NY	US
S1-686383144	Blue Petroleum	811 Clinton Street, Fremont, OH	US
S1-476099707	Classic Barclays LLC	5418 39th Street, Tulsa, OK	US
S1-447337903	North Care	A-49, Sector-67, Noida, Ghaziabad, Uttar Pradesh	India
S1-570997212	Martinez Corporation PLLC	1620 Canterbury Court, Joliet, IL	US
S1-380539050	Krishna Exports Pvt Ltd	Gujarat, 901, Ahmedabad, 9Th Floor, Abhijit-Ii, Mithakhali Six Road, Ellisbridge, Ahmedabad	India
S1-584949212	Global Infrastructure Private Limited	Floor Ground And 1St, Ruia House, No 19 Bhausaheb Hirey Marg, Malbar Hills, Mumbai, Mumbai City, Maharashtra	India
S1-72348272	Conroe Youth Clear Association	TX, Conroe, 15390 Jody Lane	US
S1-518359641	Dental Golden Care Associates	653 Castle Road, Mt. Juliet, TN	US
S1-145156679	Nepeansea Road Solutions Pvt Ltd	B-303, B Block, Simla House, Nepeansea Road, Mumbai, Maharashtra	India
S1-987918847	One Welfare Society	Meghranjani Apt, Tilak Nagar, Nagpur, Maharashtra, Nagpur, F No 101	India
S1-209483563	Sanjeet Trust	Mumbai, Andheri (W), Maharashtra, 19 Sunder Bhavanplot No 39 Svp Nagar Mhada	India
S1-668589220	Nero, Young and Rivera Systems	5168 Bell Avenue, Shelbyville, KY	US
S1-406265157	Parampita Home Private Limited	Flat No.101, Block-B, Capital Green, Secretariate Colony, Puppalaguda (V) Rajendra Nagar (M, ), Hyderabad, Telangana	India
S1-91368824	Premier Hospitality Private Limited	1St Floor, Sky Loft Creaticity Mall Opposite Golf Course, Off Airport Road, Pune, Maharashtra	India
S1-898699979	East Management Pvt Ltd	B-162, Ground Floor, Left Side Okhla Industrial Area, Phase-1, New Delhi, South Delhi, Delhi	India
S1-693371489	Veronique's Desert Plumbing LLC	1327 Rosemary Drive, Fort Worth, TX	US
S1-504662775	Ahcp Trust	Ward No. 29, Pani Tanki Ke Pass, Nokha, Bikaner, Rajasthan	India
S1-735736835	Spratt Egh Inc.	1007 West Avenue, Eden, NC	US
S1-17953793	Golden & Brothers Private Limited	Sno 157 Pn 22 Aundh Office 14 Soham Complex D.P.Road, Pune, Maharashtra	India
S1-330396232	Solora Highview Inc	5608 Guida Drive, Greensboro, NC	US
S1-343163186	Posey, Dominguez & Atkins Consolidated LLC	640 33rd Street, East Saint Louis, IL	US
S1-29251532	Horizon	405 Red River Avenue, Cold Spring, MN	US
S1-503092281	Dynamic Optimal Light LLC	W3737 Mackville Road, Town Of Center, WI	US
S1-698206826	Koo Scott Pinnacle Xsolla Inc	1410 Marcia Road, Memphis, TN	US
S1-3304681	Sree & Co	G-2, Midc Area, Ambad, Nashik, Maharashtra	India
S1-158281076	Jimenez Quality Center	4321 Club Drive, Atlanta, GA	US
S1-813568198	Premier Infrastructure Private Limited	Sec 9, P-2, Gandhidham, Kachchh, Gujarat	India
S1-320054550	I J & Y Melar Inc	272 Anns Farm Road, Hamden, CT	US
S1-999274256	A Golden Muniholdings	TN, 1229 Westwood Boulevard, Mt. Juliet, Fl 2	US
S1-384233432	Blue Midwest Eastern	1601 2nd Avenue, Maywood, IL	US
S1-305615809	Merryman Institute II Inc.	204 2nd Street, Hubbard, TX	US
S1-344888437	Novic Next Corp	Nashville, 109 Walters Court, TN	US
S1-431667775	Economic Development Charities	Worcester, MA, 431 Massasoit Road	US
S1-98578533	Varela, Dearmon & Blankenship	314 Washington Street, Council Grove, KS	US
S1-827036944	Emjay Electronicsprivate Private Limited	Shop No 17, Basement, Meghraj Complex, J B Road, Dhule, Maharashtra	India
S1-357424667	Indo Tech Limited	Plt No 10-1 Cts No 2645/7, 1St, Sangameshwar, Gulbarga, Karnataka	India
S1-191218490	Precision Realty Networks LLC	4758 88th Street, Garfield Heights, OH	US
S1-521433794	Vail Target	13125 Country Ridge Drive, Germantown, MD	US
S1-495033995	Solstice Hologram	1116 Heritage Drive, NC, Wendell	US
S1-811414723	Supreme Circle LLC	8354 State Rd Ww, MO, Dittmer	US
S1-332680193	Astra Finance Limited	Sf No. 56, Door No.5, Lakshmipuram, 4Th Street, Coimbatore South, Coimbatore, Tamil Nadu	India
S1-394598223	TP Chemicals Private Limited	Chhota Badheya, P.O. Barauli, Gopalganj, Bihar	India
S1-939832062	Gujarat Power Private Limited	House No.61, Ward No.12 Kanchan Bhawan, Amanganj Mohalla, Chhatarpur, Madhya Pradesh	India
S1-113133958	South Power Private Limited	Office No.205, 2Nd Floor, Luxuria Business Hub Before Vr Mall, Piplod Road, Surat, Gujarat	India
S1-762436071	Pinnacle Logistics Products Co	1000 Bishop Drive, Unit 332, South Boston Town, VA	US
S1-97187991	First Foods Private Limited	4Th Floor, Abc Complex, 20 Veer Savarkar Block, Shakarpur, Delhi, Office No. 411, East Delhi	India
S1-845159295	Urgent Care Medicine Inc	5800 Lewis Avenue, Unit SUITE  139, Tulsa, OK	US
S1-179454045	Melita Corbin Pinnacle LLC	TN, 140 Slagtown Road, Cowan	US
S1-728807479	East Heritage Flaherty Center	270 Madison 3590, Pettigrew, AR	US
S1-75559409	Navarro Sterling Royce, LLC	16488 225th Street, Kent, WA	US
S1-428007330	Sai Construction Private Limited	Mumbai City, Linking Road Near Amarsons Shoping Centre, Bandra Wes, T, Mumbai, Maharashtra, Flat No. 2/269 D Renuka Building	India
S1-861674592	Bombay Energy Private Limited	Kapra, Ecil, 1-6-34/1 Plot No. 65 Anupuram, Hyderabad, Telangana	India
S1-312334735	Roberts, Taylor and Stanard	253 Azalea Lane, Bruno, WV	US
S1-915292989	Ajit Systems Private Limited	Pdpu Road, Gandhinagar, Gujarat, Gandhi Nagar, Shop C -107 Business Park	India
S1-740848347	First Ellington LLC	3077 15th Street, North Bend, WA	US
S1-815912629	Devries Express Truist LLC	NC, Concord, 9566 Indian Beech Avenue	US
S1-338405753	Dwivedi India Private Limited	Plot No. 900 Kh No. 94/4, G No.22A, Sawtantar Nagar, Delhi, North West Delhi, Delhi	India
S1-898878670	Caldwell United Ultra LLC	1272 Boston Court, Four Square Mile, CO	US
S1-882785621	Downtown Pilates	11 Executive Woods Court, Swansea, IL	US
S1-953635565	Bhuiyan Lifestyle-Huntington	161 Hills Road, Huntington, NY	US
S1-753313468	Rajiv Knot Private Limited	Bihar, Patna, Begampur Patna City, Patna	India
S1-229190709	Addi Trading Private Limited	Kasavanahalli Carmalram Post, Karnataka, Bangalore, No 43	India
S1-67471118	Gert's Ridge Roofing	902 Oakshire Circle, Charlotte, NC	US
S1-670287616	Shiv International School	S.F.No.148/2A3, Near Sago Factory, Naduparappu Naducomba, Namakkal, Tamil Nadu	India
S1-325189321	Classic Flag Ltd	1734 Ash Street, Canton, IL	US
S1-407290225	Licha Ramirez Integrated Line	2027 Kavaney Drive, Unit #3, Bismarck, ND	US
S1-989738414	Susy Olivares, M.D.	AZ, Unit 127, 535 Mckellips Road, Mesa	US
S1-743602596	Adarsh Consulting Ltd	Survey No.73, Near Abhilasha Enterprizes, Gathagram Bypass Road, Vitthal Nagar, Dehugaon, Haveli, Pune, Maharashtra	India
S1-716838304	Department of Motor Vehicles	2200 Beechnut Drive, Kingsport, TN	US
S1-81883364	Griffin's Deli	Murfreesboro, TN, 7333 Appomattox Drive	US
S1-777910410	Mayra Creations Private Limited	Nandwana Mension, Loha Mandi Sansar Chand Road, Jaipur, Rajasthan	India
S1-421691879	Jai Developers Private Limited	C/O Shashi Kant, Near Block Gate Main Road, Phulwari Sharif, Patna, Bihar	India
S1-37944001	Global Trading Private Limited	Building No 5/499Melathil Building Main Road Vaniyamkulam Ottapalam, Palakkad, Kottayam, Kerala	India
S1-571935524	Children's Frontier Center	IL, Bartlett, 1350 Windgate Court	US
S1-374841342	Jack Pineapple PLLC	9 Squire Lane, Athens, NY	US
S1-921670816	Strategic Technical Solutions	4205 Langside Lane, Fort Worth, TX	US
S1-360897240	Strategic Gulf News Inc	TX, 3815 O B Crowe Drive, Dallas	US
S1-151739688	Fortune Global Private Limited	Plot No: 25/1, Rajeshwari Layout Begapalli Road, Sipcot-I, Hosur, Krishnagiri, Dharmapuri, Tamil Nadu	India
S1-945841346	Fortune Power Private Limited	496, Rishi Nagar Shakur Basti, Delhi, West Delhi, Delhi	India
S1-672425448	Daphne Kephart Catalyst	20345 White Oak Drive, Loudoun County, VA	US
S1-471429375	Felch Better Pgim	4499 Shirley Road, Town Of Glenmore, WI	US
S1-718742466	Amaravathi Indiaprivate Private Limited	2Nd Floor, No 11 Jeevan Building Kumara Park East, Bangalore, Karnataka	India
S1-730463260	Jai It Private Limited	C.S.No.2306 Kala Maruti Road, Nashik, Maharashtra	India
S1-197966461	Anilva Consultants Pvt. Ltd.	Patna, Road No. - 6 Indrapuri, Patliputra, Patna, Bihar, C/O Rajiv Kumar, Patna	India
S1-376261319	Best Launchpad PC	1423 Bridge Street, Presidio, TX	US
S1-933353710	Shankar India	H No-1, Tarsem Cly, Opp, Juhi Enclave, Jassain Road, Bharat Nagar Chowk, Ludhiana, Punjab	India
S1-980834730	Nata E. Vang, MD	828 Leah Lane, Gilbert, AZ	US
S1-782434463	Surya Investments LLP	Ani Bardwari, Hathras, Uttar Pradesh	India
S1-410951206	Innovative Silver Business Private Limited	7 Chittaranjan Avenue, Kolkata, Calcutta, West Bengal	India
S1-345518008	Cyber Brothers	1St Floor, Q Hub Premises, Plot No. 8-2-293/82/A/732, 732-A, Sasi Icon Building, Beside Madhapur Metro Station, Road No. 36, Shaikpet, Hyderabad, Telangana	India
S1-396221333	M 4 W Procap Dayton Inc	8484 62, Dayton, NY	US
S1-27260313	Duke, Deshmukh and Brow	2509 Centennial Drive, Springfield, IL	US
S1-383990207	Cleveland, Vargas and Fortner	407 604, Clyde, TX	US
S1-862844725	Tech Infrastructure Private Limited	West Bengal, Kolkata, Flat No-3/E, 3Rd Floor, Gupta Colony, Nabapally, Sri Durga Apts, Howrah	India
S1-45007117	Orthopedic Unified Specialists Inc	9695 Bunker Hill Road, Demotte, IN	US
S1-979822939	Urgent Care Associates	3160 Royal Crest Street, City Of El Paso, TX	US
S1-389328117	Premier Pipeline LLC	1003 Monte Carlo Drive, Grand Saline, TX	US
S1-985054462	Ear Nose & Throat Health	178 Saddle Road, Campbell County, VA	US
S1-766805219	Simon Fusion Center	85 Taft Avenue, Asheville, NC	US
S1-118290465	Aquarius Solutions	28, Gandhi Nagar Sigra, Varanasi, Uttar Pradesh	India
S1-652559119	Dhanuka & Sons Private Limited	Shop No 7 Nirman Rutugand, Hissa 2/2 Somnath Nagar, Pune City, Pune, Maharashtra	India
S1-687363887	One Care Private Limited	321, Moshi, Tal Haveli, Haveli, Pune, Maharashtra	India
S1-617696678	National Council PLLC	954 Highway 44, Tichnor, AR	US
S1-38860554	Schick Summit State LLC	3300 Hull Avenue, Bronx, NY	US
S1-851451312	Continental Opendoor	Town Of Scott, WI, N7647 Inglehart Road	US
S1-240930963	Bess Sanabria, DDS, DDS PC	20 Bayon Drive, Unit 206, South Hadley, MA	US
S1-975468295	Scholarship League Associates	1508 Delusser Street, Mobile, AL	US
S1-252003820	Twisted Cafe PLLC	508 Indian Spring Drive, Silver Spring, MD	US
S1-270938332	Nichols's Grill	11990 Market Street, Unit CND 712, Fairfax County, VA	US
S1-864067799	Advik Pharmaceuticals Private Limited	Tf-16, 1 Dattavihar Soc., R C Circle, Vadodara, Gujarat	India
S1-800656808	Verrance Technology Corp	16 Club House Drive, Unit Unit 3B, Fishkill, NY	US
S1-435142750	Colorado Engineering Private Limited	22 S/F Pvt No-211 Kh No-429 Savarkar Blk Pooja Comx. Hakarpur, Near V3S Mall, East Delhi, Delhi	India
S1-278985617	Shree Management Private Limited	713, 714, Shop Zone, Near Bank Of India, Mg Road, Ghatkopar (W)., Mumbai, Maharashtra	India
S1-42010881	Karlyn Noland, L.C.S.W.	619 Farm House Ln, Bldg BUILDING, Ames, IA	US
S1-141613810	Bach Clear Averin PLLC	4335 Troy Street, Chicago, IL	US
S1-825553140	Arpan Entertainment Private Limited	Uttar Pradesh, Vip Road, Mandap Gest, House Ke, Fatehpur, Fatehpur, 0	India
S1-270621998	National Molecular LLC	5688 Wood Crest Drive, Tucson, AZ	US
S1-563309977	Traylor and Nicholson Principal Inc	8065 Sherborn Avenue, Hesperia, CA	US
S1-966452271	JN Great Vulcan L.L.C.	17124 83rd Court, Redmond, WA	US
S1-414409519	Pioneer Pattana, LLC	100 King Street, Bldg SHEDS, Falmouth, MA	US
S1-944808909	C & J Ford	905 Hamnertown Road, Northport, AL	US
S1-509567365	Embassy India	Rampur, Swar, Rampur, Uttar Pradesh, 118 Ward No 18 Opp Sameer Dharm Kata Rasoolpur	India
S1-786562429	II Anadolu, Inc.	9209 Baybrook Lane, Charlotte, NC	US
S1-784548279	Scimeca Technologies LLC	Unit 1325, MA, 8 Quarry Lane, Malden	US
S1-614457517	Womens Health Care LLC	12503 Sandy Hook Drive, Houston, TX	US
S1-893195317	Spi Agro Private Limited	West Bengal, 66, Salkia School Road, Howrah	India
S1-591222712	Womens Health Physicians Group	276 Maple Fork Road, Bradley, WV	US
S1-788687567	Delta Colonial Galaxy LLC	29 Wainwright Drive, Poquoson City, VA	US
S1-79226620	Rochelle, Gentile and Medina Wintergreen PC	Saint Louis, 2769 Brouster Avenue, MO	US
S1-148746161	Summit Holding LLC	N4466 Whispering Pines Lane, Town Of Oakland, WI	US
S1-512814372	Good Trading	Mumbai, Maharashtra, Stock Exchange Tower, Dalal Street, Fort, 1010	India
S1-783237268	Drayan Biomedical LLC	American Fork, UT, 486 Pacific Drive	US
S1-261443862	Akshata (India) Homeprivate Private Limited	Thane, Maharashtra, A-801, Panch Pakhadi, Shriji Villa, Opp. Nitin Company	India
S1-121650297	Johnson Acp Inc	26 Diving Scaup Road, Hedgesville, WV	US
S1-790202706	Allied Interstate Fresenius Clinic	1118 Phelps Street, Gilbert, AZ	US
S1-336615501	Main Street Barbershop	4205 Riverview Drive, City Of La Crosse, WI	US
S1-851478331	Mittal Consultancy	Maharashtra, 45Th Floor, 4501, Lodha World One West Wing, Senapati Bapat Marg, Upper Worli, Lower Parel, Mumbai	India
S1-764677205	Select Telecom Global PLLC	2288 Old 101 Road, Unit 330, Liberty, IN	US
S1-595169231	Rockhill Rain LLC	158 Inverness Drive, Unit APT 301, Inverness, CO	US
S1-873287259	Ruff Partners LLC	551 Cumberland Trail, Unit B, Roselle, IL	US
S1-765214755	Happy Ice Cream	1042 Lamonte Lane, Houston, TX	US
S1-308447243	Malwa & Brothers Pvt Ltd	5-5 Main Road, Ambajipeta, East Godavari, Andhra Pradesh	India
S1-875971588	Mukta India (India) Pvt Ltd	Rajasthan, Pn. 109, Jaipur, Shilp Colony, Jhotwara, Jaipur	India
S1-460082238	Prime Media Private Limited	3Rd Floor, Plot No. 27-28, Udyog Vihar, Phase - Iv, Industrial Complex Dundahera, Gurgaon, Haryana	India
S1-290941000	Baines Better Tidewater Inc	1408 Brewerton Drive, Unit 333, Sacramento, CA	US
S1-297774386	Great Jain Investments Private Limited	A- 229 (A), Road No. 5 Indra Prasth Industrial Area, Kota In, Kota, Rajasthan	India
S1-441069631	Signature Education Systems Inc.	Newington, 50 Steeple Chase Drive, CT	US
S1-417334405	Janmangal (India) Pri Private Limited	Gujarat, Rajkot, Plot No. 6/7 Padavla Road, Captain Tractor Street Vill: Veraval, Rajkot	India
S1-132029569	Waters, Jacqui, MD, PC	Crossett, 113 Anthony Lane, AR	US
S1-890396578	Sky Investments	Flat No. 4A1601, Suncity, Parikrama, Sector 20, Panchkula, Haryana	India
S1-941046080	Bright Services Limited	Plot No.410, T.N.H.B, Thirukkatchur-B, Chengalpattu, Kanchipuram, Tamil Nadu	India
S1-523061517	Beacon American Fortune LLC	St. John, 9221 Springhill Drive, IN	US
S1-727772386	Apsara Engineers Private Limited	4701-A3 Tower, Sky Forest, Senapati Bapat Marg, Mumbai, Maharashtra, Mumbai	India
S1-187150544	Peex Fifth	701 Dobson Road, Unit 116, Mesa, AZ	US
S1-532062989	Optus Restaurant Private Limited	2, Saffire Park Galleria, Shivajinagar Pune, Pune, Maharashtra	India
S1-742350782	Ironclad Vance	1785 Blue Ridge Boulevard, Seneca, SC	US
S1-197197189	Trusted Financial Inc	6449 480, Salina, OK	US
S1-516259743	Waldrop Academy LLC	4152 Cripple Creek Drive, AZ, Camp Verde	US
S1-754738147	Armijo Xsolla	NY, 132 Frank Street, Schenectady	US
S1-935581264	Taylor Precision Environmental Services	6314 Bagley Avenue, Unit UNIT 4, Twentynine Palms, CA	US
S1-389352947	Shock, Vetter & Nielsen Futurewave Inc.	1626 2nd Avenue, Dyersville, IA	US
S1-141307278	Certified Quality Popular	8622 Arbor Avenue, Ken Caryl, CO	US
S1-861109728	Internal Medicine Center	Louisburg, 314 Hazelwood, NC	US
S1-419303558	Pune Advertising Corporation	Pune, Maharashtra, Shed No 11, Pune, Tirupati Industrial Estate, Gut No 105, Pirangut, Taluka Mulshi	India
S1-53817099	Pen Pike, Ph.D., M.D., P.C.	8869 12, Incorporated, ID	US
S1-430682212	Blue New Marketing Private Limited	555Cha/179A Ram Nagar, Kanpur Road, Alambagh, Lucknow, Uttar Pradesh	India
S1-971052275	Anand Consultants Pvt Ltd	703/4636 Gujarat Housing Board Nr. Ghanti Stand, New Bapunagar, Ahmedabad, Gujarat	India
S1-70078926	Great Charter School Inc.	9 Booker Lane, Southampton, NY	US
S1-299133728	Indicus Sangh	08, Divya Kunj Chs 1St Flr, R-10, Midc, Sudarshan Ngr, Kalyan, Thane, Maharashtra	India
S1-160271019	Tech Axis India	Bt-20, Shalimar Bagh, Delhi	India
S1-652027601	Sankar Algorithms LLP	42A Harish Mukherjee Road, Kolkata, Calcutta, West Bengal	India
S1-483784239	Reim Associates	Brookhaven, 180 Concord Road, NY	US
S1-8364796	Paquette West Inc.	6848 Union Avenue, Chicago, IL	US
S1-675330162	20/20 Optical	117 Wyman Road, Benton, ME	US
S1-403632688	Lou's Signature Mortgage Corp	Florissant, 1582 Langholm Drive, MO	US
S1-447277561	Eastern Solutions Private Limited	157-A, Industrial Focal Point, Amritsar, Punjab	India
S1-962871372	Bengal & Sons Private Limited	C/O Shri Dhananjoy Ghosh, Village Chandpur, Bacharpara, Rajarhat, Rajarhat, North 24 Parganas, West Bengal	India
S1-821110601	CLK Rice Inc.	2342 Miracle Lane, Mishawaka, IN	US
S1-351050651	MA Products Private Limited	C/O- Dambarudhar Kata, Badakcharpada, Dudukatheng, Jaipatna, Kalahandi, Orissa	India
S1-344924570	Urban Producer Pvt Ltd	Maharashtra, Plot No. 16, Dhule, Avishkar Colony, Chalisgaon Road, Dhule	India
S1-824196055	Arihant Technologies Private Limited	C/O Gopal Pandey, Pawanputra Colony, East Of Mangal Chowk, Khemnichak, Patna, Bihar	India
S1-532981686	Galaxy Media Private Limited	Plot No Wz-43 Bodhela Village, Vikas Puri, New Delhi, South West Delhi, Delhi	India
S1-180564491	Black Red It Private Limited	H. No 8-3-833/79A, Plot No. 79, Phase 1, Kamalapuri Colony, Hyderabad, Telangana	India
S1-824002293	Surmount Pearl Private Limited	2Nd Floor, Jariwala Building, 2Nd Bhoiwada, Bhuleshwar, Mumbai, Maharashtra	India
S1-560344534	Heritage Pinnacle Software LLC	42392 Nelsonville Terrace, Loudoun County, VA	US
S1-796142439	U F Flanary Mobility	275 28, Unit 3, Dennis, MA	US
S1-342351453	All Diagnostic Alliance	14303 Brandermill Woods Trail, Unit APT 304, Chesterfield County, VA	US
S1-88262607	Blackwell Bold LLC	125 Manola Avenue, Ashtabula, OH	US
S1-995978927	Vallabh Vidyanagar Hall Private Limited	Plot No. 1534, Amikrupa Hostel, Near Kamvan Bunglow, Behind Raguvir Chambers, Vallabh Vidyanagar, Anand, Gujarat	India
S1-791454031	3849 Highland Boulevard Apartments Inc	Hickory, NC, 4068 Oakmont Lane	US
S1-19512838	Lynx Silk Private Limited	No 1622/C, 6Th Main 4Th Cross, Rpc Layout, Vijay Nagar, Bangalore, Karnataka	India
S1-352276366	Ami Sprague Oceanhawk LLC	25 Lovell Street, Mendon, MA	US
S1-808462513	7-Point LLC	VA, Appomattox County, 4521 Oakville Road	US
S1-419364853	Stoltz Logistics Inc	12908 Sturbridge Road, Prince William County, VA	US
S1-229652878	Ear Nose & Throat Medicine LLC	7369 Kemper Road, Unit B, Cincinnati, OH	US
S1-92701192	Sabra Anderson Acadia Inc	OK, Norman, 1925 Delphine Drive	US
S1-866127638	Global Apparel Services P.C.	240 Keisling Road, Newport, TN	US
S1-404713279	Shree Eco Private Limited	C/O Ghanshyam Pawar Wo-11, Khasra No-94/1/2 Hirawdi, Chhindwara, Madhya Pradesh	India
S1-372587741	Family Pioneer Clinic	218 Island Falls, 75182, TX	US
S1-631540586	Regional Fellowship	2815 Monterey Avenue, Costa Mesa, CA	US
S1-528158600	Jasper Inc	3813 Stuenkel Road, Crete, IL	US
S1-545197444	Aditya New Enterprises	235, 13Th Cross Road, Hoyasala Ngr 2D Stage, Bangalore North, Bangalore, Karnataka	India
S1-153321660	Best Axiom Inc.	1214 Harris Drive, Mission Hills, CA	US
S1-215512899	Surgical Physicians LLC	4125 Morgans Point Road, Belton, TX	US
S1-756664085	Auto College	Tanish Orchid, X - 1006, Sno-491/1/2/3/4/5A/5B/6, Khed, Pune, Maharashtra	India
S1-934044431	Avery Zeo Associates	3309 Horse Pen Creek Road, Unit 1B, Greensboro, NC	US
S1-573265744	Indian Care Pvt Ltd	C/O Asgarnadeem, Jaintipur, Road, Aysha Masjidke Samne, Moradabad, Uttar Pradesh	India
S1-304271198	Hoyt Green Entergy, LLC	645 Van Buren Avenue, Ogden City, UT	US
S1-853050504	Ridge Fellowship	200 44 Street, New York, NY	US
S1-900887523	JTP Build Private Limited	Shop A-131-A, Larica Township Mall, Barrackpore Road, Barasat - I, North 24 Parganas, West Bengal	India
S1-898667491	Pacific Education Enterprises	5100 Parkcenter Avenue, Dublin, OH	US
S1-491494549	Cassandra Davis Crystal Bioworks, LLC	9611 Elkridge Lane, Cedar Hills, UT	US
S1-292067252	Pediify Calisa Associates	18346 Durbin Road, Noblesville, IN	US
S1-455159404	Vision Impex Private Limited	Mysore, Sharadadevi Naga, (North), Chamaraj Mohalla, No. 199, Karnataka	India
S1-634157262	Paramount Comforts Ltd	G-28 Nizamuddin West, Delhi, South Delhi, New Delhi	India
S1-514525239	Narain Vidyalaya	A-144 Paras Tenamentsnew Kamalkunj Society Ioc Road Chandkheda, Gandhinagar, Gandhi Nagar, Gujarat	India
S1-1199286	Straight Edge Bistro	1128 Stratford Drive, Richardson, TX	US
S1-720330825	Prodyne LLC	5319 Maplesburg Drive, Monclova, OH	US
S1-468103996	Gayel Remy Newhold, LLC	8200 Tilford Road, Bloomington, IN	US
S1-141146851	Ryan Patriot Iheartmedia LLC	5235 18th Drive, Phoenix, AZ	US
S1-913422212	Crystal Series LLC	21495 English Circle, Frankfort, IL	US
S1-270025284	Oneal, Holoman and Ethridge Partners	302 Aldrich Lane, Surf City, NC	US
S1-816092829	Prestigious Brothers Private Limited	544/1650-A, Baraura Husainbari Campbell Road, Balaganj, Lucknow, Uttar Pradesh	India
S1-75516635	Shree Marketing Limited	Binayak Enclave, Blck 4, Flt No. 503/504 59, Kalicharan Ghosh Road, Sintheemore, Kolkata, Kolkata, Howrah, West Bengal	India
S1-961768503	Hestia Jones Ace Onfolio LLC	2221 Marbetta Lane, Charlotte, NC	US
S1-482516635	Prairie Dental LLC	21524 Coyote Trail, Sand Springs, OK	US
S1-427641727	Internal Medicine Preferred Specialists-Weatherford	709 6th, Weatherford, OK	US
S1-939757860	Safe Analytics Ventures, Inc	UT, Unit 204, 272 850, Spanish Fork	US
S1-663633463	XP Sons	Kh. No. 680/3/1, Bypass Road, Shop No. 2, Near Ibrahim Ali Petrol Pump, Khajuri Road, Bhopal, Huzur, Bhopal, Madhya Pradesh	India
S1-946727144	Elston Green Wheeler Corp	5008 Powell Avenue, Kansas City, KS	US
S1-506545897	Christ Zion	1109 Craig Avenue, El Dorado, AR	US
S1-75651192	Maa Finance Pvt Ltd	Kanchan, Roshanighar Road Nearachleshwar Temple, Gwalior, Madhya Pradesh	India
S1-608729938	Lopez, Flagg and Gomes Bridge LLC	3906 8th Street, Des Moines, IA	US
S1-229128989	Sai Best Technologies Limited	Teonthar, Sohagi Tehsil Teonthar, C/O. Anil Kumar Sahu Laad, Madhya Pradesh, Rewa	India
S1-324037722	Hyderabad Trading Private Limited	H No: 8-113/1, Sai Nagar Colony, Medipal, Hyderabad, Telangana	India
S1-369711068	Direct Commercial Dynamics LLC	343 Happy Valley Circle, Berkeley Springs, WV	US
S1-19468744	Laxmi Power Private Limited	10-H, Tower Of Faith, Holyfaith Apartments Tof Road, Vallathol Junction, Thrikkakara, Ernakulam, Kerala	India
S1-114011157	Trikaya Trading Private Limited	Block No 102, Shri Ganesh Plaza Apartment, Kamal Nagar, Cherpoli, Shahapur, Thane, Maharashtra	India
S1-248878924	Marjy Walsh Horizon Vernal, Inc	710 2nd Street, Cohasset, MN	US
S1-946761170	Pediatric Dentistry Empire Medicine Inc	Chandler, AZ, Unit 72, 2100 Lemon Tree Place	US
S1-746648680	Nonna's Homecare LLC	35400 Pheasant Court, Bentleyville, OH	US
S1-205815373	Carder Agro Limited	Varam Residency, First Floor Day & Night Junction, Srikakulam, Andhra Pradesh	India
S1-643015070	Mizuno Tire Shop LLC	11502 Gaffney Place, Cincinnati, OH	US
S1-98543292	Shakti Ace International Private Limited	89/2 Patterson Road, Naihati, Po-Garifa, West Bengal, Parganas North	India
S1-624705672	Rocky Valley World LLC	Omaha, 240 155th Avenue, NE	US
S1-487235527	Miller Generating LLC	524 Eastview Drive, Franklin, TN	US
S1-500143522	National Institute of Technology	4137 Fm 236, Cuero, TX	US
S1-39307857	VX Mills Pvt. Ltd.	Thane, Rahul Dream C Chs Ltd, Maharashtra, Thane, Room No. G-005	India
S1-761691882	Delhi Travel Pvt. Ltd.	G-4, Ground Floor, Ndm-1 Netaji Subhash Place, Delhi, North West, Delhi	India
S1-477436467	Pune City Technologies Pvt Ltd	Fl B-003, Pl-88/P2/7, Aditva Apt Sec 7 Bhosari, Pune City, Pune, Maharashtra	India
S1-976169666	Jmd Kong Private Limited	69Sainik Farms Khanpur, New Delhi, South Delhi, Delhi	India
S1-697330323	Ram Estate Private Limited	H. No. 27, Khasra No. 535Ka, Madiyawan Jankipuram, Lucknow, Uttar Pradesh	India
S1-563208431	H 8 Modern Housing Inc	1107 Dunstan Road, Pasadena, TX	US
S1-515766353	Chicago Interfaith Delta Fellowship LLC	5805 Nashville Avenue, Chicago, IL	US
S1-611195105	United Software Private Limited	5/159 Isb, 1St Floor, Chitragupt Nagar Colony Ramrepur, Pahariya, Varanasi, Uttar Pradesh	India
S1-538183082	Xena Vandyke Elite Arch LLC	150 Stephen Road, Unit 1, Aptos, CA	US
S1-830712961	Ramos Corporation	19778 Sonoqui Boulevard, Queen Creek, AZ	US
S1-431464044	Life Atelier Private Limited	At & P.O. Jitwarpur Kothi, Samastipur, Araria, Bihar	India
S1-894242013	Garrett Highland Managed Inc	307 Equinox Ln, Unit 201, Middletown, KY	US
S1-519354288	Ahmedabad Dealtrade Company	1002 & 1003, Akik Complex, Opp. Rajpath Club, S.G. Highway, Bodakde, V, Ahmedabad, Gujarat	India
S1-28811932	Ridge Society	Unit UNIT 50, 73973 Two Mile Road, CA, Twentynine Palms	US
S1-31024399	Geo Trading Private Limited	Nr Saisuman Restaurant, Vasai, Thane, Maharashtra, A/206 Ramdev Enclave Chlt	India
S1-34531979	East Urban Constructions Private Limited	1St Floor Shop No. 145/D, Bangar Bazar Road, Behind K.V. Road, Next To Bharat Egg World, B/H K.V. Road, Kalavad, Jamnagar, Gujarat	India
S1-330865921	Fresh Berkley Inc	6149 Foxhunt Drive, Tucson, AZ	US
S1-378435850	Dental Care Associates Inc	2950 Windmill Lane, Heber, AZ	US
S1-671682191	Bowling Dte PC	1629 950, Clinton, IN	US
S1-470057147	Essy Gaines Wen LP	325 Enz Drive, Unit A205, Edmond, OK	US
S1-810954708	Gonzalez, Sile, Ph.D.	1560 Clermont Road, KY, Shepherdsville	US
S1-906760573	Severson, Daugherty & Lima Co	330 Shoal Creek Road, Balsam Grove, NC	US
S1-570229405	Didwana Infrastructure Private Limited	S/O. Yakub Khan P-No.85 Beri Khurd, Nagaur, Didwana, Nagaur, Rajasthan	India
S1-906082970	Ridge Trust of Sidney	225 Lyndhurst Street, Sidney, OH	US
S1-211034741	Industrial Apparel Innovations LLC	724 Harvard Lane, Newark, DE	US
S1-232645690	Cebriify LLC	21606 Ornella Circle, Humble, TX	US
S1-104913809	Lin Bio	1094 Tansley Lane, Avon, IN	US
S1-928310667	Dynamic Shree Investments Private Limited	New Delhi, Delhi, D 282/A Krishna Park Daboli Khanpur	India
S1-735330454	Hot Security Private Limited	B-416, Barra 8, Barra, Kanpur Nagar, Uttar Pradesh	India
S1-262238084	Garcia Pacific Schwab Inc	40 Teakettle Street, Plattekill, NY	US
S1-288395900	Kd (india) Private Limited	Uttar Pradesh, 6Th Floor, Tower T6, Hra-09, Sunworld, Vanalika, Noida Sector-107, T6-603, Noida, Gautam Buddha Nagar	India
S1-863135603	Heritage Amc LLC	153 Elizabeth Commons Boulevard, Unit APT B2301, Fort Mill, SC	US
S1-50287754	Maa International Private Limited	Dr. No. 4-72, Maddur Village Kalukuntla Post, Manopad Mandal, Mahabub Nagar, Mahbubnagar, Mahabubnagar, Telangana	India
S1-615151051	Life Bharat Healthcare Private Limited	7Th Floor, Block C Awfis, Laxmi Cyber City, Whitefields, Kondapur, Hi-Tech City, Shaikpet, Hyderabad, Telangana	India
S1-282684893	Washburn, Star, O.D.	4007 Elmo Avenue, Chattanooga, TN	US
S1-297594333	Satyawati Agri (India) Private Limited	38 Dubash Building Gr Floorwalchand Hirachand Marg Near G P O, Mumbai, Mumbai City, Maharashtra	India
S1-240089040	Reliable Great End	36 Edinburgh Drive, Peekskill, NY	US
S1-38565655	Cowan Classic Osisko Inc.	520 11th Street, Washington, DC	US
S1-932398589	Omkar Black Private Limited	No.118, R.S.Road Opposite To G.H, Perundurai, Erode, Tamil Nadu	India
S1-405030604	Anderson, Hightower and Robinson	18876 Mcfarlin Drive, Germantown, MD	US
S1-105356260	Reynolds, Mcclafferty & Gunnells LLC	420 Cielo Vista Street, Security-widefield, CO	US
S1-977601641	Elite Osprey, LLC	4536 Alta Vista Road, Phoenix, AZ	US
S1-587447810	Technologies Kaladristi Mercantile Pvt Ltd	000 Ali Hasan Ka Purva, Raebareli, Uttar Pradesh, Salon	India
S1-632841874	Primary Care Mountain Partners PC	Kansas City, 12614 Charlotte Street, MO	US
S1-496875776	Community Pacific Guild	260 Baxter County 420 Road, Mountain Home, AR	US
S1-925560897	Aarvaya Solutions Corp	8-310, Brahmanpalli Piduguralla, Guntur, Krishna, Andhra Pradesh	India
S1-998238495	Liberty Regional Toyo	13444 68th Avenue E, Bixby, OK	US
S1-460984194	Mooresville Surgical Center	228 Sherwood Pines Drive, NC, Mooresville	US
S1-86534094	Arteaga Group	1905 Village Brook Drive, Unit H, Charlotte, NC	US
S1-762499037	Q 2 H Sachem LLC	5616 Sierra Drive, Waterloo, IA	US
S1-672558987	Prime Infrastructure Private Limited	Ward No -10, Sripur, Bhatwaliya, Motihari, East Champaran, Bihar	India
S1-52504412	Prodaia	11 Blackthorn Drive, Worcester, MA	US
S1-649514694	CIX Strategic Corp	1758 Templeton Place, Unit Apt 3, Fayetteville, AR	US
S1-436561709	Trudy Isner Modern Elm	6927 Clearhaven Drive, Dallas, TX	US
S1-45767673	PH Tape Pvt. Ltd.	28, Parsn Archit Campus, Coimbatore South, Coimbatore, Tamil Nadu	India
S1-793301244	Charissa Knudson Harbor Keystone LLC	803 Touralosa Drive, Westfield, IN	US
S1-692414527	Zeloor Pizza	300 Merchant Street, Columbia, KY	US
S1-633399408	Department of Public Works	Frisco, TX, 8641 Santa Rosa Drive	US
S1-114930102	Anand Agro Private Limited	Patancheru, Pl N 180 Grd Flr R No 09, Sri Sai Ganesh Colony, Telangana, Medak	India
S1-685992079	Pediatric Partners	25464 Goldsboro Road, Henderson, MD	US
S1-381895666	Palmer, Blanchard & Tipton, LLC	2701 Ryder Street, Unit Apt 36, Bentonville, AR	US
S1-922606010	New Delhi Tech	Kd-179, Iind Floor, Nr Kohat Metro Station Pitampura, New Delhi, West Delhi, Delhi	India
S1-485237378	Pollard Insurance, LLC	Lanham, 2629 Campus Way, MD	US
S1-542214909	Lopez Cable Ltd	728 Poplar Street, Ottawa, KS	US
S1-321958756	Graner Cleaning Service	2110 Faldo Lane, Round Rock, TX	US
S1-723944210	Avondale Behavioral Health Associates	12398 Glenrosa Avenue, Avondale, AZ	US
S1-64423619	Terra Jacobs Value Sky P.C.	Houston, TX, 8779 Flossie Mae Street	US
S1-657209268	Great Solutions Private Limited	A 702 Salvador Apartmentshastri Nagar Lokhandwala Andheri (W), Mumbai, Maharashtra	India
S1-582664909	Certified Golden Horse of Puyallup Inc	10921 63rd Street, Bldg B, Puyallup, WA	US
S1-295248604	Global Spire LLC	MN, 1049 Black Duck Court, Lino Lakes	US
S1-234643334	T 8 F Lafayette Inc	727 Caney Springs Church Road, Sage, AR	US
S1-133196549	Prime New Infrastructure Private Limited	House No-103, Plot No.30, Sector-6, Vaishali, Ghaziabad, Uttar Pradesh	India
S1-49223421	Family Specialists LLC	217 South Street, Pearl City, IL	US
S1-741109435	Innovative Legacy Railway	289 Pryor Avenue, NY, Tonawanda	US
S1-358966372	Beacon Mortgage Global Inc.	TX, Rhome, 2090 Ramhorn Hill Road, Fl 0	US
S1-510037915	Solstice Superior LLC	3720 Groometown Road, Unit D, Greensboro, NC	US
S1-633944426	Lumeus Transalta Inc	7505 Sawmill Road, Dublin, OH	US
S1-81109381	Lucina's Media	207 Wright Avenue, Salina, NY	US
S1-513332230	Best Select Travel LLC	2101 Fox Ridge Road, Tuscaloosa, AL	US
S1-851071420	Red Consultants	3, Shreeji Society, Nr. Naranpura, Rly. Crossing Naranpura, Ahmedabad, Ahmedabad, Gujarat	India
S1-436324544	Bhadrak Stockist Corp	Purosattambihar, Po Madhavnagar, Bhadrak, Orissa	India
S1-560102212	Smart Perimeter, Inc	Alvarado, TX, 9129 Sallys Way	US
S1-516958328	ZLO Gabelli	182 Villiard Road, Palermo, NY	US
S1-647814939	Darshan & Partners Center	Flat No.S1, Chandralok Sarvamangal Royal Garden, Medavakkam, Kancheepuram, Tamil Nadu	India
S1-458433989	Aadrika Trading Private Limited	504/17, 1St Flr, Jgv Plaza, Mth Road, Varadharajapuram, Ambattur, Tiruvallur, Tamil Nadu	India
S1-152210395	Alpha Tech Private Limited	18, Chapel Road Bandra (W), Mumbai, Maharashtra	India
S1-245444578	Oncology Advanced Care Inc	2230 Estero Avenue, Enumclaw, WA	US
S1-924061107	Great Partners Inc	5 Circle Court, Montgomery, IL	US
S1-928966998	Peak Debt LLC	33 Constable Lane, NY, Hempstead	US
S1-321792246	Big Finance	C/O Gokul, Mottammal House D.P.O. Road, Kairali Nagar, Malappuram, Malappuram, Malapuram, Kerala	India
S1-37031058	St. Baptist Church	VA, 8747 Orcutt Avenue, Hampton City	US
S1-811395988	Superior Mobility Brands Co	4175 Pea Ridge Road, Maryville, TN	US
S1-489688242	Preferred Apple LLC	Tulsa, OK, 6607 Zunis Avenue, Unit UNIT 2506	US
S1-387011079	Behavioral Health Medicine PC	11 Hitching Post, Plymouth, MA	US
S1-474866893	Federal Interiors LLC	121 Benjamin Avenue, Salisbury, MD	US
S1-864859878	Kapil Nursing Home Limited	Gautam Buddha Nagar, Noida, C-128, Uttar Pradesh, Sector-65, Sector63 Hcl	India
S1-190499706	Pacific Green Four	4 Thetford Avenue, Braintree, MA	US
S1-900250986	Ss Dyes Center	36, Ii Main Rd, Kasturibai Nagar Adayar, Chennai-20, Tamil Nadu	India
S1-262616940	Phillips Secure Concord Inc.	5 Somerset Place, Logan City, UT	US
S1-744769509	Ne Foods (India)	Hyderabad, Telangana, 10-1-128/28/6/B/1, 1St Flr, Chintal Basti Opp Sai Baba Temple, Khairatabad	India
S1-517570100	Terwilliger Regional Healthcare	2964 Mechum Banks Drive, Albemarle County, VA	US
S1-2892670	Unique Logistics Limited	Cabin No 42, 1St/2Nd Floor Sco No. 42, Sector-11, Panchkula, Haryana	India
S1-299908082	Goff & Darrigo LLC	12003 Ridge Knoll Drive, Unit STE 812B, Fairfax County, VA	US
S1-569210829	Premier Infra Limited	Plot No.11-A, Prem Nagar-1St Gujar Ki Thadi, Jaipur, Rajasthan	India
S1-596988080	Ashta Brothers Private Limited	No.6, Kulakkarai Salai, Ottery, Chennai, Tamil Nadu	India
S1-624583570	Kaverva Commercial Private Limited	Shop No. 233, Marketing Yard, Dolatpara, Junagadh, Gujarat	India
S1-346174162	143 First Realty Care	4181 Wedgewood Terrace, Trinity, NC	US
S1-831577540	Technologies Star Services	6 Parvati Kunj32 Bhagat Galli Mahim, Mumbai, Maharashtra	India
S1-192600010	Rohit Traders Pvt Ltd	A-223, Sobha Onyx Apartment Sarjapura Main Road, Agara, Bangalore, Karnataka	India
S1-121465565	@ Style 9 U P.C.	52 Desert Bloom Road, Fence Lake, NM	US
S1-607157462	Patidar Clinic	809 Metro Tower, Scheme No 54, Indore, Madhya Pradesh	India
S1-397026681	Star Apogee Inc	108 Walden Ridge Drive, Fairfield Glade, TN	US
S1-410957484	Choice Research Corporation	5202 Avalon Drive, Weymouth, MA	US
S1-966266521	Judie Prather, DO	1063 Merino Avenue, New Sharon, IA	US
S1-262877901	Us Fisheries Pvt Ltd	5/10 Pragati Towerrajendra Place, New Delhi, Central Delhi, Delhi	India
S1-385540471	Jai Media Private Limited	No-8708 Danga Matoil, Malda, West Bengal, P.O-Panchpara P.O-Gazole	India
S1-847368421	Orthopedic Specialists, LLC	Boligee, AL, 21081 20	US
S1-515630201	City Engineering Private Limited	2, Sun Flower 27-B, Cater Road, Bandra (W), Mumbai, Maharashtra	India
S1-633408455	Reed Federal Plumbing Inc	2100 Priest Drive, Unit 337, Tempe, AZ	US
S1-964178982	Unique Educational Society	Flat B 2, 54-11-44/9, Nightingales Nestle Apt, Visakhapatnam (Urban), Visakhapatnam, Vishakhapatnam, Andhra Pradesh	India
S1-663065442	Grand Digital Labs LLC	3360 Adam Avenue, Momence, IL	US
S1-613157215	Cardiology Highland Group	603 Lakeshore Drive, Lakeside, IA	US
S1-823484886	Reor Kodiak Inc	6524 Belle Vista Avenue, Baltimore, MD	US
S1-710314248	Lavena Larson Activate	6089 S, Town Of Sigel, WI	US
S1-847887513	Sky Agro Pvt Ltd	Flat No - J11, 11Th Floor, Heavenly Plaza Vazhakkala, Thrikkakara, Ernakulam, Kerala	India
S1-696362513	Horizon Printing Studios	4540 Rural Road, Unit M1, Tempe, AZ	US
S1-275521277	National Corporation	117 Donelson Pike, Unit 130, Nashville, TN	US
S1-115864368	Star Telecom Products	4721 Edens View Road, Kingsport, TN	US
S1-372011974	MF Agro Pvt Ltd	Onondaga Buglow, Club Road, Kodaikanal.. Kodaikanal, Kodaikanal, Dindigul, Tamil Nadu	India
S1-817572413	Southern Logistics	2245 Wheatlands Drive, Goochland County, VA	US
S1-549739199	Scholarship Committee	1750 1125, Bowie, TX	US
S1-635981809	Guru City Infrastructure Private Limited	No.42, Perambur Barracks Road Vepery, Chennai, Tamil Nadu	India
S1-78795882	Regency Engineering Private Limited	A-06, First Floor, Navjivan Park, Opp Bus Stand, Ahmedabad, Gujarat	India
S1-394725205	Tirupati Charitable Trust	Wz- 106/138, Third Floor Office Front Side, Rajouri Garden, Delhi, New Delhi, Delhi	India
S1-290985778	Damaris Heck Golden Agnc Inc	CA, 29129 Pepper Tree Court, Highland	US
S1-393498580	Vision Best Services Private Limited	D.N.2-25A Near Mpp School, Nagavanahalli Village, Amarapuram, Ananthapur, Andhra Pradesh	India
S1-977702409	Macgregor News Inc.	3817 9th Road, Arlington County, VA	US
S1-541010282	Global Business Pvt Ltd	West Godavari, D.No.30-5/2-42, Andhra Pradesh, Kobbarithota, Western Street, Eluru	India
S1-407636258	Real Industries Private Limited	Andhra Pradesh, Guntur, Arundalpeta Main Road, 6-29-36-B S M R Complex, Guntur	India
S1-505597396	Nguyen and Porcayo	5918 Albany Avenue, Chicago, IL	US
S1-121940159	ZM Adams Pvt. Ltd.	3 Dinar Bldg 20 Station Road Opp. City Plaza Santacruz, Mumbai, Mumbai City, Maharashtra	India
S1-699090243	Wilson Ventures LLC	109 Riverside Drive, Jeffersonville, IN	US
S1-764429439	Maid Ice Cream!	61 Spring Street, Westbrook, ME	US
S1-143003344	Infinity Digitech	Delhi, Kh. No. 95/2, Delhi, Ist Floor, Gali No -8, Village Wazirabad Extn, North Delhi	India
S1-841275752	South Apna Private Limited	Door No 1-112/1/ Ksnr/702, Hallmark Ksn Residency, Kondapur, Hyderabad, Rangareddy, Telangana	India
S1-266737387	Regional Ventures LLC	Greenburgh, NY, 60 87	US
S1-749877949	Pediatric Dental Green Group	AZ, 1645 Wood Street, Phoenix	US
S1-849543699	Primary Care Partners LP	707 Seacliff Drive, CA, Aptos	US
S1-969886252	Brigida Rose Centers, LLC	21326 Kingsland Boulevard, Katy, TX	US
S1-290441787	Red Technology Private Limited	1 & 2, Floor-0, Plot 16-A, Press Bldg, Magazine Street, Darukhana, Mazagaon, Mumbai, Mumbai City, Maharashtra	India
S1-254449147	Chiropractic Partners LLC	7611 Bell Road, Halls Crossroads, TN	US
S1-420360946	Quality Export Company	Maharashtra, 101-102 Ashok Service Ind Estate L B S Marg Bhandup (W), Mumbai-, Mumbai	India
S1-48234490	Rodgers Athene LLC	1224 Catch Fly Lane, Durham, NC	US
S1-561579023	East Citizens Inc	408 Brown Briar Circle, Horsham Township, PA	US
S1-775571666	Phylis Patel Green Pattana PLLC	18260 Nickel Plate Drive, Westfield, IN	US
S1-820737249	Keating Unified Spark LLC	OK, Tulsa, Unit APARTMENT  D, 2862 51st Street	US
S1-865774972	Classic Tri-State Oceanhawk	18548 33, Town Of Sheldon, WI	US
S1-674928229	Indus Hospital Limited	Ward No. 7, Jaipur, Rajasthan, Jaipur, Kot Ka Mohalla, Near Jain Mandir	India
S1-580503429	National Housing	3496 1000, Coatesville, IN	US
S1-686644821	Atlantic Project	56 Webster Street, Rockland, MA	US
S1-658404736	Bombay Industries Private Limited	P B No 688 30 A Thillainagar Erode, Tamil Nadu, Erode, Tamil Nadu	India
S1-330861237	Value Stellar LLC	9 Mars Drive, Swansea, IL	US
S1-873098097	TP Mutual Private Limited	Gopinathji Resi., Sf, 206, Opp. Sweet Residency, Amroli Sayan Road, Bld 'G', Surat, Gujarat, Surat	India
S1-542760173	Heritage Liquidity	619 Oakhurst Drive, Brunswick Hills Town, OH	US
S1-165584493	Arts Committee	60 Justice Hills Drive, Hendersonville, NC	US
S1-721040108	(india) Highrise Technologies	C/O Abhaykumar Shinh, B33/, 13, Nariya, Varansi, Varanasi, Uttar Pradesh	India
S1-119005642	Ashlen's Salon	7537 Walnut Street, Kansas City, MO	US
S1-192290825	Khushbu (India) Carbons Limited	13161-A, Shiv Colney, Barnala Bye Pass, Bathinda, Punjab	India
S1-115680863	Taylor & Klatt	IN, Pleasant Lake, 2365 390	US
S1-475932481	Palmyra Sangh	Uttar Pradesh, Gautam Budh Nagar, Npx Urb Tech, Gautam Buddha Nagar, 33A Twelfth Floor	India
S1-996762267	Community First Church	52 Jones Road, Charlton, MA	US
S1-684537720	Crystal Express Plutonian of Chicopee	84 Cyran Street, Chicopee, MA	US
S1-794380284	Blue Infotech Private Limited	Khasra No.1011K 1011Kh Mauza Ucha Tehsil Etmadpur, District Agra, Agra, Uttar Pradesh	India
S1-500625133	L 8 Signature Chesapeake	541 Melissa Drive, Upper Dublin Township, PA	US
S1-712962763	Patino Superior Block, LLC	5249 Central Avenue, Unit APT 8, IN, Indianapolis	US
S1-558018788	Caldyn Templeton, LLC	455 Sea Mecox Road, Southampton, NY	US
S1-357770249	Castellon Holding Company LLC	341 200, Provo, UT	US
S1-391889849	Green Tri-State Shore LLC	Unit 4307, Odenton, 322 Old Forge Lane, MD	US
S1-770437426	Hagerman American York L.L.C.	817 Bonnie Ridge Drive, Leesburg Town, VA	US
S1-570039174	Great Builders Limited	356/G, Nutech Golden Crest Lakshmanaswamy Salai, Kk Nagar, Chennai, Tamil Nadu	India
S1-586740417	Super Projects Private Limited	No 22 5Th Cross 3Rd Main Sri Gururaghavendra Nagar J P Nagar 7Th, Phase, Bangalore, Karnataka	India
S1-133216028	Black International Systems Private Limited	C/O Dipak Rai, Daidiha, Daidihagk.K.P, Gorakhpur, Gola Bazar, Gorakhpur, Uttar Pradesh	India
S1-110678548	Pune Drift Private Limited	Pune, H-604 Samrajya Balwantpuram Shivtirthnagar Kothrud, Pune, Maharashtra	India
S1-392762080	Optis Perfect, L.L.C.	30453 Blossom Road, Washington County, VA	US
S1-355768430	FK International LLP	Maharashtra, Flat 3404, Mumbai, Flr 34, Runwal, Bliss D, Damle Colony	India
S1-786434846	Chanvai Power Private Limited	Sentosa Green City Chanvai, Chanvai, Valsad, Gujarat	India
S1-536881874	Mara's Health Partners	11320 Forada Beach Road, Forada, MN	US
S1-84049179	Laxmi & Sons Private Limited	11/12A Tilak Nagar, West Delhi, New Delhi, Delhi	India
S1-776305842	High Media Private Limited	Ahmedabad, 353/3, Vijay Estate, Behind Bhikshukh Gruh, Central, Workshop, Gujarat, C/O. Baljeetsinh Mevasinh Ramgadiya, Road Odhav	India
S1-705377834	Gibson Abony of Prince William County, Inc.	7494 Prince Charles Court, Unit UNIT 8, Prince William County, VA	US
S1-420689606	T+ Lionheart Inc	694 Pup Hill Road, Saranac, NY	US
S1-484154487	Pradip Holdings	Yusuf Building 1St Floorroom No 15 Abdulrehman Street, Mumbai, Mumbai City, Maharashtra	India
S1-726005605	Hunger Council	322 Gilead Brook Road, Bethel, VT	US
S1-431875186	Palmer Securities	204 Orchard Place, Mount Prospect, IL	US
S1-761816720	George Mountain Nexera	1355 Woodruff Avenue, Toledo, OH	US
S1-511897704	Big 23 Tattoo Inc	41817 Eloquence Terrace, Loudoun County, VA	US
S1-70099497	Boify	1347 19th, Tell City, IN	US
S1-778786875	National Biomedical Services LLC	Schriever, LA, 1918 Elsewhere Lane	US
S1-536690147	Dianna Herrera Highland Sab LLC	1130 Hunters Ridge Road, Albemarle County, VA	US
S1-77154468	Amberly Swords Research	209 Park Avenue, Broadus, MT	US
S1-945020596	RQ Recruitment Private Limited	V V Nagar, Kukatpally, Telangana, H No 12-6-2/91, Hyderabad	India
S1-82680852	Ordnc India Private Limited	Jaipur, Royal Sundaram, Vivekanand Marg, C-Scheme, Rajasthan, F No 306	India
S1-747026906	Tripura Ventures Private Limited	C/O Thomas C C, Chamaparayil House, Koovappally, Kudayathur, Idukki, Thodupuzha, Idukki, Kerala	India
S1-771172361	Universal Marketing Private Limited	Room No 1, Mumbai, Maharashtra, Alick Carbal Chawl, Church Pakhadi, Road No-1, Sahar Village, Andheri, Mumbai	India
S1-473174098	India Hotels Pvt Ltd	201, Udyog Bhavan, Sharma Industrial Estate, Walbhat Road, Goregaon East, Mumbai, Mumbai City, Maharashtra	India
S1-236335690	Tech Finance	House No 104, Floor 2Nd Block -Rp Pitampura, Delhi, North West Delhi, Delhi	India
S1-296824699	Sandoval and Lewis LLC	188 Winthrop Street, Unit REAR, Taunton, MA	US
S1-443270648	Lorilee Grubb Virginia	431 New Jersey Avenue, Washington, DC	US
S1-208231021	Valley Ace Specialists LLC	7325 Walther Loop, Prineville, OR	US
S1-784539881	H L & V Energetics Inc.	116 Hamilton Way, Siloam, NC	US
S1-345635411	Petronille Morton Fresh Travel LLC	5100 Newland Avenue, Unit 1, Cheyenne, WY	US
S1-166207576	Modern Trading Private Limited	No. 2, Ground Floor, Giriraj Apartment, Kadamwadi, Marol, A. K. Road, Andheri East, Mumbai, Mumbai City, Maharashtra	India
S1-860899341	Miller, Brennan and Billings Cherry Inc	3 Upland Woods Circle, Unit 101, Norwood, MA	US
S1-63190883	Pittman, Mckinley & Ashworth LLC	2233 Hedgerow Road, Unit F, Columbus, OH	US
S1-99981378	Nollie's Pilates	760 Cochise Drive, Dewey, AZ	US
S1-434661703	Zheng Apex Energia, LLC	3735 Haywood Street, Sacramento, CA	US
S1-721216339	Bombay Enterprises Private Limited	Mumbai, New Neelam Appartment 58 J P Road, Versova, Andheri West, Flat No. 404, Maharashtra, Mumbai City	India
S1-67506819	Saint Community Church	6426 Pine Grove Road, TN, Knoxville	US
S1-952068507	Johnson, Ruiz & Young Steers Inc.	W173N5511 Ravenwood Drive, Village Of Menomonee Falls, WI	US
S1-959397524	Apj Foundation	Mumbai, Plot No9 Spectra Compd Ramchandra Lane Ext Kanchpada Ii Malad (W), Maharashtra, Mumbai	India
S1-332900299	Tadros Holding Company LLC	W154N6624 Marvel Drive, Village Of Menomonee Falls, WI	US
S1-893119083	New Consulting (India) Private Limited	S No 241/2/1/2 Defence Co-Op Hsg Soc, Baner, Pune, Maharashtra	India
S1-50973896	Oneill All Clean Inc	9631 10th Avenue, Phoenix, AZ	US
S1-84850956	South Consulting LLP	C/O Mohan Prasad, Chhawanipur Salemgarh, Tamkuhi, Kushinagar, Uttar Pradesh	India
S1-700463890	OG Hartford Inc	412 2nd Street, Earlville, IL	US
S1-914655228	Rainbow (India) Spa Ltd	Central Delhi, Delhi, New Delhi, 112 - 113Gagandeep 12 Rajendra Place	India
S1-279572892	Smart Construction	No.375, Ground Floor, 8Th Cross, 1St Block, Jayanagar, Bangalore, Karnataka	India
S1-674633284	Supreme Shyam Consultants Private Limited	Flat No A-401, Cielo Building, Lodha Casa Univis Ghodbunder Road, Thane West, Thane, Maharashtra	India
S1-362690230	Cultural Federation	513 Quails Run, Unit B2, Saint Matthews, KY	US
S1-757125339	Indo Construction Private Limited	Ujjain, Madhya Pradesh, Mill Premises, Agar Road	India
S1-919187703	Absolute Brothers Private Limited	Survey No 43 Plot No.2, Nr.Depalya Bus Stop, Paddhari, Rajkot, Gujarat	India
S1-321144046	Shabnam Global Private Limited	E-4/25, S/F, Krishna Nagar, Delhi, East Delhi, Delhi	India
S1-925672670	Ss Agro Private Limited	F Wing, Maharashtra, Mumbai, 142 Row House, Upper Govind Nagar, Malad (East), Mumbai City	India
S1-871232960	Mayen Earths Inc.	Schaumburg, 1343 Forestdale Court, IL	US
S1-14824680	Sun Management Limited	Building No. 13/1, 1St Cross, 1St Main Domlur Ring Road, Srinivagilu, Viveknaga, R Post, Bangalore, Karnataka	India
S1-230471741	Halderman, Wagner and Rocco Therapeutics LLC	1077 Rodman Street, Unit 101, Fall River, MA	US
S1-975030091	A Cornerstone Renewable Group	5407 Carnae Ct, Unit 48, Louisville, KY	US
S1-755750065	Behavioral Health Valley Center	3423 355th Street, IA, Ruthven	US
S1-178740023	Dia Gold Public Limited	5-2-381 & 382, 1St Floor, Hyderbasti, Null, Secunderabad, Kurnool, Telangana	India
S1-63867443	Infra Sr Powergen Pvt. Ltd.	Delhi, Central Delhi, Block No. 10, Golf Links, Property No. 98, Delhi	India
S1-512727807	Scroggs Merger PC	127 16th Street, Terre Haute, IN	US
S1-409173007	Suarez, Crutcher & Kish P.C.	92 Fort Shantok Road, Montville, CT	US
S1-946909922	Dutan Chemical	16 Stokes Road, Yonkers, NY, Unit Apartment 1A	US
S1-833996116	Brightari Trading, Inc	1 Maid Marion Street, Oxford, MA	US
S1-767815316	Best Apparel Global LLC	109 County Rd 7, Calhoun, TN	US
S1-94710988	Islas & Ke, Inc	1005 Webster Avenue, Wheaton, IL	US
S1-905881162	Superior Retail Systems, Corp	37 Godfrey Road, Unit Apartment C, Mamakating, NY	US
S1-248065677	Highland Council	622 Fm 572, Unit 53, Goldthwaite, TX	US
S1-955698146	Austin Orthopedic Certified Medicine	6221 Avery Island Avenue, Austin, TX	US
S1-928215844	Cardiology Associates LLC	917 W T Harris Boulevard, Charlotte, NC	US
S1-20010378	Safe Cloud Works	1478 Trueblood Road, Halifax, NC	US
S1-801660956	Supreme Solutions Private Limited	7-1-645/A, Ii Floor, St Theresa'S Hospital, Balanagar, K.V.Rangareddy, Telangana	India
S1-623281522	Founder Educational Society	Tr-620, 4Th Floor, 142 Noida, Plot No 21 And 21A, Noida, Gautam Buddha Nagar, Uttar Pradesh	India
S1-600106886	Carlstrom's Retail	436 Pine Lake Circle, Vernon Hills, IL	US
S1-424760081	Hernandez & Smith Silverbox	684 116, Nacogdoches, TX	US
S1-401499177	Bharat India	No 1A, Site No 1, Khata No 545/36/1 Hennur Cross, Hennur Main Road, Kasaba H, Obli, Bangalore, Karnataka	India
S1-770352993	Silver Grill	323 Jefferson Street, Thompson Falls, MT	US
S1-234144173	Allison Special LLC	55 Columbia Drive, Buckhannon, WV	US
S1-78939484	International Consultants Pvt Ltd	B-122 Shivaji Road, North Ghonda, Delhi, East Delhi, Delhi	India
S1-657397601	MD Developers Private Limited	Shop No. 101, Ramkutir Appartment, Near Gangeshwar Mahadev Mandir, Adajan R, Oad, Surat, Gujarat	India
S1-313789914	4594 Broadway Ave Owners Corp Inc	12 Barrington Way, Glastonbury, CT	US
S1-614512573	Mcgrath, Dally & Hall	224 16th Avenue, Moline, IL	US
S1-291967819	Murshidabad It Private Limited	Vill & Po Bansgara P.S Lalgola, Murshidabad, West Bengal	India
S1-364801811	Life Systems Private Limited	Aaa/504/505, New Faizal Nagar Opp. Bombay Hotel, Nr. Brts, Danilimda, Ahmedabad, Gujarat	India
S1-338702735	Berenice Rubi Ace Quetta, LLC	2221 Lincoln Road, Spokane, WA	US
S1-546731950	Harris and Drinkwater Four LLC	2345 Burke Road, Pittsylvania County, VA	US
S1-383026523	Fuentes Live LLC	432 Clarke Street, Unit APT 5, Helena, MT	US
S1-77306158	Cornerstone Security Dynamics	221 Prospect Street, Staunton City, VA	US
S1-786353031	Morganica Russell Newbridge Inc	810 Wintergreen Avenue, Hamden, CT	US
S1-892207290	Tucker, Gaspard and Staton P.C.	205 Villa Way, Gillette, WY	US
S1-408695653	Kal Foundation	406, Golden Sunrise Apartment C Scheme, Lajpat Marg C, Jaipur, Rajasthan	India
S1-11928072	Deborah Wallace Prime Biotherapeutics LLC	8325 Harvest Oak Lane, Chattanooga, TN	US
S1-14602615	Great Fannie Inc	10813 Sandringham Road, Cockeysville, MD	US
S1-593668216	Valley Smart Token-Fort Smith	1905 Churchill Road, Fort Smith, AR	US
S1-327882974	Savan Mills Private Limited	205, Dariba Kalan, Chandni Chowk, New Delhi, Delhi	India
S1-534401045	Tri-State Management	300 Eugenia Meadows Road, New Castle, DE	US
S1-175878710	Konark Bunkering Private Limited	Ag-35 First Floor, Shalimar Bagh, Delhi, Delhi, North West Delhi, Delhi	India
S1-489785940	Twisted Bistro! LLC	5719 Water Violet Lane, Richmond, TX	US
S1-411863015	Fresh Grill	384 Free Gospel Road, Greene, NC	US
S1-86839351	Howrah Agri	26, Moulana Abul Kalam Azad Road, Lp No. - 42/4, Howrah, West Bengal	India
S1-182091775	Pediatric Medicine	127 Laurel Dale Cemetery Road, Robbins, TN	US
S1-991470784	Benson Creation LLP	903-C Juhu Abhishekapartment J V Link Road Andheri West, Mumbai, Maharashtra	India
S1-718814894	Cooperative Diagnostic Products PC	900 4th Street, Tuscumbia, AL	US
S1-862971172	Riddhi Real Private Limited	112, Cabin B, Udhyog Bhawan Sonawala Lane, Goregaon East, Mumbai, Mumbai City, Maharashtra	India
S1-390970489	Tech Technology Private Limited	Pune, S No 232/4 Fl No 103/A Vidhate Park, Pune City, Maharashtra, Baner	India
S1-592403460	Daksh Public School Ltd	House No. 397-B, Floor 1St, Block B Landmark Gali No.4, Majlis Park, Delhi, New Delhi, Delhi	India
S1-988862144	Prime Infrastructure Private Limited	107-B Mittal Towernariman Point, Mumbai, Maharashtra	India
S1-631192875	My Foundation Private Limited	#925/910/894/48-4B/48-4C, Kssp Complex, 7Th Mile, Kudlu Gate, Hosur, Road, Bangalore, Karnataka	India
S1-167896717	Youth Services	8673 Church Street, Evans Mills, NY	US
S1-597945637	Debold and Jimenez	City Of El Paso, TX, 1537 Kolliker Drive	US
S1-922562676	Silver Summit Pharmaceuticals LLC	8474 Sunset Avenue, Fair Oaks, CA	US
S1-866559306	Apex Media Private Limited	Flat No 404, Maharashtra, Plot No 6, M/S. 4Th Apple Developers, Sector 23, Ghansoli, Navi Mumbai, Thane, Navi Mumbai	India
S1-304093440	Secure Holding of Brooklyn	1764 45 Street, Brooklyn, NY	US
S1-863839366	Walls and Smith LLC	3206 Potter Road, Troupsburg, NY	US
S1-938502487	Jai Media Private Limited	Nellore, Cess Office Opposit Korutla Road, Vemulawada, Karimnagar, Telangana, H.No.9-1-35/35/11F	India
S1-918923531	Gallardo Resources Inc	18180 Sonoita Highway, Vail, AZ	US
S1-1481484	Ware, Newton and Adkins LLC	4143 Otter Brook Drive, South Jordan, UT	US
S1-109799843	Allied Project	308 Commercial Street, Lone Rock, WI	US
S1-976338996	Johnson Motor of Berry Hill Inc	801 Inverness Avenue, Unit A15, Berry Hill, TN	US
S1-676179476	Al Builders Private Limited	6 Green Avenue Lane, Off Green Avenue, Kishangarh, South Delhi, Delhi	India
S1-377568487	Aroma Digital Ltd	No.4/2, Teachers Colony 1St Street, Kodunkaiyur, Chennai, Tamil Nadu	India
S1-977171705	Community Trust VI LP	55 Pine Lane, Stillwater, NY	US
S1-780638458	Western International	134 Parkside Avenue, Glen Ellyn, IL	US
S1-129096506	Clay, Teague & George LLC	7107 Morris Thomas Road, Cloquet, MN	US
S1-439701466	Noor Franklin	4138 Helena Drive, Phoenix, AZ	US
S1-324953530	Seven Infra Private Limited	B/222A, Ashirwad Bunglow, Opp Spices Restuarant, Near Teen Tanki, Sector 19, Koparkhairne, Navi Mumbai, Maharashtra	India
S1-842629161	Jana's Superior Diner	1015 Compass Cove Circle, Spring, TX	US
S1-617538406	Safe Apparel Digital LLC	250 S Ranch Road, Seneca, SC	US
S1-864432243	Patil Law Chambers Private Limited	144 Senthamarai Kannan Salai, Kottivakkam, Chennai City Corporation, Kanchipuram, Tamil Nadu	India
S1-611551007	Oriana Savinon Frontier Encore	1469 35th Street, Unit Apartment 302, Fargo, ND	US
S1-791807140	Ev Public School Private Limited	1207, Sector-23A, Gurugram, Haryana, Palam Vihar, Gurgaon, Haryana	India
S1-367310680	Bazaar Health Private Limited	Post Box No.:19 443, Bazaar, Virudhunagar, Tamil Nadu	India
S1-324130106	Tiphani Soller Safeguard	3109 Beachcomber Drive, City Of El Paso, TX	US
S1-36280836	Shivam Energy Pvt Ltd	No.55, Kummalamman Koil Street, Taylors Road Kilpauk, Chennai, Tamil Nadu	India
S1-259041316	Empire Trust	13 Notch Road, Simsbury, CT	US
S1-751515018	Ferric Suma Inc	8945 La Verne Drive, Rancho Cucamonga, CA	US
S1-757249587	Adah Peters Heritage Wheeler Inc	6975 Slate River Way, Sacramento, CA	US
S1-506975660	Gluck Highland	513 Granite Way, Vacaville, CA	US
S1-373000581	AY Stores Private Limited	P.No 13/1, Flat No:202, Sbr Gateway, Opp:Cyber Gateway, Madhapur, Hyderabad, Rangareddy, Telangana	India
S1-538741386	Plan Foundation	D 59/22-E-1, Rathyatra, Mahmoorganj, Varanasi, Uttar Pradesh	India
S1-979620776	Ibarra Companies L.L.C.	3312 Willow Creek Drive, Unit 421, Irving, TX	US
S1-254466250	Mari Trading Private Limited	New Thippasandra, # 664, Karnataka, Bangalore, 5Th A Main, 6Th Cross Hal 3Rd Stage	India
S1-799847590	Standard Package Private Limited	No.51, Veppilaihalli Village, Palakkodu, Dharmapuri, Tamil Nadu	India
S1-909840395	Heritage Patriot Dynamics	5 Avon Street Extension, Enfield, CT	US
S1-836184494	White Producer Limited	42/A3-1, Perumal Layout Kattoor, Mettupalayam, Coimbatore, Tamil Nadu	India
S1-490029337	Bay Resources	827 Campbell Road, Smithville, TN	US
S1-625549277	Technologies Quintessence Urban Co	C/O Khalid Ayub Shaikh, Postman Chawl Cama Road, Mumbai, Maharashtra	India
S1-967833385	Advanced Design Labs	Town Of Carson, 3026 White Pine Road, WI	US
S1-962926747	Amen Traders Limited	Egmore Benefit Society Building, Ii Floor No.25, Flowers Road, Kilpauk, Chennai, Tamil Nadu	India
S1-876104916	Synergia Chits Private Limited	Ram Singh Nau Bhadson, Patiala, Punjab	India
S1-583264064	FM Advertising Inc	1325 Yupon Drive, AL, Gulf Shores	US
S1-415261520	Elite Advanced Muniyield Inc.	104 Rogers Road, Unit A, Burgaw, NC	US
S1-128157236	Minna Cress Valley Graf	3500 La Sala Redondo, Albuquerque, NM	US
S1-307708658	Inspire Seva Samiti	T7-1604, Ace Divino, Plot No-Gh-14A, Sector-1., Bishrakh, Gautam Buddha Nagar, Uttar Pradesh	India
S1-672009799	Classic Analytics Brands Inc	720 Parsley Road, AR, Newport	US
S1-119268840	Red Sangh	4A Pollock Street, Swaika Centre, Ground Flor, Room-5, Kolkata, Kolkata, Howrah, West Bengal	India
S1-232398646	Green Systems Private Limited	Off. No.306, Nawu Imperio, Adj. To Lodha Belmondo, Haveli, Pune, Maharashtra	India
S1-770181079	Innovative Grading LLC	1377 Pinewood Drive, Taylorsville City, UT	US
S1-965732285	Quality Seva Samiti	Flat No E 05, Gut No 162, Aura Villegia, Deolai, Aurangabad, Maharashtra	India
S1-920945816	Al Logistics	Sy. Nos. 134/1, 134/2. 3Rd Floor, Brigade Tech Park B Block, Whitefield, Bangalore South, Bangalore, Karnataka, India., Bangalore South, Bangalore, Karnataka	India
S1-883349468	Dominique's Valley Design LLC	20402 Afternoon Lane, Germantown, MD	US
S1-784539478	Sunshine Vidyalaya Limited	C/O Smt Sarita Jaysawal, W/O Sri Ram Asare Jaysawal, Mahewa, Normal, Gorakhpur, Uttar Pradesh	India
S1-981910756	Parkman Resources Inc.	5774 Greencraig Drive, Houston, TX	US
S1-7541800	Finley Cambridge Inc	2214 Jackson Avenue, Spokane, WA	US
S1-193365795	Chennai Jewel Corporation	D 146/A2, Flat Rain Tree, Rajamannar Salai, Kk Nagar, Chennai, Tamil Nadu	India
S1-383353775	United New Global LLP	No. 421, The Embassy 15, Ali Asker Road, Bangalore, Karnataka	India
S1-850093576	Bunni's Hypnosis	SC, Rock Hill, 245 Columbia Avenue	US
S1-808660510	Periday Engineering Inc	12636 Ridgeside Drive, Balch Springs, TX	US
S1-958416352	Shree & Brothers Private Limited	H.No 135-136 3Rd Floor, Pocket-6 Sector-24 Rohini, North West Delhi, Delhi	India
S1-564005155	Anand It Pvt Ltd	29/202Sanjay Place Agra, Uttar Pradesh, Lucknow, Uttar Pradesh	India
S1-795615788	Creative Media Private Limited	T2-14B, Snn Clermont Outer, Ring Rd, Bel Circle Hebbal, Bangalore North, Bangalore, Karnataka	India
S1-442665310	Delvalle & Damico	491 Fairview Avenue, Barberton, OH	US
S1-611211680	Zeex Integrated Spdr Inc	Bella Vista, 47 Westmorland Drive, AR	US
S1-826094238	Primary Care Medicine	4103 9th Street, Unit #205, Puyallup, WA	US
S1-550033994	Ekana Public School	Scono 14 Sf, High Street 1, Eldeco County Sec 19, Sonipat, Haryana	India
S1-800025674	Prime Constructions Limited	B-15, Business Park, Pdpu Road Kudasan-Raysan, Gandhinagar, Gandhinagar, Gandhi Nagar, Gujarat	India
S1-454915960	Grace Mid LLC	1333 Guadalupe Road, Unit 222, Gilbert, AZ	US
S1-35954112	Loum Modern Transportation Corp	6109 Rolkingham Lane, Orangevale, CA	US
S1-536446069	Schneider Kogyo LLC	31 Maple Street, New Lebanon, OH	US
S1-553600172	Silverman Peak Beijing LLC	40928 Courage Trail, Phoenix, AZ	US
S1-951004971	Ramos's Atlantic Eye Care	Miamisburg, OH, 3008 Sagebrook Drive	US
S1-557867435	Mahavir Services Public Limited	West Bengal, Po-West Sanabandh, Bankura - I, Vill- Badulara, Bankura	India
S1-212373524	Chapra India Private Limited	Bihar, Chapra, Garkha Dhala, Hanuman N, 43 No.Railway Crossing, Saran	India
S1-969569759	Turner Consulting of Hopkinsville Inc	730 Derby Drive, Hopkinsville, KY	US
S1-43994923	Starr Mitchell, CPA LLC	5 Knox Boulevard, Middletown, CT	US
S1-848600	Collinsworth's Management LP	2010 Dauntless Drive, Glenview, IL	US
S1-720722152	High Systems Private Limited	858, Sector-12, Huda, Panipat, Haryana	India
S1-403533077	Prabhat Controls Pvt Ltd	Coimbatore, Nagar Ii Nd Street, Coimbatore, 46 A Gautham Illam Anna, Tamil Nadu	India
S1-674769991	Jaine's Painting	4919 38th Street, Omaha, NE	US
S1-891000663	Ward Rapid Debt	120 Market Street, Karnes City, TX	US
S1-473226283	Bryson, Schweiss & Guerin LLC	NC, 612 Raynor Street, Durham	US
S1-153531417	Abhijat & Brothers Private Limited	.1-11-50/185, Devraj-Urs, Near Anjinayya Temple, Raichur, Karnataka	India
S1-943344995	Summit Bond LLC	6479 Arbor Oak Drive, Indianapolis, IN	US
S1-215536876	Tallulah's American Therapy LP	804 Lakeside Boulevard, Henrico County, VA	US
S1-936274037	Daddy Medical Centre Limited	Mouza Chandi J.L No 101, R.S No 25, Touzi No 3263 Chandi Gram Panchayet Area, Bishnupur, Hooghly, West Bengal	India
S1-183010281	Reyes Learning Center	141 Village Green Drive, Brookhaven, NY	US
S1-646072955	Office Santoshi LLP	Room No.303, Third Floor E-261, Phase-Viii B, Mohali, Punjab	India
S1-89911089	Interstate Delta Andretti	7452 Cavenders Branch, Lyles, TN	US
S1-613754304	Kavertech Agro Private Limited	502, Plot 32, Gorai Link Road, Rdp I Gorai, Borivali West, Mumbai, Mumbai City, Maharashtra	India
S1-888734090	Northern Charter School Inc	4 Renaissance Place, Leicester, NC	US
S1-484138399	Pediatric Dentistry Health of Dallas, LLC	5410 Vickery Boulevard, Dallas, TX	US
S1-228042051	Regan Butler Midwest Interactive Corp	2502 Bois Darc Lane, Cedar Park, TX	US
S1-410306180	Royal International School Public Limited	A-239, Ground Floor, Blossom -I May Field Garden, Sector- 47, Gurgaon, Haryana	India
S1-807109908	Premier Enterprises LLP	21, Commerce House, 140, Nagindasmaster Road, Mumbai, Maharashtra	India
S1-175267835	Prairie Total Enbridge Partners	2427 Elm Lane, Montrose, MN	US
S1-400742931	Schieber Gulf Holdco PLLC	VA, 1050 Beaver Drive, Christiansburg Town	US
S1-464802684	Robby's Highland Yoga	404 31st Avenue, Minneapolis, MN	US
S1-503981912	Tks Foundation Associates	Hno 8-2-674/A/H/A/1, Road No 13 Banjarahills, Khairatabad, Hyderabad, Telangana	India
S1-866695102	Historical Guild Inc	NY, Greece, 332 Northwood Drive	US
S1-676269578	Nagaksh Hospitality Private Limited	No - 950, 2Nd Main Road 4Th Block, Rajajinagar, Bangalore, Karnataka	India
S1-179477198	Bhoomi Resort Limited	Flat No-203, E-71A, Amba Appartments Amba Bari, Jaipur, Rajasthan	India
S1-678445758	Garza Hydro Clinic	99 Horner Road, Angelica, NY	US
S1-62112641	Prairie Program	Town Of Grant, N11431 W, WI	US
S1-587083305	Riffle and Davis	6350 78th Street, Scottsdale, AZ, Unit UNIT 283	US
S1-449183874	Dawson Columbus Corp	17 Oak Street, The Plains, OH	US
S1-457036934	Arrjavv Development	Jp Decks, General A K Vaidya Marg, Near Oberoi Mall, Next To Dindoshi Court, Malad E, Mumbai, A - 3405, Mumbai City, Maharashtra	India
S1-687094506	Waheguru & Sons Private Limited	Rsf 454, Raghupathinaickenpalayam, 46 Pudur, Poondurai Mani Road, Erode, Tamil Nadu	India
S1-656768927	Star Food	Flat No. 301, House No. 387, Scheme No. 2, Alwar, Rajasthan	India
S1-999158511	Rohrbach Partners	Clay City, KY, 369 Adams Ridge Spur Road	US
S1-315634788	Precision Mortgage Digital Inc	1540 States Avenue, Hardy, IA	US
S1-876353622	Supreme Unified Annaly	25 Smith Avenue, Celoron, NY	US
S1-404018503	Universal Aerospace Advisors Inc.	45 Central Street, North Reading, MA	US
S1-825190948	Teia Equity Partners LLC	33 Pennywise Lane, Old Saybrook, CT	US
S1-159823376	Davis California Clinic	2415 Hudspeth Avenue, Dallas, TX	US
S1-532243335	Patna Solutions Private Limited	Bihar, House No 21 Kusumpuram Colony Gola Road, Patna, Danapur Cantt., Patna	India
S1-240291825	Gayla Giraldo Peak Bright LLC	11003 Quebec Circle, Bloomington, MN	US
S1-342560099	F+ Fast	6506 Hayley Court, Springfield, IL	US
S1-475297267	Bondy Hartford	1160 Washington Fields Road, Unit 41, Washington City, UT	US
S1-612908605	Constancy's Entertainment Inc	105 4th Avenue, Scranton, ND	US
S1-763921820	Indian International Private Limited	H-A-705, Pratap Apartment, Sec-29, Pratap Nagar, Sanganer, Jaipur, Rajasthan	India
S1-115376262	Gurgaon Producer LLP	Pine Drive-16, Malibu, Town, Sec 47, Sohna Road, Gurgaon, Haryana	India
S1-509856825	Shannon, Petronella, DPM	5701 Andrea Boulevard, Sacramento, CA	US
S1-182820935	Smith & Schofield	3205 Treewood Lane, Apex, NC	US
S1-384437452	Prakash (India) Realtors Pvt. Ltd.	Mumbai, B/4, Maharashtra, 201, Shanti Nagar, Mahakali Caves Road Andheri East, Mumbai City	India
S1-144193569	Norton, Byles & Moultry Inc	49975 Seasand Circle, Neskowin, OR	US
S1-370277709	A Cornerstone Franklin LLC	6705 Boxelder Circle, Lincoln, NE	US
S1-297331797	Red Consultancy Pvt Ltd	3Rd Flr Fl-301, 40A/8& 9 K C C Mitra Road, Ekaparnika, Belgharia, North 24 Parganas, West Bengal	India
S1-292568087	NK Loan LLC	3643 Greylock Circle, Mesa, AZ	US
S1-473692231	Betta Carson Genetics	215 Cranberry Hole Road, NY, East Hampton	US
S1-576691150	Js Consultancy	C/O Guiram Badyakar Sukantapally, West Bengal, Bardhaman, Durgapur	India
S1-267819935	Bhubaneswar Parks Pvt Ltd	Orissa, Bhubaneswar, Flat - A/202, Khordha, Prestige Residency	India
S1-795315541	Shakti (India) Finance Private Limited	Posak Kendra Ke Pass, Gopalgadh, Mathura, Uttar Pradesh	India
S1-959162343	Vania (India) Tech Pvt. Ltd.	Plot No 59, Kinfra Park, Mayipady, Kasaragod, Kasaragod, Kasargod, Kerala	India
S1-931581168	East Media LLP	38/22, Mahamaham, Malekarai, Kumbakonam, Thanjavur, Tamil Nadu	India
S1-74366880	Christ Fellowship	11 Center Garden Boulevard, Brookhaven, NY	US
S1-405064765	Golden Constructions Private Limited	Bui- 1/B, Fl No.-31, E.W.S. Awas Opp-Abhinandan Residence, Near Jagnath Temple, Surat, Gujarat	India
S1-100445324	Mendola Sterling Brokerage LLC	8275 Bell Road, Unit APT 1140, Scottsdale, AZ	US
S1-41578079	Buldhana (India) Restaurant Private Limited	Unit No.- Off-240, Second Floor, Oak Tower, Paramount Golf Foreste, Plot No. Bgh A, Upsidc Housing, Surajpur Site-C Extension Road, Sector-Zeta 2, Grater Noida, Gautam Budh Nagar, Utta, Bishrakh, Gautam Buddha Nagar, Uttar Pradesh	India
S1-47940374	Hoffman Industries	8795 106th Street, Owasso, OK	US
S1-260718434	Laum Equity Partners Winchester	250 Prescott Lane, Winchester, KY	US
S1-161081496	Shivam Ace Exports Private Limited	Vijay Enclave, No 33/2, 3Rd Floor 8Th Main, 12Th Cross, Malleshwaram, Bengaluru, Bangalore, Karnataka	India
S1-131955393	Lakshmi Impex Private Limited	Nediyath Deo Gloria, Bld No 19/340/A, Kattachira, Mavelikkara, Alappuzha, Kerala	India
S1-492918874	Jain Investments Limited	Plot No. 71, R K Colony Dr A S Rao Nagar, Hyderabad, Telangana	India
S1-834198560	Rev It Up Yoga	3496 State Highway 92, Chickasha, OK	US
S1-434908830	Callahan and Castillo Starry LLC	2814 Ave C, Scottsbluff, NE	US
S1-449089267	Alliance Electronics Private Limited	Futera Ward No. 4, 23886, Damoh, Madhya Pradesh	India
S1-328832742	A Crystal Pmv	56930 Captina Way, Armstrong Mills, OH	US
S1-819125020	Vijay Media	133/36, O Block Kidwai Nagar, Transport Nagar, Kanpur Nagar, Uttar Pradesh	India
S1-915819873	RAV Producer Private Limited	Gourinandan Sadan, Venela Tank Road, Madh Jetty Via Versova, Andheri (W), Mumbai, Maharashtra	India
S1-60129225	Shiv Investments Limited	Flat No. 902, Floor No. 9, Genax Tower Omaxe Heights, Omaxe City, Sec 8, Sonipat, Sonepat, Haryana	India
S1-154982437	Refrigeration Trading Private Limited	C-4, Kachnar Shikhar Vineet Talkies, Jabalpur, Madhya Pradesh	India
S1-405981872	Hyderabad International Private Limited	Datta Nagar, Seetarambagh Asif Nagar, Hno.12-1-320/2, Telangana, Hyderabad	India
S1-153294787	Solorio & Johnson	137 49 Street, Brooklyn, NY	US
S1-256316499	Taranth Systems Pvt Ltd	Rajasthan, Bundi, C/O Suraj Mal Meena Alkodiya, Talera Bundi, Rajasthan	India
S1-370167942	MW Management Private Limited	Off No-12 G-80Vijay Chowk Laxmi Nagar, Delhi, East Delhi, Delhi	India
S1-331067558	Cascade Cardiology PC	11075 Elderberry Way, Hagerstown, MD	US
S1-690723247	Mumbai Technologies Pvt. Ltd.	E/419 A1 Apartment, C. S. Road Kandivali West, Mumbai, Mumbai City, Maharashtra	India
S1-816732490	Tech Healthcare Private Limited	No.161/C, 5Th Main Road, Industrial Suburb, 2Nd Stage, Yeshwanthpur., Yeshwantpur, Bangalore, Karnataka	India
S1-350749947	Rocky Neurosciences PLLC	TN, 3237 Memorial Boulevard, Unit 05302, Murfreesboro	US
S1-666882711	Golden Marketing Private Limited	803, Noida, Cv-4, Supertech Capetown, Sector-74, Uttar Pradesh, Gautam Buddha Nagar	India
S1-416609219	Dermatology Ridge Clinic Corporation	633 Essex Street, Akron, OH	US
S1-99947338	Maa Food Pvt Ltd	Gat No 121, Pakharsangavi, Latur, Maharashtra	India
S1-885547411	Mountain Rocky Dynamix LLC	10701 Lane Street, Houston, TX	US
S1-284112016	Vision Center	2194 Jo Ann Avenue, Bullhead City, AZ	US
S1-990887180	Cardiology Care Inc	NY, Orange, 715 Bud Lane	US
S1-814355403	Infra Conquest Box Limited	G Udayagiri, Kandhamal Dist, Odisha, Osmanabad, Orissa	India
S1-441839041	Surya Industrial Pvt Ltd	505 Kankarbagh Colony More Nutan Tower, Patna, Bihar, Co Smt. Rina Rai W O Mohan Kumar Ray B Block, Sampatchak	India
S1-161872836	Saint Paul Pinnacle Transition	1336 Van Buren Avenue, Saint Paul, MN	US
S1-606013945	Rocky Information Corp	TX, Unit APT 502, 324 6, Albany	US
S1-729124143	XQN Wellness Private Limited	Holding No - En9, Rays It Park, Salt Lake Sector V, Bidhan Nagar, Saltlake, North 24 Parganas, West Bengal	India
S1-270650980	Perfect Impex LLP	S. No. 159, Matel Road N. H. 8A, Dhuva, Tal. Wankaner, Lakaddhar, Gujarat	India
S1-685303873	East Logistics Pvt Ltd	55, Second Floor, New Avas Vikas, Saharanpur, Uttar Pradesh	India
S1-820530310	Indo Software Private Limited	4, Rai Charan Ghosh Lane Gr-Fr, Kolkata, Kolkata, Howrah, West Bengal	India
S1-260582724	Coastal Guild LLC	62 White Ash Drive, Clayton, NC	US
S1-602590500	India Ry Food Private Limited	1-57/46, Sriramanagar, Kondapur, Hyderabad, Telangana	India
S1-998885833	Metropolitan Ace Harmony	3759 72, Auburn, IN	US
S1-939653756	Mahavir Healthcare Pvt. Ltd.	Pune, Near Bhaji Mandai, Thergaon, S No. 12/8, Maharashtra, Pune	India
S1-707496831	#2 Homecare LLC	30855 170th Avenue, Middle River, MN	US
S1-532194167	Lindemann & Motyka LLC	200 Lake Drive, Dickson, TN	US
S1-640650149	Agile Traders Limited	101/34-35 F/F, Veer, Savarkar Block, Shakarpur, East Delhi, Delhi	India
S1-924262672	Marketing Fulcrum Markeing Ltd	489/55/1A S/F Khirki Extension, New Delhi, South Delhi, Delhi	India
S1-832823690	Golden Coinshares	2075 Antioch Church Road, Timberlake, NC	US
S1-147894543	Hotel Infra Private Limited	Gujarat, 7Th Floor, 'Mahima Hights-3' Apartment, Piplod, Surat, 709	India
S1-208265877	White Builders Private Limited	Alap Bungalows, B/H Ashwamegh Bungalow, 21, Jodhpur, Ahmedabad, Gujarat	India
S1-596081803	Investors Hospital	Pune City, Flat No 303 3Rd Floor Dhanlaxmi Krupa Society, Maharashtra, Pune, Near Rohit Sweets Hadapsar	India
S1-847227795	South Keystone Aria Inc	CA, Yucaipa, 12730 8th Street	US
S1-793654477	Complete Creative Costamare LLC	431 Kepley Road, Lexington, NC	US
S1-145003406	Elio Academy	Rama Nilay, Road No 1B Shivpuri, Patna, Bihar	India
S1-931781623	Vasco Oil Private Limited	18, Ram Nagar, Musakhedi, Indore, Madhya Pradesh	India
S1-979969298	Benedikta Kwon Flexible Inc	205 Deann Drive, Unit 12, Independence, OR	US
S1-11000272	Dehaven's Electrical	2386 Thomas Road, Henderson, NC	US
S1-869925058	Collen's Federal Health, Inc	2417 Executive Drive, Garland, TX	US
S1-615608720	Shivam Care Private Limited	B/C-3 Mahabir Greens Apartment, Orderly Bazar, Varanasi, Uttar Pradesh	India
S1-647751730	Valley Keystone Industries LLC	4906 Algonquin Trail, Stow, OH	US
S1-46932515	Nova Corp	3 Clearwater Drive, Oyster Bay, NY	US
S1-29351114	Doiron Otg, Inc.	8590 Sr 101, Clyde, OH	US
S1-802293540	Indo Builders Private Limited	501, Atishay Prism, Nr, Tapovan Circle, Motera, Amiya Pura, Sabarmati, Chandkhed, A, Ahmedabad, Gujarat, Ahmedabad	India
S1-50030671	Sky Eastern Trading Pvt Ltd	15, Mig Hs, Shop.1, 2Ndflr, Yelahanka 1St A Main Road, Bangalore North, Bangalore, Karnataka	India
S1-318817544	Poulsen Fifth, LLC	1204 Cleermont Circle, Huntsville, AL	US
S1-706569558	Krishna Marketing Limited	C/O Wankhade Enterprises, Near Dhiraj General Store Kishor Nagar, Amravati, Maharashtra	India
S1-677836455	Main Street Seafood LLC	809 Jockey Club Lane, Fort Worth, TX	US
S1-716031824	Creative Siri Private Limited	Flat No. 16 E2 Apt, Gut No. 47/3, Vision City, Kanchanwadi, Paithan Road, Aurangabad, Maharashtra	India
S1-445331490	Eye American Health LLC	3 Carissa Court, Stafford County, VA	US
S1-191627289	Ruthi T. Melgoza, D.O., M.D., P.C.	MD, Cockeysville, 2 Valley Ridge Loop	US
S1-245068118	Singley and Loudermilk Inc	90670 Nadeau Road, Springfield, OR	US
S1-721367344	Ee Institute of Technology	18, Mukhram Kanoria Road Block-B, Flat No:704, Howrah, West Bengal	India
S1-765563791	Federal Best Mfa LLC	720 7th Street, Unit 513, Sacramento, CA	US
S1-414950126	Coral Hospitality LLP	44 Raja S.C. Mullick Road, Kolkata, Howrah, West Bengal	India
S1-766746011	Hotel Properties Private Limited	No. 2230/4, 9Th Block Sir M V Layout, Bangalore, Karnataka	India
S1-606659576	Praniya For Private Limited	204A, Mahalaxmi Darshan Society Near Gagnan Talao, Thakurli East, Maharashtra	India
S1-167022035	United Gulf Lab Inc	4715 Slippery Lane, Grimesland, NC	US
S1-418116671	Apex Construction Pvt Ltd	507, Vishal Tower Distt Centre, Janakpuri, New Delhi, West Delhi, Delhi	India
S1-351873465	Loveless, Connelly & Otto Inc	422 40th Street, Pendleton, OR	US
S1-712205013	Digital Packaging Pvt Ltd	Office No. 105, 1St Floor, Matharu Arcade, Subhash Rd, Near Garware Factory, Vile P, Arle East, Mumbai, Mumbai City, Maharashtra	India
S1-307749541	Woodard & Heiser LLC	8615 Grand Avenue, River Grove, IL	US
S1-228642080	Raj Concepts Ltd	T.F. 304 & 305, Ahmedabad, Shivalik Shilp-1 Iscon Cross Road, Ambali-Bopal Road, S G, Highway, Gujarat	India
S1-510385052	Pocasangre Vanguard Citigroup L.L.C.	4902 Thomas Road, Unit 202, Phoenix, AZ	US
S1-180446013	Giselle Hale Navigation	7 Auburn Court, Unit 3, Brookline, MA	US
S1-200512066	James, Mara, L.C.S.W.	1337 80 Street, Brooklyn, NY	US
S1-204025649	Genial International School	C/O Arjun Bapurao Badak Palashi, Aurangabad, Maharashtra	India
S1-549730089	Ace Services Private Limited	No. 27 3Rd Floor, 2Nd Anjayena Temple Road, Bangalore North, Bangalore, Karnataka	India
S1-166085367	Bright Seafood	28 Bel Air Avenue, City Of Aberdeen, MD, Unit A	US
S1-930194973	Carrell Preferred Trg	11737 Administration Drive, Unit SUITE 2ND, Saint Louis, MO	US
S1-726580148	Gauri Consultants Pvt. Ltd.	House No 239, Sector 2P, Rohtak, Haryana	India
S1-894693726	Foods Little Paints Private Limited	S-100 Industrial Area, Jalandhar, Punjab	India
S1-413389029	Big Cleaning Service	302 Linden Drive, Centerville, IN	US
S1-900323032	Madelin Thompson Dynamic View LLC	1352 David Drive, North Tonawanda, NY	US
S1-722694204	Lewis Liberty Keystone Center	AL, Talladega, 203 26th Street	US
S1-436300979	North Creative Business Private Limited	C/O Giyanendra Vijay Pal, Singhsadik Pur Bajna, Mant, Mathura, Uttar Pradesh	India
S1-29619026	Ksb Industries Group	Ward No 9 9/258New Cloth Market, Ichalkaranji, Kolhapur, Maharashtra	India
S1-875171510	Seven Logistics Limited	Nashik, 112, Maharashtra, Nashik, Sarda Sankul Mg Road	India
S1-910750899	Good International Private Limited	522 Diamond Harbour Roadbehala, Kolkata, Calcutta, West Bengal	India
S1-825604222	Keia Automotive Inc	11754 Ash Street, Portland, OR	US
S1-42424182	South Dynamic Giant Inc	3871 Harris Avenue, Lake City, IA	US
S1-680655575	Jain Tech Finance Limited	10 Shesham Lane, Dera Mandi Road Mandi Village, Mandi Chhatarpur, Delhi, South Delhi, Delhi	India
S1-901525518	Royal Creative Industries LLC	42 Rambling Brook Road, New Castle, NY	US
S1-577903817	Nandgaon Steel Pvt Ltd	Room No 15, Chawl No 10, Mahakali Shivshankar Nagar, New Agari Pada, Mahakali Mandir, Mumbai, Maharashtra	India
S1-639109532	Big Tattoo	170 Collie Lane, State Road, NC	US
S1-211635723	Jarlyn Alpex Corp	Mccordsville, 5316 Chambers Court, IN	US
S1-44949213	Stevens and Cassidy	315 Maryland Avenue, Wilmington, DE	US
S1-494464395	Ridgeline LLC	3700 Alexandria Drive, Austin, TX	US
S1-704228163	Education Institute	3174 Highway 76, Portland, TN	US
S1-129778530	Heritage Environmental Technologies Inc	14005 Compass Drive, Fl 1, Beaverton, OR	US
S1-608919731	Foundation Lifewood Builders Limited	Uttar Pradesh, Baraut, Bagpat, 20/341, Street No.1, Subhash Nagar, Baoli Road, Baghpat	India
S1-402632386	Karthik Lifesciences Private Limited	H.No-8/139, Ground Floor, Mehram Nagar, New Delhi, Delhi	India
S1-348910089	QN India Pvt Ltd	40/1A, Basappa Complex, Lavelle Road, Bangalore North, Bangalore, Karnataka	India
S1-295274196	Punjab Projects (India) Private Limited	Villa No 684, Mak Btr Greens, Maheshwaram, Thummaloor, Rangareddy, K.V.Rangareddy, Telangana	India
S1-303962519	Pediatric Dentistry Medicine of Cumberland Hill	605 Turtle Dove Lane, Cumberland Hill, RI	US
S1-794223608	Birkland Robinhood Inc	629 Middle Turnpike, Manchester, CT	US
S1-721335053	Hari Investments Limited	Jodia Road, Gujarat, Jamnagar, Opp. Pashu Davakhana, Dhrol, Dist. Jamnagar, Jamnagar	India
S1-15124053	Whitlow, Elizardo and Espino Inc	9 Country Mill Court, Catonsville, MD	US
S1-913134745	Jai International Limited	Flat 4, Ground Floor 42, Shanti Pally, Rajdanga Nabapally, Kolkata, Kolkata, Howrah, West Bengal	India
S1-665918573	Jay Services Private Limited	170, Clerk Colony, Indore, Madhya Pradesh	India
S1-352435915	Upper School of Medicine	OH, North Olmsted, 23077 Clifford Drive	US
S1-271508520	Danna Hutchens Unified Advertising PC	Rockford, OH, 308 Main Street	US
S1-861280824	Metro Texas Inc	Scotts Hill, 4517 Liberty Road, TN	US
S1-436320847	Hardwick Security L.L.C.	Carmel, 3 Glenvue Drive, NY	US
S1-182240223	Jags International Limited	S. No. B-4 Officers Colony Street No. 1, Sangrur, Punjab	India
S1-837759376	Surgical Associates LLC	17114 979, Hi Hat, KY	US
S1-708761295	Dunlop, Bobo & Hudson Inc	405 Harnett Street, Unit B, Dunn, NC	US
S1-808031307	Teamsters Local Union 979 Corp	Grand Forks, 6750 Hudson Drive, ND	US
S1-395574514	Smith's Automotive	3801 Willow Bend Drive, Evansville, IN	US
S1-194778527	Sai Law Chambers	B-25, Maruti Colony, Shyopur Road, Sanganer, Jaipur, Rajasthan	India
S1-479654940	JZ Security	House No. 19, Patel Falia At And Po Umrakh, Tal Bardoli, Gujarat	India
S1-711622061	Moses Corporation	117 Wade Street, Republic, MO	US
S1-827328500	Saavi Consultants Limited	H No 1464 Rajeev Nagar Dlf Area Po Amar Nagar, Faridabad, Haryana	India
S1-829436096	Oncology United Clinic	399 Prospect Street, Unit 2, Fall River, MA	US
S1-788047759	Kks Solutions Private Limited	Door No.65 And New No.34, Nelson Manickam Road, Aminijikarai, Chennai, Tamil Nadu	India
S1-766409442	Saint Emanuel	130 Centipede Lane, Raeford, NC	US
S1-621557622	Urgent Care Group of Town Of Sumpter	S7559 12, Unit APT A8, Town Of Sumpter, WI	US
S1-795342979	Memorial Association Inc	312 Kinderman Drive, Unit 7, Avondale, AZ	US
S1-250708148	Labs & Co	C 8, Nh 1 Nehru Ground Nit, Faridabad, Haryana	India
S1-605245521	Cardiology Physicians LLC	1394 Laurel Oaks Drive, Streamwood, IL	US
S1-281540676	Metro Institute	2418 Perry Street, Richmond City, VA	US
S1-355918679	Aurora Christian Grade Inc	1075 Vanderbilt Street, Unit 2, Stephenville, TX	US
S1-39728019	Little Pilates of Gloucester County Inc.	VA, Gloucester County, 7322 Wellford Lane	US
S1-530169622	Holmes Arrived LLC	WA, 25113 Lake Wilderness Country Club Drive, Maple Valley	US
S1-968470014	Ridgeline	1012 4th Street, Tacoma, WA	US
S1-316198249	Stevenson Pacific Homecare	2426 Mcknight Road, Culleoka, TN	US
S1-991526008	Cecil Rivera John	1301 Brigantine Heights, Unit #103, Suffolk City, VA	US
S1-639050049	Chandni Films Private Limited	1007/1155/2/1 1St Floor 2Nd Cross, Kacharakanahalli, Bangalore North, Bangalore, Karnataka	India
S1-945258422	Charline Blackwell, DO	186 Manomet Street, Brockton, MA	US
S1-268035432	Lesley Wilson, MD	Ridott, 8849 Weber Road, IL	US
S1-919133711	Good Global LLP	106, Kiran Chandra Singha Road Ganges Garden, Block B7, 1St Floor, Shibpur, Howrah, West Bengal	India
S1-560095539	White Software Private Limited	D2/23, Ground Floor, Ardee City, Wazirabad Sector 52, Tehsil-Sector 45, Gurgaon, Haryana, Sector -45, Gurgaon, Haryana	India
S1-881663330	AH Systems LLC	171 Mansion Road, Wallingford, CT	US
S1-53348667	Innovative Kochav	158 Baxter County 511 Road, Gassville, AR	US
S1-937252114	Nanded Flexi Co	G No 221 Plot No 1 Near Sana School Nomaniya Nagar Airport Road, Nanded, Maharashtra	India
S1-328643365	Rush Traders Private Limited	C/O Umesh Kadam, 480, Pandurang Nagar, Shirur, Pune, Maharashtra	India
S1-236498825	Smith Star Express LLC	9742 Highland Avenue, Cincinnati, OH	US
S1-721923522	Sarp Investment Pvt Ltd	Office No. 2702, Plot No. 25 & 26, Sector 30, Vashi, Navi Mumbai, Thane, Maharashtra	India
S1-520517233	Best Infotech Private Limited	Aurangabad, (Cb), Aurangabad, Maharashtra, Plot No. 10 Keshav Nagari	India
S1-76821557	Ayyanar Group	Block -A Third Floor Somdutt Plaza The Mall Kanpur, Kanpur, Jyotiba Phule Nagar, Uttar Pradesh	India
S1-410397877	India Effective Remedies Limited	C-72 Basement, Neeti Bagh, New Delhi, South Delhi, Delhi	India
S1-311791263	Shree Logistics	Shop No- 6, G/F, Csc, Pkt- I Sector-17, Dda Market Phase- Ii Dwarka, Delhi, West Delhi, Delhi	India
S1-608135688	Metropolitan Charities IV Partners	11326 Temple Drive, UT, South Jordan	US
S1-659091807	Keex Value Grading LLC	1351 Leaf Lane, Ashland City, TN	US
S1-495034674	Arts Association	920 Callaway Creek Drive, Unit 108, Raleigh, NC	US
S1-657219121	Kelly Clean Stonebridge	6331 Dranesville Drive, Spotsylvania County, VA	US
S1-897317388	Pranora Services Private Limited	1 Mayur Classic Bcolony Chinchwad, Pune, Maharashtra	India
S1-441980074	Leisha Meyer Superior LLC	N168W21700 Main Street, Unit Lot 216, Village Of Jackson, WI	US
S1-916895370	Anderson Agricultural Clinic	2401 Arbor View Drive, IA, Burlington	US
S1-981076606	Reynolds, Harrison & Gupta Providence Inc	120 Cinema Drive, Unit 1107, Hendersonville, TN	US
S1-155983785	Lemus Acquisitions of Mesa LLC	8865 Baseline Road, Unit 1311, Mesa, AZ	US
S1-220192535	Cooperative Electronics Services Inc	1256 Green Corners Road, Glenville, NY	US
S1-532681239	Eustacia's Anchor Recruiting	11 Burnt Hill Road, Tremont, ME	US
S1-116623293	Vedant Medicals Private Limited	4G, New No.11/1549/Sunpaul, Blueberry, Inforpark Expy, Ernakulam, Kerala	India
S1-980819342	Midwest Mountain Deep LLC	540 Beechnut Drive, Green Valley Lake, CA	US
S1-215690079	Alpha Tech Private Limited	F-90/1, Okhla Ind Area Phase-1, New Delhi, South Delhi, Delhi	India
S1-836415084	Allied Analytics Innovations	462 Emroy Avenue, Elmhurst, IL	US
S1-55614270	Vision Infrastructure Pvt Ltd	C/O Tejveer Singh Near Verdhman Dharamkanta, Alawalpur, Dhampur, Bijnor, Bijnore, Uttar Pradesh	India
S1-459429523	Quantari Spring LLC	1300 Evergreen Lane, Lake Arrowhead, CA	US
S1-132883510	Prime Optimal United LLC	6048 Birchwood Road, Woodbury, MN	US
S1-889811311	Velmiex Premier Hospital LLC	1613 Center Street, Ludlow, MA	US
S1-415456606	Regional League LLC	175 Oliver Lane, Tallassee, AL	US
S1-853779370	Arjun Devi Pvt Ltd	Village - Sangberia P.O. - Matia, Basirhat, North 24 Parganas, Parganas North, West Bengal	India
S1-543102158	Gujarat Infrastructure Pvt Ltd	R919, R915, Ward No-11, Panipat, Panipat, Haryana	India
S1-182942712	Red & Co Private Limited	110-A, Pocket-Bk Shalimar Bagh, New Delhi, North West, Delhi	India
S1-894900522	International Industries Group Private Limited	No, 138, Harshita Enclave G-5, 1St Main Road Seshadripuram, Bangalore, Karnataka	India
S1-478274193	Black Alpha Products Private Limited	Hissa No 5/2, Ground Floor, Savali Survey No 4, Ambegaon, Budruk, Pune, Maharashtra	India
S1-776957997	East Star Logistics Limited	E-9/10A Vasant Vihar, Delhi, South West, Delhi	India
S1-175026850	Direct Chemical Innovations LLC	28206 Camellia Lane, North Olmsted, OH	US
S1-441374511	Desert Committee Inc	Fulshear, 30631 Windermere Peaks Lane, TX	US
S1-115956795	Great Logistics Pvt Ltd	Block-Ii, 29/1 Kalabagan Lane, Howrah, Lemon Fresh, Howrah, West Bengal	India
S1-19892237	Pauli E. Garcia, CPA, PC	101 Evandale Road, Kannapolis, NC	US
S1-245078126	Avisha Buildtech Corp	Delhi, Wz-1082, Main Bazar Rani Bagh, Shakur Basti, Delhi	India
S1-764360283	Pardo State PC	1029 Brayton Park Place, Utica, NY	US
S1-912011550	Lower Summit	460 Chestnut Hill Street, Gaithersburg, MD	US
S1-573834347	El Sez Private Limited	Samarth Plaza, Office No 10, First Floor, S No 503, 504, Budhwar Peth, Pune, Maharashtra	India
S1-94927968	Ksps Traders Limited	G-36, Delhi, New Delhi, Ground Floor, Vijay Chowk, Laxmi Nagar, East Delhi	India
S1-938210521	Satyesh College	B-1502 Fortune Towers, Block-B, Hitech City, Shaikpet, Hyderabad, Telangana	India
S1-980805653	Express Optimal Starling	Cary, IL, 15 Fernwood Court	US
S1-774311750	Jb Trust	Office No. 804, Homeland City, Opp. J. H. Ambani School, B/S Sns Business Park, U. M. Road, Vesu, Surat, Gujarat	India
S1-205534388	Gujarat Developers LLP	402Kn, Rothas, Electrical, Rajendra Colony, Bhiwani, Rohtak, Haryana	India
S1-686162160	Mumbai Development	Kandil Baba Sai Com., Gaondevi, Indira Nagar, Vakola Pipeline, Santacruz East, Mumbai, Mumbai City, Maharashtra	India
S1-406701568	Dynamic Consultancy Private Limited	118/1118, Saheed Nagar, Bhubaneswar, Khordha, Orissa	India
S1-761754832	Zondra Gover Midstream Center	7 Craig Place, Hooks, TX	US
S1-166867827	Eye Physicians of Sandy	17655 Bluff Road, Unit #60, Sandy, OR	US
S1-313473623	Sangharsh Polytechnic Pvt. Ltd.	K.H. No. 2664, Gaytri, Shaktipeeth, Patelpuram, Lucknow, Uttar Pradesh	India
S1-461153664	Future Hospitality Pvt Ltd	No. 532, Manjusha, 16Th Cross, Ii Stage, Indiranagar, Bengaluru, Bangalore, Karnataka	India
S1-251479383	Edwards Healthcare LLC	2502 Lodge Forest Drive, Sparrows Point, MD	US
S1-25407590	Urban Infrastructure Private Limited	C/O Bhanwar Lal, Pratap Bazar Rani Kanpura Road, Kharchi, Pali, Rajasthan	India
S1-870438334	Mulqueen Synchrony	12004 179th Street Court, Unit #E303, Puyallup, WA	US
S1-915267278	Internal Medicine Clinic LLC	City Of Green Bay, 1506 7th Street, WI	US
S1-223358982	Matti Carrick Strategic Vernal LLC	1808 Tiffany Drive, Norman, OK	US
S1-746725114	Vera Castillo Silverbox Inc	TX, 8000 Oakmont Drive, Port Arthur	US
S1-391302399	Southern Desert Brookfield	308 Tryon Street, Atlantic Beach, NC	US
S1-834950343	Modern Software Private Limited	Vill- Sarparajpur P. O.- Labpur, Birbhum, West Bengal	India
S1-959326938	Eryn Graham Strategic Hovnanian Inc	10911 Glen Road, Potomac, MD	US
S1-307080247	Elite Wealth Enterprises Inc	16430 52nd Avenue, MN, Plymouth	US
S1-368924926	Village Of	497 Grand Avenue, Village Of Denmark, WI	US
S1-686507677	Diversified Digital Networks	OK, 2489 Barrington Drive, Blanchard	US
S1-174010389	Dash Wheel Pvt Ltd	Hermes Heritage, Ph Ii, Ru, Set, Soc, S No 185/199, Pune City, Pune, Maharashtra	India
S1-498773347	Surya Portfolio Pvt Ltd	Sr No 51/3 Nakhate, Complex, Haveli, Pune, Maharashtra	India
S1-758921613	Crystal Catalyst Inc	3470 Shoreview Lane, Unit Apt 12, Ankeny, IA	US
S1-303344331	Heritage Associates Inc	11520 Devonbrook Court, Midwest City, OK	US
S1-289177987	Mathena Banc	1172 Washington Avenue, Jayton, TX	US
S1-996067635	Vijay Services	Flat No. 503, Rajyog Residency, Opp. Vardhman Nagar, R.P.Road, Mulund West, Mumbai, Maharashtra	India
S1-727812404	Vision Power Private Limited	806 Ashoka Estate Building24 Barakhamba Road, Central Delhi, Delhi	India
S1-434948977	Universal Design Collective	TX, Arlington, 2209 Voyagers Drive	US
S1-263701980	UO Pinnacle Rising	2618 Middle Sound Loop Road, Wilmington, NC	US
S1-89225532	Mendez and Gray Inc	223 Grant 748, Sheridan, AR	US
S1-740007378	Deny Chung Golden Spa	TX, Pasadena, 3510 Edgefield Drive	US
S1-713475680	Thy & Co Ltd	H. No. 164, Puda Colony, Old Jail Site, Jail Road, Gurdaspur, Punjab	India
