source1_entity_id	matched_entity_ids
S1-384734976	S2-685146894,S2-908470079,S3-109845102,S3-176459320
S1-574038342	S2-133116927,S2-180265553,S2-201976425
S1-189408085	
S1-797774718	S2-151469064,S3-994706509
S1-729164458	S2-619382517,S2-949886625,S3-532795614
S1-102324451	S2-626433724,S3-583628765,S3-900962957
S1-897032402	S2-119959444,S2-737316263,S2-487624450,S2-486627040,S3-39651561,S3-705433982
S1-345344463	S2-731601561,S3-474125535
S1-281641466	S2-559704787,S3-772912089
S1-608038725	S2-895472957,S2-192681436,S2-217803628,S3-993567829
S1-331775081	S2-54666800,S3-638017097,S3-814337744
S1-460474715	S3-929117423
S1-572182210	S2-513392155,S3-680449591,S3-685453147
S1-875971588	S2-751922404,S2-451160286,S2-186541668,S3-251849071,S3-417670545
S1-979600459	S2-288727500,S3-344341819,S3-542028714,S3-244078405,S3-738119187
S1-606896593	S2-517542322,S2-67698628,S2-375798853,S2-933471637
S1-476474673	S2-745079672,S2-809377423,S2-659547851,S3-842834693
S1-474866893	S2-635739719,S2-206745064,S2-491400710,S3-275228217
S1-390428510	S2-903171572,S3-33006613
S1-118810790	S2-283438467,S2-965281607,S3-984802705,S3-744666047,S3-539377443
S1-717998761	S2-443468158,S3-507847472,S3-136280909,S3-454084400,S3-753138933
S1-116924607	S2-291637211,S2-689548861
S1-917750987	S2-690153191,S2-478772045,S2-160136328,S2-898663411,S2-842637137,S3-631128182,S3-916504521
S1-638142093	S3-247136754
S1-262877901	S2-718612633,S3-810700103
S1-377568487	S2-981001845,S3-46353152,S3-387387568,S3-505298019
S1-807302006	S2-839627752,S2-669459141,S2-201781219,S3-442076185
S1-394018679	S2-539256211,S3-416230598,S3-795901206
S1-317620285	S2-663128927,S2-912741836,S2-391685700,S2-850455988,S3-673583462,S3-19941441,S3-405330259,S3-798230813,S3-873129784
S1-975567345	S2-609626758,S3-734455243,S3-986861690,S3-360593542,S3-281256504,S3-883866664
S1-750424540	S2-805588595,S2-101132876
S1-947964626	S2-806531749,S2-190747279,S2-869092281,S3-434926434,S3-790178748,S3-12046599,S3-996745276,S3-186469188
S1-359856795	S2-109012183,S2-187392805,S2-952154589,S2-943268098,S3-56849115,S3-544885881
S1-915594173	S2-349651890,S2-296126794,S3-483103563,S3-429544433
S1-503092281	S2-932742288,S3-40087036,S3-971866847
S1-85054675	S2-555334126,S2-763096679,S2-791003579,S3-604659453
S1-956157030	S2-356592628,S2-546082766,S3-812973491,S3-882196930
S1-390796822	S2-73547365,S3-748299867,S3-247803230
S1-714146178	
S1-97662886	S3-852054600,S3-307454609
S1-933321133	S2-425519896,S3-610992509,S3-6267698,S3-90781012
S1-803997391	S2-863969414,S2-107677081,S2-563984107,S3-166159795
S1-602706958	S3-238686023,S3-220894599
S1-715928160	S2-72681939,S3-259959754
S1-707463288	S2-192675965,S2-562008573,S2-906508563,S3-214697593
S1-633933260	S2-591051107,S2-490291393,S3-444750091,S3-546530212
S1-282294673	S2-745717876,S3-644879713,S3-451592690,S3-212073996
S1-357548338	
S1-264571724	
S1-1974145	S2-603426188,S2-576660714,S2-123875170,S2-321869897,S3-605757959,S3-954678438,S3-839722263
S1-969291250	S2-235929668,S2-110886640,S3-496989083,S3-635269106
S1-259041316	S2-75111455,S3-596374753
S1-253903411	S2-614749359,S3-654427348,S3-150507887,S3-956776854
S1-451649719	S2-248017757,S3-289689863,S3-354920791,S3-477164224
S1-489956164	S2-821639286,S2-117560544,S3-319061712
S1-100517307	S2-327492002,S3-451147638,S3-936502397
S1-623281522	S2-777614229,S2-982013240,S2-906553726,S3-67107419,S3-486242082,S3-725281606
S1-185357528	S2-811442861,S2-738179540,S3-878180755,S3-612342690,S3-112029776,S3-120726283
S1-941860360	S2-795896295,S2-6804179,S2-447670025,S2-785679095,S2-621270347,S3-56420100
S1-605095385	S2-846711491,S3-176055419
S1-401494141	S3-136215
S1-132619617	S3-594456154
S1-640225059	S2-776062498,S3-27295384
S1-759219771	S2-751475343,S3-875808976,S3-435699459,S3-146998270,S3-177034741
S1-920485832	S2-356270016,S2-410987681,S3-321970352,S3-429370376,S3-351603035,S3-779596227
S1-301984798	S2-387491462,S3-622070928,S3-414588711
S1-519410265	S2-510836692,S2-592226368,S3-354413229,S3-36233545,S3-630987280
S1-762191865	S2-788413048,S3-332705980,S3-357768753
S1-805330097	S2-303786154,S3-946922397,S3-211175219
S1-107267900	S2-924147770,S3-26219628
S1-980376678	S2-19008621,S2-255405449
S1-554782722	S2-504562540,S3-662561965
S1-442665310	S2-713750691,S3-471422520,S3-446088036
S1-382399317	S2-389260693,S2-71905214,S3-606109397,S3-457631003
S1-190275655	S2-800526104,S2-549730860,S2-29943792,S3-402369808
S1-770273967	S2-246022324,S2-259390999,S3-816881088,S3-607148636
S1-849543699	S2-323463218,S2-570997440,S2-136331598,S3-551410993,S3-379487287,S3-923593360
S1-925672670	S2-455483475,S3-333716048
S1-909840395	S2-793889051,S3-238316653
S1-504446736	S2-68570690,S3-152367899
S1-190080798	S2-89745694,S2-978444288,S3-515501821,S3-611598739,S3-849039325
S1-196668262	S2-47282530,S2-813356278,S3-105621228
S1-229574890	S2-79371204,S2-408428656,S2-515436122,S2-266748285,S3-989685337,S3-578840591
S1-610510125	S2-708294172,S2-425808541,S3-320041418,S3-844305889,S3-770616960
S1-874469872	S2-754124588,S2-53734547,S3-249914777,S3-191981404,S3-444430739,S3-666019997,S3-969010408
S1-673544849	S2-770265364,S2-878880978,S2-271498296,S3-935801,S3-189522008,S3-928491518
S1-652793821	S2-72082789,S2-563434086,S2-15188230,S3-619962805,S3-61755987,S3-513435076
S1-837542041	S2-800568759,S2-835758891,S3-33069042,S3-812456709,S3-889809497,S3-368132362
S1-420395463	S2-578523734,S3-545115909,S3-728837908
S1-666748945	S2-468974209,S2-2863098,S3-364704488
S1-356489740	S2-94449384,S2-440974303,S3-5886827,S3-513049406
S1-947729861	S2-756224142,S2-875246455,S3-827123636,S3-218560681
S1-284788942	S2-273504237,S3-432563749
S1-208433843	S2-38116067,S3-956767532,S3-584506716,S3-31661155,S3-264047741,S3-337846205
S1-415456606	S2-544760260,S2-272824981,S2-552746042,S3-278540751,S3-822899039
S1-728814210	S2-461550676,S2-613217325,S2-259103799,S3-595930228,S3-580284534,S3-644637972
S1-729927785	S2-549632683,S3-385985528
S1-228642080	S2-209697635,S3-417536849,S3-272280923
S1-27756730	S2-555745376,S2-607733004,S2-980678561,S3-762947987,S3-603321833
S1-892536064	S2-338007293,S2-905378417,S2-609381956
S1-732374765	S2-365231183,S2-42152792,S2-368999833,S3-737811033,S3-144254332
S1-885693586	S2-33295207,S2-775529425,S3-772383893,S3-723794075,S3-155189632
S1-460401319	S2-245318642,S2-66778379,S3-684242115,S3-558837498,S3-133433744
S1-833767754	S2-35131890,S3-737783174,S3-547087413,S3-772081186,S3-343516864
S1-224290523	S2-591261393,S2-299832823,S3-769884184
S1-370682729	S3-864839689
S1-70442231	S2-154956498,S2-501988747,S3-654162646,S3-319078750
S1-524192950	S2-130812819,S3-70011923,S3-486187262,S3-806925602
S1-542491393	S2-423193107,S3-218039619,S3-939052195
S1-182239781	S2-655730659,S2-749412613,S2-144156959,S3-624226762,S3-722701344,S3-550802669
S1-88528946	S2-961730887,S2-69199286,S3-196071987
S1-900472736	S2-669375365,S3-118822193,S3-469091286
S1-220059099	S2-971363543,S2-420219758
S1-69662765	S2-466582302,S3-545312370,S3-156595040
S1-677991820	S2-127736375,S2-715846707,S3-998663478,S3-91216897,S3-939619799,S3-283174647
S1-97113603	S2-862768785,S2-275039540,S3-717450770
S1-657151890	S2-624121766,S2-917062619,S3-507801765,S3-74083051
S1-109347037	S2-726813496,S2-728715674,S3-605380273,S3-711486909,S3-974349491
S1-43211670	S2-419041428,S2-744547364,S2-475755828,S2-552452513,S3-138553660
S1-421313990	S2-915754584,S3-884579927,S3-400241574,S3-292687355
S1-131712176	S2-371598868,S2-58582364,S2-893216485,S3-689981423,S3-306949929,S3-457387097,S3-725827527
S1-489378292	S2-698543371,S2-228764643,S3-764508992
S1-404289697	S2-851060697,S2-147697627,S2-341789752,S3-239014984,S3-663922532
S1-102457318	S3-402527605
S1-973784258	S2-420471765,S2-672732223,S3-657727575,S3-149772212,S3-839621277
S1-610045807	S2-167147670,S3-849802609,S3-873420669
S1-921163385	S2-4799862,S2-450351209,S3-231452719
S1-451446950	S2-736061271,S2-40092330,S3-434362224,S3-722918593,S3-199868974
S1-245781079	S2-35142017,S2-873707760,S3-118752981,S3-789092626,S3-482925875,S3-244388059
S1-79348905	
S1-966983442	
S1-239575794	
S1-963139360	S2-940058704,S3-344037232
S1-664538748	S2-266375011,S2-767507273,S2-854380478,S3-905392785,S3-471127841,S3-758120351
S1-400742931	S3-452568132,S3-924047695,S3-555101678,S3-905461445,S3-200377593
S1-116929405	S2-40008649,S2-642627622,S2-606239582,S2-63983236,S3-436689861,S3-610365463
S1-544862368	S2-585501482,S2-565023974,S2-812951493,S3-457644539,S3-890921522
S1-296461667	S2-790631888,S2-143555694,S3-414625788
S1-559060556	S2-39227849,S2-565671320,S2-89043144,S2-2381849,S3-922333121,S3-538058458
S1-928310667	S2-751883079,S2-303504715,S2-683408581,S3-723498002,S3-475006841
S1-375333010	S2-409377174,S2-478512106,S2-6008293,S3-543045088,S3-831339061
S1-732374884	S2-505869110,S3-417724643,S3-170570738,S3-912730847
S1-902002553	S2-848151427,S3-600502038
S1-360124137	S2-523471007,S2-394845507,S2-374122342,S3-637937196,S3-955298254,S3-432850912
S1-472219635	S2-884697776,S2-94006436,S3-520563007,S3-938789209,S3-460928690
S1-300794758	S2-47169456,S2-548685249,S3-676925794,S3-581704087
S1-85617707	S2-517104162,S3-57923791,S3-726019643,S3-438164874
S1-713398366	S2-631390507,S2-993512685,S3-284926862,S3-542976307
S1-817703731	S2-769228553,S3-500128210,S3-322527882,S3-700944046,S3-515080281
S1-738791062	S2-367732714,S2-405701722,S3-186515439,S3-330626646
S1-609764415	S2-423574276,S3-485404316
S1-161671316	S2-453870155,S2-878943167,S3-135880565,S3-376531775
S1-39381796	S2-837223930,S3-904901067
S1-956732059	S2-371908906,S3-297409451,S3-113306423
S1-806470281	S2-267895106,S3-989465290,S3-495111388,S3-130281158
S1-211635723	S2-593435070,S3-992948472
S1-347624389	S2-788794508,S2-361309739,S3-663439869,S3-501495918
S1-352752494	S2-473701633,S2-698818649,S3-489240860,S3-728849481,S3-69769922,S3-296194869
S1-392053769	S2-444845832,S2-384923813,S3-313982833
S1-937885990	S3-850441491,S3-23142771
S1-704228163	S2-870811885,S3-567558486
S1-28762548	
S1-939949427	S2-193529300,S3-970318182
S1-913422212	S3-286027327
S1-805626307	S2-608681954,S2-777341211,S2-311789399,S2-615640187,S3-848402294,S3-197752656
S1-268573273	S2-139544269,S2-727337590,S3-712802472,S3-705862811
S1-775589959	S2-608152734,S2-934315970,S3-366367827,S3-346394972,S3-53503048
S1-814990508	S2-190568206,S2-782239430,S3-541753516,S3-164573875
S1-143597809	S2-162763788,S2-967305309,S3-226322717
S1-307006298	S2-77505551,S2-552337501,S3-728852977,S3-265522109
S1-795013082	S3-579255544,S3-255663613,S3-434353263
S1-541980335	S2-867897128,S3-652562024
S1-161829828	S3-480040036
S1-27142903	S2-216981508,S2-498778406,S2-283396217,S3-370031919,S3-688938312
S1-227425791	S2-250491732,S2-633794048,S3-116866023,S3-455391993
S1-475689625	S2-189653602,S2-895156444,S2-867983819
S1-596988080	S2-233543,S3-380265188
S1-580854768	S2-841048179,S2-937550610,S2-984015157,S3-851269333
S1-776305842	S2-707086368,S2-24795198,S3-19693950
S1-441520740	S2-402943826,S3-411043069
S1-780638458	S2-180028584,S2-276521368,S2-897152872,S2-856293663,S3-263747068
S1-426680882	S2-543669258,S3-220839450,S3-464949578,S3-936573592
S1-511262674	S2-380775989,S2-883005085,S3-181928484,S3-354245028,S3-956180840
S1-872474399	S2-502189206,S2-108686053,S3-108681442,S3-589712170
S1-998404378	S2-345633304,S2-182931926,S3-758787282,S3-593076698,S3-625137357
S1-582664909	S2-556909027
S1-7723729	S2-429209035
S1-322248246	S2-599975490,S3-794619399,S3-191391476,S3-604191368
S1-703058200	S2-827211986,S2-548417486,S2-508193693,S2-389259363,S3-329952111,S3-329670284
S1-349828269	S2-613356318,S3-677493337
S1-224361062	S2-940989056,S2-867488601,S2-663663161,S3-702016371
S1-646564532	S2-694645531,S2-511946988,S3-356098531,S3-458267890,S3-7639535,S3-722293334
S1-287541726	S2-38487138,S2-553899317,S2-988436899
S1-837759376	S2-375075773,S3-760783884
S1-596542776	S2-356454850,S2-20059946,S3-351026414,S3-381016965
S1-189663062	S2-416752790,S3-208737582,S3-99542374,S3-839490701
S1-742741871	S2-349470169,S3-681931182,S3-725250242
S1-13374672	S2-993687267,S2-3354926,S3-601440567
S1-942701241	S3-119005416,S3-912680389
S1-24588920	S3-911740636,S3-291768571,S3-700941711
S1-596142948	S2-711074224,S2-838798826,S2-447598326,S3-586052601
S1-541011853	S2-752593631,S2-761165956,S3-612188416,S3-684125134,S3-415304294
S1-465503570	S2-859724,S3-243711809,S3-468494285,S3-194525693,S3-766269818
S1-239220133	S2-39235903,S3-95126186,S3-747863494,S3-447130521,S3-636073349
S1-247790835	S2-49858289,S2-788004194,S3-971452402,S3-775668358,S3-852599897,S3-492922930
S1-835190749	S2-618666926,S2-963082790,S2-12459569,S3-576078135,S3-767474595
S1-791737059	
S1-800751486	S2-103065548,S2-858880165,S3-704620259,S3-733371580
S1-993650911	S2-7221702,S2-534574663,S3-320866010,S3-31796790,S3-76264006
S1-749267113	S2-828908046,S2-107040987,S3-758759198
S1-905533273	S2-585582209,S2-721266708,S3-465592404,S3-407178114,S3-208556964,S3-807328948
S1-512889766	S3-474190879,S3-766544372,S3-482522094
S1-194230101	S2-564707664,S2-89131100,S2-410692088,S3-646786161
S1-832157141	S2-983606879,S2-241284600
S1-410284623	S2-727318122,S3-90694884
S1-951678369	S2-315819865,S2-870664236
S1-548173739	S2-557915584,S3-117659799,S3-113204136
S1-573099358	S2-698437406,S2-887552706,S2-891382650,S3-285376363
S1-541662178	S2-424508379,S2-340871820,S2-984909966,S3-405188789,S3-572051347
S1-483002269	S2-72038251,S2-276989037,S2-702416722,S2-140590205,S2-716335718,S3-202251928,S3-672779469,S3-254706446
S1-267776349	S2-934573433,S2-758879512,S2-922555537,S3-691216911
S1-998038166	S2-928811549,S3-289323393
S1-960938668	S2-708583609,S3-951187495,S3-425299807
S1-528606956	S2-68587625,S2-567279163,S3-771323610,S3-739929946
S1-615120827	S2-13738361,S2-51483418,S3-768160435,S3-511512899
S1-265778936	S2-166153023,S2-803023592,S2-976131554,S3-325001906,S3-418032162,S3-848917927
S1-676731953	S2-562739621,S2-742855062,S3-2939297,S3-793661143
S1-882738333	S2-969512106,S3-163396996
S1-103069293	S3-284655286
S1-518227259	S3-36201239
S1-69548894	
S1-745020892	S2-798981551
S1-877042064	S2-672478738,S3-227543133,S3-479071682
S1-413342938	S2-425318502,S3-944448818,S3-385501043,S3-93917868
S1-2498176	S2-362489970,S3-709758016,S3-386214891
S1-464201448	S2-180375330,S3-143687834,S3-975224856,S3-812568298
S1-119720775	S2-667676743,S3-718092057
S1-171377563	S3-645354743
S1-539531424	S2-909315048,S2-967701274,S3-132160525,S3-799962838,S3-95725558
S1-316198249	S2-867851019,S3-498836486
S1-272009402	S2-919456861,S2-402428134,S3-978075841,S3-366162466,S3-295410960
S1-503957501	S2-646949120,S2-110521853,S3-755926869,S3-181423094
S1-677655069	S2-400605080,S3-361201190,S3-317405661,S3-114178445,S3-595862828
S1-305420066	S2-244871069,S3-119133173,S3-588141065
S1-865968474	S2-735577906,S2-801509414,S2-46963561,S2-92758684,S3-229729206
S1-334222600	S2-747084062,S2-963886152,S3-853901644,S3-901334074
S1-532502121	S2-214339413,S2-819195093,S3-523312534,S3-581295219
S1-772150173	S2-849794469,S2-464830617,S3-447911163,S3-331159528
S1-232978292	S2-123237967,S2-689175737,S2-673377690,S3-818147807,S3-73299293
S1-724528308	S2-846560899,S2-470524293,S3-669178398
S1-962934043	S2-357869646,S2-337857496,S3-83210552
S1-55715487	S2-723955128,S3-371871667,S3-744207483,S3-256651653,S3-53319843
S1-776957997	S2-259358218,S3-725287019,S3-883007352
S1-686406047	S2-549406418,S2-782579289,S3-99402430,S3-472854344
S1-466074131	S2-146792224
S1-435163680	S2-325813698,S3-182335637,S3-90162374
S1-176712381	S2-212963205,S2-532141242,S3-130780046,S3-544493022
S1-602590500	
S1-244723389	S2-360783198,S2-123160256,S3-209517333,S3-646630077
S1-940737597	S2-948368497,S3-437256046
S1-598928378	S2-439651192,S2-347838495,S2-659593471,S2-55379283,S3-359280953,S3-71625662
S1-587681015	S2-688697384,S2-848934694,S2-322781238,S3-680251972,S3-364530916,S3-763650988
S1-932871587	S2-834128276,S2-941400089,S3-901986130
S1-431443216	S2-87857321
S1-567541348	S2-826612201,S3-656698748,S3-509281290
S1-766805219	S2-282871878,S2-269569883,S3-13823846
S1-406411080	S2-42308543,S2-913479271,S2-786485805,S2-781127061,S2-982812509,S3-400979581
S1-738609535	S2-555931223,S2-500657414
S1-424812889	S2-315224557,S2-665316026,S3-281464040,S3-881234602
S1-687846051	
S1-499868468	S2-34416073,S2-77282544
S1-789270444	S2-124705392,S3-547621175
S1-631006621	S2-503647013,S3-210505362,S3-3263534,S3-967174168
S1-315492120	S2-924676254,S2-717979890,S3-579179184
S1-479654940	S2-766472320,S2-864184547,S2-848959892,S3-926941257,S3-221105914,S3-795800101,S3-910072092
S1-141924856	S2-711412883,S2-621097238,S2-405013819,S3-209560112
S1-428041252	S2-360385940,S3-313720592,S3-310191492,S3-694625563,S3-941196980,S3-357742383
S1-579904966	S2-545670576,S2-15244075,S2-299595226,S3-724005046
S1-784539478	S3-791716187,S3-827630144,S3-561324568
S1-256294247	S2-751974936,S2-336087266,S2-203279738,S3-22692368,S3-269148275
S1-635981809	S2-867953926,S3-941529953,S3-210305508,S3-659875660
S1-878542817	S2-493056942,S2-845273275,S3-638482003,S3-499114947,S3-129609372,S3-587999538,S3-811589032
S1-121662589	S2-799169327,S2-582632454,S3-404915788
S1-36208538	S2-607852577,S2-135657558,S3-606127916,S3-85818472
S1-515260719	S2-68769541,S3-257983852,S3-452583757
S1-483715802	S2-799223001,S2-827598743,S3-171396287
S1-240089040	S3-724096519,S3-98951320
S1-937270142	S2-718711877,S3-38930191,S3-845231137
S1-498773347	S2-333351111,S2-986003377,S3-320474295,S3-542821568
S1-830864109	S2-217491241,S2-777416672,S2-624727711,S3-159746326,S3-579181026,S3-707176091,S3-152830660
S1-503571997	S2-703622104,S3-437040808,S3-935554578
S1-581954611	S2-905370717,S2-977952543,S2-16239285,S3-844635447,S3-436268619
S1-950928533	S2-711797297,S2-243161736,S2-456761237,S3-989591681,S3-661908588
S1-311940741	S2-930163835,S3-516011380,S3-789387673
S1-898667491	S2-709072776,S3-627661285
S1-476831488	S2-275669313,S3-182056927,S3-171060615
S1-677699357	S2-886732289,S2-251877358,S2-239879485,S3-367045681
S1-469102606	S2-136640303,S3-981692572,S3-592478373,S3-885574008
S1-850199420	S2-762757508,S3-611450804
S1-796466972	S2-70469320
S1-672009799	S2-230129469,S2-409862931,S3-89582201,S3-703290482,S3-349690985
S1-258531529	S2-352116283,S2-212177470,S2-721614335,S3-288299542
S1-597396636	S2-490141050,S2-91143797,S3-394414192
S1-979007980	S2-664416186,S2-525125289,S3-967978689,S3-195290518
S1-25155599	S2-742868482,S3-444413705,S3-501548407
S1-717646377	S2-606310128,S2-551015029,S3-276630118,S3-564065500
S1-472678371	S2-462585085,S2-144001095,S2-955882499,S2-507404889
S1-902018292	S2-486632435,S2-913727509,S3-156386206,S3-653119815
S1-938995927	S2-607950072,S3-83075904
S1-196201570	S2-29892224,S3-955130593
S1-833673416	S2-481736808,S2-899637349,S3-263340876,S3-471017053,S3-663590988,S3-232585516
S1-38248243	S2-221834818,S3-982911938,S3-3822415
S1-103936120	S2-275330157,S2-774856709,S3-421593539
S1-422604178	S2-399569699,S2-259995308,S2-73995764
S1-889811311	S2-397373419,S2-86574923,S3-53124527
S1-215354145	S2-505736518,S3-950580462
S1-571194602	S2-745116277,S2-577664038,S3-861105559
S1-809445753	S2-264393016,S3-792123472,S3-436227548,S3-616753663
S1-645513574	S2-316337951,S2-42388795,S2-795419062,S3-150604129
S1-935470562	S2-804516027,S2-900815069,S3-528088462
S1-735736835	S2-252341485,S2-189249026,S3-84219371
S1-77541292	S2-991065573,S2-361342825
S1-575339908	S2-101395313,S2-9548652,S3-713144648,S3-245315942
S1-898275374	S2-840825782,S2-723312313,S3-5644729
S1-265702453	S2-837701396,S3-858693117,S3-151144398
S1-978068589	S3-201996024,S3-433079976,S3-675460611,S3-223613956
S1-854973920	S2-507209028
S1-584609578	S2-974687539,S2-33927521,S3-423134830,S3-138961566
S1-516946648	S2-721679979,S2-713947133,S3-937560210,S3-427022581
S1-374841342	S2-247550314,S3-694527139,S3-888827494,S3-700969556
S1-10639811	S2-231238421,S2-92869281,S3-312234958
S1-504381533	
S1-815771805	S2-605875167,S3-970693438
S1-229656293	S2-455234910,S3-230390781
S1-172123772	S2-778083203,S2-831784456,S2-95748943,S3-541999194,S3-154078642,S3-925456302,S3-575909252
S1-413878302	S2-724659872,S3-530209788
S1-663621620	S2-987590239,S2-487245946,S3-823064560
S1-89545333	S2-471743935,S3-499959015,S3-300321894
S1-735091928	S2-761903301,S2-603523399,S2-32934787,S2-369619060,S3-718014061,S3-808918913
S1-85478968	S2-589886262,S2-888664329,S3-683228659
S1-590083928	S2-159632526,S2-314206624,S3-324632046,S3-888472825
S1-244225517	S2-72183385,S3-756622505,S3-180868747
S1-662998007	S2-48504936,S2-23805758,S2-739402146,S3-66202727
S1-939045632	S2-985915024,S3-476305802,S3-246536420
S1-622853869	S2-985842075,S3-432353363,S3-728269590
S1-129088147	S2-666628100,S2-414624283,S2-188015326,S3-481255380,S3-559994828
S1-465184116	S2-875063343,S2-451644092,S3-422971751,S3-474627172,S3-876670506
S1-969153658	S2-816187366,S3-984827224,S3-287090476
S1-761328752	
S1-861350543	S2-138931165,S3-730344938,S3-181711233,S3-537929987
S1-305188593	S2-983148894,S2-414392921,S2-525824128,S3-226967266
S1-126164793	S2-918683063,S2-939299911,S2-872730369,S2-536679327,S3-18850338,S3-527022268
S1-394619513	S2-588623016,S2-7374106,S2-750774773,S3-851166923,S3-696418151,S3-380171010,S3-156435273
S1-584898715	S2-761607,S2-947231131,S2-1941543,S3-463627756,S3-850198825
S1-858704104	S2-477695106,S3-972592615
S1-513968003	S3-284092220,S3-568336186
S1-95437790	
S1-779877069	S2-83037223,S2-159071399
S1-870334409	S2-174831839,S2-306932669,S2-763537866,S3-99513876
S1-616566605	S2-408639750,S2-726402380,S3-750932991,S3-886007499
S1-545052590	S2-255471631,S2-537024508,S3-704792228,S3-747194889,S3-908787788,S3-864190129,S3-192957225
S1-828992321	S2-446288013,S2-550900279,S3-986526185,S3-867650697
S1-114011157	S2-722621978,S3-787075427
S1-505098977	
S1-357424667	S2-71460422,S2-931202347,S3-399839281,S3-929143377,S3-253111219,S3-760468044
S1-463840477	S2-300616718,S2-19905283,S3-868274835,S3-588877887,S3-954702358
S1-575816887	S2-862108495,S3-342454770
S1-691258462	S2-241470329,S2-187210281,S3-354430885,S3-539322808,S3-62813561,S3-681145799
S1-841275752	S2-391688708,S2-262830118,S2-2948604,S3-467197335,S3-995410713,S3-43374200,S3-99481032
S1-701181709	S2-175051097,S3-527648241,S3-591710833
S1-766500746	S2-839864395,S3-256277188
S1-97181481	S2-348470333,S3-265760143,S3-478399569
S1-570229405	S3-636013349,S3-759188062
S1-765888353	
S1-413017315	S2-395215144,S3-896755945
S1-492969445	S2-217385254,S2-63710571,S3-803809089
S1-815873246	S2-843923802,S2-864167926,S2-835850178,S3-388767517,S3-890469539
S1-712450634	S2-697476456,S3-968116440,S3-180307798
S1-501418989	S2-223678507,S3-892796314
S1-487725241	S2-180280932,S3-635187815,S3-108923408,S3-185501421
S1-25407590	
S1-798655306	S2-388002845,S3-491391950,S3-744639590
S1-798614243	S2-657470970,S3-445342722
S1-229740967	S2-338085364,S2-136527097,S2-200098053,S2-178545240,S3-687954005,S3-160042185
S1-15554340	S2-145019770,S3-640751958,S3-573237417
S1-519354288	S2-127408831,S2-926268038,S2-319357884,S3-613538147,S3-182723849,S3-568777791
S1-541010282	S3-392395854
S1-92175403	S2-905758886,S3-260163024
S1-844992507	S2-48660335,S2-749571642,S2-17971984,S3-456844399,S3-89651089
S1-34777510	S2-670381678,S2-649903792,S3-64936328
S1-357770249	S2-90512273,S3-699584896,S3-412586149,S3-450163478
S1-115095576	S2-568443727,S2-685175984,S3-187928201,S3-953311716
S1-273932196	S2-14665532,S2-162187120,S3-949341466
S1-232073030	S3-509500368
S1-26567993	S2-580263951,S2-90606444,S3-179400379,S3-772849769,S3-922427384
S1-100502835	
S1-147805888	S2-618059339,S2-54629063,S3-893210409,S3-649054241
S1-258319940	S2-482417258,S2-311811411,S3-620178785,S3-449092656,S3-488563354,S3-516640290
S1-11993559	S2-237166386,S2-593859293,S3-314517852,S3-799179728
S1-162511044	S3-138110233
S1-81251890	S2-652920066,S2-416149707,S3-479190483
S1-289725508	S2-816176203,S3-364171068
S1-179187000	S2-34496139,S3-814185756,S3-5389476,S3-972181561,S3-837889040,S3-576013663
S1-383722873	S2-363355149,S2-665592552,S2-607056535,S3-406740856,S3-944647868
S1-614538636	S2-668592603,S2-859589679,S2-963183805,S3-908928589,S3-823955906
S1-145448545	S2-593810576,S3-389024131
S1-918282349	S2-94233596,S2-293750367,S3-360223350,S3-196850571,S3-826112250,S3-797795083
S1-323454871	S2-829188174,S2-87457418,S2-344224217,S2-965680866,S3-97243378,S3-792724428
S1-401499177	S2-817417722,S2-424137419,S3-283683041
S1-423662230	S2-848311974,S3-528906798
S1-826627243	
S1-264390254	S2-872688612,S2-561297401,S2-304351657,S3-231793439,S3-765250912
S1-818610163	S2-200538849,S3-114597322,S3-303578916
S1-545572670	S2-228302982,S2-820220584,S2-893822757,S3-85363154
S1-973835299	S2-789223994,S3-105494029,S3-208903839
S1-58242382	S2-376171389,S3-16452031
S1-478021884	S2-832013166,S2-873767988,S3-483366021,S3-191777537
S1-672145797	S2-564785971,S3-858492772
S1-991416882	S2-596836918,S2-831887982,S2-359445092,S2-288643674,S3-719800536
S1-886488950	S2-215361123,S2-514255523,S2-241829327,S3-465185414
S1-493193236	S2-795169870,S3-464830319
S1-384288104	S2-808109173,S2-573193922,S2-996093838,S2-781376665,S3-804240471,S3-136469626
S1-317539737	S2-151691134,S2-478839896,S3-911631111
S1-600050186	S2-525636089,S2-327135472,S2-896947166,S3-854745687
S1-124645245	S2-149767440,S2-59000138,S3-133324385,S3-952700962
S1-71656643	S2-305005427,S3-363237071
S1-620245382	S2-391007500,S2-5472150,S3-846148960
S1-153052378	S2-57090340,S2-260175068,S2-5429444,S3-927603575,S3-40942780
S1-433698295	S2-448125789,S3-565671075
S1-984591654	S2-90635331,S2-976712116,S3-825874115,S3-521601059
S1-135018793	S2-900897961,S2-799881295,S3-190763464
S1-314545436	S2-739441898,S3-199449879,S3-122130305
S1-321474731	S2-623005735,S2-203480763,S2-358412134,S3-115206517,S3-642908212
S1-940601866	S2-295451619,S3-361481268,S3-343599692,S3-335301286
S1-273894151	S2-285830230,S2-207141010,S2-170496715,S3-49572669
S1-859978210	S2-273968073,S2-880849698,S2-705523254,S2-120871036
S1-712049302	S2-156789832,S3-817127527,S3-113795070,S3-419894485
S1-992502007	S2-302250895,S2-569217146,S3-874173237
S1-683148514	S2-737123387,S2-138543047,S2-213035417,S3-782687128
S1-739911032	S2-903078010,S2-730051632,S2-177205200,S2-549795470,S3-198677983
S1-477843822	S3-585122518
S1-276101699	S2-256970151,S3-860644724,S3-99087190,S3-15294312,S3-687844693
S1-987498835	S2-349924258,S2-82318657,S2-138879000,S3-894933070,S3-287098351,S3-430485269,S3-714309112
S1-345549588	S2-106662129,S3-5665620,S3-689370137
S1-179412520	S2-219870777,S2-476640870,S3-765118500,S3-629607860
S1-396221333	S2-273565379,S3-453240574
S1-518758513	S2-851044319,S3-543475672,S3-739455824,S3-268059959,S3-710046873,S3-404579279
S1-398786075	S2-47651897,S3-717388595,S3-555894417
S1-945020596	S2-85015288
S1-303962519	S2-734884692,S2-449636368,S3-85092618,S3-143826596
S1-234017027	
S1-568873685	S2-963072262,S2-726697643,S2-646388389,S2-422102342,S3-334619299,S3-50570123
S1-849155144	S2-163999517
S1-763402416	S2-462074308
S1-367471076	S3-936617429
S1-777960778	S2-851975322,S2-874423243,S3-654810655
S1-277423381	S2-417168475,S2-178800252,S2-651459065,S3-943708557,S3-920558308
S1-440406089	S3-102782798,S3-313932268
S1-873493946	S2-760832811,S3-36140621
S1-265884188	
S1-840617249	S2-983396535,S3-990562059
S1-438960618	S2-55568702,S3-437225634,S3-107698
S1-195476342	S2-610813389
S1-548399863	S3-7102260,S3-263319409
S1-87252645	S2-83209191,S3-349880060,S3-705735361
S1-324102511	S3-623268765
S1-780497967	S2-589247521,S3-540469386,S3-304676890,S3-580360521
S1-692497473	S2-495599144,S3-68655582,S3-685545314,S3-313501637
S1-314539380	S2-669194902,S2-200011828,S2-38082880,S2-205625281,S3-950592087
S1-182096015	S2-15221937,S2-463692322
S1-868540007	S2-66462551,S2-87218332,S3-707684023,S3-131389958,S3-275062131
S1-916926941	S2-333112042,S2-194493611,S2-53442707,S3-480892438,S3-104178756
S1-160794881	S2-552654851,S2-420358280,S2-389360239,S2-988299211,S3-843662269
S1-975030091	S2-79370357,S2-846406158,S2-880555635,S3-800304194
S1-473174098	S2-820175587,S2-216314196,S3-391951192,S3-257290093,S3-528008987
S1-452843580	S2-988105443,S2-89274774,S2-981299315,S3-735644751,S3-886707940
S1-632808676	S2-63827938,S2-228833374,S2-772680918,S3-592245912
S1-966477054	S2-915595556,S2-228110241,S3-654804279,S3-137518192
S1-512724606	S2-630700184,S2-681259695,S3-346581525,S3-79913057,S3-381611370,S3-770862892
S1-861109728	
S1-380894290	S2-305415753,S2-720486603,S2-330297513,S2-976536160,S2-791619718,S3-205651843
S1-554749108	S2-589717089,S3-977827089,S3-743695487,S3-283024509,S3-942719551
S1-600390910	S2-260483,S3-712976457,S3-649957053
S1-240579398	S2-475970819,S3-596292955,S3-224939845,S3-451579199
S1-48360456	S2-29326093,S2-274394823,S3-421113400,S3-586227539
S1-215536876	S2-984074376,S2-669236794,S3-596045416
S1-44949213	S2-139356841,S3-530949510,S3-768792694,S3-897742401,S3-323120583
S1-400911087	S2-248546725,S3-369168848,S3-921475473,S3-229337347,S3-153046583
S1-590578012	S2-366924707,S2-204015255,S2-460893037,S3-692154206
S1-556350997	S2-800207587,S3-861480313
S1-685910850	S2-723069353,S3-158288312
S1-569675315	S2-536914839,S2-281920292,S2-248795436,S3-177811168
S1-76539613	S2-329447946,S2-484423217,S3-857202613,S3-93174943
S1-22367105	S2-897771479,S3-354022254,S3-773630298,S3-376730817
S1-255578110	S2-998140307,S3-301490066,S3-260149870
S1-398781456	S2-935912301,S3-406884497
S1-678196939	S2-427260555,S2-865846055,S3-724354179,S3-948924011,S3-577004517
S1-807488484	S2-486647713,S2-340498806,S2-90900364,S3-367523488,S3-788893848
S1-614265811	S2-273126253,S3-281492576
S1-864378680	S2-450258177,S3-313536398
S1-98129833	S2-831104876,S3-201378235,S3-455433895
S1-529506564	S3-708580834
S1-22308018	S2-152756624,S2-83996201,S2-844481430,S2-121776025
S1-565762332	S2-695265038,S3-627681160,S3-943700332,S3-91799076,S3-47552010
S1-959047130	S2-443807301
S1-75651192	
S1-792783639	S2-861679491,S2-875792518,S2-152761791,S2-578169624,S3-292654631
S1-77306158	S2-723890421,S3-803550231,S3-897485979
S1-470253998	S2-342587787,S2-475271353,S3-509587567,S3-891993288,S3-409049906
S1-184875582	S2-616540439,S2-688900889,S3-752873823,S3-845526087
S1-229801334	S2-455287313,S2-877828760,S3-668035038
S1-509456167	S2-663120848,S2-717173242,S2-501412033,S3-629027943
S1-508191249	S2-955602847,S2-556452095,S3-504843631,S3-288119547,S3-713943012
S1-147362702	S2-78481511,S2-433995845,S2-706795129,S3-806030912,S3-134749540
S1-319966296	S2-628206536,S2-134253720,S3-798123196
S1-978089017	S2-131689632,S3-568771825,S3-268697179
S1-229128989	S2-844355786,S2-363251479,S3-753619265,S3-857681136,S3-285306721,S3-319443608,S3-406687625
S1-960788592	S2-756446193,S2-682938581,S2-990608434,S3-891752238,S3-912287665,S3-832296265,S3-186519232,S3-843411980
S1-774307256	S2-352272693,S3-200105168
S1-759712876	S2-852863523,S2-283636177,S3-386862033
S1-507783301	S2-702201385,S3-957762678,S3-502625367
S1-81220873	S2-439504571,S2-38401746,S3-226214353,S3-79190931,S3-550903235
S1-634040447	S2-33044192,S3-670416004
S1-854600583	S2-857384405,S2-125255351,S3-812122435
S1-737490024	S2-267702262,S2-113324643,S3-959945847,S3-746655898
S1-170012565	S2-6043201
S1-572726578	S2-554695851,S2-566892814,S2-743783320,S2-59490274,S3-331260548,S3-799471617
S1-278363914	S2-605291073,S2-779461710,S3-491945325,S3-640321565,S3-366606811
S1-426938243	S2-264543833,S3-483879570,S3-288953744
S1-883242088	S2-604849314
S1-640768528	S2-574946003,S2-253341401,S3-952146127,S3-225102269
S1-210264008	S2-456715035,S3-589721134
S1-856283073	S2-147360896,S3-588870858,S3-934962651
S1-404226549	S2-251082847,S2-627425267,S3-258234459,S3-870556867
S1-266809342	S2-339166327,S3-941738355,S3-559995584,S3-21012518
S1-165670278	S3-529270249,S3-263525037,S3-598410001,S3-446588222
S1-478945059	S2-899795831,S3-67896920
S1-211144640	S2-964956359,S2-400815513,S2-83256007,S2-189199743,S3-771036352,S3-742976067,S3-722441870,S3-815518139
S1-467508294	S2-832943660,S2-993210812,S2-28187520,S3-855373198,S3-920016615,S3-940457686
S1-139555987	S2-719519346,S3-423982971
S1-270099616	S2-324613732,S2-687819940,S3-940072800,S3-821596126
S1-163572784	S3-978543042
S1-873511399	S2-563378805,S3-260309364,S3-799747614,S3-946343409
S1-647275817	S2-133043137,S2-720505885,S2-943199348,S2-677671145,S3-240244253,S3-912389002
S1-748657465	S3-762016062
S1-756703571	S2-506397977,S3-681782302,S3-536478908
S1-955020024	S2-897253470,S3-10190839,S3-69014435
S1-113974256	S2-63102412,S3-566108511
S1-434508407	
S1-860899341	S2-414221190,S2-926450946,S3-6928643,S3-141247909
S1-84164853	S2-191779490,S2-711516090,S3-139451507,S3-895069710,S3-287113188
S1-159564532	S2-106668297,S3-54252076
S1-520527809	S2-908060027,S2-989312345,S2-46792364,S2-808894797,S3-626987030,S3-740004902
S1-199107673	S2-787608124,S2-433864749,S2-14054540,S3-555639712
S1-183709540	
S1-332784262	S3-332614298,S3-252534176
S1-451018669	S2-91682376,S3-900901305
S1-605028537	S2-498439349,S3-688168680,S3-381231320
S1-455448615	S2-557744977,S3-976725166,S3-132060026
S1-820313476	S2-930418813,S3-28533755,S3-453050211,S3-955758063
S1-203146058	S2-655305212,S2-838668477,S2-849686496,S3-73835784,S3-698005592,S3-730298995,S3-875789138
S1-866127638	S2-59791488,S2-20971571,S2-104074397,S2-622172327,S3-634101044
S1-895266962	S2-952723326,S3-505971403,S3-158270691
S1-945893221	S3-942698909,S3-109308212,S3-327537872
S1-353329680	S2-104692651,S3-383966023,S3-434715192
S1-588747892	S2-178651255,S3-186995204,S3-315346168
S1-474238742	S2-162912453,S3-995964391,S3-187579693,S3-962400626,S3-65314410
S1-989963374	S2-769417731,S3-725826172
S1-897162670	S2-806859109,S2-689645730,S3-558951159
S1-417334405	S2-480153578,S2-272750424,S3-949151789,S3-57134540,S3-608360408
S1-372570786	S2-623726986,S3-750843069
S1-60729807	S2-145965732,S3-741883434,S3-557809568
S1-885613758	
S1-850999737	
S1-898791058	S2-984996408,S2-624714754,S2-548307340,S3-497719517
S1-814260472	S2-545917743,S2-738370156,S3-155117161,S3-101483686,S3-567113922,S3-343726429
S1-683774201	S2-177629514,S3-944468175,S3-296854628,S3-211137852,S3-164746936,S3-690845634
S1-9217104	S2-688888506,S2-59534660,S3-553862356,S3-488516042,S3-718197797
S1-605245275	S2-555378202,S3-628365940
S1-51079946	S2-428828597,S3-974905727,S3-987863331
S1-64819565	S3-513237504,S3-790284396,S3-796573856,S3-486185798
S1-377355850	S2-959422166,S3-128317094,S3-695214162,S3-260412069
S1-713125517	S2-809880357,S3-954419535,S3-568101871
S1-738342524	S2-739945858,S2-887688265,S3-418065420,S3-572078133
S1-369711068	S2-259347031,S3-880169253,S3-128759991,S3-197237887
S1-665450693	S2-331735980,S2-164679638,S3-645014397,S3-288068480,S3-345974203
S1-437285075	S2-804197539,S2-980112761,S2-635057751,S2-916337920,S3-284648637,S3-920978278
S1-499225452	S2-655418446,S2-618576101,S3-40894052,S3-306615758
S1-544186824	S2-381481070,S2-624036423,S3-280301064,S3-558196376
S1-121668737	S2-375933154,S3-234826136,S3-409405274
S1-248345974	S2-548291539,S2-340440793,S2-613100336,S3-905138330,S3-554210254,S3-230399360
S1-458106003	S2-708472921,S3-245186810
S1-918442913	S2-319975563,S2-370649360,S3-653728162,S3-217582657,S3-773497335,S3-887271597
S1-437121437	S2-284473615,S2-493156522,S3-796413388,S3-109972356
S1-547709944	S3-302633592,S3-806789703,S3-512428369,S3-828034754
S1-343838750	S2-394828120,S2-283045008,S2-875711148,S3-254122423,S3-859826793
S1-848725980	
S1-165909369	S2-309552713,S2-447840900,S3-896037556
S1-569549045	S2-60690504,S3-665989866,S3-151883814
S1-414719492	S2-936742276,S2-961345068,S3-339688712
S1-762436071	S2-66300563,S3-850699631,S3-60142491,S3-585748389
S1-178491889	S2-86506067,S2-868499387,S3-872978994
S1-335873268	S2-290927163,S2-23800364,S3-34870717
S1-368271424	S2-500157060,S2-750061915,S3-826167718,S3-903906551,S3-215676482
S1-556099417	S2-415560804,S3-465949240,S3-88275465
S1-443270648	S2-352487353,S3-982410761,S3-828043599
S1-161242415	S3-465623114,S3-139207592
S1-427738799	S3-455703087
S1-997007543	S2-290350178,S3-734456080,S3-285111532
S1-78795882	S2-555650066,S2-664994074,S2-873272961,S3-362366883,S3-638959006,S3-444678577
S1-953598645	S2-542468386,S2-150292291,S3-957983182,S3-758904054
S1-422102069	S2-8813244,S2-555248235,S2-644598354,S3-860424525
S1-712474053	S2-24143572,S2-420311369,S3-492258887
S1-694520496	S2-361918442,S2-782172946,S2-852550777,S3-699970103
S1-300761029	S2-451297310,S2-267335655,S3-800505233
S1-440600145	S2-95946914,S3-992287968
S1-202205045	S2-31939897,S2-190918068,S2-549684557,S2-999723692,S3-610786891,S3-362159244,S3-361162627
S1-429981290	S2-311691542,S2-385382498,S3-496755377,S3-203420902,S3-192300239
S1-540881292	S2-563255340,S2-540687871,S2-963453865,S2-580745529,S3-543309054,S3-299946038,S3-58424902,S3-270291818
S1-924808952	S2-995081883,S2-683424549,S2-227245632
S1-780334164	S2-562092741,S2-471605461,S2-452204740,S3-152573633,S3-886508040
S1-900887523	S2-38220478,S3-653796032
S1-27952195	S2-640193490,S3-265414381
S1-10302171	S2-255151367,S2-330011444,S2-321821060,S3-368287815
S1-16236092	S2-939398005,S3-537685218
S1-22607493	S2-788367690,S2-58919310,S3-346554890
S1-486104807	S2-159589784,S2-317912209,S2-267407394
S1-611260485	S2-904524714,S2-354033902,S3-815637278
S1-829436096	S2-9570307,S2-187920155,S2-579689876,S3-692025850,S3-537703858,S3-498874209,S3-87604725,S3-97078324
S1-762548751	
S1-197800554	S2-64410420,S2-76076556,S3-469297030,S3-672886146,S3-461164559
S1-983059748	S2-662861586,S2-86700004,S2-656842591,S2-312083568,S3-262684351,S3-866242337,S3-29186257,S3-967265838
S1-628967109	S2-954816381,S2-462447970,S2-529810328
S1-344035082	S3-709116678,S3-116608309
S1-99492049	S2-353809897,S3-934142200
S1-645405975	S2-393184177,S2-913743456
S1-114404257	S2-982347109,S2-43340562,S2-832384133,S3-143639537
S1-959968464	S3-554339159,S3-741116321
S1-83964238	S3-662433717
S1-744892675	S2-251123467,S2-484710947,S2-23698160,S2-692095668,S2-716058337,S3-161939858,S3-149502578,S3-869452849
S1-133196549	S2-542507082,S2-13336249,S2-960698410,S2-293392852,S2-638383040,S3-199489521
S1-163217525	S2-24957987,S2-401708089,S3-845376034,S3-300886724,S3-865375307,S3-406722388,S3-96991992
S1-268247161	S2-602016023,S2-797831131,S3-825052229
S1-652208532	S2-403331756,S3-55069311,S3-511649753,S3-330534234
S1-526135639	S2-181399187,S3-251640233
S1-408248805	S2-950173467,S2-67216334,S2-683017567,S3-434955128,S3-693344141
S1-397455146	S2-583097080,S2-302199755,S2-460547715,S3-734072906,S3-410404762
S1-45767673	S2-33623897,S3-242982716,S3-855813462,S3-844809213
S1-576024210	
S1-534716747	S2-67225747,S2-871588320,S3-735287437
S1-257896113	S2-344740522
S1-667995742	S2-498427269,S2-520901828,S3-770038522,S3-894072359
S1-901811881	
S1-900121561	S2-552287817,S3-454178825,S3-282037603
S1-640415938	S2-884042346,S3-287449314,S3-69709747,S3-124752689
S1-77352718	S2-423801889,S2-304171163,S3-648305844,S3-851864121
S1-875171510	S2-721693258,S3-687447915,S3-497052583,S3-559838132,S3-989942596
S1-966175337	S2-324177456,S2-341418964,S3-334032644
S1-606269938	S3-695697045,S3-791645903
S1-289692975	S2-783157556,S2-846902489,S2-17299974,S3-731994005,S3-923335933,S3-373382992
S1-673727479	S3-691436830,S3-13019461,S3-610227619
S1-686059364	
S1-512834916	S2-166530090,S2-818942581,S3-477419500,S3-21297167,S3-1069813
S1-233227723	S2-29981833,S3-110464575,S3-197606423
S1-424167141	S2-184221707,S3-304191326
S1-299068367	S2-377784357,S3-412573829
S1-636118675	S2-315100137,S3-795960336,S3-226898580
S1-974620421	S2-452165930,S2-666553590,S3-632390774
S1-308358807	S2-280233509,S2-726253995,S2-832813171,S3-681195048,S3-142069812
S1-292593300	S3-893033824,S3-594971572,S3-291880371
S1-527676886	S2-249912960,S2-963421588,S3-979557451,S3-85129631
S1-477941718	
S1-701642694	S2-77077134,S3-869856427
S1-879634724	S2-385300725,S2-390137890,S2-835961754,S3-86221974,S3-931216800,S3-939791573
S1-81161093	S2-253173086,S3-537569421,S3-541423299,S3-286912785
S1-758953655	S2-951102068,S2-85619751
S1-577295036	S2-695618421,S2-114283123,S3-935892755
S1-645161211	S2-309972161,S2-153773755,S3-607402482,S3-36476447
S1-766390050	S2-399273241,S3-1383804,S3-160355311,S3-239664999
S1-276490740	S2-984980513,S3-106750122,S3-671104589,S3-407416592
S1-949270424	S2-651840798,S2-881926567,S3-532751305,S3-738457448
S1-984247811	S2-79520940,S2-27745232,S2-873646059,S3-7115047
S1-475352227	S2-593655018,S2-191261210,S2-140887417,S2-641000841,S3-507583308,S3-630877664,S3-709731143
S1-257846716	S2-301672160,S2-256505194,S2-744221911,S3-747985799,S3-843884600
S1-785327273	S2-961366403,S3-638352986
S1-96598602	S2-287694101,S2-84252326,S3-778881911
S1-245521963	S2-375317504,S2-409096888,S3-129601738
S1-633996104	S2-388434927,S3-973416958,S3-894754401
S1-808539278	S2-50876630,S3-971956598,S3-967557677
S1-601139225	S2-413485866,S2-104010249,S2-358150535,S3-730784945,S3-75226242,S3-802320572
S1-338608574	S2-480286436,S2-337231854,S3-914655222,S3-157353354
S1-63867443	S2-946352358,S3-795622671,S3-817573592,S3-11122706
S1-130136534	S2-852476966,S2-146750590,S2-456107536,S3-643676892,S3-654279319,S3-14538925
S1-859391813	S2-332334976,S3-551817538,S3-259530248
S1-339996061	S2-533122646,S2-445351561
S1-130635319	S2-687015211,S2-770975297,S2-361343187
S1-884116569	S2-610327087,S2-620597300,S2-968879793,S3-85341972,S3-975879154,S3-706863831
S1-86505350	S2-597724137,S3-574233378,S3-414013230
S1-977979044	S3-523039521,S3-397327918,S3-411824395
S1-426318396	S2-696545806,S3-268593445
S1-728211585	
S1-517350208	S2-671157473,S3-906280676,S3-141479714
S1-947972461	S2-192371257,S2-379981371,S2-506251922,S3-657050801
S1-220638624	
S1-111104187	S3-571130466
S1-988106703	S2-518952557,S3-641091917,S3-517799276,S3-136065316,S3-636133801
S1-36340489	S3-363257278
S1-397402531	S2-179141064,S2-761351570,S2-735705821,S2-28342237
S1-901555211	S2-840787454,S3-613548153
S1-902387642	
S1-175990771	S2-872014539,S2-775881067,S3-896054423
S1-9070267	S2-229815432,S3-620547824
S1-600876573	S2-817405519,S2-764913239,S2-451420922,S2-68263609,S3-750933835,S3-461527189,S3-361516137
S1-954456785	S2-785633021,S2-692920711,S3-673248570,S3-788233605
S1-475754487	S2-405496540,S3-734905745,S3-561782105
S1-864432243	S2-354240838,S2-199024532,S3-239793784
S1-727569394	
S1-40090540	
S1-89481048	S2-590669928,S2-196253826,S2-512062356,S3-883160294
S1-594804348	S2-878921513,S2-531916687,S3-415622416,S3-263317529,S3-93925978
S1-210255866	
S1-126219041	S2-109150002,S3-302779454,S3-680416366,S3-826055662
S1-441374511	S2-185517803
S1-230566051	S2-625381354,S3-528308306
S1-118100798	S2-395354705,S3-566214585,S3-348464499,S3-403459104
S1-261532988	S2-959364542,S3-398529400,S3-112601707,S3-619596859
S1-880131715	
S1-711560110	S2-650455750,S2-47391371,S3-596846608,S3-471864811
S1-276115112	S3-452239518,S3-629692896,S3-900335216
S1-107266813	S2-571155336,S3-129025260
S1-431208146	S3-33976626,S3-236569221,S3-109628557,S3-347514308
S1-607226722	S2-967338517,S2-523563492,S3-339806004
S1-23076244	S2-458640966,S2-817140649,S2-583349500,S2-271932403,S3-874260182,S3-939792208
S1-503101102	S2-732492529,S2-200154746,S2-967255186,S2-576238946,S3-989559672,S3-849580714,S3-472909577,S3-471632439
S1-777719794	S2-811957575,S3-4612339,S3-119106590,S3-595541858,S3-16096997
S1-263562940	S2-686293759,S2-24567149,S2-390309194,S2-501101378,S3-160020138,S3-400545065,S3-969998539
S1-326048618	S2-574731894,S3-440394418,S3-203337608
S1-30858414	S2-722016438,S3-708130675,S3-572225252,S3-281546232
S1-790225634	S2-529252827,S2-802941097
S1-612047495	S2-742209221,S2-629890057,S2-689358360,S2-69227665,S2-99088516,S3-656595725,S3-462499380
S1-65510600	S2-847815685,S2-295229266,S3-36455182
S1-472338023	S2-914321398,S2-344499292,S3-547578365
S1-164679788	
S1-916518916	S2-249545557,S3-156820013,S3-52336918
S1-727812404	S2-257350118,S2-207164301,S3-605743361
S1-308516406	S2-467351922,S2-446736918,S3-66265940,S3-452180333
S1-900250986	S2-794847205,S2-425901269,S2-929883513,S3-439429498,S3-997857573
S1-270835520	S2-905270047,S2-325337003,S3-924606182,S3-104943889
S1-558018788	S2-803351022,S2-689835091,S3-849201816,S3-252500518,S3-757526541
S1-393146787	S2-21839398,S2-53345571,S3-21841197
S1-938854229	S2-672195701,S3-893089223,S3-277974134,S3-87585226
S1-692110125	S2-656878082,S3-554237151,S3-74263499,S3-400051198
S1-64150197	S3-272243672,S3-556859636,S3-191594365,S3-97969721
S1-592689713	S2-240072049,S2-730422122,S2-567783561,S2-21788174,S3-662415240,S3-95889079,S3-916606095
S1-46033367	S2-80993801,S2-681500021,S3-222106744,S3-186568151
S1-765054622	S2-430185258,S2-786939643,S3-822203579
S1-880210123	S2-244987771,S3-813964683,S3-401930322
S1-434661703	S2-843489405,S2-676667931
S1-860990724	S2-963912635,S3-349722293
S1-863322702	S2-98521551,S3-392513028
S1-309403969	S2-922569359,S2-347826817,S2-512627307,S3-875038611,S3-187370222
S1-872286983	S2-807570919,S3-505598253
S1-662564868	S2-569759219,S2-292202417,S3-480147694,S3-372018841
S1-299908082	S2-171094733,S2-923829274,S3-901808404,S3-431128639
S1-353010515	S2-592887725,S2-331884071,S2-813048361,S3-582736414,S3-594491381
S1-818370427	S2-510167619,S3-799708575,S3-125234988
S1-262926714	S2-492120333,S2-897462610,S3-718668696,S3-416014960
S1-512548389	S2-21431482,S3-933377502
S1-194445268	S2-236404877,S3-370517706
S1-361284846	S2-359363339,S2-947278826,S2-283906277,S3-365457205
S1-141838738	
S1-829150577	S2-837132400,S2-4473083,S2-553579176,S3-86557058,S3-355271614
S1-557867435	S2-882968232,S2-953663424,S3-751620590,S3-573803960,S3-791519335,S3-992784690,S3-401227526
S1-180953986	S2-777800745,S3-839913424
S1-26523833	S2-788461461,S2-172277117,S2-719752197,S3-379677554,S3-311616237
S1-45774718	S2-920648460,S3-569433091
S1-466364368	S2-976627752,S3-448657480
S1-983994781	S2-459949051,S2-160261431,S3-831568170,S3-568538966
S1-152684414	S2-362236784,S2-529937754,S2-630209190,S3-836818664
S1-590715811	S3-33512092,S3-487182278,S3-283286497,S3-399045312,S3-385382332
S1-744575298	S2-332175651,S2-137713123,S3-766248883,S3-745933369,S3-550864202,S3-190349033
S1-738975518	S2-100424378,S2-383621721,S3-668468599,S3-979133954
S1-44138416	S2-324869003,S2-246308963,S2-363712271,S2-227919407
S1-530973688	S2-22935626,S3-712417694,S3-514108823
S1-178530251	S3-579111825
S1-715146045	S3-913199286,S3-255008871
S1-855170340	S2-824750411,S3-947780902,S3-846668019,S3-357249045
S1-555057738	S2-807806367,S2-944979241,S2-302248072,S3-644872223,S3-88235161
S1-165066641	S2-93411540,S2-461922904,S3-756943933
S1-124987634	S2-487102931,S3-56585757,S3-468813596,S3-985261783,S3-7520603
S1-706005709	S2-354444871,S2-502039286,S3-708401111
S1-780751012	S2-315244954,S2-725177817,S2-922212839,S2-741628504,S2-593110658,S3-235707598
S1-554410912	S2-855768641,S2-277620795,S2-458034668,S3-933475277
S1-488863001	S2-760299453,S3-909445473
S1-135092861	S2-869636669,S3-618886129,S3-151975620
S1-48888744	S2-809352665,S2-126154886,S3-185993467,S3-593377020,S3-461092820
S1-796946770	S2-745096966,S3-898793052
S1-257071106	S2-293423963,S2-322532476
S1-9052517	S2-804729417,S2-669169344,S3-204661527
S1-195119684	S2-414499167,S3-438091387,S3-540516595,S3-275464889,S3-119932569
S1-15268273	
S1-360897240	S2-199064208,S3-949500995
S1-413389029	S2-967320179,S3-612187184,S3-893189043,S3-556155831,S3-17779923
S1-329614377	S2-172372151,S3-703194899
S1-441323186	S2-348908160,S3-220805820,S3-826840602
S1-199386490	S2-81064498,S2-776785372,S3-230128848,S3-686794403
S1-587448674	S2-228655086,S2-731630986,S2-130656815,S3-428366625,S3-460361959,S3-685629754,S3-338519762
S1-207907319	S2-644208071,S2-417596306,S3-354555831
S1-49402951	S2-532654827,S3-39037423
S1-845159295	S2-742021505,S2-355544346,S2-476150889,S3-913516564,S3-392339000,S3-678079849
S1-859830922	S2-768510139,S2-731720613,S3-444622674,S3-397702521,S3-901052065
S1-555303238	S2-152259295,S2-313599026,S2-487057885,S3-288874133,S3-405510027
S1-861192805	S2-874399225,S3-677172988
S1-960775225	S2-345130592,S3-860919213,S3-795022513
S1-579688614	S2-830925628,S2-985061571,S2-412840876,S3-328597909,S3-658631556
S1-915405396	S2-193436100,S2-255596411,S3-714238568,S3-943866328,S3-484263356
S1-981038536	S2-284161656,S2-996866305,S2-775681082,S2-30209176,S3-310086739,S3-680787143
S1-334483516	S2-959848411,S2-234895354,S3-626624844,S3-795313737,S3-814064957
S1-837821735	S2-742250227,S2-80620896,S2-742845752,S3-377325497,S3-328239139,S3-157227155
S1-529998057	S2-950955006,S2-811347118,S2-12886189,S3-702120671
S1-161904798	S2-950049500,S3-121694661,S3-663076005,S3-996347195,S3-103719923
S1-815773786	S2-191554899,S2-859479998,S2-109985954,S2-159517312,S2-33811665
S1-91583802	S2-264704542,S2-8446210,S3-442465329
S1-758270346	S2-435991922,S2-631115531,S3-282889418
S1-820309966	S2-226551598,S2-906036057,S2-628054930,S3-151749278,S3-819343501
S1-495552394	S2-533173290
S1-838610367	S2-721958080,S2-663093980,S3-70948765,S3-978069899
S1-1481484	S2-147664766,S2-296456453,S2-268119623,S3-217198891
S1-340322205	S2-19934052,S2-179196545,S2-898536000,S2-353694696,S3-160133087,S3-847758340
S1-966882770	S2-548746192,S3-255074642
S1-975554270	S2-96057721,S2-558845582,S2-571187935,S3-582852140,S3-156738225,S3-473425537
S1-109487913	S2-65481678,S2-900122820,S2-703161210,S3-34333461
S1-270621998	S2-181674216,S3-430207286,S3-411374598,S3-558964877,S3-450702691
S1-702013182	S3-660366544
S1-787184699	S2-242184452,S3-11448298
S1-364072315	S2-862695935,S2-83182023,S2-145879172,S2-583798813,S3-301881443,S3-918684844,S3-830729435,S3-744603072
S1-98584232	S2-405971597,S2-76472559,S2-311337676,S2-727129575,S2-674313208,S3-146507961,S3-416291951
S1-592038595	S2-992510865,S3-173827894,S3-384895911
S1-789983716	S2-82010527,S3-145111403,S3-132753072
S1-538563491	S2-832914073,S2-835692087,S3-161819360
S1-668985317	S3-321100708
S1-399301626	S2-282507234,S3-574580979,S3-570338727,S3-248893464
S1-953434727	S2-559997146,S2-204222769,S3-488563302
S1-834950343	S2-698015041,S2-248557358,S2-42546172,S2-966501290,S3-174960664,S3-922379767
S1-187267643	S3-722106121,S3-178074676,S3-206112492,S3-508086108
S1-110988632	S2-731328991,S3-525396022,S3-628000191,S3-884799680
S1-499611887	S2-735506434,S2-581827456,S2-766190705,S3-84376827,S3-776546740,S3-920704688
S1-668126070	S2-573400098,S3-956062682,S3-793658439,S3-493036007
S1-568833490	S2-97674317,S3-563423179
S1-692414527	S3-365872760
S1-905869722	S2-228533173,S2-128083635,S3-774353943,S3-532930423,S3-142541492,S3-870625256
S1-500143522	S2-536017990,S2-84697765,S3-669863410,S3-649476282
S1-335841335	S2-395081073,S2-869092673,S2-426772558,S3-891475887,S3-603710727,S3-534492649
S1-121650297	S2-995488469,S2-584519130,S2-834190652,S3-376977445,S3-642010405
S1-341188428	S2-527437889,S2-180764489,S3-263400627
S1-916310078	S2-512402144,S3-330783702
S1-910010120	S2-472731989,S2-640829410,S2-187503290,S3-191132686
S1-586994382	S3-651182685
S1-36225714	S2-793805588,S2-457793927,S2-313792702
S1-683529481	S2-832751917,S3-994098439,S3-54573076
S1-403585455	S2-510722929,S3-186036269,S3-59036298
S1-604792196	S2-285496451,S2-299541712,S2-545795864,S3-115197819
S1-602636473	S2-498461566,S2-95435963,S3-316450955,S3-177796963
S1-404997856	S2-299660709,S3-582266590,S3-24970973,S3-234946128
S1-763604731	S2-869777630,S2-41100501,S3-23351347,S3-984439150
S1-650568563	S2-594712676,S2-367863163,S3-902612578
S1-960966062	S2-848442807,S2-299530538,S2-623292765,S2-488664043,S3-928131292,S3-248050253
S1-246213447	S2-324680018,S3-443279794,S3-155262681,S3-756010523
S1-156557617	S2-302227228,S2-376284869,S3-35575706
S1-576111615	S2-125012499,S3-267200295,S3-69888443
S1-587039293	
S1-190499706	S2-52842362,S3-800826546
S1-448428447	S2-340327331,S2-649009694,S3-761652904
S1-457746791	S2-283536995,S3-359385203,S3-322083386
S1-437907045	S2-56371310,S2-580887820,S2-224605238,S3-914386377,S3-363756705,S3-887968728
S1-963677544	S2-727718693,S2-704563422,S3-251980873,S3-127042538,S3-76187133
S1-3374632	S2-185515257,S2-135181959,S2-456512193,S3-307123011
S1-64661708	S2-729207692,S3-978559117,S3-262757493
S1-180700949	S2-734596844
S1-351022799	S3-741664721,S3-888985181,S3-423793715
S1-766105338	S2-719771787,S2-83368916,S2-206168198,S3-821233494,S3-592967042,S3-482767383,S3-226853013,S3-667500390
S1-231441823	S2-303352753,S2-192591510,S2-665324471,S2-958400485,S3-46231520,S3-372144629
S1-987754061	S2-257055670,S3-768613785,S3-168476947,S3-645690764,S3-864879299
S1-57813824	S2-494847864,S3-54125728,S3-945593603
S1-1033177	S3-676766188,S3-883267465,S3-607568775,S3-282837569
S1-631192875	
S1-599867640	S2-526615898,S2-130137299,S2-186386560,S2-383146652,S3-518848396
S1-863356564	S2-675375812
S1-384012900	S2-43673134,S2-43555042,S3-752813254,S3-814402562,S3-853595588,S3-309888800
S1-538930961	S2-224848450,S3-103018250
S1-660135462	S2-453033752,S2-571102008,S2-115120573,S2-177955785,S3-639516903,S3-476506769
S1-481101130	S2-421542053,S3-291987666
S1-644362262	S2-709281669,S2-542226337,S3-87167371
S1-53302010	S2-642393449,S2-469796105,S3-261644927
S1-571288297	S2-185779124,S3-126738667,S3-41027935
S1-332921024	S3-121105013,S3-784452001,S3-860513506,S3-400383706,S3-66753167
S1-357573886	S2-40415015,S3-681131106,S3-518434651,S3-621476929,S3-43715073
S1-741660028	S2-587863383,S2-700494532,S2-733132225,S2-892428705,S3-760782537,S3-353749592
S1-50030671	S2-755009280,S2-179926110,S2-680751385,S2-862744602,S3-411586024,S3-288861328
S1-796252074	S2-587291586,S3-265862904,S3-374003179
S1-424258288	S2-279347431,S2-516830373,S3-273909236
S1-195601323	
S1-562224497	S2-61721267,S2-303378175,S3-320147423,S3-522844794,S3-821332078
S1-357379595	S2-628123536,S3-861148452
S1-838038830	S2-491808857,S2-569099647,S3-274384405,S3-255411808,S3-260412616
S1-179042512	S2-430903676,S2-549116951,S2-400288276,S2-263393507,S3-754817512,S3-823089827,S3-921022223,S3-131432568
S1-962244625	S3-423633145,S3-975626507,S3-690758293
S1-226249096	S2-949680833,S3-793932348,S3-605106460,S3-317747568
S1-996560990	S2-46835890,S2-554614088,S2-146705931,S3-905330066,S3-148097102
S1-450716522	S2-537840105,S2-532148558,S3-941710549,S3-641840390
S1-90500381	S2-341158802,S3-864693765,S3-534125886,S3-399802954
S1-812471256	S2-13865536,S2-517547891,S3-605158390,S3-823407199
S1-716231102	S2-540780375,S3-899624426
S1-944198591	S2-674198038,S2-241863219,S3-388063441
S1-58500965	S2-406355251,S3-422133487,S3-723664862
S1-73600975	S3-856934585
S1-946727144	S2-940909311,S2-146108390,S3-676314749,S3-465913407
S1-51255767	S2-442066410,S3-977298074,S3-430882993
S1-965462970	S2-46014483,S2-208227101,S2-47744200,S3-769066308,S3-470721577
S1-977171705	S2-377234765,S2-354306523,S2-708417474,S2-824882560,S3-688334220,S3-291067615,S3-421379229
S1-65574077	S2-884426177,S2-865221894,S3-50722130,S3-513018201,S3-247619534
S1-54887702	S2-210545510,S2-588016898,S2-19556395,S2-362421827,S2-256003057
S1-668052528	S2-160695717,S3-324043033,S3-956665802
S1-153022243	S2-578841817,S3-254986315
S1-316685580	S2-892467577
S1-500168184	S2-441773497,S2-746652745,S2-355108641,S3-925909781
S1-605553390	S2-118837087,S3-340910351,S3-779829286
S1-91368824	S2-978570220,S2-31193725,S3-892544913
S1-526256223	S2-479715908,S3-22718356
S1-434948977	S2-602499168,S2-68188358,S3-686324499,S3-347751162
S1-744362525	S2-336973244,S2-907655637,S2-393075449,S3-420719810
S1-703548818	S2-239666067,S3-393907407,S3-645991342
S1-705044535	S2-386673698,S2-583757647,S2-21045627,S3-589814431
S1-798933660	S2-62063780
S1-152063913	
S1-805566251	S2-111890940
S1-70099497	S2-673922330,S2-940953099,S2-810843547,S3-298576371,S3-250879616
S1-164013104	S2-939146576,S2-327908970,S2-329157805,S2-744131875,S3-702247046,S3-85593195
S1-223973004	S2-145945903,S2-130981344,S2-629517585,S3-277758270
S1-757874399	S2-741143949,S3-140680706
S1-617103528	S2-162582868,S3-545487064
S1-218077197	S2-711315024,S3-301202670,S3-357154879,S3-706252294,S3-588839438
S1-216329213	S3-238629635,S3-71951901
S1-933657588	S2-439469229,S2-754155884,S3-577707691,S3-49556421
S1-499707162	S2-106358500,S2-923069806,S3-352496686
S1-632255661	S2-171949193,S2-533869588,S2-963335748,S3-938959880
S1-528170190	S2-924655354,S3-832708928
S1-789849338	S2-803228810,S2-447628018,S2-275651368,S3-287636818,S3-813093903,S3-186391815
S1-263192171	S2-415405885,S2-38356436,S3-809244623
S1-870826773	S2-448620241,S3-364961556,S3-769936823,S3-269223098,S3-332732979
S1-203059991	S2-687834137,S2-142606721,S2-316465375,S3-307896565
S1-165300031	S2-639441650,S2-482415436,S3-920049076,S3-741210184,S3-591900655
S1-973396211	S2-445425497,S2-758354654,S2-306319070,S3-568375247,S3-287145412
S1-880270517	S2-509749228,S2-878452876,S2-343932935,S2-455652264,S3-455517696
S1-293403344	S2-405745680,S2-329360380,S2-776427342,S3-820198930,S3-182570953
S1-624188031	S2-200208249,S2-72465915,S2-470217811,S2-450188507,S3-59200753,S3-111936565,S3-290547260,S3-486091060
S1-801681033	S2-972506404,S3-580165087,S3-125324430,S3-388452275
S1-588602365	S2-163548361,S2-84397049,S2-331961186,S3-815119075
S1-348726223	
S1-407636258	S2-332189429,S3-404841493,S3-500905653,S3-238818315
S1-747899689	S2-120659597,S3-73243012,S3-538809834
S1-768144139	S2-752731048,S2-745685232
S1-210102081	S2-975802745,S3-907746908
S1-943190295	S2-19234854,S3-832787489,S3-835548624
S1-696234540	S2-902397612
S1-839578339	S2-960305198,S2-351065489,S2-615293179
S1-225094202	S2-470147466,S3-728476856
S1-209483563	S2-956331700,S3-576185368,S3-421541896
S1-441980074	S2-754211450,S3-205137400,S3-938839608,S3-63235922,S3-3940673
S1-5153857	S2-494401012,S3-492984624
S1-112114857	S2-979491728,S2-652865664,S3-135845521
S1-237120198	S2-595548826
S1-290883165	S2-523082395,S2-479174851,S3-512925773,S3-657031922
S1-110625045	S2-71687720,S2-144836773,S3-302712115,S3-357053662
S1-127903743	S2-637538344,S2-44031106,S3-67801082,S3-766275609,S3-866417393
S1-700260546	S2-653496006,S3-642863196
S1-344016170	S2-839666738,S2-19600710,S3-894250185,S3-890894109,S3-915683201
S1-635458086	S2-439829194,S2-839216858,S3-316751484,S3-384493681,S3-993999277,S3-268516359,S3-878666799
S1-545735045	S2-956105677,S3-937386838,S3-638944788,S3-917984573
S1-965295601	
S1-282771463	S2-263422650,S2-902537247,S2-256071637,S3-104088778,S3-39970922
S1-72989746	S2-449998918,S2-282962270,S2-587386027,S3-677896761,S3-982851778,S3-390223587
S1-832684923	S2-713836549,S2-464677033,S2-387477097,S3-673858672,S3-70006603,S3-314068651,S3-513826602
S1-598464407	S2-429466916,S2-224800259,S2-604388322,S3-914722164,S3-154537999,S3-849755708,S3-528820890
S1-547557261	S2-64736773,S3-14801908,S3-951976422
S1-191730733	S2-339425696,S2-153685803,S2-46328458,S3-481780928,S3-586554950,S3-537530752,S3-994057379
S1-352862962	S2-491469160,S2-368376528,S2-5670223,S2-795397129,S3-918082720,S3-501309715
S1-418781031	S2-769694756,S2-926378700,S3-631923583,S3-601726903
S1-257033709	S2-151486052,S3-206605850,S3-61139207,S3-912197208
S1-647184753	S2-613907117,S3-40217977,S3-288888567
S1-502732960	S2-362853890,S2-949164055,S2-437245413,S2-709590819,S3-686020327,S3-646177973,S3-956284451
S1-233194764	S2-754904635,S2-131973803,S2-358097553,S2-697092005,S2-259041573,S3-129606300
S1-712205013	S2-233160825,S2-298939924,S2-112172365,S3-754178938
S1-762499037	S2-584573282,S2-917951683,S2-375947377,S2-503186588,S3-635466538,S3-404406645
S1-410013314	S2-697343848,S2-931932600,S3-982849009
S1-592162925	S2-765785795,S2-574581598,S3-309355182,S3-487945974
S1-69010076	S2-708100229,S3-180047246,S3-995810856
S1-711802618	S2-20976463,S2-52868941,S3-942511743,S3-127005603
S1-782423926	S2-170436277,S3-603477540,S3-228238214
S1-766224167	S2-441566552,S3-237794060,S3-835375489,S3-444527320
S1-808684603	S2-248494295,S3-239303458,S3-19315053,S3-603268871
S1-403919768	S2-982149509,S3-898752213,S3-290536731
S1-503947577	S2-316457964,S3-262313742
S1-135859843	S2-805943029,S2-486810718,S2-933699180,S3-485683730
S1-816124055	S2-236447160,S3-157881052
S1-53817099	S2-212757319,S2-141622275,S2-910341590,S3-480893206,S3-585317312
S1-85612284	S2-828147945
S1-829291976	S2-777663156,S3-998367614,S3-54580720,S3-267560269
S1-958825014	S2-184172792,S3-51444163,S3-530649160
S1-50092772	S2-907721889,S2-60697276,S3-924005798
S1-617327494	S2-797341732,S3-766811724
S1-754628853	S2-748630688,S3-708785012,S3-382103352
S1-46172379	S3-530151373,S3-250518143
S1-111522275	S2-918497788,S2-861502204,S3-308387417,S3-168387790,S3-294493552
S1-45541395	S2-512731019,S2-96382362,S2-158305004,S3-926466539
S1-690365928	S2-989552830,S3-463432066,S3-641970241,S3-565299455
S1-333346088	S2-291789162,S2-739767734
S1-904061827	S2-822728221,S3-408926835
S1-800603156	S2-966884764,S2-399549618,S3-722938814
S1-119843053	S3-938266033
S1-495034674	S2-786913740,S3-797298559,S3-53769858,S3-799022990
S1-593161007	S2-817054707,S2-728362349,S3-415541591,S3-944616348,S3-598610361
S1-884091462	S2-727530092,S3-896458188,S3-70857949,S3-16130388
S1-317394458	S2-464674986
S1-596622666	S2-502913794,S2-476876804
S1-876328780	S2-517038119,S2-418121575,S3-612691510,S3-903387912,S3-256093621
S1-189760059	S2-506434769,S3-756297688
S1-388928497	S2-855981404,S2-87631751,S3-163432715
S1-386211591	S3-619492983
S1-767155135	S2-511684940,S3-135486690
S1-171736325	S2-825438481,S3-975199785,S3-861381546
S1-233585540	S2-435819398,S3-730495
S1-391727737	S2-508122512,S2-246301973,S3-330000612,S3-177498507,S3-768241244,S3-938340535
S1-18048797	S2-283898659,S2-299352,S2-218957842,S3-989363684
S1-106362368	S2-316174303,S2-438010246,S3-542297762,S3-838815077
S1-574474642	S2-365320080,S3-282532781,S3-499504947
S1-632841874	S2-9852812,S3-145508990
S1-360989798	S2-546152050,S3-657639949,S3-735693363,S3-948237400,S3-210962963,S3-486965444
S1-741112568	S2-327947184,S2-192633966,S2-863652241,S2-833086178,S3-666249558,S3-87386578
S1-411920664	S2-559044646,S3-573949451,S3-984428980
S1-607157462	S2-427376652,S3-7810106,S3-328298029,S3-999645849,S3-996237030,S3-624272592
S1-985353616	S2-878108548,S3-550088579,S3-114715523,S3-783494795
S1-489785940	S2-808519545,S2-669188898,S2-292991686,S3-150985279,S3-995526407
S1-370823329	S2-138835100,S2-911927722,S2-490775706,S3-806553546,S3-702270631
S1-802545478	S2-557395397,S2-312633981,S2-293784177,S3-5296744
S1-290176159	S2-484201620,S2-552276647,S3-877664583
S1-492613195	S2-302191492,S3-176243341,S3-27294434,S3-855175776
S1-516958328	S2-864260567,S2-126137124,S2-204716305
S1-911472207	S2-537152910,S2-732665662,S2-839194183,S2-816181079,S2-868201372,S3-913344228
S1-319645269	S2-126845662,S2-170123370,S3-364517484,S3-394856117
S1-881678113	S2-734111413,S2-185165823,S2-798777460,S2-880146032,S2-794412891,S3-271040318
S1-521958924	S2-312846408,S3-509526862
S1-936449603	S2-433459947,S2-905855150,S2-449712944,S3-965594564,S3-548985259,S3-856477704
S1-757125339	S2-575427971,S2-580216907,S3-666423463,S3-154412073
S1-300714164	S2-41011484,S2-98562326
S1-889837230	S2-147992527,S2-627836451,S3-176303336
S1-417699804	S2-458086603,S3-105001870,S3-325153655
S1-863367422	S2-336024415,S3-904875932,S3-608574390,S3-845371691
S1-175586370	S2-359147196,S2-686031379,S3-707961662
S1-852145137	S2-541814074,S3-592128417,S3-378297517,S3-431183124,S3-143188136
S1-658053312	S2-216283406,S2-560207726,S2-587441226,S3-390381960,S3-607734235,S3-758460152,S3-745552321,S3-289216743
S1-252679930	S2-718261114,S2-130342931,S3-482982663
S1-331834392	S2-143588220,S2-221636647,S2-185484796,S3-507324601,S3-640339157
S1-792708867	S3-862897230,S3-999707827
S1-724703736	S2-352348117,S2-137451672,S2-282979079,S2-697698376,S3-271884864,S3-992872788,S3-269691495
S1-760595824	S3-379928760
S1-78939484	S2-949846109,S3-43902659
S1-710503166	S2-207761755,S3-964897606
S1-469487392	S2-737881418,S3-540545612,S3-211228826,S3-159849740
S1-457047009	S2-597619743,S2-406647981
S1-542932344	S2-885524233,S2-883438501,S3-850361983,S3-394482383,S3-174885753
S1-976169666	S2-235161571,S2-765545564,S3-962851143
S1-183514020	S2-883018911,S3-50973515,S3-109728815,S3-772807263
S1-976338996	
S1-792062501	S2-287870706,S3-689079147,S3-879693264,S3-907417825,S3-506725400
S1-96555188	S2-499136310,S3-347410461,S3-171222425,S3-408060607
S1-394028051	S2-494399659,S3-678818134,S3-657012511
S1-196773289	S2-424516214,S2-288894920,S3-821609754
S1-993660734	S2-304144960,S2-804799943,S3-102485509
S1-883458833	S2-313101240,S2-709348523,S2-692165762,S2-407697971,S3-346285023
S1-621280823	S3-154271763
S1-145237612	S2-886230980,S2-910603093,S3-496417238,S3-483747264
S1-288171966	S2-942506058,S2-519892237,S3-496071497
S1-858750743	S2-342954833,S2-274098509,S2-747421506,S2-958206033,S3-116779508
S1-584067129	S2-315266072,S2-199167226,S2-220028677,S3-874626583,S3-915221170,S3-678181064
S1-938033860	S2-943103753,S3-554504880
S1-760990171	S2-690753925,S2-461294268,S3-873581933,S3-192619899
S1-866555515	S2-354054032,S3-711312188
S1-909618947	S2-872887373,S2-21328958,S3-509461016,S3-593107515,S3-154996264
S1-431823066	S2-711992149,S2-731765064,S3-78732648
S1-504541699	S2-223454875,S2-349991468,S2-358528097,S3-325549057
S1-787146726	
S1-37006519	S3-152035254
S1-651129534	S2-753717631,S2-45738858,S2-364960868,S3-108868209
S1-494782313	S2-12969629,S2-873066687,S2-246549612,S2-108338348,S3-847762732,S3-546773384,S3-756911151
S1-95667377	S2-713251095,S3-43520352,S3-595100810,S3-169150238,S3-675354091
S1-657157119	S2-479276919,S2-609177223,S2-471808029,S3-80582328
S1-900323032	S2-37329045
S1-143242747	S2-551297698,S3-698547657,S3-514321966,S3-588978587,S3-656841918
S1-630131818	S2-49260590,S2-64243814,S2-137860667,S3-846382811,S3-939072693
S1-325414259	S2-303406761,S3-992949315,S3-389902709,S3-114943091
S1-506975660	S2-589841985,S2-565745278,S3-83292200,S3-678398740,S3-878632458
S1-71065496	S2-18021048,S2-958912327,S2-421748948,S2-299976104,S3-411518370,S3-477507914
S1-124334903	S2-148810347,S3-112040594,S3-661959082
S1-378426141	S2-319817711
S1-232781465	S2-430318399,S2-897967287,S3-884991680,S3-673633318,S3-774227335,S3-624098669
S1-454257192	S2-714961541,S3-420987116,S3-575440233,S3-591878761,S3-675514664,S3-973082935
S1-833145835	S2-211074522,S2-588931427,S3-692444348,S3-200963613,S3-985712561
S1-337434233	S2-41204560,S3-790686299,S3-866519291,S3-523084056
S1-966851369	
S1-89086614	S2-588872212,S2-256755887,S3-247091246
S1-487977687	S2-512901393,S3-196462214,S3-528220055
S1-930655026	S2-340280829,S3-462251151
S1-499013213	S2-902344303,S2-98397365,S2-127876222,S3-89454856
S1-131955393	S2-166651826,S3-750927235
S1-362019271	
S1-676799257	S3-545555546,S3-446718409
S1-511957074	S2-247004130,S2-771826128,S3-476084249
S1-420494522	S2-869381926,S3-432250519
S1-267879578	S2-522417251,S2-563774764,S2-234618478,S2-200348750,S3-548530080
S1-741036482	S2-58549845,S3-926773100
S1-202140118	S2-641858345,S3-484640289
S1-239160370	S2-917405403,S2-507991284,S3-772580767
S1-873184948	S2-134965761,S2-859045081,S2-813605404,S3-328410609,S3-835848015
S1-887330773	S2-50915233,S2-245265217,S2-632441153,S3-632478190,S3-729214375
S1-931581168	S2-591183796,S2-231902556,S3-595272381
S1-998574168	S2-806322797,S2-248712436,S2-197076879,S3-685343143
S1-23867334	S2-428739710,S3-204612933
S1-438914246	S2-907399492,S2-831505471,S2-129960556,S3-936285937,S3-809894935,S3-679948340,S3-163041040,S3-630697719
S1-411863015	S3-989840241,S3-843989945
S1-206965113	S2-863340770,S3-509097528,S3-841867909
S1-993780483	S2-961831342,S3-553804507,S3-29993495
S1-915491018	S2-376250352,S3-551013180,S3-216642465,S3-353131590,S3-819035103
S1-479579224	S3-409150972
S1-672532212	S2-510989496,S2-356533545,S2-193967349,S3-773995629
S1-664013102	S2-779059825,S3-152325900
S1-788173110	
S1-923685547	S2-544745200,S3-522631337
S1-765214755	S2-690874270,S2-142916975,S2-219728287,S3-713798621,S3-311919009
S1-721883039	S2-434193508,S2-140465762,S2-416733961,S3-233453295
S1-164451034	S2-217660900,S2-423774172,S2-744228996,S3-305148731
S1-875578999	S2-721468972,S3-102888628,S3-841947151,S3-395824858
S1-518442649	S2-990466184,S3-344365252
S1-5385571	S2-46651687,S3-832032342,S3-455971272
S1-286014691	S2-916120646,S2-820623466,S3-778541934
S1-324445265	S2-727773054,S2-262551631,S3-393218001,S3-772804439
S1-864330163	S3-568439668,S3-404533318
S1-79909809	S2-552780715,S2-135529128,S2-989583057,S3-705071780
S1-520400207	S2-605980356,S3-986713448,S3-866625581
S1-744650117	S2-113887387,S3-687897663,S3-242659692,S3-381906725
S1-532852992	S3-77784672
S1-285092388	S2-842640519,S3-362842555,S3-617864515
S1-767891269	S2-604660951,S2-236173604,S2-431021916,S3-139212406,S3-824709415,S3-423177932,S3-297684070
S1-400976148	S2-533189358,S2-92571783,S2-365324422,S3-502663926
S1-19638865	S2-596364241,S3-383899087
S1-111171787	S3-602836082,S3-42325402
S1-577903817	S2-511856920,S2-850143031,S2-924287452,S3-143494905,S3-308869441
S1-370852019	S2-44188060,S3-754862157
S1-87539810	S2-884603825,S2-853348557,S3-603273867,S3-313476633,S3-465155369,S3-159137142,S3-170950757
S1-440807755	S2-492869318,S2-992648010,S3-298819387,S3-276110741
S1-688880244	S2-172996009,S3-634595565
S1-598223738	S2-559819320,S2-318746519,S2-291601831,S3-708739931
S1-38960049	S2-591467826,S2-846528429,S3-306442319
S1-639093229	S2-147156968,S2-213677039,S3-146310635,S3-46026107
S1-619752106	S2-95439833,S2-991254095,S2-343796639,S3-231127853
S1-687244273	S2-577703369,S2-371034765,S3-538909072,S3-506015806
S1-768525405	S2-161668676,S2-466870792,S2-779534961,S2-995389667,S3-560328906,S3-947014654
S1-352276366	S2-823560395,S3-695203955,S3-253227035
S1-880584548	S2-56539626,S2-769726820,S3-128573392
S1-100809805	S2-974930428,S2-279721991,S3-264636622,S3-868629347
S1-502570165	S2-703829945,S2-900017611,S2-538455424,S3-506126046,S3-551380210
S1-582394710	S3-67185844
S1-955001568	S2-390385298,S2-159051503,S3-512033742,S3-403287949,S3-555212540
S1-253168923	S2-303964778,S3-455518770
S1-726926375	
S1-732990906	S2-262831546,S3-167641348
S1-354850581	S2-491306228,S3-790990626,S3-330607161
S1-111014696	S2-887397796,S3-532968773,S3-495347324,S3-68902159
S1-34791672	S2-42888365,S2-502597178,S2-469497733
S1-925932817	S2-254475959,S2-466875505,S3-848141201,S3-766690105,S3-872492208,S3-532417363,S3-502800185
S1-37742064	S2-754284414,S2-499965088,S2-511804491,S3-130105295,S3-140957252
S1-205499620	S2-362128977
S1-785130154	S2-657223597,S2-996885265,S3-134125403,S3-134372863,S3-188582449
S1-991924255	S2-264968183,S2-134131370
S1-505076726	S2-340814974,S2-320019107,S2-368107763,S3-65142091
S1-80041039	S2-269585029,S2-647689325,S3-714154269,S3-425460386,S3-469350593,S3-229211341
S1-317966991	S2-123914172,S2-281623178,S3-772232548
S1-272136933	S2-384464415,S2-699665075,S3-243289823
S1-225934729	S3-305749473,S3-337914517
S1-769478709	S2-674396283,S3-497629909,S3-539410803
S1-321837609	S2-761058995
S1-852840116	S2-870084872,S2-974673776,S3-71193728
S1-783237268	S2-533622209,S2-344406897,S2-681556017,S3-293846611
S1-200501374	S2-622114273,S3-845786741,S3-858763771,S3-438396157
S1-564700269	S2-586352712,S3-982196773,S3-512952418,S3-932656515,S3-449988843,S3-389428044
S1-802089450	S2-490936431,S2-570742186,S3-586367464,S3-86512359,S3-160705589,S3-186978954
S1-428363931	S2-458285470,S2-803568100,S3-486627309,S3-735383080
S1-99967290	S2-4499276,S3-530591775,S3-198338185
S1-870827144	S2-384177942,S3-429653381,S3-755651826
S1-463801084	S2-428516805,S2-809039227,S2-897971296,S2-735427221,S3-111449382,S3-793207336
S1-724888248	S3-310575273,S3-955639196
S1-406801702	S2-994380037,S2-612985866
S1-873495058	S2-11659098,S2-627191362,S2-507627136,S3-350076791,S3-879740661
S1-280652569	S2-282994057,S2-648574504,S2-810285613,S3-209660477
S1-235230404	S2-778353474,S2-675196265,S2-541618029,S2-786938210,S3-194683600
S1-13934814	
S1-358579791	S2-170651931,S2-812254755,S2-19124679,S3-632471630,S3-128871562
S1-955731827	S2-405964462,S3-232063816,S3-629222892,S3-994412466
S1-662463689	S2-892162743,S2-304876461,S2-458976978,S2-497194085,S3-679626718,S3-180234127,S3-945622284
S1-351050651	S2-498643603,S3-483448674,S3-130913488,S3-967362455
S1-830282204	S2-178071790
S1-950349140	S2-112393004,S3-854554283
S1-776749911	S2-589448545,S2-4529490,S3-582452542
S1-367586627	S2-692502938,S2-406718538,S3-203480950,S3-126719052
S1-717109392	S3-101587777
S1-132928595	S3-768052980,S3-887705518,S3-810398276
S1-589130325	S2-857540819,S2-193316837,S2-482924056
S1-572086548	S2-844178951,S2-271121868,S2-305280163,S2-517246937,S3-744977988
S1-346739858	S2-602417904,S2-392343833,S3-282172782,S3-2511203
S1-843897135	S2-649007879,S3-495104565,S3-718681363
S1-292086069	S2-153193549,S3-639950632,S3-8375959
S1-714284551	S2-898786058,S2-34580946,S2-198129163,S3-100303351
S1-11262357	S2-185474999,S2-388199351,S3-303654043,S3-272945710,S3-470681299
S1-267412587	S2-844853269,S2-783078514,S3-576746462,S3-126194250
S1-468107372	S2-517470321,S3-913034046
S1-81883364	S2-33419547,S2-872817508,S3-717770350,S3-83454763,S3-367095729
S1-393660372	
S1-73168475	S2-781023499,S3-397484856,S3-303693579,S3-716729172
S1-802066128	
S1-178594264	S2-642828375,S3-204769721,S3-259332382,S3-64708312
S1-557816313	S2-642453405,S2-488685538,S3-106025533,S3-661205046,S3-15926280,S3-272002445
S1-314104726	S2-321356350,S3-127178806
S1-541562976	S2-268291556,S3-834539576,S3-240038718,S3-236910404,S3-295582730
S1-976363688	S2-58259141,S2-156748519
S1-34504685	S2-934385341,S2-902290345,S3-283558070,S3-787163046
S1-588507793	S2-609227997,S2-695750340,S3-335284797,S3-432112385
S1-108757880	S3-519488918,S3-747015259,S3-75712231,S3-835150757,S3-723692505
S1-14671612	S2-30034044,S2-493245845,S3-253475513,S3-855660140
S1-500779829	S2-664730921,S2-506481483,S3-316600632
S1-633002743	
S1-405855331	S2-362901694,S2-679478113,S2-384447380
S1-649184136	S2-974665863,S3-100636264,S3-55739141
S1-105897334	S2-667187505,S3-410009414,S3-185433068,S3-251574152,S3-734906509
S1-190583520	S2-298696982,S3-924584151,S3-347487188
S1-523419929	S2-274634059,S2-368893697,S3-499419543,S3-240412918,S3-817022086
S1-894242013	S2-556495352,S2-860757101,S3-972122235,S3-705889035
S1-433957556	S2-462293105,S2-583999237,S3-753227873,S3-735241185
S1-995048222	S2-991540543
S1-878637515	S2-745265427,S2-54253714,S2-261173769,S3-946783384,S3-450166287,S3-910324574
S1-190259650	S2-148471355
S1-816720987	S3-163945241,S3-168427510
S1-360624592	
S1-924374114	S2-542859500,S2-913852370,S2-118760803,S3-68247985
S1-109691132	S2-161566819,S2-830621278
S1-592403460	
S1-935581529	S2-643641458,S3-684150381,S3-300986339,S3-341072109
S1-211874329	S2-778404012
S1-2205757	S2-48655118,S2-192646540,S3-810283426
S1-76858840	S2-634419912,S2-463441947,S2-927681983,S3-890735211,S3-692600393
S1-853050504	S2-152366606,S2-929333429,S2-166953975,S2-577986514,S3-306998959,S3-561998225,S3-511942940
S1-820737249	S2-277138715,S2-16446612,S2-579357908,S2-405760424,S3-198152480,S3-77268553
S1-391302399	S2-922113744,S2-912075726,S3-987840982
S1-266618179	S2-508863687,S2-545095058
S1-398686664	S2-981995411,S2-648780494,S3-404349154
S1-616158497	
S1-211034741	S2-719170875,S2-89971750,S3-126973392
S1-402160464	S2-838094931,S2-354206521,S2-406466507,S2-592690358,S3-516935640
S1-703285282	S2-891932262,S2-729595398,S2-723114700,S3-143684109
S1-545661875	S2-461316365,S3-656400487,S3-881558178
S1-687578965	S2-649497478,S3-594414116,S3-636459763
S1-648376288	S2-331477376,S2-403601328,S3-58368355
S1-571955622	S2-399247856,S2-980021698,S2-868425548,S3-369699249
S1-747596285	
S1-261971202	S2-194182873,S2-638783275,S3-156652823
S1-305225305	S3-503287654,S3-951258476
S1-817555708	S2-10564240,S2-234016597,S2-79334571,S3-157004379,S3-241800401
S1-908256901	S2-91390748,S2-413899017,S3-233304930,S3-520332131
S1-762615784	S2-412270792,S3-1811474,S3-444550319,S3-413934365
S1-965940230	S2-471506081,S2-517398475,S3-519328537,S3-886977276,S3-858175919,S3-367845646
S1-372611662	S2-243246266,S3-955973520,S3-489663256
S1-478838121	
S1-931015790	S2-315392255,S2-600045282,S2-824185233,S3-975487850,S3-418678068
S1-148746161	S2-174480872,S3-754995763
S1-66214334	S3-608896652
S1-213649715	S2-499422751,S2-171441738,S3-749041205,S3-919868245
S1-14170049	
S1-71889785	S3-226428185,S3-338171057
S1-536881874	S2-329897524,S3-895467955
S1-335467078	S2-975074680,S2-223820568,S3-863111557,S3-31388258
S1-124128685	S2-576765768,S2-676355997,S3-13627793,S3-972453327,S3-825797061
S1-76821557	S2-566241970,S3-418599990,S3-447765217
S1-989738414	S2-121246950,S2-928851078,S3-765013145,S3-194553344,S3-427708741
S1-580991352	S2-700101523,S2-632066762,S3-373142217,S3-24490029
S1-755669927	S3-442343640,S3-812544529
S1-955293823	S2-190544973,S2-794986124,S3-789299944,S3-114827556,S3-80722700,S3-287646843
S1-258616659	S2-684052485,S2-840218025,S2-84983943,S3-704537379,S3-530275413,S3-66793244
S1-375123185	S2-785599783,S2-125033306,S3-643551862
S1-161514778	S2-51802035,S2-172864539,S2-430204827,S3-790888822,S3-750647048,S3-267246233
S1-46148397	S2-864369012,S2-339986634,S3-243084651,S3-79952421,S3-941862152
S1-675512899	S2-377299852,S2-230029930,S3-267119080
S1-937806501	S2-726388460,S2-617765404,S2-207470193,S2-461964695,S3-223865030
S1-608729938	S2-834570059,S3-419805115,S3-476086031
S1-206528976	S2-239603162,S3-906803573
S1-605163939	S2-230678404,S3-280888693,S3-89288140
S1-163545256	S2-38932758,S3-907608236
S1-481771486	S2-75122032,S2-359649618,S3-605852547
S1-776552941	S2-858767238,S2-292274125,S3-524516051
S1-571998355	S2-80224008,S2-221772585,S3-800117016,S3-427127185,S3-848829930
S1-155642403	S2-213726573,S2-974240540,S3-945622970
S1-880695484	S2-962673011,S2-87313147,S3-900318394,S3-34266845,S3-826648454
S1-704840333	S2-874477721,S2-271691921,S2-247713684,S3-890470819,S3-674533752,S3-837615351,S3-394828736
S1-153861183	S3-105074443
S1-571123569	S2-612252961,S2-878830527,S3-951396953
S1-8363423	S2-308066088,S2-807645792,S3-831728666
S1-890597401	
S1-753075733	S3-912067629,S3-854307831
S1-255653032	S2-860362035,S3-129077197,S3-637911546,S3-643284887,S3-543401297
S1-659602074	S3-135972265,S3-315327865
S1-691619566	S2-23210476,S3-913440877
S1-532371489	S2-2409353,S2-291200050,S3-429340522,S3-538350586
S1-346662545	S2-123972301,S2-567401464,S2-852138716
S1-565880783	S2-342155947,S2-137968841
S1-995939408	S2-757874123
S1-272959641	S2-168021852,S2-171653904,S2-392579089,S3-114951618,S3-664739147
S1-244613171	S2-753197072,S3-10315119,S3-637942564,S3-234886056,S3-220457872
S1-1194016	S3-88963525,S3-610249802,S3-37186135
S1-200950699	S2-590944707,S2-648443172,S3-531404933,S3-345066962
S1-808032311	S3-898108241,S3-68505715
S1-519779800	S2-211272123,S3-191441094
S1-68942159	S2-104561009,S2-630674008,S3-553631637,S3-144643384
S1-835652654	S2-753572541,S2-17644887,S2-698233655,S3-378036986,S3-969934491
S1-418962720	S2-184932429,S3-474071363,S3-393017322
S1-711467009	S2-924549925,S2-772185842,S2-215327104
S1-907416952	S2-118137720,S3-181003009,S3-308936294
S1-148972025	S2-385748213,S2-783246335,S2-860072952
S1-138599179	S2-416565099,S2-877584804,S3-673230860
S1-735069461	S2-790096858,S3-859663067
S1-575470457	S2-420426626,S3-162261884
S1-600079652	S2-454085987,S2-178901694,S2-708787460,S3-802405915,S3-950711577,S3-877820516
S1-870627432	S2-504429730,S3-349059722,S3-699354924
S1-891632161	S3-454580123
S1-318355990	S2-990000655,S3-478966911,S3-326449861,S3-717389340
S1-982219160	S2-950493614,S2-413305554,S3-583187047,S3-820750536
S1-910750899	S2-341333898,S3-802863934
S1-980306526	S2-323025849,S3-433038291
S1-173789008	S3-615305676,S3-331885573,S3-643923460
S1-289341667	S2-630240734,S3-521988819
S1-981076606	S3-938190466
S1-410676274	S2-983196079,S3-71480820
S1-143031559	S2-87765343,S2-75116020,S2-606424991,S3-356799161
S1-239638178	
S1-29310077	S2-474573540,S3-130107204,S3-403851057
S1-979186790	S3-849556324,S3-439822900,S3-600450232
S1-704340002	S3-553971689
S1-965425504	S2-651953887,S2-344872352,S2-815765223,S3-733598566
S1-322346257	S2-959884594,S2-876337553,S3-568522398,S3-23990319,S3-765052721
S1-4345683	S2-141773828,S3-300082647,S3-358048506,S3-402117831,S3-921266399
S1-491429485	S3-402078119
S1-325547405	S2-944787036,S3-240783244,S3-490314968,S3-598131431,S3-102750153
S1-604997355	S2-342823298,S2-211439566,S3-773630190,S3-240611183,S3-349264867,S3-294251690
S1-149222539	S2-750913022,S2-741368532,S3-622235040
S1-227528541	S2-673434066,S2-561474614,S3-260681754,S3-367663741
S1-27667649	S2-412127748,S3-894259164,S3-993893634
S1-562308291	S2-526567534,S3-71055609,S3-392032242
S1-750673097	S2-459348905,S2-393475214,S2-414781095,S3-591424926
S1-532994915	S2-736879967,S3-837473264
S1-591540546	S2-717893610,S2-65891896,S2-232336253,S2-476953420,S3-254487862,S3-450498270,S3-358400015
S1-495462299	S2-407030990,S2-695398839,S2-426174435,S2-597314204,S3-918540785,S3-152399044,S3-343090012
S1-820943601	S2-796777445,S2-692235027,S2-501106931,S2-318954767
S1-543502138	S3-710347344
S1-947886889	S2-652514692,S2-125598596,S3-4004241,S3-788566233
S1-462890306	S2-543665221,S3-718608916,S3-179164026
S1-981133107	S3-500416475
S1-979209926	S2-477708214,S2-207346857,S3-732082651,S3-367353127
S1-184679021	
S1-582100020	S2-99282841,S2-779465114,S2-236729928,S3-862590558
S1-45983691	S2-531182441,S2-589580501,S3-615526995,S3-992092062,S3-808431881,S3-781626308
S1-136645823	S2-177243070,S3-525349229,S3-415067361,S3-369163500
S1-350266836	S2-900201002,S2-380286900,S2-925184312,S2-432246351,S3-476656369,S3-564277986
S1-122263413	S2-421981464,S2-159525889,S3-930880303,S3-404747630,S3-193239277
S1-994195561	S2-931969599,S3-493175760,S3-288244770
S1-459348602	S2-740053814,S2-396134110,S3-679591148
S1-665257531	S2-559658600,S2-185983369,S2-359300469,S2-398421020,S3-248252516,S3-123349833
S1-247201393	S2-898873359,S2-388005701,S3-618574064,S3-209899590
S1-181159019	S2-631421584,S2-402465241,S2-237150394
S1-944455269	S2-350769247,S3-394495157,S3-429995967
S1-499078823	S2-855663945,S2-675837662,S2-501352676,S2-721590757,S3-600614474
S1-480340222	S2-489552555,S2-333181335,S2-394445010,S3-491589745,S3-962226689,S3-854988669,S3-686631656,S3-700946694
S1-850177390	S2-268697395,S2-234625796,S2-772671744,S3-43208757,S3-796836015
S1-243632678	S2-637898550,S3-271445261,S3-873507118
S1-321958756	S2-611174207
S1-713015499	S2-297904418
S1-756011678	S2-711140199,S3-457119955
S1-17371412	S2-700397229,S2-138602241,S3-680972666
S1-466767453	S2-650856478,S3-977242750,S3-142609464
S1-797931480	S2-56923250,S2-958588881,S2-467354481,S3-843874296,S3-240937386,S3-534754371,S3-560147143
S1-680374386	S2-476899346,S2-153138310,S3-159095878,S3-430540114
S1-978846085	S2-485996347,S3-138537868
S1-996496912	S2-93356590,S2-5803697,S3-250205259
S1-479283242	S2-196212109,S3-844716551,S3-479327664,S3-867767870
S1-449677743	S2-847946312,S2-839631610
S1-74217025	S2-99798178,S3-993873714,S3-904545650
S1-60618489	S2-885081962,S2-496883312,S2-342609367,S2-338897336,S3-146317351,S3-707376172,S3-115901762
S1-767180983	S2-365670248,S2-53042628,S2-872685703
S1-733820262	S2-290814231,S2-946111504,S3-83193259,S3-520456720
S1-756781455	S2-11435,S2-557609209,S2-770218565,S3-331957104,S3-884436473,S3-647390818
S1-877530500	
S1-321144046	S2-981997985,S3-577724564
S1-351916067	S2-286024891
S1-290441787	S2-875706625,S2-634498487,S3-631971081,S3-91138727,S3-551412822
S1-223572573	S2-196601282,S2-311119814
S1-968583724	S2-876429766,S2-432851684,S2-583489978,S3-210789354
S1-597326699	S2-415887678,S2-705935180,S3-505018212
S1-457036934	S2-33803533,S2-324247010,S2-917260857,S3-210238547
S1-936274037	S3-755137730,S3-849245338,S3-907586486
S1-751483620	S2-57353084,S3-165878742,S3-577583587,S3-868435987
S1-906815673	S2-431459709,S2-530649869,S3-331028691,S3-738877489
S1-529363431	
S1-262562207	S2-343250350,S3-568862864
S1-369457215	S2-601504280,S3-509229266
S1-418656874	S2-869890992,S2-193759766,S2-813604549,S2-321978446,S3-249368276,S3-793711031
S1-831468920	S2-803900187,S3-392345357,S3-612396653,S3-763607487,S3-366828736
S1-654875210	S2-439896208,S2-214879434,S2-573351890,S3-478551261,S3-982988303
S1-418116671	
S1-182240223	S2-594565721,S2-784260616,S2-580601983,S3-72873327
S1-460166804	S2-396307162,S3-245200808,S3-537497616
S1-5190706	S2-952924847,S2-859999694,S3-614206528,S3-914494528
S1-740007378	S2-101980728,S2-218140291,S2-895486094,S2-323057329,S3-121692680,S3-140682960
S1-934098958	S2-529732312,S3-420314002,S3-308983715,S3-501946110
S1-986954561	S2-379750111,S2-807077312,S3-79556154,S3-432024717,S3-68876148,S3-28674013
S1-598132834	
S1-997473646	S2-912828100,S3-151695827
S1-503032415	S2-494788880,S3-57234162,S3-886197859,S3-601634068
S1-542880682	S2-198397210,S3-383045767
S1-148307787	S3-638203172,S3-384097268,S3-609524200
S1-388682992	S2-774765729,S3-490706405,S3-146442871,S3-954290624
S1-86266827	S2-885849072,S3-595294463,S3-358869473
S1-424719165	S2-345988278,S2-904642972,S2-950533164,S3-690205706,S3-367640843
S1-548903861	S2-741065643,S2-268892771
S1-501554750	S2-78458231,S3-685190348,S3-146332394
S1-983107219	S2-985613765,S2-473640259,S3-777332306
S1-621046324	S2-941558648,S3-391065497,S3-451365577
S1-967217855	S2-954603624,S2-388116561,S3-24275435
S1-162661524	S2-661613888,S2-9992874
S1-440441714	S2-597413103,S3-481049094
S1-959695992	S2-602691308,S3-948717736,S3-447207569
S1-462618052	S2-257040035,S3-261506398
S1-254897703	S2-618463331,S2-389851913,S3-756356035,S3-251848147
S1-916593347	S2-504255036,S2-582246470,S3-161645995
S1-84092538	S2-737503357,S3-749297706,S3-325386031,S3-98501120,S3-925819174
S1-964921886	S2-108162308,S2-699793565,S3-693341027,S3-130280301
S1-354974856	S2-454962942,S3-197947717
S1-179454045	S2-970697845,S3-90138810,S3-364350414
S1-872632176	S3-450473397,S3-463455267,S3-283350339,S3-239280409
S1-425055464	S2-368701804,S3-900136324,S3-931612819
S1-227049875	S2-661676635,S2-812845340,S2-586218818,S3-679066653
S1-618167099	S2-959491339,S2-808050950,S3-234310655
S1-591968780	S2-371175858,S2-928422579,S2-605644452,S3-861511857,S3-670923743
S1-791177433	S2-60380556,S2-180968936,S2-497510878,S3-645867143,S3-951543411,S3-932737009,S3-947688871
S1-745868890	S2-115041607
S1-445316640	S2-436722945,S3-668354516,S3-890248693
S1-799007341	S2-939272054,S2-127150109,S3-553301350
S1-104913809	S2-37154820,S2-147050591,S2-189679208,S3-628896835,S3-927357164,S3-177182682,S3-227080431
S1-573045390	S2-441969441,S2-440395503,S3-618125765,S3-79685182
S1-385155661	S2-489491590,S2-404854643,S3-122835051,S3-544231371,S3-969362003,S3-62159689
S1-681327199	S2-708794030,S2-240826766,S2-428903511,S3-751211933,S3-907885837,S3-521726487
S1-136463756	S2-619535922,S3-922386951,S3-361214073,S3-67631905,S3-285646825
S1-394629585	S2-543191320,S2-696796881,S3-198700496
S1-681292189	S2-406713466,S2-412921722,S3-35760717
S1-142647069	S2-486527807,S2-93532100,S2-961998903,S2-345186917,S3-810466229,S3-71455754
S1-841968366	S2-447699783,S2-360573403,S3-334586676
S1-350169018	S2-573033199,S2-341384788,S3-544979436,S3-793606802,S3-631508758
S1-732007031	S2-585485877,S2-603038286,S3-323434,S3-626574252,S3-668245815
S1-549761145	S2-818293749,S2-181820461,S3-779938414,S3-422617433
S1-584391469	S2-712414400,S3-997921428,S3-67520928
S1-394348934	S2-427386909,S3-737426576
S1-458312102	S2-698136785,S3-212045442
S1-62132736	S2-592238525,S3-323213673,S3-612010282
S1-804186194	S2-246866867,S2-368547902,S2-35062317,S2-902883673,S2-445324101
S1-832235928	S2-67992885,S2-567415012,S3-498937870,S3-208730742,S3-616451026
S1-735641642	S2-113247935,S3-284120488
S1-426335418	S2-705327772,S3-661165909
S1-72461653	S2-980004936,S2-271437786,S3-697473885,S3-975336775
S1-183838969	
S1-193768712	S2-619149664,S2-314187025,S2-704320949,S3-447154559
S1-11922896	S2-544605120,S2-514874348,S2-813344950,S3-102050484
S1-491276103	S2-155312609,S3-657094315
S1-975385579	S2-456121709,S2-846209608,S3-687492653,S3-402130651,S3-234296589
S1-932331578	S3-701096004,S3-726613480,S3-747566395,S3-25435346
S1-413503434	S2-714251455,S3-492611834
S1-738440426	S2-564467308
S1-704338524	S2-131733972,S3-5473369
S1-17742800	S2-872153705,S3-648133343,S3-437297829,S3-368339007,S3-281242253,S3-228019910
S1-127519074	S2-288956273,S3-58602849
S1-611419583	S3-110410779,S3-430158029,S3-349706320
S1-389854089	S2-724742917,S3-636844843
S1-783170579	S2-895539618,S2-924938785,S3-291903858,S3-958800566
S1-865291066	S2-275005288,S3-609518047
S1-687706816	S2-764334297,S2-975701382,S3-222039368
S1-505261227	S3-79362747
S1-966300422	S3-412881300,S3-7536619
S1-380362142	S2-185043999,S3-927553064,S3-464331472,S3-968028303
S1-337004465	S2-792492427,S2-480179192,S2-918158647,S3-510871584,S3-233188628,S3-633249186
S1-420746587	S2-189884650,S2-713319463,S2-591634096,S2-875463608,S3-653902113,S3-215164040,S3-437279931
S1-565902016	S2-650719927,S3-796815090
S1-727343864	S2-800605240,S2-548777415,S3-715293849
S1-966392695	S3-536825483,S3-616935635
S1-831913697	S2-190074510,S2-817601352,S2-992872015,S3-134834989,S3-366820444
S1-899990336	S2-153078945,S2-448717479,S2-316883100,S3-277095861,S3-329422535
S1-436320847	S2-160543530,S2-794517304,S2-414412191,S2-279497364,S3-406278728
S1-719360392	S2-271274153,S2-397614607,S2-862571393,S2-897468272,S2-135894576,S3-276097436,S3-530415929,S3-938517756
S1-297594333	S2-797199824,S2-241715110,S2-459550912,S3-160636208,S3-249148031
S1-775995809	S2-843587261
S1-533342409	S2-781270480,S3-431005117
S1-708050813	S2-561325645,S2-499215643,S3-145115206,S3-182025866,S3-125918877
S1-754991656	S2-611289763,S2-913059408,S3-482317921,S3-251616056,S3-992971424,S3-631475571,S3-284346377
S1-717252582	S2-565829913,S3-561924176
S1-321131009	S2-654723284,S3-538904018,S3-323519424,S3-694013922,S3-975465588,S3-691569563
S1-52286058	S2-653806589,S3-703203185
S1-609382808	S2-694731976,S3-890350791
S1-796070257	
S1-304806502	S3-726551363,S3-823870215,S3-731698413
S1-163656530	S2-255905105,S3-962314908
S1-665089355	S2-787741190,S3-985913670,S3-702694541
S1-332900299	S2-12197455,S3-471271473
S1-267926944	S2-583927959,S2-475530620,S2-26413419,S3-440057025,S3-401417884,S3-242290022
S1-631314990	S2-495285538,S3-55827326,S3-320383995,S3-490395701
S1-616932183	S3-977763929
S1-839353441	S2-155705046,S3-242655508,S3-918417675,S3-771319751,S3-147558962,S3-186906465
S1-759430857	S2-315501923,S3-415774159
S1-972326289	S2-420185896,S3-912160075,S3-232630369
S1-536436989	S2-55345954,S2-608296535,S3-654583103,S3-703362517,S3-322438819
S1-752578032	S2-407498197,S3-449608339,S3-781608563
S1-899826806	S2-16767780,S2-396312107,S2-264522226,S3-265959422,S3-909815760
S1-877197189	S2-328982463,S2-693826016,S2-244537562,S3-973144174
S1-642021685	S2-466784226,S2-848888770,S3-292887559,S3-130666262,S3-761826107,S3-725872465
S1-411027507	S2-62892677,S3-3509363,S3-463446433,S3-242896386
S1-750136146	S2-936251078,S3-41787273,S3-540809616
S1-728437419	S3-756644304
S1-59777756	S2-841156750,S2-250396709,S2-223652222,S3-635910837,S3-220667574
S1-845377062	S2-896670105,S2-467006693,S3-492756483,S3-584087279
S1-602570703	S2-227569602,S3-15480970
S1-784548279	S2-96083279,S2-255276129,S2-816733102,S2-548664230,S3-725033205,S3-712607047
S1-721911045	S2-490587824
S1-405981872	S2-761319455,S3-272510232,S3-879449553,S3-862533759
S1-804012906	S2-987241694,S3-883758289,S3-741984519
S1-145515920	S2-820153109,S2-472271406,S3-779000449,S3-160959199,S3-855922303,S3-254171656,S3-722677951
S1-448284064	S2-552129803,S3-548340781,S3-189135862
S1-620120205	S2-212873735,S3-372600319,S3-767200875,S3-586469402
S1-427636825	S2-998222331,S3-571164537
S1-761816720	S3-393086222,S3-135977675,S3-808545800
S1-993694226	S2-957840631,S2-172172040,S3-461837024
S1-632975606	S2-297460582,S2-875916864,S2-210710437,S2-473396003,S3-31796576,S3-43912950,S3-782798386,S3-492437945
S1-841483054	S2-340262470,S3-318506644
S1-439939217	S2-470885568,S3-508799244
S1-990887180	S2-98791978,S2-475600218,S3-212226456
S1-619800936	S2-584890462,S2-499558131,S2-358543616,S2-536215656,S3-818474874,S3-102266007,S3-537360147
S1-385821537	S2-573915670,S3-773870407,S3-493475808
S1-614177129	S2-380295018,S2-540752157,S2-112188108,S2-625853628,S2-667644439,S3-530076772
S1-55988561	S2-633367154,S3-517737251
S1-811501283	S2-536569453,S3-970260854,S3-722035209
S1-202959540	S2-402494341,S2-662520231,S2-675683103,S3-397648912,S3-241123649,S3-912937918
S1-751705675	
S1-822283866	S2-931075577,S2-143056184,S3-330111443
S1-495243844	S2-766025558,S3-460817006
S1-865786359	S2-793958704,S2-912109985,S2-568974842,S3-260241635,S3-505741563
S1-402658309	S2-242983050,S2-871203856,S3-346948906
S1-423333394	S2-124089263,S3-9583143
S1-142973237	
S1-516175493	S2-639850895,S2-139630083,S2-945663350,S3-924859914,S3-825423156
S1-704981432	S2-670561752,S2-772233137,S2-957980126,S3-708328710,S3-103732351
S1-974614398	S2-268153364,S3-992075727
S1-304967180	S2-84494111,S2-955300457,S3-816075730
S1-356162394	S2-654349174,S3-636847353,S3-141484200,S3-53887314
S1-341440165	S2-141169630,S3-533087222,S3-970290883,S3-186530118
S1-162665143	
S1-462708219	S2-480257067,S3-374860547,S3-889312959
S1-350479161	S2-699006960,S2-590967019,S3-146498499,S3-652342803
S1-649056636	S2-517324417,S2-848983617,S3-381649854,S3-402894285,S3-825401894
S1-822213151	S2-973885862,S3-23894416
S1-633195828	S2-751481397,S2-434635304,S2-29839813,S3-22615665,S3-486005296,S3-948698318
S1-593937140	S2-369472288,S2-28967759,S2-743849911,S3-384525427
S1-398193893	S2-593653926,S2-1059217,S3-682315872,S3-769980657
S1-799107288	S2-850799696,S3-108204729
S1-885082275	S3-267207424
S1-663851426	S2-961857301,S3-179887715,S3-894942163
S1-981854223	S2-935632378,S3-322669152,S3-222140729
S1-791454031	S2-215656868,S3-866828649,S3-842360503,S3-278834220,S3-303085683
S1-593242072	S2-733841284
S1-703017850	S2-758566132,S3-628292525,S3-195426267
S1-302489373	S2-243756362,S2-622569110,S3-765726828,S3-329259365
S1-597945637	S2-798088351,S3-473953447,S3-104540576
S1-103843781	
S1-272155663	S2-215778429,S2-594826795,S3-438550240,S3-829396368,S3-525646786
S1-740773940	S2-584015419,S2-202026068,S2-876334878,S3-920946783
S1-347024333	S2-489730461,S3-985497790,S3-814985250
S1-997980471	S2-897976419,S2-517340904,S3-636968217,S3-91307998,S3-715289612,S3-812228048
S1-766056227	S2-322187255,S2-417088539,S2-303414609,S3-168429677
S1-941877424	S2-440147358,S2-701945672,S3-504138919,S3-350603659,S3-290453926
S1-377923393	S2-685989452,S3-128258222
S1-187882560	S3-37629570,S3-692753594
S1-776211742	S2-679634487,S2-347000105,S3-62636059,S3-425683486
S1-640244142	S2-652252875,S2-726783799,S2-193533472,S3-773805995,S3-817426319
S1-398117646	S2-874208629,S2-886081055,S3-353766063
S1-372279058	S2-428991565,S3-751031659,S3-425652491,S3-861356840,S3-859721228
S1-427073164	S3-537027350,S3-253473126
S1-211136456	S2-576560890,S2-515213589,S2-437589161,S3-91439424,S3-702142774
S1-887193215	S2-261258994,S3-749935247
S1-81109381	S2-143111512,S2-569411635,S2-154146518,S3-871248302,S3-980494335,S3-598733061,S3-802830220
S1-704549631	S2-276228558,S2-392741552,S2-744993271,S3-312838421
S1-724255271	S2-601638126,S3-594965622
S1-318013847	
S1-196987586	S2-117355790,S3-437106743
S1-319262195	S2-774595100,S3-154071832,S3-375193264,S3-543517879,S3-159761515
S1-783443974	
S1-898699979	S2-20373993,S3-161751482,S3-427082357
S1-769375439	S2-216077374,S3-373810285,S3-76117567
S1-963762896	S2-649724488,S3-33437681,S3-860559046
S1-878393641	S2-317930744,S2-591915874,S3-880172685
S1-102414785	S2-116012042,S2-649767180,S2-308710729,S2-726353865,S3-882631876
S1-294934721	S2-569427763,S2-544764777,S3-531773552
S1-488263617	S2-796296110,S3-925089697,S3-257430099
S1-588825597	S2-940464317,S2-196914764,S3-378712070,S3-321341767,S3-315282473
S1-1199286	S2-918403623,S2-74664922,S2-606022044,S3-327893550
S1-536983591	S2-62904063,S2-798857569,S3-837333200,S3-640197549,S3-788487525
S1-761754832	S2-409742990,S2-932803046,S2-142013133,S3-98455668,S3-688579818,S3-51420050,S3-456717912
S1-151288193	S2-208664681,S3-547878488
S1-824854577	S2-944930794,S2-722488241,S2-885480343,S2-180921778,S3-975072377,S3-877608440
S1-948769373	S2-575047442,S3-413680689,S3-734506148
S1-773603870	S2-180202892,S3-214628053
S1-425415103	S2-495902400,S2-58625837,S3-807106245,S3-377287188,S3-498892195,S3-103971528
S1-78988524	S2-351554308,S3-260838777
S1-531367194	S2-788309543,S3-182085863
S1-619807351	
S1-570039174	S2-186210692,S2-251089493,S3-57467913
S1-618675158	
S1-99605902	S2-832926564,S2-741521259,S3-316659782,S3-591558421,S3-670292100,S3-243605365
S1-513583401	S2-907642729,S3-530786227
S1-105568631	S2-743200797,S3-686929711
S1-79065770	S2-782728894,S2-142539430,S2-718669520,S3-834978795,S3-259202588,S3-186022601
S1-127235024	S2-988793895,S2-241475807,S3-113699833,S3-314005132
S1-266189722	S2-942901494,S2-825755260,S3-169472071
S1-330954453	S2-873392592,S2-635006333,S2-131433090,S2-132324478,S3-393831616
S1-325045080	S2-189566095,S3-62234329,S3-711478198,S3-877689587,S3-130799748
S1-455312625	S2-689309979,S3-278745285
S1-399827965	S2-636034629,S2-746189828,S2-925143521,S3-810723116
S1-396728196	S2-585156873,S2-13546438,S2-916520818,S3-505827836
S1-484781178	S3-392451605,S3-117475626
S1-567690340	S2-552162937,S3-776623694
S1-672884893	
S1-473358041	S2-20765954,S2-295747603,S3-823064786,S3-891915196
S1-728887844	S2-17485571,S2-455980860
S1-849958134	S2-787345580,S2-33046712,S3-79177468
S1-489509439	S2-804062513,S2-339038950,S3-849330892
S1-362576081	S2-102617742,S2-216350836,S3-522368394,S3-480596600
S1-578838558	S2-897410826,S2-664605509,S3-83888973
S1-80982124	S2-163575357,S3-943277597
S1-499492218	S2-768369949,S3-909922568
S1-428606408	S2-996516444,S3-471419628,S3-483196905,S3-975309050
S1-887329909	
S1-249168650	S2-915734747,S3-510253581,S3-144217344
S1-794939859	S2-105825202,S3-130391093
S1-184726226	S2-843595601,S2-928913036,S2-483324872,S3-673635463,S3-935803924,S3-22660920
S1-858112592	S2-755742361,S3-525751309,S3-653746323
S1-966693732	S2-775069071,S2-572549238,S2-517508030,S3-563735136
S1-872455454	S3-888901036,S3-218400707
S1-34266548	S2-778458513,S2-303645669,S2-697864363,S3-985502878
S1-49223421	S2-115832382,S2-738167445,S2-146286637,S3-799120801,S3-158848085,S3-122847958
S1-732851376	S2-142214206,S2-345280040,S3-141076226,S3-718688312
S1-961196842	S2-103875685,S2-262622592,S2-42306785,S2-424756647,S3-97888050
S1-122344288	S2-103932582,S2-848432367,S2-1138939,S2-976016640
S1-187702408	S2-694303495,S2-468654706,S3-184840414,S3-144125870,S3-495900304,S3-953224865
S1-64065965	S2-56177100,S2-865745024,S2-46054460,S3-405700274,S3-566055051
S1-965958262	
S1-779824844	S2-240204566,S3-348429204,S3-873060414,S3-925091006,S3-373993034
S1-250134266	S3-781027074,S3-363577189
S1-35954112	S2-996649731,S3-384033098
S1-377271394	
S1-659827079	S3-907482671,S3-805496791,S3-868894360,S3-853954762
S1-1934141	
S1-356894802	S3-604315395
S1-368924926	
S1-419811934	S2-486679819
S1-222796142	S2-751329139,S2-236091014,S3-199888622
S1-853779370	S2-255370424,S3-860260824,S3-203925875
S1-950441302	S2-180158333,S3-568813941,S3-160515460
S1-256778008	S2-440988096,S3-989367117
S1-325685394	S2-661484403,S3-115118812
S1-501424226	S2-883675052,S3-82227381
S1-522763081	S3-632840204,S3-409233179
S1-291875860	S2-61258414
S1-8093191	S2-37898748,S3-567804226,S3-598267847,S3-529055240,S3-88796211
S1-88847491	S2-588028569,S2-303860049,S3-353236192,S3-438882077,S3-533769679
S1-477776195	S2-871236056,S3-723948056,S3-109807026
S1-891676475	S2-578268729,S3-627043514,S3-843838204
S1-360013119	S2-954239500,S3-177108175,S3-761766130
S1-985832030	S2-898725899,S3-529755008
S1-148952322	S2-108095283,S2-707135753,S2-716922073,S2-483715640,S3-132025171,S3-873065960,S3-83031019
S1-694127673	
S1-85448089	S2-325947595,S2-380582076,S3-860337306
S1-830116571	S2-607364580,S2-843100491,S2-213637376,S3-655872136
S1-957488593	S2-800744918,S2-490926002,S3-661750223,S3-965690175,S3-593721180,S3-461521129
S1-892459679	S2-818682179,S2-187179635
S1-178094146	S2-486669991,S2-353387995,S3-536691777,S3-124999881
S1-759233256	S2-995792778
S1-756217427	S2-606845871,S3-194391487,S3-289387847
S1-387116698	S2-416045417,S2-999008526,S2-332396170,S3-880495261,S3-256337560
S1-608135688	S2-122814773,S2-920000463,S2-774873950,S2-374218466,S3-741327414
S1-936753046	S2-276044008,S3-122577939
S1-408451950	S2-967093834,S2-911614533,S3-541094881,S3-196948451
S1-529691121	S2-401066584,S2-328682503,S3-809319299,S3-511124632
S1-28390839	S2-797784574,S2-806923579,S2-551152705,S3-26967129,S3-247233338,S3-972157828
S1-950089123	S2-357017152
S1-829723080	S3-840884199,S3-540992175
S1-51814249	
S1-126947501	S2-753997435
S1-679247095	S2-42927341,S2-213834997,S2-243023138,S3-356483378,S3-789056958,S3-380718390,S3-293773078,S3-92661069
S1-296172634	S2-829638399,S2-965371012,S2-70012592,S2-441636599,S3-921002265,S3-589036269,S3-623076682,S3-459194834
S1-404137176	S2-301541740,S2-716377150,S3-701005125,S3-73331843,S3-737071756,S3-552512972
S1-696247430	S2-850454712,S2-937123426,S3-299320344,S3-298670683
S1-64830361	S2-817112950,S3-966965356,S3-218578488
S1-892308754	S2-311236982,S2-203398796,S3-43422975,S3-229796430
S1-158085956	S2-589311019,S3-566390860
S1-310189894	S2-606699956,S3-935484344,S3-68508729
S1-363075755	S2-778792684,S3-211237175,S3-370628179
S1-691414582	S2-628409933,S3-934344263,S3-165784889,S3-336153307
S1-53348667	S2-135182242,S2-725357421,S3-208590803,S3-658390935
S1-15280189	S2-333703771,S3-460219471,S3-355740159
S1-111199932	S2-13171004,S2-623809302,S2-93644230,S3-579687911
S1-613897514	S2-320120438,S2-472592059,S3-861858309,S3-863748086,S3-436397188
S1-690723247	S2-972511427,S2-400957226,S3-635572677,S3-413754165
S1-652807575	S3-426128040
S1-39820586	S2-212775863,S3-542927533,S3-991352813
S1-905716868	S2-624584232,S3-135663844
S1-548474699	S2-204819810,S2-49370584,S2-375344899,S3-143330143
S1-113766896	S2-782548171,S2-116305673,S3-928672726
S1-263215243	S2-512589069,S2-228262908,S3-580334425,S3-350342300,S3-387288382
S1-743693583	S2-542473264,S2-408337421,S2-557897708,S2-901930901,S2-557128329,S3-568778183,S3-930479116
S1-995974634	S2-598128161,S3-211916103,S3-821314329,S3-893150456
S1-735946893	S2-126286524,S2-120421472,S2-968712214,S3-890001755,S3-271294444
S1-24397495	S2-75435758,S3-994816708,S3-671649696,S3-225568623
S1-633305385	S2-506709119,S2-380014498,S2-539095631,S3-431904393
S1-196000740	S2-513697256,S3-124667792
S1-430262477	S2-586683100,S3-937413219
S1-955698146	S2-2478628,S2-864860925,S2-768535202,S3-51283680,S3-296955190
S1-836322564	S2-992806907,S2-58562114,S3-207494264,S3-435841519
S1-376185555	S2-867260243,S2-780805625,S3-139431547,S3-826031163
S1-197321226	S2-776396122,S3-969926105
S1-838775405	S2-437763342,S3-778030768
S1-846399783	S2-411319667,S3-593800306,S3-467852072
S1-212363226	S2-910154690,S2-555095448,S3-756538645,S3-916835590
S1-650157112	S2-282143838,S2-469615125,S2-872981000,S3-494685322
S1-476002534	S2-203864064,S2-646199222,S2-797030894
S1-774520755	S2-68114565,S3-465403874,S3-211492724
S1-866695102	S2-645235189,S3-890756215
S1-370536489	S2-420734722,S3-534101540,S3-878960210
S1-174411484	S2-775072031,S3-583333725
S1-215707398	S2-469300729,S2-811323033,S2-289348944,S3-711419498
S1-922154509	S2-28926339,S3-687627168
S1-720435441	S2-895915897,S3-201436227
S1-505733023	S2-705199963,S2-327159913,S3-514743855,S3-510023676
S1-40882338	S2-931034597,S2-699549067,S2-135564820,S3-960041102
S1-595642877	S2-194390262,S2-520507392,S3-296273538,S3-760795869
S1-863025141	S2-420842425,S3-55006267,S3-446250007,S3-136218983
S1-283127304	S2-106626519,S2-123524661,S3-574565666
S1-649119400	S2-258231021,S2-391670983,S2-823899817
S1-161858196	
S1-248173578	S2-647977522,S2-120491622,S2-514833016,S3-200695261
S1-554131381	S2-794056035,S2-746370763,S2-451993290,S2-703142365,S2-560048011
S1-340740905	S2-367765752,S2-698830062,S2-435396543,S3-972414737
S1-721795590	S2-834175295
S1-670129686	S2-626666698,S2-315364604,S3-829232530,S3-189166014,S3-806928212,S3-244742209
S1-616669583	S2-16646979,S2-174368750,S3-456546080
S1-574955035	S2-628230960,S2-552001277,S3-490935333,S3-905527835
S1-942909640	S2-757203973,S2-600401678,S2-120309249,S3-847025156
S1-935502055	S2-786452459,S2-386653926,S3-160088589,S3-278685417,S3-721594530
S1-668526765	
S1-931317415	S2-612019804
S1-405064765	S2-71986008,S2-768705294,S2-33810926,S2-701431965,S3-65627132
S1-718260216	S2-885895621,S3-296401993
S1-593628990	S2-760348402,S3-859512789,S3-350457728
S1-618796838	S2-926059083,S3-882857530,S3-309256863
S1-254053251	S3-164006533,S3-840918109
S1-451239602	S2-455283754,S2-775684432,S3-423574473
S1-503981912	S2-23774550,S3-734188247
S1-85186896	S2-525993968,S2-288500561,S3-936506280,S3-794163860
S1-995978927	S2-613581137,S3-15797430,S3-572972012,S3-896637702
S1-196399198	S2-294897882
S1-348632919	S2-118606738,S2-332971848,S3-360356967,S3-297640382
S1-861280824	S2-669534999,S2-41664145,S3-814537453,S3-164908381
S1-72915914	S2-236178013,S3-907373141,S3-805666409
S1-798690072	S2-459319221,S2-688202493,S3-721813225,S3-316335562,S3-7061024
S1-328304041	S2-512696395,S2-496726786,S2-878116033,S2-618697775,S2-978386911,S3-698606667,S3-447139734
S1-243029048	S2-518992353,S3-18652627,S3-250938961
S1-466399708	S2-228071749,S3-176948135,S3-239008965
S1-290906735	S2-690743990,S3-479886624,S3-706773320
S1-892636549	S2-802669216,S2-557844878,S2-790756095,S3-124729754
S1-510037915	S3-640784303,S3-313392204
S1-714131888	S2-860075539,S2-741687031,S3-329125557,S3-426574190
S1-869925058	S2-529311118,S2-441120673,S3-995752941,S3-351429941
S1-750269876	S2-324356212,S2-124290406,S3-107280949,S3-284392515
S1-577235286	S2-612978089,S2-867395844
S1-395157181	S2-683806107,S2-60015550,S2-73346008
S1-138665366	S2-403415779,S2-725827813,S2-914387690,S3-269774588,S3-176322362,S3-214330608
S1-950400732	S2-301144095,S2-74270404,S3-598127626,S3-595516097,S3-705789735
S1-500310312	S2-645061118,S2-960519636,S3-14296605
S1-487794460	S2-834121640,S3-692287277,S3-829602630,S3-458512292,S3-580357202
S1-943344995	S2-216320965,S2-372160404,S2-255134595,S2-691260133
S1-173359423	
S1-830990940	S2-906193269,S3-453651398,S3-199820537
S1-571934350	S2-122489908,S2-444908032
S1-656855125	S2-923614351,S2-257652379,S3-587620070
S1-139100651	S2-753131301,S2-189119698,S2-816027533,S3-968853345,S3-664920979,S3-358779829
S1-262201247	S2-407195129,S2-336731520,S3-565245856,S3-323403824,S3-69323428,S3-400892839
S1-99875495	S2-249171920,S3-515548904,S3-314472840,S3-707147762,S3-9326350,S3-612581672,S3-839215213
S1-454224722	S2-899333447,S2-488069985,S2-613420886,S3-868422680
S1-204541733	S2-314934771,S3-127764916
S1-746684756	S2-498269193,S3-533555585
S1-68136431	S2-161133663,S2-901907842,S3-786073259
S1-507468988	S2-46776523,S2-247231870,S3-527560385,S3-836366582
S1-791668499	
S1-969993766	S2-308330930,S3-882207788
S1-960112203	S2-121301481,S3-739442220,S3-376508100
S1-591041724	S2-790465795,S2-329097818,S3-818982429,S3-223458945,S3-214863009,S3-118576871
S1-369691139	S2-769992264,S3-258082986,S3-628205518
S1-59732586	S3-303524790,S3-646237386,S3-316670613
S1-75503084	S2-298892137,S3-547069874,S3-448069652
S1-912577368	S2-858109089,S2-918947690,S3-868063518,S3-845838110,S3-627030749,S3-486910320
S1-891768544	S2-449421220,S2-140956663,S3-765982420,S3-552875438
S1-477436467	S2-654164166,S2-240819387,S3-252526115,S3-598498802,S3-774428686,S3-980305860
S1-974225051	S2-549223509,S2-143319983,S2-717021374
S1-326728372	S2-735160104,S3-928488579,S3-456004019
S1-425099661	S2-37878090,S3-140387946
S1-195274561	S3-963910560,S3-260648971,S3-343245116
S1-311508798	S3-847929289
S1-422024687	S2-405024579,S2-943970160,S2-630187327,S3-828217747,S3-25486632,S3-328974887
S1-944969236	S2-989819562,S2-89614004,S3-649108554,S3-65218748,S3-593054244
S1-164150228	S2-540897264,S2-346623774,S2-744276176,S2-126354878,S3-766853984,S3-872738056,S3-23289144
S1-471990200	S2-634707338,S3-556110458
S1-535207976	S2-307585723,S2-389857306,S3-724111784,S3-452576524,S3-355504058
S1-325953783	S2-341964473,S3-628659397,S3-179207736
S1-593510472	S2-479126905,S2-41447395,S3-490962693
S1-413709989	S2-315054108,S2-873080480,S2-344325272,S2-285248229,S3-76015197
S1-586972742	S2-8893757,S3-600385864,S3-944857732
S1-105037596	S3-980449318
S1-421090825	S2-776617435,S2-926158644,S2-459077117,S2-980599465,S3-52705252,S3-650527177
S1-941697983	S2-747041330,S2-334624787,S3-213878477,S3-558744376
S1-701194641	S2-269816112,S2-642629970,S2-180989255,S3-992369689,S3-992576763,S3-270328397
S1-128054006	S2-170826420,S3-990132857,S3-119362017
S1-399316390	S2-788096493,S2-762365704,S2-334448092,S3-851864758
S1-133717606	S2-83466247,S3-765525588,S3-974324175,S3-832383532
S1-633969517	S2-39916782,S2-279242132,S2-487303433,S2-179045245,S2-284505962,S3-680266124
S1-227113824	S2-531542748,S3-890680175,S3-692452257
S1-617045030	S2-192686140,S2-280414184,S3-426211267
S1-569253219	S3-485971884
S1-31229613	S2-535152169,S2-6370899,S2-326460571,S2-508636781,S3-695601854
S1-638707089	S2-790643768,S2-43676555,S3-761744893
S1-810267703	S2-429800765,S3-878608685
S1-895694690	
S1-9361857	S2-266054682,S2-918135763,S3-760846265,S3-757171511
S1-998752479	S2-330684228,S2-881743765,S3-262831134,S3-93733395
S1-556738812	S2-567008946,S3-701804052,S3-287379795
S1-395826066	S2-238420800,S2-6091228,S3-781410469,S3-386820367
S1-747798224	S2-313654583,S2-604677233,S3-700052771
S1-90181809	S2-855631053,S3-49024099,S3-545710450,S3-851291426
S1-15973308	S2-930959209,S2-731285180,S3-746926038
S1-962926747	S2-324984203,S2-984323243,S2-614550319,S3-858199389,S3-972182435
S1-813568198	S2-400347435,S3-410678088
S1-266544536	S3-21926979,S3-227920338
S1-560660986	S2-843948091,S2-57868081,S2-951232546,S3-315807038
S1-498541945	S2-819106177,S2-285368585,S2-907300283,S3-937951892
S1-687477167	S3-197153808,S3-9263139
S1-105759394	
S1-599636191	S3-50827469
S1-898343199	S2-862163406,S2-931601867,S3-266897815
S1-204393907	S2-960599022,S2-501120749,S3-745579161
S1-204043203	S2-514031170,S3-471279102,S3-384166379
S1-145768302	S3-260423024
S1-982605824	S2-757332975,S2-321522898,S3-843439132,S3-687611049
S1-79311902	
S1-369764810	S2-252099069,S2-295582681,S3-784828052,S3-700006183,S3-823204893,S3-985299238
S1-134484414	S2-448404308
S1-827674193	S2-55592695,S2-74327344,S3-501751874,S3-495162603
S1-540722954	S2-438932275,S2-944719714,S3-350468871,S3-415085065
S1-657397601	S2-808368598,S2-607754509,S3-562654578,S3-560054751
S1-815940846	S2-664418838,S2-861526276,S3-417379010,S3-211462225
S1-320298157	S2-940994188,S3-322452743,S3-806556028,S3-159953080
S1-685875803	S2-774846668,S3-794903190,S3-433311528
S1-800049647	S2-769161515,S3-409817664
S1-343314713	S2-542157213,S3-113752542,S3-273148823
S1-640731308	S2-681020659,S3-405885067,S3-38001519,S3-946924808,S3-734110204
S1-686241407	S2-48730410,S2-283579865,S3-911898468,S3-932970617
S1-138500512	S2-306660438,S2-657994159,S3-741948090
S1-793918416	S3-390903564,S3-464906471,S3-399313793,S3-369040522
S1-869119782	S2-6104655,S2-205850537,S3-380435766
S1-781553041	S2-641797986,S2-684288309,S2-155170726,S2-27683266
S1-657209268	S3-67051068
S1-358017347	S2-628638340,S2-753614889,S2-263889598,S3-581837554,S3-384803994,S3-728616476
S1-289792760	S2-152706432,S3-517368493
S1-402603920	S2-735392004,S3-971980237,S3-220019270
S1-807835842	S2-797678212,S2-661208729,S2-348006582,S2-341252814,S3-189420831
S1-859067655	S3-882902543,S3-936608747
S1-993288577	S2-236556454,S2-951648037
S1-129778530	S2-240240213,S3-312382980,S3-191128226,S3-576228832,S3-45994650
S1-822791793	S2-46602328,S3-920139442
S1-978085452	S2-248788006,S2-286114816,S2-358818241,S2-772493751,S2-548650812,S3-642479032,S3-493025922
S1-243951849	S2-15051891,S3-526318618,S3-618639849
S1-701474916	S2-115192379,S2-883660277,S3-251282470
S1-371904317	S2-450227324,S3-981744011
S1-477817039	S2-906778244,S2-746650850,S3-574657442
S1-985154952	S2-239363200,S3-988799220
S1-325467721	S2-879880255,S2-246939097,S2-608000623,S3-381922207
S1-647007116	S2-242277745,S2-64251983,S2-521929451,S3-625956622,S3-460098862
S1-438734010	S3-272197376,S3-22467560
S1-238120053	S2-915290976,S2-581487458,S3-746978186,S3-48987898
S1-390061494	S2-933352191,S2-539111215,S3-268997698,S3-181944721,S3-216289930,S3-263729493,S3-952336201
S1-675353498	S2-914453945,S3-330891387
S1-303042951	S2-959191780
S1-123741037	S2-744858978,S2-636323678,S2-485035907,S3-390263132,S3-861736313
S1-530901436	S2-797635799,S2-575882455,S2-411208978,S2-602125264,S3-304505305
S1-858856995	S2-928965703,S2-358019932,S2-863364933,S2-487214315,S3-424003421
S1-819367101	S2-929136506,S2-363857792,S2-928791747
S1-166454785	S2-687528770,S2-434035908,S3-632553484,S3-700690864,S3-120443478
S1-636029017	S2-541101583,S3-34980034,S3-202347076
S1-827974420	S2-485231272,S2-816326963,S2-669864957,S2-328161812,S3-519793732,S3-551230208
S1-635938782	S2-706396663,S3-860838612,S3-953939796,S3-214297822
S1-278832153	S2-420416386,S2-142116275
S1-835645525	S2-99434895,S2-723529861,S3-86563109
S1-836184494	S2-78357598,S2-767952096,S2-903630239,S2-306245468,S3-56143484,S3-317619596
S1-687363887	S2-46825869,S3-395008792,S3-806550753
S1-618175396	S2-962727305,S2-111605215,S3-927669005,S3-145644173
S1-571269601	S2-507252444,S3-498685076,S3-798288128,S3-866752571,S3-622300654
S1-961699280	S2-88753523,S3-963287166
S1-675289169	S2-190972978,S2-766589423,S3-617833374,S3-763120864
S1-641740520	S2-656561084,S2-530852018,S3-116377906
S1-594652071	S2-164334170,S2-692559988,S3-944330090
S1-122624972	S2-301357941,S3-453331833
S1-470334399	S2-40151137,S3-630840386,S3-451056309,S3-690753574
S1-666356802	S2-393067255,S3-968024349,S3-427618279,S3-541125181,S3-459661173
S1-962977166	S2-843470754,S2-271565424,S2-613306453,S2-87817806,S2-52567184,S3-979309916
S1-704343442	S2-61941204,S2-261598716,S2-220521057,S3-951464640
S1-109944498	S2-884768158,S2-348310739
S1-32629897	S2-658116388,S2-440214281,S2-507663237,S3-40452701,S3-295350988
S1-588375333	S2-395105753,S2-600340331,S3-957928757
S1-748397266	S2-34353768,S2-700120093,S2-25116058,S3-399373521
S1-382062443	S2-350582243,S2-867680259,S3-921302775,S3-30755995
S1-222008936	S2-939606253,S3-620864999
S1-983489870	S2-805531601,S2-473804119,S2-750049848,S3-680389349,S3-672306074
S1-726664732	S2-936263590,S3-962086298,S3-15075803,S3-153667173,S3-518338119,S3-673898092
S1-874951354	S2-18266794,S3-880970349,S3-267554412,S3-922626468
S1-708050947	S2-879167762,S2-306888608,S2-846300116,S3-305201122
S1-514150772	S3-45491231
S1-316056178	S2-658974844,S3-560936266
S1-205928544	S2-124330584,S3-253006003,S3-934186478,S3-887558195
S1-823462003	
S1-175805396	S2-537700586,S3-783277784,S3-425353350,S3-405714401
S1-985536923	S2-649454752,S2-325933900,S2-25365194,S3-6456895
S1-671682191	S2-378627071,S3-188648020,S3-453975964,S3-31535318
S1-314154935	S2-318977757,S2-147774130,S3-403160093,S3-183113492
S1-694467155	S2-496176495,S2-506775116,S2-896562719,S3-856755496
S1-651672220	S2-633155366,S2-932363878,S3-209480384,S3-507479158
S1-715673259	S2-942771983,S3-951444895,S3-754034239
S1-233796577	S2-483107728,S2-223365343,S2-493207734,S3-335133927
S1-592477044	S2-904292579,S3-645450255,S3-291798584
S1-384713989	S2-823825896
S1-268468322	S2-15987655,S2-92857167,S3-241231700
S1-969074002	S2-38894581,S2-681128499,S3-66480711,S3-494013016,S3-528267893
S1-520517233	
S1-169367814	S2-754656443,S2-161367492,S2-173508020,S3-675582775,S3-977128701
S1-782247799	S2-58146362,S3-341476182
S1-763179636	S2-11068430,S2-678257277,S3-675727436
S1-219569074	S2-980822181,S2-461773527,S2-16035988,S3-614895900,S3-898663905
S1-74168598	S2-679673898,S2-36819283,S3-795617545
S1-428141893	S2-138414142,S3-404520155,S3-627391979,S3-240159661
S1-411173361	S2-702930899,S3-772242012,S3-726980858
S1-450889110	S2-115950641,S3-554579636
S1-457967489	S2-74026187,S2-300697605,S2-829838975,S2-697349246,S3-867752424,S3-918788482
S1-358764844	
S1-311791263	S2-405888415,S2-888196953,S3-305499656,S3-874094940
S1-740112235	S3-321097342
S1-829601330	S2-497984717,S2-979958092,S3-553158247
S1-723860098	S2-24989455,S3-160090848
S1-34766733	S2-306818500,S2-936298760,S3-93140514,S3-348558762
S1-158716148	
S1-697014409	S2-20403989,S2-554092879,S3-667549740,S3-512664228,S3-359728639
S1-28664043	S2-102013466,S2-446477042,S3-527210552
S1-455408222	S2-906007470,S3-898191288,S3-274671760,S3-696854590
S1-760193451	S3-553579805,S3-496304111,S3-246474225
S1-236611120	S2-397711027,S2-451687975,S2-798480042,S3-792358070,S3-264287020
S1-742003339	S2-65388405,S3-164253728,S3-488806946,S3-193554989
S1-596208423	S2-974859045,S3-878011801,S3-555710245
S1-151073508	S2-847678184,S2-992136246,S2-63551272,S3-923550630,S3-381625711,S3-407651399,S3-268890484
S1-547994760	S2-456783463,S2-70676549,S2-325079416,S3-575171346,S3-706857069
S1-787074691	S2-881415043,S2-653341240,S3-261933899
S1-401231169	S2-331367868,S2-129299749,S3-273942671,S3-867196701,S3-197530
S1-632423340	S2-147839123,S2-571039531,S3-28113201,S3-765519197
S1-979476818	
S1-746725114	S2-693429579,S2-870634405,S2-50255698,S3-865986787,S3-48664208
S1-904762498	S2-476803795,S2-18656006,S2-138417510,S3-260543665
S1-545950846	S2-571805817,S2-970861657,S3-131339080
S1-378904437	S2-424648354,S2-600491418,S2-682762794,S3-983721811
S1-192162271	S2-624949658,S3-496437533
S1-85962871	S2-734442332,S2-684666443
S1-780831037	S2-911491556,S2-883683714,S3-814748579,S3-949931490
S1-814388599	S2-832882066,S2-500737476,S2-337751021,S3-994438283,S3-991101458
S1-536690147	S2-436465006,S2-908451150,S3-688926592
S1-932824003	S2-185272522,S2-503855384,S3-399567767,S3-778794855,S3-427464654
S1-434341170	
S1-175184662	S2-514466034,S2-108088574,S2-185970170,S3-31082581
S1-920572009	S2-914372177,S2-903453189,S3-112836326,S3-199841118,S3-138622738
S1-204753643	S2-225450273,S3-542535980,S3-205182354,S3-512793688,S3-558379595
S1-835236860	S2-958221654,S2-283186212,S3-957410481
S1-368288926	
S1-858532955	S2-711615918,S2-174435399,S3-955890522
S1-256738759	S2-569662271,S2-54093602,S2-885811724,S3-874355127
S1-519183447	S3-704903752
S1-450495765	S2-97336147,S3-417460586,S3-599109310,S3-982329528,S3-309381604
S1-943083588	S2-5814480,S2-909278471,S3-355351411,S3-567188531,S3-727038230,S3-827087991
S1-14285959	S2-50090807,S2-638576395,S2-551181115,S3-487907739,S3-153964847,S3-359866356
S1-940620478	S2-93590440,S3-233310646,S3-163472994
S1-560095539	
S1-234799994	S2-421022703,S3-209880906
S1-704998146	S2-665274992,S3-566140192,S3-605138194,S3-529789689,S3-887111498
S1-924957749	S2-32749712,S2-210163575,S3-349866177
S1-701772420	S2-637421979,S3-513577484
S1-272354860	S2-433489109,S3-36725479,S3-896520617
S1-766501892	S2-860978054,S2-741374376,S2-390514090,S3-480283514,S3-760153579
S1-541018279	S2-824475417,S2-277123289,S3-941579940,S3-764212223,S3-66748973,S3-580324138,S3-286299973
S1-164973728	S2-791653663,S2-883593544,S2-134827724,S3-217720174,S3-617709741
S1-515112970	S2-634967351,S2-151054069,S3-455607375
S1-111898327	S2-452502888,S2-663748754,S2-793595564
S1-460632094	S2-539950303,S2-651641103,S2-607817666,S3-37961667
S1-723944210	S2-512667824,S2-347361370,S2-795365246,S3-378506560,S3-110026549,S3-928468553
S1-798938859	S2-73892843,S2-955586049,S3-6422311,S3-344807731
S1-335670270	S2-382440425,S3-532229368,S3-620199176,S3-193662702
S1-42952122	S3-196937864
S1-400123834	S2-804985211,S2-597989113,S2-580459679,S3-188631432,S3-989388957
S1-63806233	S2-776690303,S3-730286802,S3-189344985
S1-734682341	S2-226485029,S2-997854177,S3-834603179,S3-197267650
S1-620923286	
S1-118528045	S2-531340259,S3-865542964
S1-696785150	S2-619461075,S3-295192604
S1-924061107	S2-305834031,S3-707987835
S1-19426149	
S1-662017583	S2-68452364,S3-662288930
S1-404018503	S2-794922366,S2-915815738,S2-804537293,S3-500565891
S1-21612600	S2-440822577,S3-217805544
S1-832129859	
S1-484603589	S2-576038113,S2-302672629,S3-206594852,S3-12166022,S3-696705199
S1-73604444	S2-792318672,S3-903990284
S1-952628874	S2-666791184,S2-35133481,S2-189776103,S2-446306783,S3-785560060,S3-60214071
S1-927702094	S2-245396151,S2-181532243,S2-182503651,S3-883684340
S1-419830447	
S1-704160920	S2-799562267,S2-816474863,S2-486910485,S3-6535991,S3-282066856,S3-790195808,S3-918869981
S1-665232360	S2-22491780,S2-477538369,S3-20754868,S3-952922848
S1-389365492	S2-779854361,S2-909711708,S2-256535020,S3-631481744,S3-999119093
S1-648556135	S2-580612330,S3-143254565,S3-677254655
S1-13487831	S2-534080636,S3-155072638,S3-366941823,S3-216328291
S1-475345195	S2-535030639,S3-719900306
S1-634741417	S2-420058014,S3-175686599
S1-672558987	S2-752227495,S3-809740966,S3-39595865
S1-858819461	S2-653259885,S2-561028848,S2-643212234,S2-2550259,S3-792469983
S1-430490711	S2-781979344,S3-319358004,S3-41554469,S3-393911304
S1-240835089	S3-238463136
S1-96023242	S2-231603066,S2-895770207,S2-501683626,S3-114435275,S3-610002426,S3-494171400,S3-671903644
S1-739326068	S2-886570935,S2-776318400
S1-359120976	S2-977059930,S2-361276980
S1-909142409	S2-126564712,S2-967711427,S3-421047995,S3-236901051
S1-582245354	S2-496053709,S3-257544929,S3-607251915
S1-720722152	S2-818954428,S3-782998010,S3-512413118
S1-26108449	S2-60979775,S3-73451199,S3-653181133
S1-378119509	S2-255717140,S2-111125279,S3-582719248,S3-208630038
S1-583068859	S2-761832198,S2-562477148,S2-213171488,S2-435652117
S1-58032141	S2-758884988,S2-542349458,S2-425417020,S2-541877576,S3-755464619,S3-572182145,S3-829371709
S1-978339973	S2-838722617,S2-838861102,S2-707786506,S3-88388146,S3-480657658
S1-861976406	S2-195977644,S2-46066347
S1-607565286	S2-948831757,S2-228367690,S3-579061942,S3-524282066,S3-974043307
S1-372011974	S2-384372456,S2-441477022,S2-285884444,S3-141153233
S1-793654477	S2-269847902,S3-47919527
S1-497978898	S2-742426433,S2-855196177,S2-63945908,S3-434363967
S1-517389425	S2-683925418,S2-767529398,S3-328206026,S3-600048074,S3-575010532
S1-224904047	S2-793417038,S2-666332041,S2-414400958,S3-840231333
S1-386351838	S2-653194160,S2-550075772,S3-482899242
S1-348814655	S2-967192900,S2-204420498,S3-113349613
S1-966597546	S2-807728042,S3-505528147,S3-264141377
S1-390728884	S2-73558944,S3-561605715,S3-912473857,S3-561381758
S1-779729140	S2-312972091,S2-445613831,S2-515374455,S3-493111149
S1-793167780	S2-588189106,S2-985861783,S2-667803111,S3-276532275,S3-686307557,S3-271532684
S1-251278741	S2-700138256,S3-627289118,S3-664749188
S1-723999418	S2-312130099
S1-24116274	S2-635410345,S2-857665002,S3-82725150
S1-445327230	S2-275215470,S2-701804692,S2-791420614,S2-70202699,S3-688556658,S3-261941895,S3-191138404
S1-602811796	S2-555761345,S3-79705544
S1-164479658	S3-859923033
S1-120954828	S2-577144025,S3-86697398
S1-738757864	S2-203974907,S3-909467275
S1-119284889	
S1-680655575	S2-870284772,S3-868107297,S3-430779483,S3-263499630
S1-916392582	S2-577471983,S3-408315447,S3-141604349
S1-831910608	S2-88436813,S2-416221436,S3-112061727,S3-819751201,S3-809175771
S1-152157045	S2-631190717,S2-727800358,S2-512328273,S2-50095305,S3-216900611,S3-506765175
S1-407763555	S2-742357926,S3-24846549,S3-921806029,S3-348485853
S1-927372893	S2-29950308,S2-684084281,S3-585145819,S3-698615764
S1-905601691	S2-683228980,S2-954012327,S3-573179522,S3-820632239,S3-621197930
S1-387993422	S2-552182555,S2-340267299,S2-658609184,S3-475584490,S3-584270912,S3-281425175
S1-382935130	S3-570083953,S3-308204609
S1-827172283	S2-581627424,S2-167121337,S3-622908728,S3-338553930,S3-668740892
S1-299443390	S2-711417357,S2-182112007,S3-846722514,S3-912277831
S1-132872164	S2-316023541,S3-520663936,S3-966322116
S1-491142951	S2-401808736,S2-300441770,S3-585201000,S3-751219784
S1-500019877	S2-372674170,S2-941869020,S3-940278635
S1-603260493	S2-932339587,S2-143768305,S2-438068935,S3-305732818
S1-6076476	S2-866230517,S2-57485933,S2-580445642,S3-178135388,S3-417079090
S1-535519777	S2-576326594,S3-674423751,S3-600146581
S1-166014270	S2-67799601,S3-255534758
S1-689099068	S2-107224357,S3-988855147
S1-2134588	S2-403972632,S2-706671498,S3-779991328,S3-33396599
S1-568307010	S2-702516520,S2-583389258,S2-417250030,S3-484091143,S3-317943400
S1-534860297	S2-2277810,S2-853310514,S3-387786343,S3-613675076
S1-472377955	S2-418804006,S2-893822497,S3-355429958,S3-827974441,S3-170753641
S1-316479191	
S1-161872836	
S1-751660686	S2-569981123,S3-712826643
S1-697729794	S3-478667249,S3-991425818,S3-24981357,S3-912965674
S1-724450899	S2-475763113,S2-784648512,S3-671263244,S3-330050953,S3-592488303,S3-348649342
S1-723887915	S2-749862969,S2-413558292,S3-226289561,S3-813832329,S3-144173962,S3-877532438
S1-166604456	S2-855859143,S2-658359861,S3-292899359,S3-109700790
S1-331704596	S2-905576471,S2-352765329,S2-272716337,S3-502425870,S3-577149852
S1-329973852	S2-305454220,S3-217665202,S3-669721429,S3-647866851
S1-308926441	S2-355888244,S2-31054282,S2-347769257,S2-495825328,S2-590963623,S3-524010449
S1-586504895	S2-904129188,S2-331539779,S3-235250796,S3-793348819
S1-761659901	S2-186087094,S3-814424205,S3-531517280,S3-132253404
S1-986317647	
S1-286707088	S2-6908208,S3-501518894
S1-392481685	S2-523874024,S2-87429730,S3-427751250
S1-277250926	S2-856233169,S3-280568885,S3-656818479,S3-645262555
S1-709414696	
S1-149129042	S2-407118084,S3-311117483,S3-730170390
S1-722694204	S2-442785096,S3-983963778,S3-850485247,S3-568975670,S3-79138790
S1-383474684	S2-875926597,S3-547726742,S3-557497176
S1-428883508	S2-664775508,S3-467665513,S3-363282118,S3-881877355,S3-898506283
S1-242763164	S2-42586514,S2-688542386,S3-843828550
S1-60906751	S3-903920829
S1-650288292	S2-548006976,S3-420089828
S1-62363886	S3-422918487
S1-153531417	S2-689872955,S3-193330237,S3-797659083
S1-467146210	S2-503664375,S2-107618472,S2-991259188,S3-369708481,S3-314746501
S1-273578840	S2-764580654,S3-41474475
S1-52563845	S2-353146393,S2-636578871,S3-688625112,S3-260431186
S1-920222748	S2-668129270,S2-34887321,S3-632733232,S3-537362294,S3-294326798
S1-486549581	S2-497684640,S2-16241957,S3-313393353,S3-783760225
S1-965732285	S2-724773278,S3-718750861,S3-792644867
S1-469605437	S2-14030583,S2-990371943,S3-581401802,S3-48956176
S1-476352786	S2-655292311,S3-459240978
S1-719944967	S2-922783612,S3-430745372
S1-628858190	S2-299819970,S2-185815353,S3-15388790
S1-89023694	S3-520345985
S1-7856677	S2-179575891,S2-747613521,S3-490495697,S3-337166168
S1-488703300	S2-361883676,S2-555008182,S2-856996028,S3-638022841,S3-516858246
S1-367165313	S2-4641491,S3-680236674,S3-532994259,S3-393337499
S1-893658313	S2-741482975,S2-855200739,S3-436948369,S3-925275037,S3-648862702
S1-705830679	S2-610681221,S3-580330136,S3-806290410,S3-531077029
S1-594479894	S3-408448751
S1-451837473	S2-535917817,S2-924583003,S2-255889724,S2-787067871,S2-411366469,S3-433100209
S1-233080084	S2-856997713,S2-368337231,S2-315325157,S3-799351711,S3-855984084,S3-754787582,S3-165735515
S1-266373992	S2-451324,S2-544316644,S2-252730828,S2-478089366,S3-136089826,S3-44837979
S1-713807961	S2-645291469,S2-866480512,S2-552609299,S3-493882184,S3-230494209,S3-634957975
S1-558526247	S2-271504347,S2-290812153,S2-569903425,S3-985610393,S3-359954282,S3-281608748,S3-734315442
S1-159246985	S2-494424795,S2-814798853,S3-603946534
S1-245105819	S2-309540579
S1-775070557	S2-298341239,S2-972648014,S3-451832675
S1-963442166	S2-263532233,S2-610683878,S3-736384188
S1-249802923	S2-513317570,S2-696730481,S3-828783048
S1-10280612	S3-991160165,S3-201074825
S1-138015974	S2-197858671,S2-269867330,S3-107390808,S3-911012755
S1-664668690	S2-834864770,S3-339582552
S1-22387971	S2-71825806
S1-830376162	S2-135355320,S2-103645992,S2-921193563,S2-246827226,S2-478044287,S3-172286533,S3-608713133
S1-804139444	S3-551759267
S1-757333565	
S1-387011079	S2-109495858,S2-226845646,S3-175201882,S3-188872775,S3-1814519,S3-24105106
S1-280379297	S2-688539209,S3-978988261
S1-109395622	S2-415806953,S3-762165562,S3-732463364
S1-327041377	S2-34084147,S3-710166231,S3-105084916,S3-168137621,S3-8940222
S1-479782271	
S1-737900643	S2-970663721,S2-916722912,S2-462477883,S2-280490696,S3-834834631
S1-511786818	S2-160225869,S2-915656544,S2-221899328,S3-792632934,S3-926264916
S1-598170659	S2-258110597,S3-665173339
S1-725397823	S2-964899600,S3-848907105
S1-450024758	
S1-962911633	S2-397733824,S2-300573458,S2-618435601,S3-675197112,S3-674020576,S3-98875778
S1-330604393	S3-978168660,S3-972660601
S1-131445778	S2-706720148,S2-984652816,S2-1865405,S2-478948607,S3-570720828
S1-369143896	S2-124384747,S2-752244793,S2-1322404,S3-47036848,S3-124714522
S1-891447848	S3-720894292,S3-290199096
S1-487364089	S3-26434096,S3-824043254,S3-330442618
S1-687440775	S2-688133559,S2-346647729,S2-507209361,S2-29149239,S3-638573301
S1-115604272	S2-994195118,S2-722333829
S1-779321935	S2-365224252,S3-732730496,S3-945230109,S3-891381176,S3-645870146,S3-900393918,S3-308480743
S1-340743027	S2-205195584,S2-186926616,S2-787289865,S3-390778290
S1-69324104	S3-289894243
S1-65494388	S2-823215274,S2-568237791,S3-396038076
S1-373164430	S2-270753208,S3-868968984,S3-480814440
S1-835982432	S2-998498117,S3-77278660
S1-769019426	S2-856273373,S3-777657879,S3-836429727,S3-323766113
S1-403314726	S2-479273628,S2-906694050,S2-329168179,S2-154928375,S3-355027318
S1-433922342	S2-23372388
S1-830712961	S3-860091901,S3-524692454
S1-87504276	S2-397130747,S2-918990518,S3-647321023
S1-693640877	S2-539954804,S3-179430556,S3-394011117
S1-861462247	S3-672949239,S3-754848717
S1-620419495	S2-231812446,S3-442389715,S3-748369114
S1-689204419	S2-56129483,S2-339271200,S2-710610362,S2-643406518,S3-283410206,S3-850051030
S1-886105188	S2-700734658,S2-765692471,S3-754346344,S3-203101893
S1-141307278	S2-409950019,S2-992881794,S3-801957292,S3-110641848
S1-429643736	S2-930820847,S3-532216641,S3-547718014,S3-496460387
S1-765735163	S2-640293304,S2-365492441,S2-628267962,S3-337372937
S1-88609233	S2-178882999,S3-736258583,S3-930637830
S1-935582324	S3-81316919,S3-452722893,S3-120432244
S1-429412342	S2-913114040,S3-782253121,S3-523657488
S1-974534620	S2-85948898,S2-35641370,S3-621161087
S1-425966327	S2-819097322,S3-497276193
S1-243351475	S2-240417469,S3-159595030,S3-281388660,S3-509535426
S1-183410407	S2-267016007,S2-693268696,S3-241695566,S3-863389081
S1-719080391	S2-41170503,S3-780920643
S1-973337124	S2-993093151,S2-396246974,S3-493204361,S3-581457325,S3-330161847
S1-200208596	S2-804583400,S2-312456357,S3-491534536
S1-218771549	S2-7619907,S3-164341949,S3-111522857
S1-574970016	S3-629067372,S3-302387664,S3-317626222,S3-83157357
S1-29373917	S2-1309342,S3-879672030,S3-936894885
S1-885461134	S2-473330718,S2-264963524,S3-743968251,S3-383544162
S1-796043742	S2-319874494,S2-83987433,S3-117031508,S3-278898746
S1-821392051	S2-544846128,S2-324853558,S2-228559519,S3-64954485,S3-664854224
S1-326230315	S2-891083835,S2-552054525,S3-474605405
S1-464611336	S2-503410790,S2-833975635,S3-63534948,S3-524324904,S3-252426962
S1-908766976	S2-957224997,S3-957307003,S3-566718391
S1-134145563	S2-48540071,S3-990061347,S3-887537863
S1-623301285	S2-623492088,S3-808823720
S1-943198963	S2-398057623,S2-75134358,S2-166501530,S2-520463399,S3-512769704
S1-806931520	S2-409035079,S2-177788743
S1-512317135	S2-706447781,S3-335016119,S3-521851234,S3-179937566
S1-621320803	S3-128848587,S3-888915815,S3-705714700
S1-142037019	S2-514394749,S2-108313217,S2-63659951,S3-503639653,S3-618027888,S3-496790087,S3-695464764
S1-456795739	S2-842274291,S2-132988354,S3-177188149,S3-871313478,S3-506169566,S3-433463787
S1-765332830	S2-375262366,S2-906087603
S1-825096954	S2-145148857,S3-682090819
S1-975603758	S2-703158054,S2-605537907,S3-211484455,S3-401044995,S3-931626191
S1-750309339	S2-697712022,S3-547587758,S3-103477168
S1-82495876	S2-871156377,S2-446663420,S3-327163359
S1-48468624	
S1-186825234	S2-211769135,S2-56001842,S2-398197398,S3-533706889
S1-733672034	S2-296351208,S2-831519456,S3-545700650
S1-554477735	S2-866368323,S2-420509989,S2-466753263,S2-442457674,S3-513850068,S3-350189781,S3-749627594
S1-26661092	S2-733749498,S2-713420443,S3-239899439,S3-747729855,S3-818760383
S1-624705672	S2-24668132,S3-636337264,S3-212818893,S3-646661407
S1-469110428	S2-753976446,S2-674170386
S1-54262220	S2-929619235,S2-645149452,S2-732803771,S3-75486381,S3-574367568,S3-335057820
S1-409906801	
S1-526901921	S2-178461221,S3-173352119,S3-137359975
S1-611551007	S2-668426330,S2-13062261,S2-269200341,S3-194491630,S3-994611962,S3-160532369,S3-850562149
S1-85764369	S2-459552200,S2-912410074
S1-25991086	S2-626556750,S3-445731735,S3-873237298,S3-430500477,S3-413189895
S1-663065442	S2-794583056,S2-41768581,S3-58498080,S3-871849437
S1-899471154	S2-872605284,S2-635832558,S3-606855231,S3-99328860,S3-152579195,S3-60378603
S1-510825990	S2-832322345,S2-226391349
S1-140486572	S2-82353856,S2-874912477,S2-837960715,S3-698272155
S1-573110572	S2-795271156,S3-991963910
S1-658025911	S2-958776129,S3-843905561
S1-691310422	S2-807464409,S2-14848393,S3-800787449,S3-809919928,S3-775004914
S1-771738592	S2-709244286,S3-788372471
S1-818870992	S2-15506349,S2-387789777,S3-32719563,S3-721306772
S1-393498580	S2-68654523,S2-875769567,S2-382862005,S2-375784909,S2-560554219,S3-667543401,S3-933297219,S3-72155559
S1-349969025	S2-619029380,S2-565090227,S3-196998661,S3-239538658,S3-38935224
S1-52504412	S2-179213598,S3-823720845,S3-414295642
S1-931592979	S2-234857497,S2-549771662,S2-403188556,S3-921078733
S1-884914796	S2-916269390,S2-498698117
S1-741109435	S2-549967395,S2-294900731,S3-743444237,S3-152503430
S1-313617385	S2-297427950,S2-65032581
S1-759298226	S2-52018198,S2-760664615,S3-752108289,S3-419309721
S1-470491777	S2-824092346,S2-763998410,S3-548590541,S3-807726657
S1-422580152	S2-931207133,S3-627090829
S1-578947084	S2-551448979,S2-753633543,S2-319635431,S3-122730368
S1-379286660	S2-332630142,S2-334357021,S2-633694531,S3-902893371,S3-627135552
S1-556754412	S2-267763620,S2-399530490,S3-770233454,S3-426427702
S1-532062989	S2-940588156,S2-563753107,S2-92276634,S3-375594328,S3-362099606,S3-102181107
S1-445840005	S2-287129652,S3-534185661,S3-196444618
S1-639050049	S2-863186411,S2-558315424,S3-37869201,S3-678117404,S3-801495734,S3-74254425
S1-845490846	S2-22284297,S3-675718573,S3-339628503
S1-5785384	S2-376418564,S3-795510673,S3-922126216,S3-39276555
S1-12561846	S2-824683215,S2-706829644,S2-239396048,S3-606987882,S3-990996490
S1-175878710	S2-189736716,S3-804571777,S3-944307976,S3-825356186
S1-966979101	S2-21732554,S3-314012971
S1-78947900	S2-26533688,S2-326102978,S2-546177340,S3-415734867
S1-307080247	S2-244147891,S2-707825532,S3-806780049,S3-708469170,S3-212361630
S1-894370235	S2-332842932,S2-951827537
S1-526223722	
S1-156913460	S3-774746482,S3-681919998
S1-574638642	S2-437815788,S2-278779363,S2-783560597,S3-782558916,S3-972819872
S1-776622857	S2-108486593,S2-765116837,S3-3573773
S1-323536665	S2-236510592,S3-391945088
S1-353270376	S2-823717984,S2-805587632,S3-858203235
S1-759140867	S2-681928461,S2-800890973,S3-503391820,S3-260943745
S1-697069788	S2-17931220,S2-621767380,S2-761967804,S3-356645512,S3-360434904,S3-249250805
S1-516933073	S2-599277057,S3-258440744
S1-313759461	S2-842656084,S3-44299686,S3-885349046,S3-78709435
S1-503495308	S2-382962040
S1-926126243	S2-166540731,S3-41684138,S3-825480521
S1-512710093	S2-23410851,S2-123047266,S2-867527501,S3-421754005
S1-716838304	S2-636671629,S2-603222140,S3-843028052,S3-419750544,S3-892602127,S3-184370501
S1-851819883	S2-445961694,S2-132785446,S2-562009350
S1-243240760	S2-813009305,S3-695033853
S1-515630201	S3-538243284,S3-699002122
S1-37984602	S2-991186044,S2-507212543,S3-682924244,S3-180821902,S3-574191624,S3-509584757
S1-95189615	S2-813124427,S2-239277300,S3-638523842,S3-456486724
S1-620161074	S2-361428891,S2-239070036,S2-689967971,S3-557147948
S1-408253145	S2-761608171,S3-862331275,S3-682010304,S3-12178040,S3-229213239
S1-727987433	S2-565755265,S2-139092253,S3-293626884,S3-522523392
S1-539953770	S2-307782712,S2-145538208,S2-408948141,S3-859666293,S3-687523673,S3-153143677
S1-609220225	S2-652239444,S2-679036733,S3-591424820,S3-645904501
S1-815851929	S2-296843380,S3-281070757,S3-985837444
S1-326088820	S2-906049741,S3-420555200
S1-104562954	S2-663387753,S3-153529764,S3-789449305
S1-89911089	S2-822970011,S3-305458942
S1-298986603	S2-752177389,S2-347207800,S3-44419308,S3-768141958,S3-295061514
S1-520565065	S2-306120513,S2-642263968,S2-305151201,S2-318955787,S3-137204206
S1-369795576	S2-367679671,S2-585254180,S2-855866379,S3-963994315,S3-956965152,S3-890564643
S1-484138399	S2-185498505,S3-836510454
S1-49244472	S2-731392217,S3-30617700,S3-17665355,S3-358724959,S3-344170326
S1-198290933	S2-512475011,S3-877824524,S3-214257666,S3-802557203
S1-871984634	
S1-441709860	S2-70039628,S2-209515604,S2-483584748,S3-388567276
S1-178047974	S2-338871567,S2-157649879
S1-291090532	S2-761276782,S3-306181063,S3-400167002
S1-61359908	S2-266500446,S2-764868926,S2-515792084,S3-583870381,S3-530118504,S3-360184594
S1-930194973	S2-310069047,S3-571601736,S3-567818437
S1-887750093	S2-986712958,S2-960690948,S3-386314631,S3-698461279,S3-969835342
S1-458047196	S2-508120736,S3-391914071,S3-740318795,S3-377108006
S1-22410489	S2-706663270,S3-8956975,S3-552804411
S1-855509392	S2-852974715,S3-992525675
S1-295469600	S2-711782140,S2-294957867,S2-500963925,S3-331607556,S3-441489118,S3-86757538,S3-144904658
S1-448267040	S2-475460870,S2-309764744,S2-363371672,S3-771494794,S3-953309208,S3-550620432,S3-772438954,S3-792858014
S1-793053431	S2-985394180,S3-404936722
S1-304151016	S2-972830825,S3-862538993,S3-609644430,S3-794231182
S1-892720007	S2-6948073,S2-550181217,S2-526513581,S3-842378585,S3-118849046
S1-787062122	S3-466547534,S3-633548264,S3-539941250
S1-913438094	S2-19423138,S2-636821776,S2-500577191,S3-340162227
S1-377553265	S2-887116023,S3-325655380,S3-590090871
S1-487671350	S2-366614300,S3-781742793
S1-816883795	S2-616860661,S2-543096830
S1-901371959	S2-313478535,S2-690743062,S3-303022171,S3-488609454
S1-368917122	S2-831868874,S2-286199432
S1-429260312	S2-789025511,S3-228615252,S3-634886516,S3-58424221
S1-821962976	S2-931696161,S2-941793297,S2-213151527,S2-516424203,S3-318305067,S3-192215074
S1-847911335	S2-948447645,S3-330364033,S3-104471316
S1-624583570	S2-193600255,S3-197734857,S3-698344565
S1-521307914	S2-997592609,S2-51961100,S3-801401586
S1-745566767	S2-47150157,S2-936947799,S3-840510976,S3-339280526,S3-966461009,S3-428941570
S1-194779294	S2-612251536,S3-988717965,S3-392050621,S3-406888915
S1-53391117	S2-186744250,S3-297220269,S3-447003816,S3-477095366
S1-226062159	S2-387121796,S2-426473652,S2-398422401,S3-933373415
S1-424575242	S2-349853691,S3-518546049,S3-52607819
S1-403533077	S2-154659440,S3-290021680,S3-986415709
S1-862237597	S3-825142617,S3-35770352
S1-476694417	S2-49760391,S2-395715208,S3-856839726,S3-587208363
S1-515704809	S2-20011244,S2-912336368,S2-151395920,S3-802275644,S3-330085949
S1-931485423	S2-823147253,S2-720807102
S1-259585806	S2-476536531,S2-664335959,S2-789801228,S3-204360181,S3-814548046,S3-332697221
S1-54327184	S2-723876669,S2-583552619,S2-172188079,S2-85576270,S2-83662941,S3-34383823
S1-110239973	S2-536197244,S3-367677020
S1-827445270	S2-985438659,S3-244257745
S1-687064371	S2-220460247
S1-971154584	S2-966379504,S2-837361066,S3-83476648,S3-657949814,S3-186875244,S3-610794707
S1-489596931	S3-753427121,S3-196971002,S3-513142309
S1-741319691	S2-732150256,S2-850882837,S2-588930580,S2-801457125,S3-737191408,S3-133499047,S3-453285105
S1-842235709	S2-72808114,S3-587725523
S1-321115139	S2-142011886,S2-294914699,S2-617580109,S3-465945601,S3-632968409
S1-778733211	S2-804256804,S3-488325432
S1-748625950	S2-166577401,S2-21108205,S2-15150108,S3-540529869
S1-998899002	S2-449311990,S2-735053854,S2-186480927,S3-396140388,S3-148035137
S1-322628199	S2-671790829,S2-36835701,S3-60190514
S1-682715691	S2-44352881,S3-287318463,S3-99459574
S1-999284562	S2-704929484,S2-672498101,S2-62354095,S2-969685220,S3-525075380,S3-695673789,S3-576685547,S3-569353851
S1-642096823	S2-524535984,S2-206973857,S2-216402818,S3-258040251
S1-27260313	S2-656535211,S2-878736182,S3-480028447,S3-587889673,S3-23085509,S3-404305653
S1-57200390	S2-161726444,S2-857689994,S3-697164203
S1-917212003	S2-85614563,S3-714654025,S3-920148213
S1-122852413	S2-198407687,S2-91297156,S2-216089305,S2-487906494,S3-689159140,S3-785393360
S1-346849087	S2-180952505,S2-164403988,S3-786112729,S3-760206541
S1-599547629	S2-275912367,S2-238784711,S3-111290783,S3-220018123
S1-894588173	S2-725751712,S2-435365934
S1-456500362	S2-387684672,S3-104648080,S3-420000255
S1-25444554	
S1-241117464	
S1-898334224	S2-500554565,S2-631218554,S3-662258733
S1-538741386	S2-850945681
S1-722227394	S2-898907611,S2-181805118,S2-632056785,S3-565034716,S3-42152114
S1-360571129	S2-126543204,S2-318736204,S3-300810994,S3-624804936
S1-840644751	S2-573994711,S3-799460118,S3-41785938,S3-712027468
S1-591650307	S2-85357719,S2-723523337,S3-871087117,S3-344914472,S3-74059434,S3-367582317,S3-418575029
S1-982784016	S2-699858992,S2-36055872,S3-309756448,S3-585645654
S1-686942718	S2-533574658,S2-582387886,S3-645463080,S3-481187712
S1-717217817	S2-934559817,S2-83173435,S2-911866727,S3-791415783,S3-734687934
S1-939934782	S2-964328184,S3-367077713
S1-700770408	S2-221205188,S2-731547483,S3-100091940,S3-150936016,S3-192581473
S1-135343637	S2-299720716,S2-50157865,S2-325233230,S3-590733694,S3-31632527,S3-586314813,S3-105212414,S3-211487453,S3-850638872
S1-286583393	S2-218150074,S2-639051523,S2-40843950,S3-661210203,S3-23000716
S1-147048204	S2-741845953,S3-386919464
S1-722189741	S2-19600654,S3-73034971,S3-210480323
S1-343593475	S2-32196674,S2-176936927,S3-377788929,S3-830665014
S1-631050308	S2-866161516,S2-499957861,S3-74384606
S1-545479513	S2-760344053,S3-520075460,S3-671264375,S3-372659803
S1-192795206	S2-749140479,S3-301110604,S3-546025915,S3-984298878
S1-902062517	S2-846943941,S3-797873658
S1-865774972	S2-627418452,S3-892830759
S1-973933935	S2-766852413,S3-962518874,S3-306862632
S1-226557043	S2-359528396,S2-437163977,S3-274264923,S3-851212496,S3-909221713
S1-712448338	S2-415803425,S3-39237457,S3-26257365,S3-179156454
S1-335427872	S2-182765399,S3-677841432,S3-830852100,S3-91031452
S1-964178982	S2-638831438,S2-348717894,S2-164374338,S2-466169600,S3-931501831,S3-759655355
S1-134635492	S3-36581634
S1-102303686	S2-954086635,S2-571793390,S2-772209626,S3-936548263,S3-882436744
S1-38744696	S2-616023401,S3-764252082,S3-370239162
S1-991039564	S2-709825071,S2-870040481,S3-209663183,S3-629327078,S3-922790316,S3-278066749
S1-74420976	S2-843736089,S2-512210334,S3-411518692,S3-44336230
S1-678689008	S2-430830759,S2-583424524,S2-904192142,S2-347440193,S2-143543952,S3-628393498,S3-983891219
S1-310743924	S2-5120710,S3-418052034
S1-428152871	S2-1749421,S3-669077893
S1-34424195	S2-955279880,S2-76808518,S3-116303922,S3-447587812,S3-536523587
S1-742452575	S2-728414128,S3-350104958,S3-185358318
S1-905881162	S2-183270091,S2-455921828,S3-461664984
S1-441277146	S2-700490997,S3-112911592
S1-705998146	S3-492111318,S3-720960524,S3-28737220
S1-448011005	S3-162204852
S1-801826894	S2-371331282,S2-184570972,S3-327722037
S1-853809995	S2-925123140,S2-535108253,S2-995874337
S1-657011733	S2-870452307
S1-821734403	
S1-34570290	
S1-656627398	S2-353809879,S2-900214173,S2-253543251
S1-228042051	
S1-514525239	S2-727612381,S3-381633463,S3-987887665
S1-858620212	S2-103081522,S3-389658143,S3-298982115,S3-660448182,S3-469968540
S1-443180638	S2-761449248,S2-332962112,S2-68299974,S3-245544044,S3-165869224
S1-884989078	S2-352550271,S3-343595796,S3-512220721
S1-102935524	S2-162098063,S3-870751525,S3-748789265,S3-609804608
S1-223242222	S2-753891384,S2-443664895,S2-250297481,S2-736555573,S3-889671192
S1-64814204	S2-936075202,S2-583285012,S2-293677832,S3-81019337,S3-70913508,S3-266560847,S3-326598700
S1-269802305	S2-538787744,S2-620419405,S3-289019548
S1-524118008	S3-637850491,S3-112894369,S3-101699420
S1-504881856	S2-493204292,S3-293254557,S3-270675146
S1-910113423	S2-403066257,S3-918252342,S3-924740746,S3-928116635
S1-1540298	S2-93758693,S3-951002244,S3-371611984
S1-517570100	S2-619023033,S2-938523977,S2-884368642,S3-185420282,S3-35925478,S3-809442305,S3-918982606
S1-199764597	S2-862439120,S2-420048568,S3-455878635,S3-554025438
S1-36368763	S3-934424102,S3-181882218
S1-826094238	S2-362347559,S2-155027993,S2-863733430,S2-543198045,S3-506414082,S3-749535222,S3-305059842
S1-63436299	S2-840042716,S2-373702633,S3-524812356,S3-325643025,S3-969482546,S3-518113014,S3-214051051
S1-588057317	S2-346923451,S2-817312185,S2-290540914,S2-616439158,S3-948948636,S3-934468694
S1-520104062	S2-174819811,S2-830396382,S2-454786434,S3-694979162,S3-403974851
S1-544746805	S2-711257751,S3-179986687,S3-276677894
S1-441054967	S2-276524183,S2-395714660,S3-37513182,S3-38196977
S1-55302001	S2-290365680,S3-192502313,S3-347573091
S1-464268200	S2-79085423,S2-688525564,S3-993188868,S3-292874147
S1-911760796	S2-303848101,S3-804989321
S1-233766774	S2-23540421,S3-527328219
S1-805802460	S2-984083455,S2-441982310,S2-36139829,S2-691807758,S3-87462396,S3-971892256
S1-942267182	S2-949813356,S3-69778273
S1-974564298	S2-861260347,S3-767651169,S3-38956772
S1-646687184	S2-191430322,S3-889466073
S1-395578487	
S1-762353866	S2-239023281,S2-102515684,S3-3197509,S3-631314553
S1-595829718	S2-816240181,S2-644814762,S2-250414953,S3-357005864,S3-116519073,S3-931580953,S3-405659010
S1-203844840	S2-527214494,S2-361624147,S3-50575188,S3-563268645,S3-595822065
S1-742533899	S2-562070630,S2-192641096,S2-156165467,S3-820005548
S1-181101653	S2-421749200
S1-997998923	S2-696207774,S2-659676996
S1-812919077	S2-516757632,S2-676461068,S3-109866491,S3-881194586
S1-374272013	S2-265663821,S3-584271543,S3-537962693
S1-542214909	S2-752361893,S2-717288463,S3-880638893,S3-122549241
S1-147621689	S3-603559021
S1-375128633	S2-785086110,S3-560772484,S3-556492461,S3-947066698,S3-414683383
S1-396339741	S2-976451984,S3-984407952,S3-611939337
S1-505708641	S2-187024420,S3-142855478,S3-61403741
S1-16659200	S2-5717725,S2-1643718,S2-404587350,S3-718685186,S3-443526391
S1-274644386	
S1-891391654	S2-146064878,S2-412579110,S3-772345143
S1-305289229	S3-177546908
S1-949564466	S2-826069340,S2-23093277
S1-886329145	S2-742383085,S2-649654167,S2-786174812,S3-680465550
S1-89454750	S2-238960677,S2-606332121,S3-167004864,S3-886541276
S1-961836407	S2-880523480,S2-565462089,S3-608756851,S3-496380321,S3-310936007,S3-582391
S1-713239409	S2-767696189,S2-688345850,S2-51145099,S2-205124247,S3-2922738
S1-733497380	S2-941543528,S3-711404334
S1-349082113	S2-306208831,S2-333375306,S3-248856530,S3-161345317,S3-947063557
S1-82747196	S2-943178887,S3-198676478
S1-578024489	S2-883051454,S3-958980207,S3-609144702
S1-665918573	S2-782532552,S3-826468216,S3-899709438
S1-759561458	S2-633275168,S2-454617386,S2-522625724,S2-547465000,S3-235023867
S1-702795377	S2-380575694,S2-904446921,S2-434137060,S3-348870503,S3-532653989
S1-102351702	
S1-938502487	S2-165207244,S3-109323626
S1-925657070	S2-126639707,S2-373106943,S3-815282962
S1-327668190	S2-536517428,S3-831414772
S1-509968077	S2-570407689,S3-610589284,S3-436756924
S1-639885655	S2-882823193,S2-533859485
S1-751862961	S2-47604384,S3-629584137,S3-610754522,S3-586132246
S1-990125276	S2-912435789,S3-50730765,S3-142662701
S1-382274081	S2-643210890,S3-299679532
S1-155983785	S3-78202959,S3-490722758,S3-659035433,S3-304856266
S1-922562133	S2-137279717,S2-638526034,S2-834634969,S3-72656825,S3-360182216
S1-278641040	S2-697884452,S2-293373082,S2-737369072,S3-901256956
S1-14824680	S2-186906666,S3-248574829,S3-97524967
S1-834196687	S2-104437676,S2-251590029,S3-60509225
S1-336854166	S2-819655854,S3-804094665,S3-496932658
S1-81010546	S2-11828820,S3-636367301
S1-843226167	S2-135009521,S2-548339634,S3-846938827,S3-878495444
S1-71388055	S2-739901957,S2-97020864,S2-724835086,S3-237631346,S3-295625994
S1-824491293	S3-379200804,S3-670588771
S1-645637872	S2-736623746,S2-18020178,S3-808335784,S3-541191864
S1-686895880	S2-988900646,S2-270709176,S3-620009983
S1-642909409	S3-764709891
S1-592002136	S2-29828817,S3-882057706,S3-785619799,S3-933346930
S1-854112354	S2-688202085,S2-636286107,S3-807743567,S3-138670643,S3-712264567
S1-190553607	S2-867750829,S2-740692775,S2-671209409
S1-498912830	S2-331906795,S2-731493769,S3-791694930
S1-454981034	S2-275729913,S3-632241350,S3-615685562,S3-20943053
S1-753007109	S2-269427930,S2-109018290,S2-451467534,S3-809394913
S1-96916466	S2-323280791,S3-12198178
S1-544296349	S2-580655420,S2-128082351,S2-36080154,S3-672980964
S1-617538406	S2-428162320,S2-137631747,S3-177848248
S1-299190819	S2-47307071,S3-398830118
S1-572572672	S2-26705332,S2-480518910,S2-970380740,S2-71270940,S2-143272017,S3-319881330,S3-588169491
S1-619780706	S2-838378664,S3-696305866,S3-544414774
S1-845962668	S2-385513488,S3-220215178,S3-920908269
S1-771430573	S3-364396463
S1-327135615	S2-153433952,S2-618742344,S3-624364940,S3-576579013
S1-450414076	S2-404388751,S3-693940502,S3-635153797,S3-891542748,S3-860438967
S1-2294353	S2-879755114,S3-94801003
S1-688011487	S2-850008054,S2-738230045,S3-564568685,S3-974288311,S3-534620968,S3-360812876,S3-926732838
S1-737887933	S2-803436033,S2-607286494,S3-428768238,S3-241964872,S3-633312909,S3-398099995
S1-88638224	S2-140861016,S2-959553237,S2-83735129,S3-872008073
S1-530295454	S2-923923266,S2-436407875,S2-491318326,S2-10460743,S3-177012478,S3-316320695,S3-800974942,S3-188160835
S1-646622577	S2-939286193,S3-272132213,S3-894519184
S1-768120725	S3-33337352,S3-828479185,S3-238854104
S1-937974570	S2-380771033,S3-651754287,S3-316459691,S3-394848822
S1-219334131	S2-5992057,S3-1983433,S3-416024359,S3-672729990
S1-848108887	S2-531770136,S3-863490212,S3-937164610
S1-811019454	S2-420809320,S2-540463319,S2-582122231,S3-536548682,S3-200959751
S1-275166791	
S1-14040442	S2-579642686,S2-517280678
S1-462028641	S2-307342316,S3-448950685,S3-850780197
S1-403435707	S2-610146016,S2-971926467,S3-548259405
S1-737509289	S2-743716332,S3-950079487,S3-870893381
S1-47826850	S2-569899590,S3-633055643,S3-719361864,S3-819551960
S1-611195105	S2-650548784,S2-899250825,S3-624308489,S3-613854829,S3-851992662,S3-348418306
S1-115956795	S2-692329369,S2-97978265,S3-921794527
S1-752009952	S2-618312933,S2-317907024,S2-746332759,S3-699903916,S3-171406908
S1-84454154	S2-508846492,S2-187374351,S2-659407711,S2-251870746,S3-804244436,S3-272164996,S3-192455351
S1-740109595	S2-595484701,S2-816580548,S2-503323672,S3-489996169,S3-450998224,S3-147265224
S1-279963049	S2-621472658,S3-315193557,S3-535479425,S3-399630058
S1-961512900	S2-743964870,S2-423257512
S1-770437426	S2-289220583,S2-711398789,S3-360107607
S1-852694737	S2-617772817,S2-375753062,S3-725864472
S1-203717565	S2-259878524,S3-214903839
S1-206991008	S2-824107638,S2-616604179,S3-632893693
S1-806083980	S2-58369115,S2-531932694,S2-590593597,S3-231996660
S1-586682793	S2-748750613,S3-70385686
S1-608738387	S2-666371527,S2-167934241,S3-557421282
S1-691641112	S2-871534312,S2-910936057,S2-683900279,S3-169728029
S1-746648680	S2-355604362,S3-41506113
S1-128068394	S2-399414024,S3-451328529,S3-830557115
S1-966214920	
S1-546375941	S2-804386291,S2-449330516,S3-319429531,S3-285391600
S1-28971653	S2-900073159,S2-78975345,S3-870139690
S1-911926928	S2-86433466,S3-747634769,S3-836554169
S1-223965961	S2-650208822
S1-89118352	S2-124580467,S3-871897065,S3-830316425,S3-210749973
S1-647407467	S2-606597967,S2-142539520,S2-371841908,S3-511550286,S3-910709268
S1-662270506	S2-470409338,S2-634918970,S3-331178324,S3-206602572
S1-193540193	S2-720320359,S2-618058486,S3-501100408
S1-568708464	S3-92910554,S3-864270409,S3-567612841
S1-976694428	S2-829625869,S2-415199945,S3-971771668
S1-171244106	S2-913177503,S3-431500772
S1-76494133	S2-79447951,S3-372850697
S1-201747204	S2-637279933,S3-113946079
S1-435387764	S2-672076003,S3-18710596,S3-62293944,S3-83294175
S1-176710533	S3-866752148,S3-533002117,S3-471430411
S1-194418582	S2-94796407,S3-419931938,S3-567568560
S1-978756872	S2-480948202,S2-596314966,S3-617865689,S3-883341407
S1-284112016	S3-97923417
S1-199464527	S2-338897428,S3-96553664,S3-20023838
S1-443171727	S2-322583784,S2-926204556,S2-116349055,S2-423497792,S3-222052787,S3-395415896
S1-985574130	S2-863921089,S3-258028415
S1-636991275	S2-641102427,S2-360044570,S2-904090046,S3-179499453,S3-317582262
S1-494953513	S2-798264367,S2-200888854,S2-128986288,S2-576704186,S3-719468781,S3-812163751,S3-939683531
S1-992362204	S2-849781973,S3-516216892,S3-158186108,S3-219282687
S1-974979584	S2-65739653,S2-143299710,S3-972099931,S3-921402047
S1-27986544	S3-503631424,S3-466513770,S3-512085457
S1-776068338	S2-936485878,S2-272971785,S3-189535153
S1-42865802	S2-594578453,S3-613745259
S1-152115694	S2-632825969,S3-424943288
S1-287916758	S2-420231214,S2-34972390,S2-355203429,S3-590786164,S3-655931133
S1-733672323	S2-176359689,S2-326853128,S3-335003414
S1-987511511	S2-875441071,S2-222940738,S2-20511611,S3-47031754
S1-886783544	S2-142627253,S2-366511747,S3-480465985
S1-480705114	S2-153913621,S2-498790490,S2-156619977,S3-481198130
S1-311896107	S2-606894383,S3-239866811,S3-357779070
S1-311124674	S3-790452332,S3-154107007,S3-689438350,S3-965455448,S3-38311660
S1-239851136	S2-199616570,S2-260277403,S2-75610280,S2-465482927,S3-903020087,S3-333461554,S3-95337314,S3-85143847
S1-788047759	S2-219986359,S2-507699422,S3-490970805
S1-87139069	S2-849014888,S3-502400731,S3-114239318
S1-551901270	S2-931051982,S3-850809487
S1-974067931	S3-924772959,S3-751310323
S1-283911780	S2-490040024,S3-111625027,S3-147662040,S3-305613604,S3-867353355
S1-296324949	S2-434689160,S3-952122330,S3-636456416
S1-204051353	S2-827368859,S2-87308537,S3-240836021
S1-211180783	S2-410864230,S3-365244519,S3-270833710
S1-322221132	S2-531643415,S3-123632385,S3-652877091
S1-559491107	S2-995825133,S2-826421853,S3-283827417
S1-129036056	S2-988671586,S3-366145443,S3-156837291
S1-347362947	S2-265926884,S3-221176650,S3-609611008
S1-562380004	S2-623558996
S1-719824069	S2-966719979,S2-467125893,S3-143825754,S3-72055829
S1-547122588	S2-256510691,S2-408129388,S3-447090524
S1-624971255	S2-214698540,S3-940154064,S3-775446861
S1-497497518	S2-440739175,S3-460365395,S3-438517734
S1-145448965	S2-912941939,S2-125361753,S3-66811429,S3-683069154,S3-585985475
S1-725046393	S2-400273913,S2-918390169
S1-175758690	S2-86670241,S3-152718783,S3-263427433,S3-789438091
S1-307749541	
S1-411769004	S2-464731863,S3-580341076,S3-929905956
S1-317853222	S2-875144372,S2-664994988,S2-961518595,S2-344644130,S3-926259926,S3-421473087
S1-38831094	S2-84788250,S2-318270680,S3-802557892,S3-233777959
S1-517210964	S2-874510608,S3-912927062,S3-835125931,S3-575174392
S1-763699029	S2-796301556,S3-994570005
S1-609804289	S2-70901400,S3-118072819
S1-86017869	S2-606259334,S2-940292643,S3-138256220,S3-885722487,S3-978088766,S3-894897466
S1-667348909	S2-828534937,S2-91652170,S3-34141064,S3-931714527
S1-857112071	S2-103844483,S2-172291142,S2-931226254,S3-729018037,S3-229756136,S3-509043505
S1-125094175	S2-283287380,S2-33357052,S2-36642345,S3-377457750,S3-153976986
S1-915309374	S2-253546379,S3-502685759,S3-788440155
S1-901658410	S2-131362505,S3-401073145,S3-612065596,S3-418346884
S1-138149741	S3-590832287,S3-630520557
S1-685992079	S2-224801510,S2-490233688,S2-496379830
S1-404876892	S2-387436708,S3-475706101
S1-883385380	S2-693493778,S3-33381075,S3-123393678,S3-250378128
S1-115361402	S2-259162989,S2-592135171,S2-671399187,S3-453318126,S3-917680
S1-84164384	S2-946697179,S2-730252314,S3-409137418,S3-772490714
S1-291287363	S2-131293876,S3-835660278,S3-799691957
S1-620949632	S2-816087115,S2-711518627,S2-129932233,S2-37856875,S3-694894001
S1-580845446	S2-78356363,S2-298211808,S3-786481874
S1-816947297	S2-349628509,S2-730102744
S1-219133722	S2-98828743,S3-589299555,S3-736312088
S1-37855827	S2-90344770,S2-989881649,S3-268258773
S1-391111577	S2-176346914,S3-559396345
S1-280799722	S2-209988008,S2-531708595,S3-372691028,S3-154297114
S1-877069340	S2-957413226,S2-166678732,S2-345076808,S2-476885759,S3-77016271
S1-437223568	S2-293658630,S3-45389013
S1-147219975	S2-255664756,S3-690870079
S1-822788309	S2-740433269,S2-366250933,S3-455432217
S1-108503158	S2-559381732,S2-224805595,S3-671453497,S3-144013945
S1-884753324	S2-366832821,S3-85664697
S1-893658711	S2-381775400,S2-613085991,S3-404222946
S1-174512725	S2-436260541,S3-580782799
S1-657098629	S2-738797423,S3-177960319,S3-969666762
S1-796899154	S2-120555140,S2-125016501,S3-307911690
S1-652007317	S2-400736148,S2-124158373,S3-116518068
S1-878140681	S2-191135505,S2-117204426,S3-384554398
S1-54898379	S2-352630147,S2-143100416,S2-79587692,S3-123971056
S1-131807912	S2-997520109,S2-437028648,S2-379508481,S2-535348407,S3-495993449,S3-798787617,S3-158164183,S3-229317490
S1-74139886	S2-795470989,S2-449566314,S3-409031027
S1-533040237	S2-933935042,S2-719139925,S2-178436879,S3-923760162
S1-207491251	S2-135910627,S3-183138953,S3-5073579
S1-384745040	S2-104212333,S3-676195111
S1-606029175	S2-279606136,S3-934947948,S3-283541024,S3-211844318,S3-280954194,S3-308649437
S1-471039399	S2-498274684,S2-885022736,S3-14170967,S3-380925386,S3-374397695
S1-918211624	S2-688191437,S2-923643150
S1-55218298	S2-155854238,S2-238805379,S3-250889434,S3-211968605
S1-103126177	S2-541815323,S2-641424848,S2-642920764,S2-36615767,S3-25116868,S3-278892917,S3-954729904,S3-276752427
S1-550033994	S2-550852448
S1-286912300	S2-559769133,S2-530009161,S2-79525869,S2-750306623,S2-64822321,S3-854629747,S3-682143151,S3-541507838,S3-256914217
S1-923571960	S2-374108241,S2-214549544,S3-696231398,S3-672596550,S3-329019731,S3-74374567
S1-530955762	S2-968035379,S3-565290533,S3-77779392
S1-343313382	S3-288664175,S3-36082141
S1-928368818	S2-734374691,S3-885947360
S1-912124886	S2-523760841,S2-240796946
S1-681836576	S2-686929985,S2-820969793,S3-854357195,S3-463786595
S1-97119939	S2-646925634,S3-360271904
S1-227678174	S2-152589983,S2-703644890,S3-434904191,S3-870011517
S1-283565437	S2-922199435,S2-240323327,S2-175440088,S2-236835356,S2-571660611,S3-795593306,S3-535494339
S1-871836667	S2-755970120,S3-325438653,S3-442721715
S1-654210251	S2-388018956,S2-535607797,S3-253234574
S1-664524765	S2-808263745,S2-30380086,S3-843790926,S3-46394
S1-399309162	S2-377412244,S2-406618976,S3-887473096
S1-952577700	S3-686515453
S1-410951206	S2-843058880,S2-773175994,S2-243171422,S3-493024367,S3-705041867
S1-775987616	S2-351298372,S3-503406228,S3-249547905,S3-507210379
S1-360266381	S2-707349406,S3-549261531,S3-734627812
S1-228870333	S2-392479349,S2-762328537
S1-69360678	S2-402698440,S3-133963980
S1-678445758	S2-715346614,S2-114358109,S3-240278778
S1-521699242	S2-798776314,S2-955083137,S3-59217716
S1-215499492	
S1-374107867	S2-67797129,S2-645487953,S2-430049862,S3-237839856,S3-378888058
S1-745780069	S2-22700730,S2-389401005,S3-64636445
S1-657519641	S3-85438564
S1-583722819	S2-807511763,S3-321976315,S3-646698700
S1-232398646	S2-251775488,S2-839473821,S3-447104555,S3-995364956
S1-983888274	S2-44085329,S2-415509894,S2-203463663,S2-718198951,S2-945491949,S3-539290188,S3-11339641
S1-338606780	S2-478091114,S3-590975294,S3-435896584,S3-69905114
S1-851073386	
S1-435304548	S2-297148956,S2-994965511,S3-145360472
S1-738461679	S2-270370711,S3-760233092,S3-120329616,S3-596866468
S1-889537185	S2-909144491,S3-69564058
S1-497729378	S2-319266824,S3-572831190,S3-733222589
S1-16991953	S2-639586099,S3-542285533
S1-497733864	S2-530653924,S2-93272995,S2-809026735,S3-730863521,S3-672302554
S1-375442955	S2-53711753,S2-520585904,S2-768265331,S3-454338590
S1-861908520	S2-114065917,S2-981727824,S3-336613415,S3-848169495,S3-49603808
S1-447064108	S2-920027520
S1-735356833	S2-874352240,S2-157212658,S3-343581902,S3-29505988
S1-716432085	S2-746971921,S2-369211648,S3-693130912,S3-805403594
S1-192290825	S2-98251870,S2-543675321,S2-406728394,S3-26242436,S3-632418511,S3-564769919
S1-543659425	S2-612828496,S2-632515694,S3-91624255,S3-581022191,S3-382398003
S1-361237454	S2-765625727
S1-848008286	S2-554289032,S2-39375899,S2-250523480,S3-951065668,S3-763585356,S3-831389314
S1-51476437	S2-33602591,S2-778972369,S3-823315808,S3-34075064,S3-195938444
S1-631164920	S2-919714127,S3-785411813,S3-90836480
S1-681152842	S3-663457857,S3-791048680
S1-448547798	S2-285422082,S2-615127946
S1-92054226	S2-772731840,S3-299855793,S3-333605494
S1-547352296	S2-376609592,S3-774300651,S3-205787440
S1-131603886	S2-109418687,S2-870177427,S2-335207398,S3-941109971
S1-417327232	S2-283306814,S2-109458156,S2-105160339,S2-693441364,S2-210046307,S3-110342760,S3-676708749
S1-256316499	S2-929557342,S2-484254734,S2-552100263,S3-741948486,S3-653989514
S1-605245521	S3-770247093
S1-708716740	S2-244490821,S2-384051317,S3-958941000,S3-539410090
S1-558827102	S2-864457884,S3-713687562
S1-757249587	
S1-76125503	S2-250199620,S3-559558561,S3-336422305,S3-698007099,S3-513178625,S3-251214784
S1-107083754	S2-369147782,S2-327159355,S3-32954066,S3-955162789
S1-473692231	S2-156082226,S2-848073390,S2-688639154,S3-149980927,S3-821342191,S3-36726344
S1-716766360	S2-870422813,S2-255533857,S3-227188681,S3-397299895
S1-902423230	S2-405234348,S2-72600275,S3-715129868,S3-335169115,S3-698978120
S1-791526760	S2-213062114
S1-150121061	S2-934353060,S2-146876950,S2-404346542,S2-375568650,S3-393661883
S1-613909726	S2-621027934,S2-248257882
S1-373664971	
S1-223895854	S2-702796029,S3-610692313,S3-110306420,S3-186725025,S3-679442732,S3-644067694,S3-185304214
S1-881663330	S2-212414590,S2-151607224,S3-436449087,S3-398350089,S3-230431442
S1-400838353	S2-833974085,S2-253695475
S1-438931700	S2-251303641,S3-96444330
S1-149929467	S2-781216424,S2-579162233,S3-774817030,S3-608606330,S3-35817366
S1-540165333	S2-124219908,S2-286268105,S2-851777875,S3-164328147,S3-51151260
S1-938062175	S2-341079889,S3-515362336,S3-738307466,S3-208917129,S3-806918698
S1-623192573	S2-383387763,S2-393532278
S1-117105431	S2-542758437,S3-673836242
S1-704289755	S2-665325767,S2-83097872
S1-37062439	S3-993618611,S3-932886611
S1-444170117	
S1-332246170	S2-363477949,S3-500779849,S3-686203043
S1-873114680	S2-83333229,S2-172922370,S3-19381088
S1-671120913	S2-814645169,S2-13494782,S3-328885616,S3-639015963,S3-341642652
S1-954322369	S2-421801207,S2-834751819,S2-228583216,S3-632840419
S1-492887049	S2-349897592,S2-148374552,S3-112811845
S1-705674229	S2-804046241,S3-449022767,S3-476783517,S3-251377795,S3-762529257,S3-522851174
S1-956682858	S2-405676408,S2-714895699,S2-501366815,S3-453325837,S3-202536010
S1-318817544	S2-184773701,S2-309582272,S2-216505468,S3-555394429
S1-30598773	S2-10033887,S2-925876996,S3-274908877,S3-160164082,S3-566683591,S3-117742713,S3-486691232
S1-463200207	S2-947152814,S3-273157363,S3-664059802
S1-137695613	S2-225326083,S2-56351756,S3-864506654
S1-739315395	S2-413247999,S3-631589121,S3-250383882,S3-673261527
S1-271763024	S2-277939710,S2-937827268,S3-666331420
S1-140501471	S2-610756956,S2-681654069,S3-657067635,S3-479885688,S3-614643073,S3-400810136,S3-823809996
S1-40625321	S2-865833556,S3-927950070,S3-346507299
S1-751315972	S2-800702650,S3-390313792
S1-803336025	S2-904440040,S2-218013419,S2-75565726,S3-508749585,S3-323062526
S1-20010378	S2-717132323,S3-808350150,S3-124331155
S1-84581186	S2-627955408,S2-530813735,S3-775398153,S3-857198804
S1-268204657	S2-741005469,S2-751842173,S3-507405498,S3-26324156
S1-247570434	S2-475584147,S3-121924151
S1-27945599	S2-475805888,S2-47062463,S3-50009091,S3-891061115
S1-836948879	S3-678146421,S3-707485477
S1-309927546	S2-30714940,S2-850994731,S3-366370955,S3-944096282,S3-413182635
S1-482516635	
S1-45007117	S2-676820195,S2-659494296,S3-753055971,S3-426558270,S3-697277567,S3-910321094,S3-41083902
S1-912149263	S2-770798653,S2-341662042,S2-338968645,S2-968785305,S2-497737033
S1-511496936	
S1-486630752	S2-273750462,S2-445892011,S3-355759675,S3-892372887
S1-171477596	S3-706739570,S3-909643014,S3-848871111
S1-443351226	
S1-956735237	S2-889458874,S3-99704756,S3-398998505,S3-338642368
S1-869685854	S3-396191332,S3-273760598,S3-419584200
S1-36003032	S2-251446057,S3-597057811,S3-636307778
S1-795315541	S2-150778724,S2-856443447,S3-859456052,S3-535182955
S1-653250969	S2-372865322,S3-348915154
S1-987381915	
S1-989998628	S2-222810948,S3-359920468,S3-529905061
S1-603111964	S2-769480228,S3-249147930
S1-571011919	S2-773205318,S3-338234736,S3-309993071
S1-290843794	S2-952524158,S2-124207458,S3-605577971,S3-330618449,S3-802773410,S3-225612083
S1-554536387	S2-770038432,S2-223872266,S2-175997155,S2-817104918,S2-867997133,S3-837024421,S3-707769393
S1-875136387	S2-962637780,S3-270796829
S1-824812280	S2-584833946,S2-987689694,S2-714066428,S3-993136335
S1-842933473	S2-698627702,S2-485350790,S2-105715218,S3-911161564,S3-883750656
S1-209874979	S2-837366381,S2-341812068,S3-662489002
S1-945449856	S2-470399702,S3-308041045,S3-497745451
S1-56070164	S2-686378778,S2-856235255,S3-412811146
S1-455528741	S2-79468520,S3-991782674,S3-831573722
S1-384899251	S2-303429982,S2-863873925
S1-696362513	S3-385131966
S1-948930092	S2-532609924,S2-462797252,S3-459973672,S3-985000375
S1-337791694	S2-205340584,S2-654144491,S3-996717380
S1-822485413	S3-484828089
S1-162500377	S2-54824273,S3-746559250,S3-691812281
S1-411365128	S2-760221419,S2-452052029,S2-915373563,S3-913384082,S3-159489139,S3-521893716
S1-968767869	S2-294614605,S3-891355835
S1-470280256	S2-919151745,S3-202422753,S3-663388634
S1-719340974	S2-299720739,S2-753690153,S2-593913658,S3-260103848,S3-450299745,S3-413533686,S3-680227919
S1-786562429	S2-881330429,S2-415556994,S2-380444692,S3-502539928,S3-124410889
S1-358980115	S2-743552046
S1-92771948	S2-14984260,S2-21605253,S3-834836389,S3-579326556
S1-744524964	S2-855968790,S3-39799730,S3-805075980,S3-677880165
S1-131341173	S2-915902200,S2-818434732,S3-73491319
S1-353971520	S2-642908336,S2-877465930,S2-308761795,S3-939676122,S3-366480768,S3-174222802
S1-987918847	S2-351885586,S2-444429968,S2-784398029
S1-748999492	
S1-641691605	S3-365206326,S3-481475975
S1-299696801	
S1-567503008	S2-902034763,S2-566798314,S2-321037350,S3-8431951
S1-389409782	S2-308459635,S2-452924764,S3-45922085,S3-764866912,S3-413506738,S3-436170685
S1-605720374	S2-373049867,S3-399192513,S3-917512696
S1-157908048	S2-234073204,S3-655306312,S3-241009366,S3-449990855,S3-545338629,S3-933892738
S1-117676050	S2-883017505,S2-149757424,S2-307623628
S1-9780371	S2-1661398,S2-780824007,S3-393041258,S3-242722107,S3-254790070,S3-196308290
S1-152237504	S2-855183140,S3-263633630,S3-613772691,S3-90968523,S3-771131498,S3-881915638
S1-233991403	S2-530280743,S2-550712804,S3-774549329,S3-599450151
S1-607354584	S2-504744649,S2-618218744,S2-562338575,S3-734921647
S1-545130496	S2-999150955,S2-471530126,S3-519453197
S1-747955425	S2-910732239,S2-841544711,S3-773738303,S3-59368431
S1-30507710	S2-248922644,S2-299753853,S3-631139279
S1-352052325	S2-233603402,S2-907922136
S1-776111612	S2-37868042,S2-993687864,S3-494752558
S1-929108857	S2-135062423,S2-825467435,S3-856041516,S3-531638528,S3-920499646
S1-189836149	S2-343703646,S2-678055984,S3-575981386,S3-179159392
S1-311344058	S2-947608372,S2-8369292,S2-167414269,S3-722601466,S3-478804983
S1-227055227	
S1-100824237	S2-965351042,S3-284000477,S3-750021486
S1-634962698	S2-84078582,S2-186364855,S2-708866973,S2-324816020,S3-997978868,S3-345374966
S1-413604934	
S1-120496555	S2-320124084,S3-897205036,S3-904431672
S1-320794639	S2-801880858,S3-886841117,S3-708386565
S1-952991996	S2-246372387,S2-337044327,S3-551264858
S1-636370318	S2-453069168,S2-932314770,S3-287223994,S3-689976484
S1-346688402	S2-214524038,S3-95799069
S1-878885428	S2-372235057,S3-411040186
S1-141737048	S2-116802065,S2-331866290,S3-501724617,S3-271669328
S1-528892355	S2-898174239,S2-332940275,S2-468079146,S3-483251124,S3-488141541,S3-398775480
S1-124748961	S2-174122356,S3-706990928
S1-611972619	S2-737211247,S2-549694471,S3-346723758,S3-69356094
S1-119229080	S2-186107565,S3-384669711,S3-172243581,S3-474990749
S1-960186196	S2-349303306,S3-56062789,S3-792349565
S1-803130766	S2-579804450,S2-557441787,S3-48466005
S1-100463592	S2-677620985,S2-132580981,S3-845073898
S1-314553277	S2-890882468,S2-63222201,S3-733447312,S3-668688855,S3-877165272
S1-994658036	S2-219618419,S3-488472773
S1-560985215	S2-527868890,S2-768222772,S2-814782868,S2-310619115
S1-332680193	S2-801265316,S2-913724029,S3-963875171
S1-501971385	S2-13029183,S2-540351200,S2-193294643,S3-683507419,S3-368644587
S1-267915008	S2-690363068,S2-474564776,S3-952457986,S3-972379688,S3-40293583,S3-427754535
S1-520694384	S2-15177875,S2-355936102,S3-326814810,S3-130243000
S1-784001590	S3-289373797,S3-295756127
S1-161819181	
S1-39561127	S3-359121559,S3-70091941
S1-279847158	S3-218880443,S3-501987119
S1-99981378	S2-680649334,S2-106945000,S2-646056059,S2-796269744,S2-1871993,S3-956463794
S1-436847068	S2-610415153,S2-825629690,S3-294503754
S1-941046080	S3-836119706
S1-706441905	S3-368410284,S3-208579004
S1-597438945	S2-457559376,S3-53300989
S1-430976860	S2-782333342,S2-16145538,S3-607187285,S3-895319166,S3-265045720,S3-890718132
S1-446889645	S2-213241175,S2-723331779,S2-908333302,S3-440382741
S1-514027744	S2-138398245,S3-687211001,S3-377129422,S3-849240396
S1-836753545	
S1-301026637	S2-919286450,S3-529529619
S1-109593575	S2-509764990,S3-836306880,S3-922678198
S1-653056385	S2-318030371,S3-353539143
S1-396804353	S2-341596415,S2-371852486,S3-811772996,S3-423607518
S1-650016853	S2-923754852,S3-541386441
S1-92428560	S2-12648363,S3-122120984,S3-893370882,S3-493613295,S3-917971289
S1-248065677	S2-597195355,S2-333458154,S2-184339376,S2-768208010,S3-77148572
S1-556702788	S2-289051630,S2-673584590,S2-187114109,S3-468383094,S3-786272650
S1-661361868	S2-688101636,S2-625703957,S3-868654095,S3-319471562,S3-63346448
S1-63453972	S2-248454994,S2-476398446,S2-619349153,S2-558946651,S3-839451695,S3-152974649
S1-529258995	S3-383483937,S3-669575023
S1-814895902	
S1-559459113	S2-331322277,S3-925469796,S3-67446565
S1-108218935	S3-724202921,S3-980009718,S3-880785313,S3-553073420
S1-44430071	S2-432338587,S2-378276459,S3-171078630
S1-243885418	S2-127320205,S2-630873125,S3-79071593,S3-854987587
S1-3460721	S2-612746724,S2-512946466,S2-34250792,S3-427154012,S3-128821414
S1-813402684	S2-333096272,S2-631286883,S2-194834522,S3-720397700,S3-951011611
S1-524386742	S2-820803075,S2-852244644,S3-999252677
S1-303346434	S2-798355890
S1-142270648	S2-747854464,S3-156122102,S3-597919277
S1-419083158	S2-941955686,S3-596921390
S1-407290225	S2-494196518,S3-304646934,S3-124302758
S1-777910410	S2-381276510,S3-250826087
S1-292067252	S2-697330164,S2-371441789,S2-265090274,S2-783866924,S3-28550221,S3-124781764
S1-560823986	S3-634578264,S3-739694092
S1-776834601	S2-91325216,S3-209731353,S3-975808583
S1-563631567	S2-5728899,S2-788571679,S2-181851886,S3-650361142
S1-833697835	S2-199157713,S2-701940916,S3-226673630
S1-839831299	S3-962725332,S3-49181058
S1-724227217	S2-922799630,S2-804073393,S3-229232411,S3-268557283,S3-265966217,S3-893453858
S1-573265744	S3-854784808,S3-970109150
S1-634531466	S2-410937139,S2-716636566,S2-190208592,S2-926799216,S2-927175923,S3-470498146
S1-319258867	S2-570880714,S2-849490288,S3-391819382
S1-693815176	S2-567387051,S3-768434926,S3-19216770
S1-98422131	S2-634368054,S2-969265998,S3-937077696
S1-351694977	S2-266885283,S3-660133116
S1-815820812	S2-698962905,S2-882078427,S3-339889126,S3-890437473,S3-615421170
S1-965008684	S2-387379622,S2-1125067,S3-728576938
S1-900953590	S2-471303081,S3-700049941
S1-895071446	S2-532961027,S3-341637184,S3-48353720
S1-406211345	S2-481354342,S3-925772970
S1-773588481	S2-869082188,S3-818614209,S3-944017606
S1-328936054	S2-789942176,S3-891789180,S3-911375722,S3-185280305,S3-862044824
S1-523732579	S2-89275787,S2-924860012,S3-272156787,S3-672869394
S1-851435195	S2-540611899,S2-692959586,S2-200831901,S3-274811776
S1-403912662	S3-601154416,S3-169210411
S1-881135848	S2-773599028,S2-666424532,S2-775695419
S1-621099769	S2-940536841,S2-626816679,S3-557545242
S1-687038128	S3-477921837,S3-331687210
S1-594631366	S3-705669210,S3-444920819
S1-182440458	S2-27063517,S2-842929138,S3-968121831,S3-468585314
S1-991470784	S2-924140563,S3-268644562,S3-309584193
S1-29251532	S2-668212802,S2-425103610,S3-484330230,S3-230440127,S3-230338420
S1-587499017	S2-886949958,S3-458758589
S1-346198871	S2-924054883,S3-572229038,S3-18984100
S1-8090046	S2-841455243,S3-434481708,S3-930652568,S3-186645980
S1-259111477	
S1-601952752	S2-323797959,S2-225157007,S2-206038488,S3-394633987
S1-699757450	S2-543840280,S3-132649976,S3-613120452
S1-791807140	S2-729925997,S2-487917087,S2-117791254
S1-728807479	S2-877417058,S2-858019279,S2-136799480,S2-718316338,S3-383329701
S1-166054381	S2-142337743,S3-779181629,S3-579078511,S3-349100156
S1-311753208	S2-997457893,S2-357349425,S3-26607305
S1-559182554	S2-47552369,S2-766280587,S3-408687239
S1-996050074	S2-874203630,S2-855554493,S2-115481514,S2-709146652,S3-691691399
S1-656626904	S2-639881664,S3-470804124,S3-728400133
S1-469511631	S2-783091680,S2-476355267,S3-568734671,S3-859467457
S1-473032862	S3-350602565,S3-416780860,S3-314446984,S3-352003582
S1-330218733	S2-796765834,S2-311644192,S2-491871698,S3-366223567,S3-911936367
S1-168384972	S2-434277532,S2-428638704,S2-580793171,S3-533790019,S3-467356487,S3-873254551,S3-98886608
S1-88641792	S2-405796838,S2-414722934,S3-535981265,S3-991186592
S1-524484597	S2-643953255,S2-703212820,S3-8273409
S1-151440864	S3-513544778,S3-813044553
S1-80706559	S2-973105298,S3-587317135,S3-225550536,S3-93702271
S1-905601489	S2-387350975,S3-747092907
S1-307166095	S2-138696359,S2-660038996,S2-373141703,S2-321023867,S3-308932109,S3-509302268,S3-868372690
S1-35421030	S2-966569620,S3-23121289,S3-366035777
S1-510821867	S2-869047769,S2-292343887,S2-418850850,S3-985010310,S3-868651892,S3-38009755
S1-750784655	S2-896359420,S2-39930505,S3-296948579
S1-427987044	S2-499453414,S2-693245937,S2-909606,S2-971865820,S2-931277475,S3-989320877,S3-27306456,S3-140995877
S1-525452209	S2-851958381,S3-316428936
S1-193805295	S2-855913257,S3-707058984,S3-628390477,S3-735320855
S1-475671413	S2-570975919,S2-507228908,S2-541384010,S2-454057831,S2-715847919,S3-518469395,S3-830307491
S1-661083244	S2-705976496,S2-663423601,S2-761777496,S3-344867515
S1-681897702	S2-289617458,S2-983459442,S3-671576915,S3-120835699,S3-955139171
S1-254263570	S2-117613276,S2-158441241,S3-918025866,S3-777682496,S3-290197963,S3-18454586
S1-875467571	
S1-880198728	S2-601735677,S3-969202576,S3-995624368,S3-208196542
S1-960175697	
S1-82680852	S2-780992755,S2-545531527,S3-302721103,S3-506832550
S1-341585680	S2-565368944,S3-671309808
S1-531485617	S2-695619319
S1-118290465	S2-181445524,S3-281464814
S1-443999287	S2-503514419,S2-189887157,S2-16898967,S2-991444388,S3-697369216
S1-545197444	S2-998561065,S2-515116889,S3-703887408
S1-181136459	S2-779950577,S3-310856163,S3-16285833,S3-45255902,S3-768455788
S1-713309685	S2-892222901,S3-346188454
S1-548096296	S2-822449914,S2-222139802,S3-505958464
S1-372999912	S2-617041739,S3-524422961
S1-533895769	S3-812177253
S1-394931247	S3-527047751
S1-282283564	S2-119870994,S3-200267829,S3-128620212
S1-812623927	
S1-226601508	S2-75136888,S2-146797425,S3-169374253
S1-176181117	S2-507238061,S2-716175064,S2-400782602,S3-318971930,S3-521521161,S3-83082922
S1-890019258	S2-224186749,S2-76905370,S2-282479627,S2-918647299,S3-522092758,S3-296458935,S3-673347504,S3-483660748
S1-863216568	S2-649667899,S3-229385374,S3-424691379
S1-719813136	S2-859515169,S2-18119114,S3-722664105,S3-353750754
S1-648962005	S2-400493200,S3-600082721,S3-178988217,S3-983721275
S1-515766353	S2-686462780,S3-834824839,S3-713213586,S3-791268429,S3-497646807
S1-756664085	S2-113310621,S3-388112344,S3-121915227
S1-415281213	S2-462608386,S2-480203449,S3-605916549
S1-877434079	S2-992930174,S2-707413351,S2-563402608,S2-155342295
S1-337450152	S2-934986534,S2-224272558,S3-104252415
S1-60789490	S2-18904139,S3-57315487
S1-944853041	S2-206592765,S2-484718501,S3-631272415
S1-391531616	S2-979073398,S3-850624400,S3-537691667
S1-477813471	S2-43824315,S3-270087022,S3-86541745,S3-94414577
S1-903830077	
S1-163251426	S2-759664280,S3-574112488,S3-734635302,S3-441176134
S1-313418150	S2-177750020,S2-338626349,S2-949863011,S3-29903733,S3-198740875,S3-933041174,S3-621979909
S1-189107486	S2-435315978,S2-173050520,S2-54921034,S2-837324755,S3-231804588
S1-913455145	S2-872885335,S2-379632890,S2-35366553,S3-465757443,S3-768860380,S3-638910998,S3-256252554
S1-697853687	
S1-792538388	
S1-742182618	S2-813950803,S3-979011183,S3-759892459,S3-291295366
S1-984367032	
S1-597883271	S2-909267991,S2-479690530,S2-407890164,S2-495764288,S2-40112000,S3-140414846,S3-978192498
S1-79226620	S2-815268630,S2-356847067,S3-535417116,S3-962241211
S1-647751730	S2-194998186,S3-806171508
S1-957882562	S2-90488547,S2-141026774,S2-484977362,S2-612382476,S3-287619264
S1-9994066	S2-678793058,S2-452189048,S3-489539322,S3-513504779
S1-627530481	S2-888285717,S2-460259601,S2-512837684,S2-777039052,S2-585045245,S3-309449701,S3-399088613,S3-910068057,S3-364193274
S1-478708465	S2-412520868,S3-899553716
S1-114960502	S2-266140925,S2-971202295,S3-294933715
S1-764847309	S2-996796502,S2-284976135
S1-815505064	S2-625086529,S2-247511552,S3-187822789,S3-616007033,S3-14126048
S1-137629167	S2-40115630,S3-310935975,S3-700831014,S3-697665614,S3-537425550
S1-765222744	S2-358667904,S2-981273907,S3-421145829,S3-941313049
S1-353043825	S2-939657379,S3-319134622,S3-209892858
S1-426087654	S2-632453030,S2-889552368,S3-815128325,S3-640683897
S1-793774569	S2-326400459,S2-307404523,S3-677626921,S3-795114037
S1-764539372	S2-393336421,S2-303036779,S3-786272391,S3-317871775
S1-135018486	S2-61144882
S1-966435136	S2-210978406,S3-183085675,S3-432290756,S3-209063849
S1-37377298	S2-202580872,S2-188383374,S3-365268195
S1-680889170	S2-9727604,S3-19265826
S1-920680964	S2-544979950,S3-162226528
S1-702907077	S2-366575788,S2-184819287,S3-226260047
S1-8851021	S2-244111027,S3-934938519
S1-220865984	S2-81703763,S2-213270799,S2-48299858,S2-67426557,S3-783502015,S3-649793582
S1-658404736	S3-294021899,S3-764240756
S1-892659756	S2-773692321,S3-709167035
S1-505643236	S2-920848959,S2-103683258,S3-722231651,S3-151091370,S3-715680328
S1-488710264	S2-13417494,S3-430798994,S3-628011995,S3-78429865
S1-634536243	S2-324584151,S2-224941019,S3-662653598,S3-886952208,S3-84025039
S1-673403981	S2-209628022,S2-506727176,S2-484361243,S3-521532118,S3-620437043
S1-775571666	S2-351724051,S2-357997901,S3-238330185,S3-102879665
S1-165328876	S2-825749354,S3-72075904,S3-76875449
S1-389304014	S2-51940498,S3-321712083,S3-823080307,S3-734771960,S3-343567100,S3-779833247,S3-173848019
S1-648261863	
S1-629418540	S2-812516681,S3-587618445,S3-295471479,S3-335726703
S1-318556410	S2-84539309,S2-63322249,S2-308635121,S3-719214146,S3-520419776
S1-289521645	S2-630259795,S3-610721614,S3-63404633
S1-276794942	S2-236141210,S2-523961244,S3-36909928,S3-373770042
S1-103066113	S3-877646095,S3-371856297,S3-96898507,S3-614943757
S1-764935650	S3-740718649,S3-837543585,S3-246146975
S1-834904326	S2-437793577,S3-234919119,S3-727764822,S3-524855386,S3-133139286
S1-357476762	S2-914709438,S2-31971672,S2-885464102,S3-353304567,S3-997173547
S1-452242084	
S1-671474435	S2-470894531,S3-311179238
S1-901302115	S2-570640849,S2-910426628,S3-958406152
S1-713770546	S2-817367966,S3-976126869,S3-310700546
S1-96646400	S2-569421835,S3-507317971,S3-800369086,S3-179759978,S3-323504772
S1-563672889	S2-536856643,S2-212590222,S3-940132957,S3-215220728
S1-355768430	S2-132275027,S3-228677213,S3-756849874,S3-388719824,S3-890933389
S1-433971510	S2-745894179,S2-758251104,S2-354387949,S3-503563940
S1-871662020	S3-377627097,S3-731108232,S3-138444401
S1-672789456	S2-114575528,S2-700747807,S2-782390565,S3-100997182
S1-253899938	S2-903010834,S3-730735654,S3-766826780,S3-522314278
S1-396507258	S2-383264743,S2-273276500,S3-596849397
S1-951903151	S2-456076824,S3-91097766,S3-584493566
S1-997107522	S2-985552075,S2-342123573,S2-312051005,S2-62442711,S3-196644648,S3-593705464,S3-890933014,S3-504491926
S1-481031203	S2-284709930,S3-422884915
S1-575091797	S2-379224318,S2-775127660,S2-201871786,S3-535142943
S1-664042991	S2-263092271,S2-405501472
S1-345060893	S2-309446876,S3-608079389,S3-37050621,S3-305962682
S1-746671385	S2-830670262,S3-21779835,S3-670381602,S3-741645215
S1-922562676	S2-140685473,S3-466709480,S3-841360965
S1-513332230	S2-155048771,S2-302086498,S3-410662123,S3-96993216
S1-430248379	S3-310337611,S3-730672147,S3-779711281
S1-906000860	
S1-453649531	S2-732660537,S3-373559062,S3-23709109,S3-176034313,S3-836459931,S3-130744103
S1-601540251	S2-690729452,S2-456007853,S3-268455539,S3-629003708,S3-671968431
S1-35162123	S2-774579734,S2-328045211,S3-732762361,S3-553039098
S1-912032671	S2-153184296,S2-602903402,S2-704324913,S3-932096994
S1-738147217	S2-240085860,S3-644480017,S3-925825709,S3-5318893
S1-200237172	S2-411842911,S2-30703401,S2-594412688,S3-111465909,S3-202716969,S3-102781518,S3-411104300
S1-560344534	S2-14284642,S2-669899378
S1-112447030	S2-170067664,S3-758528597,S3-393923803
S1-436164386	S2-526079265,S3-920144643,S3-546268311
S1-910183478	S2-865001134,S3-973120037,S3-899208984
S1-154147183	S2-825318557,S2-645085939,S2-370982532,S3-560919670,S3-20206049,S3-197569200
S1-294741321	S3-459994320
S1-492456803	S2-482804897,S2-714780535,S3-266169630,S3-676553266
S1-83309763	S3-559912369,S3-905774727
S1-360413929	S2-91976297,S2-541552913,S3-502434536
S1-543646952	S2-219471965,S2-96644605,S3-94392772,S3-692461393
S1-751922923	S2-336226638
S1-163375044	S2-968119832,S3-454633938,S3-317278619
S1-923865367	S2-57566870,S2-759750815,S3-363845739
S1-204674748	S2-524376968,S3-713150738,S3-879564428,S3-105716086,S3-247786565
S1-913121521	S2-388807712,S3-848715745
S1-147825222	S2-404305662,S2-390379134,S2-97081138,S2-274670386,S3-84813754,S3-646827159,S3-683769690,S3-861401345
S1-158281076	S2-763485496,S2-629549557,S2-278689646,S2-234496996,S3-661412690
S1-259608588	S2-807302533,S2-259293943,S2-226275224,S3-6062939
S1-810954708	S2-96662618
S1-68203118	S2-623713898,S2-889194891,S3-358442181,S3-765595600,S3-103250027,S3-127996314
S1-347749340	S2-839235998,S3-884904146
S1-176194386	S2-91841726,S3-852822460
S1-822403281	S2-456972673,S3-923625322,S3-556863943,S3-112000320
S1-718232526	S2-270883505,S3-156665593,S3-227991042
S1-152260116	S2-883060312,S3-262237538
S1-564005155	S2-821109028,S2-106590379,S2-741690830
S1-196257012	S2-410790878,S3-37883299
S1-14351559	
S1-433742754	S2-550795994,S3-268508891,S3-785146449,S3-224121184
S1-974354349	S2-866355730,S2-930599953,S2-455337040,S3-333763066
S1-630190662	S2-640584555,S3-372870631
S1-523865291	S2-47484212,S2-383470682
S1-664908224	
S1-812984225	S2-460310004,S2-103556409,S2-830358670,S2-448274928,S3-272159754,S3-26302959
S1-897312000	S2-464305545,S3-829869368,S3-747012599
S1-973271972	S2-576822194
S1-737820891	S2-653278510,S2-95204509
S1-97678974	S2-889338843,S3-426542883,S3-574575013
S1-143663492	S2-388397182,S2-359729136,S2-777405885,S2-500767539,S3-693189409,S3-408456846,S3-363500733,S3-306585942
S1-307837236	S2-142815818,S3-583911256
S1-191687313	S2-968977904,S2-738788912,S3-785999771,S3-339289461
S1-481663412	S2-555495003,S2-258403678,S2-839376384,S3-14084478
S1-429779999	S2-576471739,S2-27042384,S2-185593056,S3-101298193,S3-974543184
S1-402795097	S2-538577703,S2-411602964,S3-303532213
S1-333186482	S2-44987535,S2-743381239,S3-25966783
S1-697661095	S2-430183807,S2-799130458,S2-615251626,S3-442614230,S3-656151039
S1-825604222	S2-552356745,S2-865496888,S3-643222181,S3-331334804
S1-294840519	S2-348234262,S3-791590492
S1-988481354	S2-433923526
S1-603547695	S2-724959819,S3-63233005,S3-609686322
S1-532726370	S2-428063025,S3-207187365
S1-921795813	S2-169426686,S2-793921734,S3-549653960
S1-453053069	S3-919873108,S3-188037693
S1-736094177	S2-335806877,S3-351214022,S3-840943786
S1-326245058	S2-591708016,S2-913215673,S3-273546879,S3-606867565
S1-539362253	S2-304662446,S3-840105298,S3-562947938
S1-502599400	S2-742876365,S3-490852708,S3-82950425,S3-691826787,S3-850309295
S1-345482323	S3-232098893,S3-877248143
S1-415261520	S3-657956824
S1-406265157	S2-1080018,S2-546533791,S2-623384181,S3-283925480,S3-725777023,S3-994292654,S3-673522034,S3-723484323
S1-668589220	S2-225866286,S2-318646158,S2-15794915,S3-444607572,S3-619757265,S3-826944667
S1-494939055	S2-782509549,S2-534296171,S3-708187725
S1-24103865	S2-611633062,S3-946191585,S3-255635058,S3-168374913
S1-487204231	S2-903699561,S3-235443760
S1-914847760	S2-44144827,S2-174313246,S3-923100531
S1-298414761	S2-524472399,S2-763291011,S3-481579426,S3-761214018,S3-436731403,S3-356373854,S3-371136156
S1-28492603	S2-224564498,S3-987764350,S3-736140346
S1-95980037	S2-233333918,S2-790460132,S3-286360707,S3-259086503
S1-403648357	S2-762929512,S2-988957735,S2-381737323,S3-966352779
S1-867945156	S2-523201183,S2-824004594,S2-876614081
S1-553794100	S2-356593540,S3-165641544,S3-382209466,S3-153380297
S1-639020078	S2-974923233
S1-327958976	S2-99365545,S3-230692822,S3-502587559,S3-400460769
S1-145025455	S2-253696177,S3-957214482
S1-825427091	S2-514328386,S3-789385850,S3-51736538
S1-259061077	S2-57942499,S3-270158927,S3-109174264
S1-961161373	S2-509562990,S2-430950848,S2-506105903,S3-298526616
S1-712118499	S2-57299189,S3-831513657,S3-446049566,S3-667320171
S1-861718481	S2-209146295,S3-313676651,S3-932470466,S3-928307778
S1-422093804	S2-475304776,S2-315430089,S2-781845646,S3-826498996
S1-461453249	S2-308579076,S2-720108946,S3-58144355
S1-877284807	S2-259714239,S3-914825792
S1-753874975	S2-990664890,S2-988558744,S2-30989044,S2-316500061,S3-549450210
S1-210739395	S2-172020283,S2-56150281,S3-369300460
S1-575299030	S2-606951259,S3-619255531
S1-944629747	S2-204515908,S2-543145118,S3-548199280,S3-584282268
S1-963082885	S2-620024777,S3-980189782
S1-445922487	S3-385206946,S3-690091512
S1-344924570	S2-39919578,S2-670742621,S2-413770098,S3-654859607,S3-886892560
S1-993501749	S2-894603542,S3-25472150
S1-678448191	S2-162755114,S3-836369459,S3-600160031
S1-479426780	S2-188384442,S2-644089326,S3-536733,S3-369496915,S3-43992945
S1-823177878	S2-780442289,S2-556191742,S3-48111894
S1-275081563	S2-37988710,S2-334257296,S3-299041164,S3-749647194
S1-295940399	S2-843008292,S3-480125653,S3-274194288
S1-521433794	S3-774879324,S3-119508899
S1-63051023	S3-426493955,S3-533462545,S3-275305647,S3-211257318
S1-485237378	S2-555439836,S2-409997262,S2-658936863,S3-762774446,S3-856475804
S1-909925765	S2-124524566,S3-47964694,S3-984302616
S1-468181586	S2-841458373,S2-681117834,S3-469171710,S3-773272829
S1-352435915	S2-73306705,S2-146784086,S3-305058728,S3-267956777,S3-422370856
S1-115680863	S2-952355644,S3-183936961,S3-831993005
S1-482959405	S2-368134761,S2-416003708,S3-765879433,S3-399413773
S1-979938415	S2-943445184,S3-404423027
S1-466564786	S2-695941506,S3-863140788
S1-589198044	S2-193486897,S3-442786079,S3-917781290
S1-150590818	S2-213211722,S3-40311661
S1-508200760	S2-993223162,S2-949945084,S2-973979082,S3-748690840
S1-6203726	S2-549130014,S3-551373239,S3-284627894
S1-788687567	S2-284485513,S3-302527742,S3-514122782
S1-5985280	S2-712592559,S2-827188874
S1-736911114	S2-18224720,S2-244912671,S3-297670315
S1-194961758	S2-541851215,S2-737303534,S2-370591152,S2-624671371,S3-908774062,S3-249403884
S1-492194060	S2-269733473,S2-736773802,S2-968354712,S3-990509220
S1-223255290	S2-310747660,S2-393435873,S3-19398909,S3-987242109
S1-566102218	S3-939683576,S3-247952860
S1-953467291	S2-769630164,S3-37426928
S1-449663387	
S1-445491750	S2-549207285,S3-494725109,S3-630449663,S3-675465076,S3-891859367
S1-813723642	S2-330458657,S2-922209089,S2-215324023,S3-213927883,S3-449922527
S1-809232430	S3-594459743,S3-528232694
S1-961884946	S2-556571314,S2-562858208,S2-738429070,S2-833480556,S3-865328220,S3-947089276,S3-652088018
S1-473226283	S2-672852292,S2-25770179,S3-963713089,S3-192157624,S3-378337811
S1-367014327	S2-742138358,S2-910938690,S3-217356804
S1-74376483	S2-504900874,S2-521262394,S2-798325598,S2-427177807,S3-27946301,S3-105534326,S3-55155793
S1-285842810	S2-67695675,S3-690538798
S1-510919858	S3-913887904
S1-183507955	S2-182885998,S2-238052081,S3-152390906,S3-448545928
S1-60865071	S2-412430472,S2-472649582,S2-445672982
S1-737307771	S2-417706170,S3-964552578,S3-710115549,S3-540908144,S3-320380729
S1-213873095	S2-865503207,S3-820142939
S1-906082970	S2-807850821,S2-43420793,S2-461797342,S3-184992199
S1-746387593	S2-902083451,S2-683601524,S3-693964776,S3-737038579,S3-39979774
S1-798331219	S2-120897222,S3-381406695,S3-910103968
S1-535024050	S3-953191547
S1-667588190	S2-862969808,S2-422920766,S2-481069010,S3-473422208,S3-762227641,S3-277605134,S3-879650264
S1-813841690	S2-747391187,S2-933065419,S3-41683429,S3-589774775,S3-309537622
S1-213231096	
S1-698206826	S2-863951546,S3-906194578
S1-731905469	
S1-307889949	S2-456720994,S3-715009902
S1-967294867	S2-161667937,S3-748008679,S3-811605554,S3-983961928
S1-979822939	S2-429714982,S3-835263113,S3-899699177,S3-826064198,S3-859363314
S1-953361747	S2-270861175,S2-289287968,S2-898048247,S2-311274396,S3-433204888,S3-639316073,S3-152008281,S3-49258488,S3-378704114
S1-386488066	S2-352265498,S3-122871094,S3-534531069
S1-587166697	S2-468535204,S2-192232080,S2-827230534,S3-1778265,S3-71729567
S1-681030652	S2-131533392,S2-951041671,S3-481700204,S3-642557514,S3-727000955
S1-222354108	S2-445660104,S3-700754062
S1-189591152	S2-314692301,S3-734337926
S1-384818431	S2-637939417,S2-868478852,S2-257337335,S2-105357331,S3-688107906,S3-601157145
S1-68782389	S2-502275628,S3-126423718
S1-70083188	S2-407171411,S3-998664412,S3-865708972
S1-315578373	S2-145048170,S3-887967472
S1-428120173	S2-612145592,S2-305010939,S3-788061651
S1-7238178	S2-373633408,S2-315147281,S2-59238354,S3-293234057,S3-1056864,S3-22956746
S1-13419081	S2-264180719,S3-76924304
S1-780079838	S2-326181207,S2-320792379,S3-211345381,S3-336940163
S1-794327522	S2-343822447,S2-327689229,S2-738670428,S3-390102373,S3-95780892,S3-467315802,S3-515931637
S1-836659602	S2-515273513,S2-298841626
S1-449421702	S2-657442401,S3-42570461,S3-183653036
S1-452725466	S2-474945410,S3-550964288,S3-315790498
S1-462795874	S2-119742810,S2-498493239,S2-798871477,S3-794005940
S1-925560897	S2-881319424,S3-195284860
S1-24183312	S2-457946379,S2-363527877,S3-833123313,S3-113732647,S3-858682148
S1-625444436	S2-264542553,S3-783408732,S3-475574661,S3-251131140
S1-471429375	S2-699635014,S2-352627962,S3-126097885,S3-3332488
S1-523975283	S2-898062320,S2-634686196,S3-204454568,S3-482853515
S1-203558491	S2-453188168,S2-80537674,S3-445024599
S1-397640583	S2-682551827,S2-823153078,S3-404916851
S1-506273951	S3-488304588
S1-192457992	S2-962214130,S2-888775667,S2-485979128,S2-255126271,S3-552003596,S3-683816573
S1-441069631	S2-336087762,S3-406786907,S3-212283954,S3-229712745
S1-595089479	S3-738076724
S1-879887777	S2-990406069,S2-380316773,S3-91016672
S1-45314528	S2-923298656,S3-190223895,S3-832991266,S3-917967615
S1-9139280	S2-497730517,S3-968154575,S3-985811298
S1-836574936	S2-360040163,S3-530515892,S3-459123494,S3-763941984,S3-357646741
S1-597416485	S2-234160115,S3-183539076,S3-1886093
S1-532243335	S2-782759284,S2-112078843,S3-484325248
S1-403768695	S2-3338740,S3-447910640,S3-732605629
S1-256973779	S2-489344001,S2-528382025,S3-193713970,S3-726562031
S1-566537339	S2-625551296,S3-470987035,S3-756897174
S1-272855529	S2-289108946,S3-432985845,S3-32166632
S1-302583682	S2-957535976,S2-357669291,S3-533338555
S1-454253121	S2-106587514,S3-657576649
S1-885189484	S2-599571092,S3-572661526,S3-946530210,S3-152215596
S1-138977437	S2-652223115,S2-4834224,S3-481766269,S3-119773285,S3-93831450
S1-825331896	S2-427134422,S2-388651178,S3-556695877,S3-805570762,S3-883725070
S1-367500192	S2-459652455,S3-200523369,S3-253277455
S1-922137559	
S1-912692140	S2-895111276,S2-660932036,S2-113642199,S3-924343898,S3-738329257
S1-583264064	S2-120831894,S2-147114378,S2-618536065,S2-35428682,S3-354460055
S1-1513128	S2-546027496,S2-182781592,S3-668423857,S3-227866194
S1-996762267	S2-946872610,S3-188634083,S3-589757863,S3-787038810
S1-288980259	S2-140381228,S3-84671972,S3-149491291
S1-570282434	S2-315105603,S2-855856109,S2-144981933
S1-964963818	S2-760983750,S3-802523957,S3-246336279,S3-401064644,S3-37195856,S3-425032797
S1-97187991	S2-340442348,S2-274596781,S2-608803602,S3-269990553,S3-409054916,S3-397966330
S1-849763563	
S1-980819342	S2-553660846,S3-739153235,S3-983240771
S1-491232758	S3-624434925,S3-786051690
S1-128728739	S2-152948537
S1-569210829	S3-978651626
S1-641473945	S2-38226061,S3-446749534,S3-290516269
S1-690165765	S2-116613250,S3-183516577,S3-169115446,S3-415977068
S1-749322819	S2-118857945
S1-796633767	S2-928909103,S2-673593581,S3-910385622
S1-972300594	
S1-390304708	S2-183399583,S3-356668501
S1-112218030	S2-185938697,S2-72794654,S2-30470983,S3-692335552
S1-587370382	S2-331661381
S1-161081496	
S1-113396041	S2-507059086,S3-550062067,S3-970981793
S1-420530076	S2-974149925,S2-753261877,S2-364410495,S2-511672906,S3-281349624,S3-77891087
S1-780696483	S2-663368116,S2-701986339,S3-61584393
S1-786608989	
S1-171810901	S2-191889567,S2-157543905,S2-78598092,S3-706008043,S3-906931269,S3-27288294
S1-652559438	S2-331219716,S3-444765569,S3-612221497,S3-981406135,S3-391765998
S1-911280877	
S1-735318731	S2-121087357,S3-804247872
S1-250180384	S2-839725868,S3-481210570
S1-946487792	S2-410536562,S2-695190696,S2-157874974,S3-35595795,S3-955881241,S3-544036786
S1-660979475	S2-142659864,S2-611854409,S2-287408984,S3-40710759
S1-115864368	
S1-922659438	S2-129492527,S3-233642951
S1-94458177	S2-368589581,S3-772272861,S3-22504317,S3-84166368
S1-300445777	S2-324005128,S2-525080852,S3-475924722
S1-590997006	S2-395870697,S2-125070294
S1-365366757	S2-338961033,S3-516446915
S1-503207768	S2-317985957,S2-978959869,S3-65833806
S1-937252114	S2-93263112,S2-480887743,S2-91747085,S3-413423676
S1-733621837	S2-456243929,S2-992415310,S2-16405299,S2-675137987,S3-829034622,S3-923747853
S1-848658678	S2-981445137,S3-469632179
S1-291862973	S3-924102030,S3-627430984
S1-399960307	S2-22930686,S2-62004357,S3-602265165
S1-674464827	S2-300176293,S2-332350275,S3-900561178
S1-175206449	S3-628509296
S1-527242999	S2-704587497,S2-330016938,S3-224862985,S3-621597045
S1-800119748	S2-921536095,S3-245094674,S3-37356773
S1-394725205	S2-784074862,S2-993482159,S3-281139565,S3-939796425
S1-108932776	S2-878045706,S2-480305885,S3-103963647
S1-982767100	S2-174553655,S2-594876459,S2-938370325,S2-742405330,S3-790851106,S3-957478038
S1-254479642	S2-787343915,S3-278982359,S3-962418062,S3-586599336,S3-387628751
S1-592618912	S2-748247725,S3-602706702
S1-534516381	
S1-16557837	S2-869364796,S3-663721986
S1-126061906	S2-6962027,S3-338863012,S3-892073484
S1-205908021	S2-884435569,S3-899551871,S3-54286922,S3-409065848
S1-461331135	S2-682365081,S2-246224658,S3-692545463
S1-255986124	S2-744781594,S3-234674141
S1-648496133	S2-181351885,S2-378710281,S3-408052432
S1-474612301	S2-619692320,S3-220923522,S3-869238906
S1-619233768	S2-973761732,S2-26145102,S2-581685829,S3-143165214,S3-899190244,S3-754736681
S1-946909922	S2-164516640,S2-306649791,S3-617012206,S3-712157375,S3-943815112
S1-486199691	S2-807238297,S3-648833135
S1-419767988	S2-410361557,S3-156918166,S3-133404421
S1-6164889	S2-430825761,S2-3766771,S2-745926940,S3-340727278,S3-673693534,S3-968263651,S3-550191539
S1-486614627	S2-338091124,S2-62085441,S3-231898909
S1-685303873	S2-518830611,S2-196076474,S3-985234134,S3-879013394
S1-346929119	S2-61138680,S2-64141877,S2-24712840,S3-790392809,S3-23488223
S1-936668264	S2-447006462,S2-115054295,S3-460971738,S3-621092962,S3-11481600
S1-493406649	S2-945542192,S2-335880025,S3-734775348
S1-918330984	S3-846872157,S3-940381449
S1-588217427	S2-802798324,S2-785226417,S3-566528031,S3-509359032,S3-340884937,S3-783593288
S1-199129513	
S1-881309625	S2-130362100,S3-428777574,S3-80698029
S1-396964732	S2-861425398,S3-725443685,S3-160255196,S3-87832089,S3-30666690
S1-443575686	S2-180792946,S2-19960563,S2-239483044,S3-264932148,S3-523941351,S3-168948106
S1-563666730	S2-649063056,S3-93150434,S3-338908990,S3-598365028,S3-804659479
S1-323635266	S2-428876216,S2-247221661,S3-51325212,S3-459072899
S1-404000997	S2-84246366,S2-804126155,S2-182213220,S3-462416945
S1-652761634	S2-592820965,S3-589783918,S3-997340398,S3-790070235
S1-839368055	S2-861754717,S2-871594215,S3-141982175
S1-582901854	S2-619715483,S2-703545855,S3-300888926,S3-511097160
S1-152654366	S2-977451725,S3-380811475
S1-384506234	S2-709919732,S3-331921329,S3-440232154
S1-442873418	S2-288616990,S2-390751239,S3-331245927,S3-374318815
S1-395078221	S2-906610372,S3-960470606,S3-393966949
S1-26156137	S2-172271306,S3-942637410,S3-847232993
S1-246153273	S2-683135484,S2-443546602
S1-183025170	S3-615087314,S3-457914935,S3-488432040
S1-666880173	S2-365515861,S3-24801616,S3-353135772
S1-480652994	S2-591317629,S2-216583320,S3-301202709
S1-851355765	S2-324433398,S3-767337045
S1-71833208	S2-274340557,S3-948676708,S3-365269543
S1-129102595	S2-207772285,S3-698466740
S1-798284874	S2-878518591,S2-61889332
S1-619954501	S2-59035931,S2-146284351,S3-252748263,S3-98273425
S1-921768645	S2-205273590,S2-555057371,S2-266766919,S3-927107495,S3-344385456
S1-281540676	S2-744878546,S2-149614245,S3-883693570,S3-807956160,S3-531371056
S1-746137932	S2-986990562,S2-478381855,S3-645065300
S1-113583146	S2-454090862,S3-855071862,S3-550533746
S1-678156229	S2-175690001,S2-383072792,S3-920595514,S3-859961228
S1-505127039	
S1-343120688	
S1-873223403	S2-465402491,S3-899873385,S3-390292905,S3-115483568,S3-184654393
S1-817321865	S2-220187537,S3-159030638
S1-944132320	S2-650179901,S2-417292868,S2-689173792
S1-91273096	S2-709656271,S2-539399811,S2-492580706,S3-280227234
S1-547721984	S2-87402791,S3-149554141,S3-391306055
S1-11586688	S2-72177323,S2-519905022,S3-16209727,S3-43436595
S1-852015450	
S1-857813497	S2-847881422,S3-386815550
S1-813740518	S2-463310035,S2-747255080,S3-382571386,S3-920613118
S1-987092443	S2-872266646,S3-778593944
S1-257569492	S2-346255889,S2-284081019,S2-505125578
S1-976128811	S2-640965082,S3-2832783,S3-720923160,S3-975471979,S3-56568394
S1-140770291	S2-433306855,S2-920379793,S3-684106070
S1-581548034	S2-302470867,S3-303700834
S1-631540586	S2-837377228
S1-953181297	S2-324905367,S2-392169935,S3-757253894
S1-906760573	S2-381983851,S3-707631830,S3-175010933,S3-611719622
S1-70480411	S2-817721727,S2-197697467,S3-597361011,S3-267270494,S3-453666554
S1-848773687	S2-644541070,S2-676048710,S2-687186573,S3-404969920,S3-535042579
S1-711971688	S3-83516130
S1-467101030	S2-707983723,S2-244394098,S3-196870034
S1-983309723	S2-363351992,S3-706341707
S1-432583781	S2-155012740,S2-562986329,S3-876826216,S3-874151253
S1-852554048	S2-966904965,S3-179511296,S3-619180729
S1-534896803	S2-53299584,S3-105390431,S3-429474166
S1-97805450	S2-910480909,S3-476707664,S3-769095654,S3-266590254,S3-963689099,S3-902500491
S1-824199169	S2-88856176,S2-473525727,S2-741412066,S3-662384369,S3-69295756
S1-19649475	S2-405801454,S3-622266116,S3-127375358,S3-976489516,S3-693665460
S1-688824892	S2-245267137,S2-998884131,S3-861619870
S1-680278355	S2-744948613,S2-755366849,S3-5811498
S1-105845047	S2-603391687,S2-664800630,S3-753469070,S3-459674656
S1-229190709	
S1-64679468	S2-912935666,S2-427538660,S2-377726850,S2-379716912,S3-848085300
S1-907307976	S2-283523545,S2-973944391,S3-673925925,S3-284547792
S1-277963909	S2-853402287,S3-921590094,S3-289503736
S1-607295565	S2-836324522,S3-354861598
S1-434692960	S2-643370193,S2-24769883,S2-87859284,S3-76797905,S3-77564542
S1-877491121	S2-725178274,S3-685530032,S3-610537291
S1-679805440	S2-249846904,S3-347730736,S3-848372235,S3-295720884,S3-626771307
S1-383026523	S3-46768242
S1-886655066	S2-748494064,S3-33119923,S3-279754329,S3-727055878,S3-621480972
S1-334396709	S2-419024890,S2-370080938,S3-381611991,S3-952944697
S1-607680991	S2-689077005,S3-14601928
S1-661893330	S2-601984535,S3-65850776,S3-449973975
S1-918052349	S2-518681708,S3-577171074
S1-548758972	S2-564697123,S3-307185082
S1-391687714	S3-535008666,S3-506769686
S1-570300035	S2-627749705,S3-518035213
S1-597684563	S2-72678481,S3-878018712,S3-213605345
S1-602704013	S2-984966159,S3-871057874
S1-260596858	S2-632583830,S3-329515140,S3-841396847
S1-851284736	S2-833078801,S2-830973435,S2-542997001,S3-799623437
S1-422810096	S2-680774186,S2-159280640,S3-103699629
S1-950847941	S2-96123724,S2-880736267,S2-791669459,S3-757508401
S1-732877253	S2-958421860,S2-178260904,S2-799358118,S3-64773118,S3-696287705,S3-379094666
S1-847310343	
S1-419614055	S2-530111209,S2-854834596,S2-354480381,S3-585341471,S3-378413243,S3-887613232,S3-195386190
S1-153495462	S2-978112839,S2-973174801
S1-233348469	S2-918902389,S3-251799770,S3-906095753
S1-967599347	S2-681504045,S3-972968923
S1-107466872	S2-622426742,S3-721243200,S3-674120942
S1-769238430	S3-12656771,S3-671194704
S1-442778351	S2-534368982,S2-516117423,S2-746327689,S3-595880931,S3-712519860
S1-25737921	S2-117285840,S3-197742074,S3-558403646
S1-54061303	S2-55159857,S3-852972974,S3-197354928,S3-71395137,S3-512062348
S1-947629649	S2-312766241,S2-846316493,S2-683902165,S3-448231212
S1-867309783	S2-477791644,S3-967330639
S1-743012951	S2-882458653,S2-153812900,S3-102788430,S3-677395505,S3-206974582
S1-848047440	S2-1390066,S3-246928324
S1-172871734	S2-696916219,S3-252014012,S3-370411376,S3-904824455
S1-218934541	S2-763570807,S2-727908181,S2-239700691,S3-816057024,S3-692198354,S3-520757352,S3-108727013
S1-910171848	S2-355251135,S2-902297403,S3-840561223
S1-111655175	S2-102250514,S3-399523588
S1-903799166	S2-184877894,S2-801808223,S3-911875384
S1-182741577	S2-472209783,S3-485285381,S3-977277218
S1-965433090	S2-268385449,S3-794009032,S3-505137058
S1-601750936	S2-21793228,S3-427524365,S3-181112361
S1-128371212	S2-784157754,S2-606849229,S2-418020551,S3-159587196,S3-155779925,S3-620770492,S3-840915500
S1-268724123	S2-619609466,S3-454575789,S3-212964401
S1-282191348	S2-509823327,S2-967746368,S2-247081663,S3-384068672,S3-876830919,S3-98856213
S1-863839366	S2-710789175,S2-821043800,S2-709914445,S2-490846692,S3-188074214
S1-693824391	S2-505256351,S2-719455615,S3-179868286,S3-730136785
S1-328047827	S2-770931838,S3-554568284
S1-959397524	S2-37665049,S2-924324628,S2-239665486,S3-290807333
S1-80349054	S2-59107339,S3-697332369,S3-398689421,S3-720610334,S3-933065447,S3-291107324
S1-446579873	S2-431742944,S2-674055644,S3-156176124,S3-768779809
S1-544945401	S2-216943848,S3-927416065,S3-131266558
S1-282372935	
S1-187953122	
S1-840325386	S2-89248422,S3-976948908,S3-364776587
S1-414718421	S2-427196661,S2-279998200,S3-30615228
S1-55927935	S3-455775090,S3-194184211
S1-717880706	S2-15880780,S2-933485075,S2-277868463,S2-743669591,S3-621737837
S1-996067635	S2-412522847,S2-377458860,S3-800641718,S3-765178526,S3-491968735
S1-205796293	S2-422471608,S3-815567197
S1-422220527	S2-976285732,S2-60763121,S3-507254587,S3-795372743
S1-137272785	S3-214980590,S3-277172448
S1-245234128	
S1-914213662	S2-487755687,S3-810280467
S1-293345235	S2-134776809,S2-385625944,S2-908270806,S3-761580433,S3-349018476
S1-946834579	S2-212911990,S2-844011318
S1-278723982	S2-459331625,S2-235483793,S2-370510380,S2-49798700
S1-325507054	S3-644390055,S3-859374995
S1-908039364	S3-738612037
S1-765370620	S2-504060258,S2-916778640,S3-383029905
S1-992592753	S2-23493866,S3-817603183
S1-640446643	S2-413445024,S2-666584066,S3-457584490,S3-350679222
S1-823397696	S2-890138867,S2-328191225,S3-371918128,S3-778168605
S1-860138594	S2-977799819,S2-906791884,S2-268209407,S3-336798433
S1-454092103	S2-463850142,S3-16233502,S3-173373662
S1-977783325	S2-426363885,S2-674808636,S2-343308179,S2-670226423,S3-314325967,S3-944692671
S1-907645993	S2-123344806,S2-134278765,S3-636282707,S3-391288363,S3-221576346,S3-427482009
S1-764038819	S3-96028232,S3-44118074
S1-554387616	S2-533590104,S2-276176623,S2-855396158,S3-356930608,S3-398378194,S3-495545630,S3-31421923
S1-907147631	S2-911726565
S1-377833532	S3-447926193
S1-268872128	S2-408946576,S2-167060866,S2-94568005,S3-925120701
S1-530769350	S2-824830464,S3-310620716,S3-314927961
S1-467196467	S2-857110969,S2-507138661,S2-131277184,S3-59652096,S3-870517079
S1-730079912	S2-977491305,S2-946301506,S3-149336737
S1-749826278	S2-291048791
S1-69294114	
S1-155684533	S2-903140367,S3-449361171,S3-366877495
S1-322646249	S2-176708529,S3-721664598,S3-864111928
S1-450483598	S2-597369117,S2-751582957,S3-96708537
S1-449259051	S2-258354427,S2-484721654
S1-846208528	S2-119277821,S2-371795599,S3-332319533,S3-596405281,S3-104684459
S1-331067558	S2-680505767,S2-93573573,S3-103228837,S3-686501979
S1-89492820	S3-196485544
S1-763738561	S2-101688878,S2-648033200,S3-158376871,S3-260584675,S3-550032876,S3-942467849
S1-636521996	S2-278711054,S2-67645734,S3-733868472
S1-684537720	S2-233554476,S2-158866241,S2-100510081,S2-447484432,S3-468024954
S1-15420735	S2-621719540
S1-434768309	S2-171470577,S2-84076732,S3-173567204,S3-944531656,S3-260406276
S1-411412365	S2-294414476,S2-828407643,S3-726714005
S1-675050859	
S1-831796458	S2-893582706,S3-808662511,S3-833762584
S1-507937064	S2-345795892,S2-453904550,S3-91917183
S1-137257982	S2-366894503,S3-536170075
S1-726076423	S2-765434575,S2-490908057,S3-201821522,S3-3214554,S3-358902687,S3-156158207
S1-812614302	S2-456200479,S3-973071476
S1-669766686	S2-20630520,S3-134702171
S1-559002062	S2-735889482,S2-420729869
S1-342750841	S2-498105879,S2-778643640,S3-561972533
S1-564473727	S2-693815919,S3-329024642
S1-916026518	S2-545307546,S2-650853010,S3-648838476
S1-950946965	S2-282318140,S2-256578589,S2-178785146,S2-730194585
S1-325189321	S2-899138610,S2-807725061,S3-664677876,S3-916719050
S1-234136813	S2-495031975,S3-978732483
S1-620156134	S2-151911407,S3-298718905
S1-382310439	S2-670752097,S2-585584772,S3-650575484
S1-216421166	
S1-500545518	S2-551635180,S2-794912038,S2-352560339,S3-567392004,S3-41384248
S1-147531129	S2-25871513,S3-963793298,S3-106797188,S3-647867088
S1-721040108	S2-8701785,S2-103904117,S3-42967601
S1-131742121	S2-461649849,S2-178352208,S3-237712852,S3-858311624
S1-848938974	S2-125660681,S3-374153473
S1-951791329	S2-38644230,S3-310201785
S1-489668162	S2-482157998,S2-440548440,S2-236443389,S3-422302862,S3-855700396,S3-339766552
S1-960313818	S2-198149060,S2-662117683,S3-219351401,S3-570682146,S3-521412214
S1-245944144	S2-321288584,S2-801908160,S2-560969709,S2-471570598,S3-406492414,S3-339332060
S1-733315894	S2-345371426,S2-638986628,S3-29746938,S3-264697176,S3-38242424
S1-782117974	S2-958853558,S3-875026267,S3-972966052,S3-396894865,S3-656192864,S3-75057159
S1-864542229	S2-486376463,S3-924985104,S3-141685480,S3-433389235
S1-123885966	S2-57224844,S3-66755361,S3-586795801,S3-601356076
S1-83399881	
S1-576211307	S2-909126121,S3-93693125
S1-136558519	S2-135260200,S3-494203628,S3-703481228
S1-282716065	S2-84520646,S2-557604860,S3-499324088
S1-561013552	S2-104031259,S2-690553988,S2-674991513,S2-396807678,S2-172925279,S3-879176039,S3-988945777,S3-986842093
S1-840876220	S2-197226198,S3-567885895,S3-376425531
S1-260276940	S2-617174508,S2-686459299,S2-786770475,S3-502583728,S3-924262479
S1-1134650	S2-689985275,S2-40225707,S3-514384420,S3-209451674,S3-918757172,S3-87128163
S1-210111105	S2-274916570,S2-715486125,S2-91051243,S2-506176122,S3-535734126,S3-476239428
S1-380980825	S3-368057558
S1-436518100	S2-503169915,S3-270226700
S1-86912701	S2-472487032,S3-176010830,S3-91202040
S1-827990450	S2-358610771,S2-449655794,S3-879288859
S1-467818358	S2-157535469,S3-784534531,S3-710677025
S1-824236166	S2-597605200,S3-415385149,S3-994398330
S1-570871555	S2-979358304,S2-756329820,S3-191764006,S3-454162206,S3-126014917,S3-602762556,S3-761219806
S1-300854306	S2-865302979,S3-936418556,S3-333707653,S3-769857519,S3-545630400
S1-451536566	S3-862685717,S3-242477680
S1-378071746	
S1-404266700	S2-555959992,S2-259277010,S2-944825933,S2-133675778,S3-948305562
S1-539510809	S2-679359855,S3-708850433,S3-800598199
S1-675173574	S2-892333991,S2-429866842,S2-583529939,S3-407580259,S3-317000883,S3-27599484
S1-971855454	S2-765377324,S2-616189704,S3-10455952,S3-586945654,S3-155066238
S1-447653081	S2-542850777,S3-724774750,S3-951458921,S3-932158776
S1-454162798	S2-294336948,S3-637460006,S3-27039357
S1-500741353	S2-213534948,S2-951804553,S2-221122921,S3-286754969
S1-469558580	S2-75019014,S2-652389338,S3-895680948,S3-646863835
S1-908826050	S2-550808225,S3-956885470
S1-923826096	
S1-729862069	S2-883748550,S3-18448442,S3-618726980
S1-909553921	S2-530730435,S2-700264257,S3-841420145,S3-964432845
S1-780219973	S2-489085209
S1-454591584	S2-504942597,S2-596146744,S2-320249427,S2-185848061,S3-277056112
S1-874815623	S2-672951274
S1-899834877	S2-510106502,S3-812815390,S3-357274181
S1-702100445	S2-941041021,S3-203791186
S1-700463890	S2-889183708
S1-614104403	S2-456032466,S2-116467928,S2-563256120,S3-421879254
S1-575179514	S2-215162787,S2-533683799,S2-501295484,S2-574429121,S2-539277637,S3-919864450
S1-220624069	S2-837146055,S2-754109148,S3-811790048,S3-195866066
S1-989202611	S2-854044958,S2-403677246,S2-151632995,S2-8625245,S2-891576542,S3-487022983,S3-869269573
S1-500844154	S2-827509812,S2-14746461,S2-231829594,S2-107050369,S3-725166432,S3-105592315
S1-379459066	S2-609215228,S2-332381198,S2-299879392,S2-990673720,S3-570931680,S3-600111324
S1-963278693	S2-696674967,S3-482385832,S3-277859548
S1-60302450	S2-739925159,S2-466365258,S3-761396278
S1-950863258	S2-277199942,S3-566444022
S1-2400706	S2-399339214,S2-504509721,S2-889288013,S3-427870482
S1-781247039	S2-364480746,S2-801130533,S3-893801559,S3-475534978,S3-234202464
S1-403939894	S2-456037159,S3-815215043,S3-846311182,S3-701437974,S3-663042947
S1-678053573	S2-532225903,S2-911167381,S2-769911569,S3-184591493,S3-188534183,S3-70958100
S1-87678216	S2-301234230,S3-70102534,S3-789095805
S1-126632599	S2-258190541,S3-557145046
S1-58848070	S2-491273616,S2-244744741,S3-300603207,S3-993244802
S1-831260831	S2-866026631,S2-932004536,S2-283140995,S3-277500995,S3-50840255,S3-890950184,S3-72193073
S1-716120486	S2-34459638,S3-440403175,S3-925919936
S1-953892077	S2-919484424,S2-89897446,S3-654083239,S3-702387731,S3-482646660
S1-821394358	S2-905320634,S2-514274884,S2-393598252,S3-161492836,S3-765101968,S3-708543256,S3-10685980
S1-334991497	S2-907614066,S2-917336411,S2-177469605,S2-398569838
S1-939320488	S3-924430679,S3-794801573
S1-888352582	
S1-716358716	S2-368145864,S2-801046849,S2-84998793,S3-648674534
S1-827195209	S2-44322485,S3-713142579,S3-229880793,S3-621953463
S1-617353313	S2-237405416,S2-973969135,S3-241910068,S3-280512611
S1-550288473	S2-162796735,S2-287541093,S2-855034875,S2-951152241,S3-33949097,S3-737872792
S1-805824791	S2-334252721,S3-606951755,S3-453578222,S3-478664125
S1-156043061	S2-60023625,S2-909377309,S2-336761416,S2-923435227,S3-952887208,S3-40874387
S1-808093906	S2-995652863,S2-924243560,S3-431734330,S3-243507741,S3-278544162
S1-874265392	
S1-435770695	
S1-77746613	S2-606217514,S3-160735233
S1-896658868	S2-888115585,S2-149006449,S2-76993511,S2-272738849,S3-878173708
S1-135216208	
S1-48422409	S2-972690750,S3-486087343
S1-998885833	S2-574458909,S2-632139348,S2-216255771,S2-119045115,S3-369990325,S3-82360368,S3-896889469
S1-315321774	S3-786368861
S1-234811766	S2-428439503,S3-591313376,S3-84540688,S3-248006842
S1-613157215	S2-427779685,S3-375117819,S3-989476161
S1-972951626	S2-579317403,S2-702060159,S3-177174795,S3-410550163
S1-163954608	S2-152813345,S2-166447149,S3-847742890,S3-579635092
S1-988349613	S2-827224427,S2-245148872,S3-552181179,S3-347295598,S3-49688044
S1-166425561	S2-368505024,S3-774643591,S3-660069455,S3-530607930,S3-376244403,S3-449908209
S1-725044637	S2-923173201,S2-772800372,S2-495219797,S3-79235361,S3-923057488
S1-111328326	S3-679993983,S3-236311430
S1-329384661	S2-145172757,S3-18971763,S3-780186858,S3-525609027
S1-155597662	S2-288064548,S2-966754053,S3-679556451,S3-508596141
S1-290116297	S3-804037937
S1-569273167	S3-282845209,S3-313345793
S1-43994923	S2-580265840,S3-126594703
S1-663206079	S3-544514618,S3-534788265
S1-186826241	S3-380340614,S3-804702977
S1-378217131	S2-25638312,S3-964398682,S3-40619998
S1-374566728	S3-557644113,S3-137032339
S1-348599019	S2-494689637,S2-146002759,S2-404574616,S2-49149890,S3-92942538
S1-797337506	S2-43497800,S3-179499852
S1-859446545	S2-506460317,S2-916995521,S2-619640682,S2-750451826,S3-92710827,S3-400084373,S3-427802898
S1-729741197	S2-419621407,S3-726414455,S3-715356368
S1-540910123	S2-991587169,S3-622661252,S3-301613481,S3-21035571
S1-759469579	S2-160542296,S2-368446214
S1-308594033	S2-775424982,S2-142475694,S3-842896632,S3-255684825
S1-493097568	S2-280599304,S2-465695713,S3-455053718,S3-713293051,S3-497410697
S1-37031058	S2-368874196,S3-281006067,S3-800716851
S1-466989811	S2-638398370,S3-463522191,S3-330183870
S1-124197173	S2-460229497,S3-856255331,S3-816414533
S1-209918567	S2-582249953,S2-290622351,S3-49424364,S3-506643057,S3-727925481,S3-232184100
S1-981061820	S2-282938800,S3-214443795,S3-186196191,S3-519731918
S1-413177550	S2-803386610,S3-86850100,S3-914558888
S1-7332086	S2-14179596,S3-966789354,S3-725346327
S1-897276899	S2-484662455,S3-550826362,S3-299958372,S3-934929740,S3-738840849,S3-10487263
S1-556808842	S2-287207524,S3-948662694,S3-227560300
S1-406659505	S2-523086500,S2-247345455,S2-7454,S3-640099854
S1-622255208	S2-777895004,S2-309012300,S3-707265540,S3-599502532
S1-802933099	
S1-760290056	S2-828410003,S2-811069562,S2-688038366,S3-678066513
S1-862061431	S2-952660280,S3-719798539
S1-434908830	S2-180039858,S2-122626874,S3-613206585,S3-989542998
S1-153321660	S2-906322719,S2-583070621,S3-778928750,S3-463570964,S3-303087706
S1-925601963	S3-890139988
S1-871232960	
S1-949006708	S2-317120126,S2-99010681,S3-702869065
S1-574007656	S2-699338042,S2-700787961,S3-138991450
S1-179637561	S2-117382349,S3-603237284,S3-456831543,S3-468886214,S3-623679461
S1-892387893	S2-211297234,S2-562342644,S2-637544337,S3-93134145
S1-636381382	S2-652788523,S2-19234077,S2-487122051,S2-949509238,S3-94934813,S3-647451607,S3-681884327
S1-138983379	
S1-93255529	S2-28814479,S2-40747791,S3-822386063
S1-492119684	S2-208673617,S2-201680618,S3-331480225,S3-170859248
S1-428676814	S2-4881426,S3-483178305,S3-708580734
S1-507861937	S2-968343832,S3-325323665
S1-366371846	S2-375693973,S2-712611965,S2-359682315,S3-535920630
S1-50973896	S2-859387785,S3-865812053,S3-339841755
S1-817580302	S2-566719838,S3-484669584
S1-313200493	S2-428104925,S2-134506159,S2-344403706,S2-631842745,S3-552602320
S1-864225564	S2-254861663,S2-351974826,S3-674996467,S3-339585737,S3-163007197,S3-628529820
S1-794743032	S2-931484122,S2-597444794,S2-135669211,S3-305553575,S3-260699272,S3-75866713,S3-405451049
S1-546921530	S2-833980361,S2-778442191,S3-769688558
S1-539834625	S2-238144116,S3-292697507
S1-335249419	S3-540055434
S1-826199622	S2-294247378,S2-400568965,S3-110954673,S3-968950099,S3-895447194,S3-740511702,S3-671257627
S1-59683005	S2-953296875,S2-709671380,S2-481696702,S3-367318713,S3-326237206
S1-649658152	S2-141628286,S2-977014087,S3-131496728,S3-553314493,S3-229442153
S1-981300463	S2-688892678,S2-769589076,S2-62582985,S3-696022313
S1-466950896	
S1-617439390	S2-433387786,S2-129684937,S3-192999875
S1-151616396	
S1-48695661	S3-233843356
S1-166867827	S2-559415115,S3-566894172,S3-360695404
S1-454915960	S2-28883769,S3-375639385,S3-534912812
S1-477361011	S2-281001523,S2-925349273,S2-461320231,S3-369691869
S1-885547411	S2-863877689,S2-81968049,S3-10062588
S1-651167663	S2-503769962,S3-624982929,S3-755143797
S1-703420933	S2-290925884,S3-216977433,S3-186898325,S3-948104207,S3-942129885,S3-335118615
S1-710405158	S2-330473693,S2-839586968,S3-378290849,S3-846861989
S1-650422532	S2-792144004,S3-418554267,S3-737256184
S1-445781733	
S1-257205797	S2-732329981,S2-155852794,S2-813947102,S3-227414327,S3-937036450
S1-962586263	S2-416291430,S3-102827610,S3-198160849,S3-63864788
S1-203059607	S3-392561391
S1-615151051	S2-936512335,S2-590352424,S2-322182370,S3-721938428,S3-39163429
S1-457972126	S2-46156104,S3-249088878,S3-598914246,S3-124676027
S1-385536869	S2-515259123,S3-999904110
S1-759820185	S2-715456843
S1-382117003	S2-581310476,S2-93912836,S3-411767849,S3-409507556
S1-330435866	S2-901792084,S2-554168334,S3-573649306
S1-364873567	S2-603847377
S1-915280028	S2-550338913,S2-324792631,S2-652539571,S2-963090194,S3-883108407
S1-533363897	S2-580818734,S3-649548176
S1-116160320	S2-328375531,S2-469495392,S3-855543751
S1-49013056	S2-67714375,S2-394395443
S1-998952395	
S1-540221901	S2-886705359,S2-77306127,S3-889889128,S3-842029404
S1-46552932	S2-823616768,S3-744610018
S1-165584493	S2-516418612,S2-266429042,S2-985713993,S3-275560753,S3-653440993
S1-334383438	S2-335549,S2-924047785,S2-272738184,S2-791822980,S2-307354304,S3-839222252
S1-104941001	S2-866404417,S2-659478968,S2-31731644,S3-68233293
S1-130604358	S2-692245062,S2-789166580,S3-376760631,S3-115926914,S3-714234634
S1-21580794	S2-311264678,S3-556865467,S3-410751346,S3-227978781
S1-715245684	S2-111177795,S2-755298329,S3-435264132,S3-115075325
S1-411735050	S2-906947356,S3-813433420,S3-8606347,S3-898687557
S1-90819598	S2-350644936,S2-308647964,S3-432558360
S1-818467187	S2-889589683,S2-945266823,S2-457807223,S3-434965032,S3-581580048,S3-231170453
S1-667028503	S2-638730057,S2-32318621,S3-345081391
S1-77018699	S2-182146,S3-606908604
S1-794835238	S2-697109807,S2-704456439,S3-898675824,S3-560147823,S3-531327888
S1-447502464	S3-127434980
S1-331293888	S2-24832721,S2-441470175,S2-424448197,S3-217955346,S3-567736743
S1-281859716	S2-265897167,S3-676996160,S3-797516490
S1-143003344	S2-539259695,S2-339352838,S3-613582008
S1-794052377	S2-502123062,S2-881803348,S3-294630143,S3-24902630,S3-54596701
S1-685960534	S2-719495453,S3-665741886,S3-261668290
S1-822531584	S2-618845774,S3-354510737,S3-814321154
S1-977850642	S2-258412440,S3-163543225,S3-919547113
S1-464271766	S2-576423815,S2-209427426,S3-486049102,S3-726234775,S3-736324264,S3-305162809
S1-485052778	S2-192112439,S3-555108231,S3-19151002
S1-327634363	S2-403996721,S3-150338615,S3-726424334
S1-148381346	S2-103608528,S2-350959893,S2-754516722,S3-411707687
S1-807109908	S2-941851722,S3-813805249,S3-567645256
S1-774311750	S2-446930,S3-640414542,S3-961343739,S3-697900427
S1-185952267	S2-932857169,S2-505715701,S3-173349221
S1-94772613	S2-77104045,S3-968366937,S3-520098500
S1-264737800	S2-496292481,S3-119380012,S3-449938878
S1-11058985	S2-267180587,S3-220998381
S1-294993826	S2-239249177,S3-775412264,S3-472361824,S3-278741161,S3-996770610
S1-215688267	S2-701048831,S3-754128189
S1-134746441	S2-210987955,S3-202804153,S3-989435921,S3-955205797
S1-325768763	S2-362512165,S2-996209322,S2-503332519,S3-10079346,S3-168586032
S1-517673778	S2-142260956,S2-415480001,S2-241936581,S2-191959486,S3-323857136,S3-208365561,S3-7603613,S3-926372009
S1-528753223	S2-577641874,S3-918216448,S3-946369928
S1-799626720	S2-594606999,S3-913098976,S3-730703944,S3-174977531
S1-5276879	S2-26814149,S3-555359307,S3-805866658
S1-367464792	S2-54431749,S2-564050123
S1-808462513	S2-760519159,S2-852731392,S2-860032421,S3-294622310,S3-636515731
S1-628951701	
S1-211793528	S2-189279000,S2-699875629,S3-508468221
S1-82105293	S2-479181626,S2-251303781,S3-676316871,S3-870317963,S3-47281769
S1-696049126	S2-719709876,S2-471233745,S3-408812463,S3-680821554
S1-758921613	S2-691268477,S2-900715054,S3-132485428
S1-995664879	S2-127674567,S3-309073495,S3-783706058,S3-955837953
S1-16728343	S2-295828067,S3-480297946
S1-825290756	S2-736260728
S1-887034300	S2-323359565,S2-402010261,S2-997212724,S3-246181287
S1-603216049	S3-736607023,S3-332245728
S1-425911646	S3-760464479
S1-105356260	S2-77888591,S2-32676567,S3-322257658,S3-469626670,S3-548546388
S1-384536175	S2-853749288
S1-949646105	S3-267399552,S3-542391397,S3-35171111
S1-273397149	S2-558130418
S1-609698493	S2-55375993,S2-191858359,S3-535158534,S3-637376593
S1-933009370	S2-261673250,S2-388023386,S3-236579515,S3-535735185
S1-832544227	S2-945746108,S3-172676627
S1-892371607	S2-713784573,S3-47948318
S1-635890630	S2-778641805,S2-190210004,S2-881352230,S3-48024627,S3-212708692,S3-827201855
S1-486757709	S2-286739803,S3-453390458,S3-500393952,S3-51322566
S1-581690196	S2-674346645,S2-482611927,S3-731536446,S3-103553316,S3-676334506
S1-945156307	S2-603143696,S2-100825373,S2-960290084,S3-121457356,S3-806073970
S1-446390175	S2-550130397,S2-855908840,S2-26732505,S2-791682590,S3-948894165,S3-405839366,S3-596397512
S1-556562187	S2-891441916,S2-155728529,S3-337927379,S3-169173027,S3-718749089,S3-57887779,S3-753286423,S3-704230969
S1-236233125	S2-931749227,S2-443244929,S2-569369807,S2-542406284,S2-550689822,S3-779086825
S1-426945182	S2-95242395,S2-345246697,S3-370636609,S3-875142432,S3-224040292
S1-483480439	S2-514989012,S2-507463016,S2-337707855,S2-300879118,S3-31345924
S1-370370640	S2-871813775,S2-845186404,S2-877496749,S3-904167070
S1-133782386	S2-620391476,S3-803069009,S3-227048759,S3-337560223
S1-67904864	S2-426209300,S2-410008925,S3-873114871
S1-967322290	S2-852466708,S2-273169968,S3-388285280,S3-770240632
S1-43268074	S2-863113731,S2-77824229,S2-919941124,S3-528301303
S1-631547982	S2-632181289,S2-744806031,S2-829400816
S1-752908501	S3-355545906
S1-159555426	S2-945688735,S2-364141007
S1-904784121	S2-478579154,S2-761065266,S3-31345536
S1-507881166	S2-873632947,S2-567889798,S2-166931450,S3-733956817,S3-597634107
S1-351075047	
S1-584629550	S2-203848332,S2-786936665,S3-653339796,S3-840702615
S1-831699592	S2-902384474,S2-37880764,S2-389761076,S3-259576942,S3-133354680
S1-750237890	S3-876921172,S3-860265183
S1-316083056	S2-128219024,S2-386313093,S2-34974364,S2-288213049,S3-694719113,S3-400334990
S1-55006197	S2-694270784,S2-335707991,S3-638168606,S3-517449005,S3-347842724,S3-248956178
S1-955348412	S2-81452855,S2-367177236
S1-794709383	S2-830582876,S2-290350839,S3-474233523
S1-497242632	S3-165030909
S1-448443436	S2-912885933,S2-985589369,S3-758242871
S1-541486132	S2-720711526,S3-920444035,S3-739417521,S3-343825460
S1-295872924	S2-416932311,S3-827572580,S3-540690446
S1-30958229	S2-610961395,S3-993866022,S3-546431867
S1-121356573	S2-189787135,S2-45600423,S3-233110733
S1-886797971	S2-674555762,S2-795838146,S3-500767520
S1-931741313	S2-873923807,S2-838440410,S2-684276536,S3-637152539
S1-419145961	S2-879224565,S3-446687420
S1-198853433	S2-571786490,S3-194689896,S3-744941955
S1-399100339	S2-985048118,S2-182772763,S3-270763107
S1-405352889	S2-684846173,S3-653152858
S1-25646491	S2-652020498,S2-903140926,S3-266028774
S1-291073258	S2-258751095,S3-173002792
S1-898878670	S2-571324586,S2-584573687,S3-104397808,S3-745337211
S1-128472276	S3-812512015
S1-7057247	S2-628373287,S3-475684417,S3-724907676,S3-490848075
S1-467995757	S2-583350553,S2-860806369,S3-610259212,S3-370531251,S3-503728312
S1-75614346	S2-315333700,S2-361515631,S3-628526863,S3-86547502
S1-566194809	S2-420270319,S2-781858137,S2-977039010,S3-657386017,S3-71093858
S1-330279512	S2-6752350,S3-71679974,S3-533138175,S3-475950338
S1-336391976	S3-67735489
S1-440897522	S2-989525111,S2-239894140,S3-326470326,S3-595320660
S1-306864184	S2-35907441,S3-690302964
S1-465466648	S2-506545669,S3-819479753
S1-569302839	S2-645489228,S2-269239767,S2-602467838,S3-923562925
S1-11000272	
S1-648317754	S2-447257976,S2-750611744,S3-729210640,S3-173137566,S3-544072423
S1-166085367	S2-928776711,S2-78376573,S3-254102151
S1-33670372	S2-985955257,S3-350615746,S3-582301689
S1-766141699	
S1-240995403	S2-967838301,S3-480955095
S1-233192070	S2-552914922,S2-666620462,S3-904422794,S3-832680110,S3-258532439
S1-967756328	S2-871780504,S2-726338019,S2-696780404,S3-439527722,S3-293400074
S1-100952859	S2-288326191,S3-283280215
S1-527655458	S2-830742365,S2-162600437,S2-839316624,S3-661562881,S3-12157947
S1-637199785	S2-434021303,S2-452155632,S2-131104899,S3-357432133
S1-51896727	S2-912846150,S2-755113382,S3-767546261,S3-309238047,S3-708274292
S1-471355989	S2-353333460,S3-23493111
S1-261443862	S2-251077033,S3-582896850,S3-174821948,S3-493797632,S3-233872900,S3-949615575
S1-530049943	S2-716063659,S2-990552050,S3-199218358,S3-373629834
S1-892559433	S2-924649726,S3-537299152,S3-478489945
S1-743849077	S2-786846995,S2-679942294,S3-25818809
S1-268105500	S2-303103850,S3-22124767,S3-287619569
S1-23479731	S2-635218781,S3-487261788,S3-691489127
S1-990585814	S2-674304551,S2-628854551,S2-397148862,S3-41666676,S3-82741893,S3-463853405
S1-792484940	S2-455423721,S2-999901294,S3-913199911,S3-665721956
S1-742350782	S2-856606953,S2-24793015,S2-186366613,S3-872018728,S3-502010406,S3-277296641,S3-982968955,S3-706245937
S1-629105478	S2-881982527,S3-580307175,S3-99898448
S1-158784094	S2-812768913,S3-292395107,S3-128750290
S1-835214552	S2-554736091,S2-286265754,S2-384667032,S3-650108486
S1-335397796	S2-152201692,S2-552907678,S3-871665443
S1-726881874	S2-201306183,S2-346064144
S1-231915609	S2-555933389,S2-609980780,S3-835221251,S3-88018121
S1-853633784	S2-824962108,S3-81307971,S3-568595543,S3-234980147,S3-405975155
S1-743602596	S2-689127045,S2-790836744,S2-876209795,S3-596985073,S3-382404919
S1-600769093	S2-304998713,S3-445247814,S3-363892166,S3-756815321
S1-778786875	S2-6915412,S2-610374859,S3-478936297,S3-768704278
S1-952367177	S2-311109817,S3-668355353,S3-325709234,S3-728498666
S1-376261319	S2-497733104,S3-137503897
S1-79640638	S2-156700731,S3-280976317
S1-214106995	S2-422925840,S3-340536563
S1-231764328	
S1-802053031	S2-964035921,S3-98434526
S1-849285815	S2-339401628,S2-474550557,S3-88754585
S1-142019193	S2-676844668,S2-778603260,S2-213407135,S3-853487921,S3-569146756
S1-791323958	S2-334763720
S1-261904368	S2-344023080,S2-510855878,S2-618936511,S2-851505403,S2-673012214,S3-828651504,S3-841333806
S1-496503727	S2-64417773,S3-477721398,S3-871195744
S1-788768113	S2-116808700,S2-927586314,S2-700947019,S3-795114920,S3-439998864
S1-655180972	S3-269191435,S3-621685207
S1-706591509	
S1-892856	S2-581622616,S3-890132216,S3-485475305
S1-674914881	
S1-148363006	S2-698842067,S3-370569288
S1-478562408	S3-730902250,S3-924971506
S1-442024916	S2-553070133,S2-985112253,S2-612115957
S1-218373352	S2-179970046,S2-483359793,S2-879319913,S3-454148850
S1-870706272	S2-997441786,S2-387854630,S2-395038557,S3-528575882,S3-693326124,S3-818114006
S1-598761786	S3-448481366
S1-915267278	S2-182855420,S2-764174298,S3-287942048,S3-374935617,S3-868522021
S1-136368788	S2-546517634,S3-415213259,S3-152992949
S1-369414325	S2-881141525,S2-584551201,S3-349530846,S3-192960922,S3-4319784,S3-394034998
S1-49354185	S2-792209859,S2-575927323,S3-600989474
S1-991366287	S2-521477654,S2-359936138,S2-361042902,S3-634990941
S1-186349428	S2-579847800,S2-252982246
S1-995470826	S2-921903825,S2-495404669,S3-8944876,S3-604626993
S1-688317737	S2-68436769,S2-755992552,S2-618630559,S2-646311591,S3-712527116
S1-276204040	S2-960585826,S2-450124919,S3-625459176,S3-363177173
S1-569966060	S2-902875193,S3-757940443
S1-417516385	S2-251084306,S2-136172026,S3-179285295,S3-201910252
S1-190336599	S2-695157274,S2-440101057,S3-846514306,S3-906068905,S3-263968627,S3-88301351,S3-555323765
S1-676179476	S2-591286286,S2-168807626,S3-94712204,S3-974582736
S1-868653897	S2-166731595,S2-596372166,S2-819247872,S3-614025470
S1-561579023	S2-148665538,S3-577423496
S1-377560297	S2-267573290,S2-21178933,S3-558919695,S3-796222468,S3-537536391,S3-421613973
S1-32114437	S2-647681389,S2-717901957,S3-995696533
S1-543101242	
S1-327836282	S3-375225136,S3-912563131
S1-909397283	S2-808050527,S3-544812823,S3-527646379,S3-103533852
S1-112548959	S2-774166468,S3-387264136
S1-650108829	S2-64073589,S2-970683819,S2-258870783,S2-699631723,S3-745224802,S3-677135668,S3-477686493,S3-884195078
S1-607423620	S2-304013411,S3-536501177
S1-500500278	S2-798663049,S3-34272886
S1-584342524	S2-790714942,S3-865159145,S3-748170021,S3-306896334
S1-18146877	S2-536247322,S3-343617867,S3-314859059
S1-919187703	S2-567626918,S2-148751437,S3-624177242,S3-651479633,S3-878252248
S1-54560256	S2-520113210,S2-332534885,S2-647712705,S3-445975414
S1-460258109	S2-341871501,S2-335507245,S2-803910784,S2-365710118,S3-930285251
S1-556759730	S2-419640436,S2-723193511
S1-941131386	S2-569141916,S3-487971547
S1-123938121	S2-928271559,S2-738935899,S2-183969006,S2-408765607,S2-222197806,S3-300694647
S1-969605363	S2-552634501,S3-574179602,S3-308088098
S1-680293989	S2-17343317,S2-893362220,S3-131436423
S1-906701318	S2-981587745,S2-320392520,S2-500950034,S3-827074577,S3-173818087
S1-962454335	S2-769693497,S3-263198331,S3-123367570,S3-721167085,S3-444059864
S1-897168388	S2-254146314,S2-524822207
S1-971538640	S2-861308713,S3-862589457,S3-320079104,S3-723009528,S3-382669049
S1-449560308	S2-90408377,S2-607775669,S3-8035478
S1-772886321	S2-973675582,S2-130056739,S3-667228307,S3-969961228,S3-529905403,S3-724354651
S1-906373874	S2-210233403
S1-83180180	S2-450112154,S3-564001520,S3-945538288
S1-389772367	S2-198273323,S2-985773391,S2-576107765,S3-4874290,S3-134113425
S1-44863239	S2-665824770,S3-3187880,S3-486819890,S3-812295361
S1-722191465	
S1-986781030	S2-279195124,S2-689152136,S2-960471365,S3-902063337
S1-975788880	S2-545730521,S2-502233540,S2-638339679,S3-750766336,S3-297812460,S3-343225267
S1-246000051	S2-198007967,S2-496733663,S2-729348590,S2-957773632,S3-777952957,S3-216562454
S1-79602056	S3-291704556,S3-593669938,S3-467583028
S1-800888221	S2-778579644,S3-333131622,S3-439660559,S3-862516879
S1-736525108	S2-482625016,S2-603808523,S3-927721170
S1-601898071	S3-242331124
S1-11113383	S2-373210173,S3-49610399,S3-246236132,S3-343970169,S3-573064753
S1-347145333	S2-957884079,S2-488423940,S2-455583653,S2-770680014,S2-512856885,S3-805858266,S3-599619617
S1-306655199	S2-113517310,S2-277095857,S3-541422899
S1-381641239	S2-370575004,S3-867243599,S3-923091322
S1-227407092	S2-266961209,S2-585823842,S3-237383775,S3-322057517,S3-684274470
S1-335260699	S2-566120917,S3-738592362,S3-424904402
S1-802293540	S2-513140998,S2-259017590,S2-837470218,S3-893426559
S1-474784489	S2-900824686,S2-906278803,S2-661267585,S3-538602559,S3-557797404
S1-271685934	S2-446116713,S2-14289211,S3-329737769,S3-935700822,S3-11731792
S1-829296699	S2-747807060,S3-866103718,S3-433849864,S3-241354672
S1-102135840	S2-735960451,S3-302787020,S3-251849424,S3-808391674,S3-812186003
S1-140513036	S3-610020369
S1-299464052	S2-893286333,S3-567841705,S3-768806242,S3-428849602,S3-972449872
S1-926133966	S3-369566764
S1-177964259	S2-991461270,S3-474179265,S3-133087507
S1-220914917	
S1-759980470	S2-765286305,S3-750805500
S1-764512091	S2-382157771,S3-986387831
S1-370360276	S2-368357738,S2-238478727,S2-252593990,S3-298792316,S3-255817282
S1-900154516	S3-836193276,S3-620611288
S1-83832609	S2-126167935,S2-929481429,S3-890877532
S1-418058344	S2-998888067
S1-384188283	S2-733539358,S2-34505578,S3-155244048,S3-113508516
S1-849095868	S2-251992564,S2-32595906,S2-433139567,S3-887722993
S1-30328191	S2-772463067,S3-547613060,S3-260435608,S3-896795547
S1-192668605	
S1-658210954	S2-964687169,S2-116437125,S2-333586801,S3-294882319
S1-998748371	S2-686244582,S3-218337003
S1-443247610	S3-105903025
S1-832974002	S2-806389555,S3-374169748
S1-851071420	S2-733137496,S3-340027321
S1-71765985	S2-202649592,S3-454239415,S3-184557590
S1-670536228	S2-279082018,S2-995693373,S2-728421064,S3-471524284,S3-370000545
S1-994528923	
S1-611564836	S2-470742433
S1-784539881	S2-433868775,S3-962689345
S1-390561520	S3-10406188
S1-885019127	S2-716295319,S3-911608783
S1-877778794	
S1-370272818	S2-8382368,S3-214876556,S3-683331370
S1-718037533	S2-12076994,S2-604247680,S2-979373876,S3-953192216,S3-176316010,S3-773257928
S1-731472829	S2-790568158,S2-446730184
S1-757037882	S2-433402678,S2-576744820,S2-838599625,S3-358342760,S3-497313558,S3-893673458,S3-647877497
S1-128642530	S3-145111131,S3-351304093
S1-275774384	S2-107523574,S2-821416600,S2-837676280,S3-288572478
S1-30490198	S2-956331490,S2-654608045,S3-585976360
S1-723333479	
S1-248350153	S2-210393076,S3-808744562,S3-296165612
S1-943596323	S2-380418220,S3-251498412,S3-677942559
S1-247845152	S3-477300229
S1-416871688	S2-416215193,S2-848177083,S3-405919799,S3-389152457
S1-703830506	S2-858741949,S3-330512481,S3-758695533,S3-851006016,S3-259669834
S1-784378287	S2-942665338,S3-307775132
S1-146136198	
S1-738128729	S2-557223302,S2-468858363,S2-325891777,S2-333263233,S3-396088526
S1-146703242	S2-620167144,S3-569515222,S3-607344541,S3-269879944
S1-518359641	S2-235486224,S2-758624039,S2-79801444,S3-829448211
S1-393612987	S2-939878350,S2-486622359,S2-189253410,S3-638424822,S3-615404764,S3-529715326
S1-546131199	S2-728436127,S3-764894483,S3-644860267
S1-108436870	S2-610167940,S2-658672314,S2-900222888,S2-988245425,S3-743319199
S1-165304514	S3-265125944
S1-947866618	S2-494980727,S3-901017605,S3-739505958
S1-914184157	S2-298561658,S2-712885947,S2-165839990,S3-632901763,S3-664498372,S3-801294450,S3-381234021
S1-881680934	S2-905817534,S3-464182824,S3-217424236,S3-542460206
S1-546399251	S2-643276309,S2-843621318,S3-866006003
S1-792958598	S2-332011047,S3-831033194,S3-125600467
S1-856602787	S2-778509472,S2-356055262,S2-951100790,S2-605780664,S2-715790502,S3-91712488
S1-320054550	S2-445907012,S2-402651098,S3-363169657
S1-160697317	S2-195330609,S2-383901704,S2-834783121,S3-848866228
S1-932398589	S2-960170484,S2-248152099,S2-121307974,S3-213139039,S3-397984344,S3-444447878
S1-980777254	S2-834242348,S2-460627172,S3-402572244
S1-835245658	
S1-468204863	S2-141765746,S2-343788072,S2-144848864,S3-841758351,S3-715034323
S1-934781874	S3-154311074
S1-475887704	S2-963868639,S3-130850978,S3-80494372,S3-742953826,S3-287766644
S1-40256288	S2-936399288
S1-102670256	
S1-893558427	S2-468796056,S2-448796126,S3-374833129,S3-165146281,S3-140030642
S1-930218238	S2-32070783,S3-567203942,S3-324153177
S1-450779692	S2-359302112,S3-976133782,S3-808886451
S1-758689865	S2-728474898,S3-228444699,S3-59671755,S3-677537737
S1-895620274	S2-731566694,S2-878303927,S2-473056207,S3-326374891
S1-547088930	S2-97995228,S2-921111512,S3-829674517,S3-155993384,S3-676829366,S3-532983829
S1-367676631	S2-879194002,S3-468783527,S3-873931634,S3-275854820
S1-219849798	S2-909512644,S2-877555923,S3-266127483,S3-684516556,S3-718247872
S1-153294787	S2-758149250,S3-5369184
S1-748018861	S2-689588859,S3-569159980,S3-491700690
S1-703347806	S2-52417531,S2-359827373,S3-200635581,S3-869973675
S1-782434463	S2-887537783,S3-373676383
S1-339910313	S2-587864843,S2-317230722,S2-966605364,S3-853970170,S3-952748566
S1-807130009	S2-336710848,S2-246117969,S3-734297983,S3-7420621,S3-131423021
S1-977981220	S2-723755786,S2-965187447,S3-130429119
S1-729828996	S2-48656288,S2-574239044,S3-700349976,S3-111697252
S1-945841346	S3-295549217,S3-138085590
S1-19892237	S2-528608353,S2-467848635,S3-978416560,S3-724951645
S1-260171510	S3-309020064
S1-342868100	S2-347384238,S2-580041992,S2-514880158,S2-625544887,S3-441879698,S3-142897663
S1-361320251	S2-568830364
S1-450460872	S2-338569870,S3-293428195,S3-666458804,S3-434497941
S1-309141289	S2-985971007,S2-338348180,S2-473176871,S3-605394841,S3-941094809
S1-591330475	S2-228290212,S2-41997980,S3-836783840,S3-466542605
S1-652110649	
S1-352270151	S2-265467157,S3-711865096,S3-220760783,S3-887468353,S3-475635245
S1-256638601	S2-163174902,S2-1230817,S2-973209421,S3-146312721
S1-943767375	S2-250758786,S3-947491801
S1-793564308	S3-350515946
S1-41187520	S2-987119638,S2-197101576,S3-100099213
S1-906955117	S2-184854626,S2-610977550,S2-809116977,S3-775741122
S1-883139843	S2-120319262,S2-178017352,S2-412993030,S3-805565286,S3-790841349
S1-483116145	S2-239787082,S2-435638854,S2-779840321,S3-566755203,S3-272164353
S1-908753129	S2-665269025,S3-61525875,S3-662158823,S3-743482515,S3-525084327
S1-585262841	S2-388037681,S3-816564893,S3-104778075
S1-101627374	S3-363681599
S1-348704412	S2-569503638,S3-859222843,S3-199583215,S3-612924479
S1-44028276	S2-424583678,S3-411338184,S3-155237109
S1-245519179	S2-198060390,S2-320318057,S2-361298529
S1-598701986	S2-58080867,S3-377507596,S3-267757264,S3-879321070
S1-618170000	S2-521537764,S2-266441322,S2-518796873,S3-382163844
S1-51753713	S2-200082997,S2-386668888,S3-976530251,S3-811910615
S1-856897964	S2-935568787,S2-184401850,S3-626673649,S3-967448105,S3-976350557
S1-263217317	S2-845450124,S2-6022869,S3-726050074
S1-993606942	S2-762924967,S3-614870309,S3-29861546
S1-894786954	S2-717193287,S2-704392472,S3-972005269
S1-175992457	S2-243341882,S2-343925823,S3-220003831,S3-102686116,S3-971295134
S1-777270590	S2-480773367,S2-473683250,S3-6371131,S3-969907087,S3-789188599
S1-192906326	S2-631595366,S2-93357281,S3-682184766
S1-582959416	S2-347998786,S2-267770963,S2-678966354,S2-835870804,S2-538387874,S3-624831387
S1-43957466	S2-816349619,S3-94968683,S3-476139397
S1-771494240	S2-557373895,S3-802146906,S3-865430406
S1-612184744	S2-343718527,S2-965135886,S3-790181110
S1-714707122	S2-481940725,S2-918245150,S2-444772694,S2-365829795,S3-179554349
S1-542802452	S2-438213138,S2-679403350,S2-26680424,S3-994200546,S3-916935617,S3-286142107
S1-551376548	S2-399751234,S2-67687198,S3-632767134,S3-496931768
S1-492532655	S2-746452326,S2-983047280,S3-16855272
S1-379861380	S2-977009170,S3-274834531
S1-670062101	S2-497900461,S2-728751467,S3-838471948,S3-165767671,S3-340748080
S1-832823690	S2-455877460,S2-878657473,S3-859850052
S1-249356317	S2-423184979,S2-564810383,S3-934353415,S3-560855814,S3-197260990
S1-121189338	S2-706518461,S3-793211093
S1-795526939	
S1-576147674	
S1-783744681	S2-992678705,S3-357962289,S3-55434018
S1-296285965	S2-690327632,S3-684331963,S3-834657861
S1-546731950	S2-584594743,S2-985362930,S3-657139470,S3-371127595
S1-664133520	S2-389017722,S2-917620380,S2-523022303,S3-793871178,S3-260651270,S3-131353418
S1-497551811	S2-925974558,S2-300539925,S3-997364171,S3-83929741
S1-340899663	S2-733268754,S3-466147607,S3-424782441,S3-265181875,S3-839785850,S3-306470107
S1-603019872	S2-836702244,S3-350986113,S3-11507094
S1-318797142	S2-81040830,S2-510437933,S2-796866002,S3-75409396
S1-705769622	S2-588597342,S3-492887171,S3-892746872,S3-767740154
S1-716804375	S2-682692140,S3-53200624,S3-784593072,S3-624018473
S1-32801745	S2-839058475,S2-476840186,S3-302163428
S1-918060633	S2-949607322,S2-204416351,S3-778414588,S3-836891044,S3-798140385,S3-689088945
S1-291598200	S2-496086605,S2-680220847,S2-158576341,S3-640946278,S3-497499863,S3-950152169,S3-392798662
S1-537309716	S2-104442913,S3-269202572,S3-212372266
S1-312938895	S2-920762753,S3-641392818,S3-408249035
S1-789640186	S2-460382685,S2-421423792,S3-1093936,S3-243624292
S1-775328592	S2-804036595,S3-138657730
S1-725375213	S2-395124644,S3-548196811,S3-559129716
S1-980323211	S2-305661375,S2-695379399,S2-378493437,S3-364577474
S1-30575990	S2-662763007,S2-883994193,S2-878799813,S2-590225783,S3-705659684
S1-625790497	S2-867848879,S3-773782642
S1-886816150	S2-85083157,S3-837251866,S3-867720926,S3-465654754
S1-358042790	S2-730578987,S2-762700389,S2-101811236
S1-461653516	S2-576616106,S2-223240753,S2-827278701,S3-642765697,S3-256889744
S1-838613378	
S1-890117737	S2-292039244,S2-449982768,S3-194625046,S3-107721005
S1-390011250	S2-72383506,S2-693352064,S3-154372479
S1-217137251	
S1-624659321	S2-368154684,S2-632036089,S3-670746053,S3-41871850
S1-321504502	S2-679103683,S2-351727021,S3-534841662
S1-191166851	
S1-819149212	S2-686268524,S2-880333740,S2-82022424,S2-597280038,S3-367161445,S3-895477564
S1-995958403	
S1-199785151	
S1-957954692	S2-243026762,S3-27041012,S3-737706638
S1-574661095	S2-904808927,S2-129771184,S3-356315465,S3-321829737,S3-746332248
S1-214696847	S3-256413476,S3-618538416
S1-850649918	S2-835106643,S2-822953739,S2-573887067,S3-887818319,S3-193114642,S3-17177750
S1-790723042	S3-134108575,S3-768892597
S1-625752669	
S1-181915664	S2-565058664,S3-454092202,S3-672074270
S1-29122030	S2-846539644,S3-893137631,S3-85893377
S1-920304873	S2-813693547,S2-205369344,S2-506423131,S2-377816096
S1-265907616	S2-503605889,S3-768183532,S3-591567981
S1-549815090	S2-241125015,S2-554084267,S2-643420168,S3-40299024,S3-707228374,S3-307440269,S3-966132721
S1-772051050	S2-421870119,S2-257361151,S3-188816970
S1-961768503	S2-931183456,S2-148619456,S2-634084487,S3-896807382
S1-365714398	S2-80561644,S2-113901440,S3-362850907
S1-934417578	
S1-209185606	S2-117403622,S3-381113011,S3-755525312,S3-968530626
S1-571466889	S2-827741141,S3-758489676
S1-77024154	S2-259993415,S3-672484926
S1-511877050	S2-992685945,S2-332605397,S2-406005654,S3-302111262,S3-525963830
S1-906330858	S2-611064246,S2-512332167,S3-177284016,S3-11513381,S3-831510485
S1-100445324	S2-715868937,S3-62783072,S3-605279568
S1-882071252	S2-279253459,S3-405407395,S3-680074057,S3-116944463
S1-60129225	S2-537243889,S2-725011033,S3-843414359,S3-796564882
S1-384483467	
S1-606268003	S2-534166913,S3-563869703,S3-988767690,S3-997195176
S1-801875026	S2-739985051,S3-585323168,S3-811476782,S3-211267470
S1-396676877	S2-526275515,S2-467029503,S3-721987888,S3-63757226
S1-953563788	S2-495738695,S2-230429217,S3-833843066
S1-552522886	S2-618618260,S3-585728067
S1-89892555	S2-682847064
S1-705074120	S2-558000028,S3-105388007,S3-40962208
S1-641226743	
S1-317005783	S2-440171863,S2-793758269,S3-421321616,S3-816834434,S3-293880040,S3-896929508
S1-902535440	S2-740901893,S2-896072115,S3-316066893,S3-366123406,S3-981772738
S1-257958321	
S1-442764813	S2-514755314,S3-263797170
S1-330836691	S2-792483275,S2-775038020,S2-684640184,S3-317088941
S1-969569759	S2-22452025,S2-926288263,S3-263730102,S3-238983804,S3-879430081
S1-336953056	
S1-7426481	S2-645650150,S2-610441069,S3-637754876
S1-395241139	S2-866435771,S2-396906994,S2-591382231,S3-416112095,S3-227646230
S1-860548737	S2-900035091,S2-303201038,S3-805169906,S3-926181367
S1-650581764	S2-608636213,S3-66089339
S1-483990300	S2-732256355,S2-749921911,S2-465205009,S3-267535446,S3-259197408
S1-140719387	S2-155490965,S2-299987979,S3-640159920
S1-201029983	S3-938382314,S3-157920261
S1-177372122	S2-52041728,S2-465113355,S2-614293284,S3-97365499
S1-200384903	S2-870755529,S2-57857406,S3-868377480
S1-255954188	S2-195147430,S2-613944289,S3-380637930,S3-333509891
S1-923206946	S2-570769785,S2-451280338,S2-399212839,S2-635030689,S3-492585901,S3-711514131,S3-502128203,S3-344549141
S1-999274256	S2-690323795,S2-915461482,S2-678160831,S3-81212323
S1-607276565	S2-657779749,S2-828494679,S3-997281934,S3-104428485,S3-90474851
S1-299226969	
S1-905059574	S2-261273596,S2-443548485,S3-250513705,S3-936335379
S1-473074441	S2-834830934,S3-862154183,S3-24117797
S1-961771608	S2-489600685
S1-911230676	S2-919888112,S3-185194026,S3-136473140
S1-45618907	S2-176419046,S2-562719193,S3-888487800,S3-504485116,S3-606268982
S1-439796880	S2-841107270,S3-398054086,S3-473690579,S3-926922619
S1-544666391	S2-442537581,S3-18676734,S3-544662917
S1-788755942	S2-8598333,S2-161887545,S3-815972316
S1-183393724	S2-160841199,S3-997871828,S3-590931842
S1-358966372	S2-252865424,S3-227830986
S1-479953946	S2-218044641,S2-443688790,S2-974137660,S2-678099072,S3-901180747,S3-424346914
S1-514396918	S2-277529705,S3-46239036,S3-45925984,S3-111534059
S1-742380631	S2-47704552,S3-699204482,S3-237852003
S1-474059611	S2-355460905,S3-779374007,S3-67495214
S1-47344615	S2-766303321,S2-764514269,S3-810131971,S3-791399743,S3-311333933,S3-213252474,S3-38382882
S1-358204103	S3-637431385,S3-344086405
S1-80582395	S2-582742184,S2-40067025,S2-489411200,S3-242324290,S3-617394367
S1-802914432	S2-236844489
S1-726398926	S2-743178848,S2-20520138,S2-358706564,S2-968063541,S3-773246893,S3-716146443
S1-201188342	S3-410852625,S3-957245430,S3-144397402
S1-792063186	S2-928483102,S3-338366585,S3-675087924
S1-348812956	
S1-964152881	S2-335998432
S1-596255247	S2-763129444,S3-974035778,S3-508088436,S3-687766878,S3-546018026
S1-471407914	S2-110865209,S2-857367874,S3-933316757
S1-570570931	S2-652459883,S2-178758755,S2-881393466,S3-139092834
S1-755161414	S2-185179428
S1-798867139	S2-669837334,S2-856407898,S3-481873092,S3-111969862,S3-184452257
S1-951151165	S2-127511794,S3-945923489
S1-324190138	S2-440655384,S3-756807524,S3-501954555,S3-947507206
S1-416069820	S2-66321288,S3-404976703
S1-529659970	S2-612692755,S3-882632888,S3-413465983,S3-945671620,S3-265759701
S1-993075631	S2-187257439,S2-618321326
S1-51166377	S2-942122981,S3-57148523
S1-840982445	S2-790453882,S2-471552077,S2-751076164,S3-986895360
S1-841359368	S2-450169146,S3-401889163,S3-179874500,S3-120157488,S3-715290647
S1-822322006	S3-781738541,S3-356998661
S1-961208646	S2-945538544,S2-673841211
S1-347028945	S2-206506143,S2-574597358,S2-847100842,S3-404746788,S3-844158036
S1-126278305	S2-922059835,S3-596905417
S1-163101848	S3-891548369
S1-653723203	S2-215441019,S3-100897014,S3-687487269,S3-795890822
S1-888734090	S2-124232024,S2-731739102,S3-274482284
S1-126750908	S2-886036649,S2-951256790,S3-563912407,S3-401957169,S3-142170188
S1-178698137	S2-75857311,S3-295827444
S1-88262607	S2-303467929,S2-774953652,S2-637716730,S2-975617090,S2-275332719,S3-24736489,S3-416138554
S1-524550604	S2-15471529,S3-380879223
S1-267181873	S2-39596616,S3-61303168
S1-824366296	S2-502109314,S2-301637882,S2-262236611,S3-43257551
S1-880361830	S2-507805537,S2-188165036,S3-18458533,S3-758090178,S3-110950392,S3-794941193
S1-119964630	S3-229999082,S3-870722634,S3-278965601
S1-97371915	S2-234569241,S3-529060122
S1-307119124	S3-656193069
S1-953290100	S2-166589556,S3-16498544,S3-537066283
S1-52401741	S2-967567068,S2-599452537,S3-907794421,S3-817137606
S1-351141507	S2-112124869,S2-224373217
S1-301492374	S2-20369749,S3-281863042,S3-535310178
S1-968318130	S3-668844862,S3-494800905
S1-67235499	S2-653071488,S3-945726362,S3-496609032,S3-12910350
S1-191695640	S2-517644557,S2-714737364,S2-467715512,S2-976479912,S3-209678880,S3-135494137,S3-442534109,S3-22254684,S3-531620036
S1-150280397	S2-156722746,S2-915382563,S2-770333840,S2-495768874,S3-932031842
S1-714188364	S2-29195837,S2-724265398,S3-458944734
S1-619435534	S2-634092615,S3-27412496,S3-922184754
S1-361618023	S2-121511754,S2-178079222,S2-282537512,S3-421449483
S1-446568783	S2-873674914,S3-459512791,S3-351732894,S3-274176328
S1-374417119	S2-899389294,S2-13861526,S2-821924053,S3-165499361
S1-663538857	S2-463134400,S3-618420197
S1-839112911	S2-659818860,S2-607059346,S3-758097824,S3-888890597
S1-286909162	S3-979140215
S1-687792265	S2-74832272
S1-511149522	S2-888051989,S2-963104959,S2-849447556,S2-455211313,S3-494685257
S1-980573118	S2-433960662,S2-830561129,S3-635761670,S3-786327519
S1-482311086	S2-651513002,S3-791036535,S3-119334569
S1-813578888	
S1-92275764	S2-954279190,S2-339313170,S3-118707746
S1-633981612	S2-543632195,S3-117713261
S1-765672232	S2-810713144,S2-702045296,S3-792977145,S3-46214755,S3-180504255
S1-645247139	S2-61161095,S2-907702543,S3-60974524,S3-161049034
S1-691482699	S2-102858799,S3-756154416,S3-58572698,S3-591373960,S3-212646632
S1-107870838	S2-766956716,S3-723583145
S1-351765087	S2-92958097,S2-611597210,S3-494466617
S1-451587046	S2-678291729,S2-382620865
S1-105069987	S2-577992181,S2-588369599,S2-37603364
S1-59641922	S2-375165917,S3-476179967,S3-46355773
S1-906150634	S2-685783772,S2-496623108,S3-321861557
S1-439886730	S2-633093571,S3-190588700,S3-526037641
S1-226025668	S2-649570707,S3-787034946,S3-821962331
S1-144216076	S2-857375313,S3-546550982
S1-966375645	S2-414015695,S2-769502928,S3-840055092,S3-736816236
S1-982782879	S2-577360653,S2-202948864,S3-322580287,S3-578876289
S1-49491025	S2-315959651,S2-717478419,S3-910774358
S1-766499784	S2-596755283,S3-694833047,S3-323220654
S1-18248397	S3-232052751,S3-647219620
S1-445895176	S2-179653115,S3-449044202,S3-579064864
S1-402228812	S2-82440658,S2-933309814,S3-32837769
S1-763921820	S3-302812622,S3-836798936,S3-512074022
S1-322208464	S2-737572030,S2-673627128,S3-966418351,S3-901364973
S1-842629161	S2-400178121,S3-17599293,S3-980088288
S1-957174834	S2-160096100,S3-728530749
S1-824253546	S2-129737105,S2-145780719,S3-538067195,S3-690045866
S1-335619739	S2-979234242,S2-503792831,S2-291679645,S3-550052523,S3-94699658
S1-725044629	S3-543467258,S3-336577681
S1-283064121	S2-796341356,S3-646291951,S3-758080918
S1-309135648	S2-699217187,S3-829684497
S1-720924206	S3-94370934,S3-33250424
S1-874186187	S2-998912166,S2-720822832,S3-383653502,S3-111738722
S1-38860554	S2-348609800,S2-799503145,S2-484862589,S3-47737476,S3-994916725,S3-488130041
S1-42729772	S2-120053289,S2-123518679,S2-392707587,S3-47550062
S1-874883526	S2-30129083,S3-574263866
S1-284497999	S3-556478056
S1-374870777	S2-292033086,S3-603265421
S1-531859409	S2-160864875,S2-774511318,S2-490472019,S3-122717030,S3-892238744,S3-263490552
S1-655978745	S2-193824111,S2-886515965,S2-298984908,S3-526484868
S1-459890174	S2-515481632,S3-261783520,S3-820221669,S3-842526872
S1-48670082	S2-922287378,S3-610984113,S3-523710786
S1-735142849	S3-603909636
S1-605283837	S2-850317934,S2-763907260,S3-219667923,S3-745742563,S3-200440554
S1-216895627	S2-531355277,S2-449950276,S2-66470942,S2-203919753,S3-540336224,S3-323757006
S1-382670129	S2-524146718,S3-952593876
S1-589638923	S2-663088648,S3-231265015,S3-818027103
S1-175267835	S2-648390527,S3-309109130,S3-262777141
S1-131263157	S3-424371090,S3-763369614,S3-561405734,S3-625436982
S1-141158555	S2-740869212,S2-223433479,S2-967387418,S3-399822620
S1-731761100	S2-600268062,S2-181337131,S2-16533924,S3-625410200
S1-487469942	S2-972452553,S3-504820781,S3-377764815
S1-46711576	S2-984595562,S2-272670754,S3-889940965,S3-958250112
S1-645732737	S2-492686728,S3-926741015
S1-819425301	S2-166704051,S3-526287141,S3-160597018
S1-898104276	S2-192939019,S3-466237278,S3-672817532
S1-960922051	S2-295889285,S2-516729177,S2-92106846,S3-52311331,S3-256682448
S1-418793403	S2-584140968,S3-238838218
S1-670287616	S2-689443178,S2-373140282,S2-702325025
S1-712140584	S2-153779130
S1-324129816	S2-145846742,S2-457873125,S3-158780772,S3-883083010
S1-408695653	S3-174524403,S3-985737756
S1-759726523	S2-318038351,S2-925239110,S2-734429330,S3-989217045
S1-76268584	S2-27416113,S2-395060437,S3-349991887,S3-478023226
S1-145326152	S2-264728072,S3-146178738,S3-763932117,S3-853137651,S3-935350876
S1-309050329	S2-666731986,S3-849036942,S3-132314995
S1-716443744	S2-90368168,S3-997102330
S1-441073718	S3-804785454,S3-320535313,S3-680790177
S1-857718628	S2-433303593,S3-345319697
S1-711404342	S2-406702943,S2-345485563,S2-264952292,S3-607692364,S3-686046799,S3-387960640
S1-220036113	S3-362449649
S1-618876973	S2-66188285,S2-716787857,S3-374178292,S3-88498934,S3-478077143
S1-637908938	S2-182688788,S2-705687568,S2-718476765,S3-894495254,S3-34637006,S3-836928031,S3-417927107
S1-151753430	S2-976271281,S2-169944433,S2-76114957,S3-614706312
S1-928458890	S2-63350559,S2-729050809,S3-714567865
S1-147962267	S2-486192164,S3-268109169,S3-911180196
S1-253249645	S3-146522539,S3-191183323,S3-697040339,S3-719965124
S1-995595686	S2-888610905,S2-506295451,S3-989626417
S1-486181984	S2-62400974,S3-466275072
S1-747897639	
S1-455950648	S2-40608996,S2-798536416,S3-557380409
S1-951004971	S2-200930308,S2-287221307,S3-290881837,S3-250368287
S1-104404813	S2-762677802,S2-861906301,S2-333196046,S3-513194111,S3-155171765
S1-179958890	S2-446026987,S3-559594331
S1-478274193	S2-653961825,S2-758296734,S3-463855564,S3-517963901,S3-681485424
S1-353634590	S2-108469980,S2-506174010,S3-749848900,S3-605649472
S1-848015478	S2-430771222,S3-622193551
S1-157525327	S2-391514678,S2-184443604,S3-496955884
S1-999083827	S2-676856326,S3-555242588,S3-672247610,S3-224177813
S1-90572802	S2-797344249,S2-952234546,S3-285082974,S3-802204887
S1-205688037	S2-417083941,S3-31693379
S1-24054990	S2-868431385,S3-226268560
S1-361452106	S2-887620413
S1-862971172	S2-571726745,S2-263030346,S3-373003818,S3-283482306
S1-476254529	S2-267495582,S3-792270160,S3-817833419,S3-70663041,S3-837492948
S1-299399231	S2-775725634,S2-151893526,S2-420758751,S3-36748907
S1-25861856	S2-251970668,S2-721535220,S3-667011178
S1-6689477	S2-802983477,S2-21295845,S3-367068891,S3-79808777
S1-44721051	S2-126204081,S2-761775213,S3-973060361,S3-810283275
S1-558946481	S2-96773932,S3-667590724,S3-214371507
S1-368987865	S2-487836401,S3-621533057,S3-253941721
S1-17957096	S2-834502866,S2-631930924,S2-769565111,S3-237604163
S1-955828580	S3-931906703,S3-863522255
S1-25374773	S2-905916480,S3-24357653,S3-27353765,S3-430141112,S3-627603935
S1-915292989	S2-153534977,S3-445411115
S1-563786424	S3-519853478
S1-467934335	S2-670631631,S2-988473478,S2-977389348,S3-166166159,S3-514633057,S3-107059050
S1-928966998	S2-579736198,S2-609193449,S2-20243552,S3-207223083,S3-559675749
S1-380059577	S2-299576208,S3-80267945
S1-253432851	S2-850510498,S3-762848877
S1-192769059	S2-363901148,S2-948409314,S2-343014330,S2-430689982,S2-649779403,S3-429427326,S3-515708941,S3-1366380,S3-96852200
S1-991844054	S2-665488757,S2-884936888,S2-34004037,S2-592956771,S3-574469619,S3-389398186,S3-234034486
S1-283771817	S3-728915185,S3-144241854
S1-366932145	S2-266408651,S2-306843607
S1-535719403	S2-619664162,S2-541580424,S2-363915320,S3-311756456,S3-486151183
S1-268995757	S2-892771493,S2-650117361,S2-607245635,S3-42417283,S3-885695287,S3-555355764
S1-208856788	S2-929653071,S3-682140928,S3-107662709
S1-835591101	S2-203914169,S2-831196024,S3-828781865,S3-77338005
S1-817074273	S3-984150941,S3-403704484
S1-653944048	
S1-812413834	S2-596048752,S2-692626167,S3-590390773,S3-718307929,S3-427948460
S1-86534094	S2-370574134,S2-700448450,S3-126609275
S1-582206835	
S1-776938684	S2-308280808,S2-506469194,S3-532021103
S1-140973645	S2-771685058,S2-335270172
S1-894693726	S2-213862794,S3-454348062,S3-73437140,S3-259720427,S3-14810970
S1-897006627	
S1-138254594	S2-405748439,S2-486320727,S2-367757634,S3-777752805,S3-792527254,S3-479332254
S1-788250541	S2-965953722,S2-387620076,S3-855646170,S3-868277805
S1-107439886	S2-35062016,S2-781566872,S3-406103088
S1-533396893	S2-85569925,S3-979249734
S1-190489824	S2-847069174,S3-593375950,S3-580126966,S3-26230056,S3-466632549
S1-897563229	S2-880466899,S3-924353072,S3-910195214
S1-167663425	S2-513163896,S3-693016609
S1-752542618	S2-523011221,S2-12552094,S3-683829590
S1-651037665	S2-73528878,S2-397497246,S2-876208373,S3-58531210
S1-293894845	
S1-662980812	
S1-420360946	S2-473913746,S2-986601293,S2-635361584,S3-628593285,S3-969989748
S1-921746113	S2-897555276,S3-385295008
S1-878304804	S2-539710694,S3-504406713,S3-867601022
S1-899788840	S2-362713481,S2-907971827,S2-194866582,S3-347919774
S1-555321717	S2-653335046,S2-747856482,S2-972513287,S3-265679169
S1-771341005	S2-30609651,S2-48443747,S3-106725077
S1-212504728	S2-358932448,S2-333497011,S3-386958967
S1-998352511	S2-602777265,S3-106383736,S3-592448394,S3-509416292,S3-368460483
S1-154618762	S2-210198995,S2-188607159
S1-756839647	S2-770254339,S2-955926786,S3-745712168,S3-540191930,S3-138008475,S3-390235936
S1-166413568	S2-717585934,S3-891480315
S1-231767990	S2-866793120,S3-682264550,S3-391052017
S1-932491625	S2-906838670,S3-235257221
S1-117566641	S2-755456712,S2-107286604,S3-528687559
S1-482671822	S2-198385091,S2-623765370,S3-599936047,S3-831978350
S1-860664110	S2-751666552,S2-672839649,S3-680948669,S3-646326365
S1-495033995	S2-393231249,S2-537403812,S2-817090111,S2-734482260,S2-161479942,S3-778391700,S3-355916499,S3-494787932
S1-567831225	S2-614465004,S2-389689465,S3-732758385
S1-534204443	S3-489599597,S3-603760719,S3-833159795
S1-655810692	
S1-668105264	
S1-860858107	S2-297291182,S2-469319500,S3-468662387,S3-756876107
S1-79390691	S2-323649460,S3-487470705,S3-899802779
S1-159285543	S3-934318964
S1-8678621	S2-999359462,S3-306824961
S1-517691829	S2-500932393,S3-492086562,S3-54471792,S3-327350134,S3-680175364
S1-3001357	S2-115178184,S3-411501215,S3-502247377,S3-876924334,S3-748921866
S1-441161274	
S1-875135582	S2-584803531,S2-417314134,S3-15919583,S3-132659463,S3-710022380,S3-876997001,S3-243122506
S1-638733163	
S1-855382465	S2-658116598,S2-937045154,S2-283303844,S2-318316293,S3-625344190,S3-413817538
S1-664549092	S2-369409635,S2-310050028,S2-573265210,S3-934355194
S1-315756020	S2-85909928,S3-132380695
S1-678569540	S2-761621694,S2-616266909,S3-11793583
S1-185691589	S2-361954082,S2-686958529,S2-89379291,S3-374824017,S3-216332471,S3-587445812,S3-927494232
S1-684437451	S2-378395184,S2-600219524,S3-313651966
S1-628936852	S2-181279685,S3-406574912,S3-739790342
S1-598127082	S2-857910207,S2-145990101,S2-223782961,S2-536594879,S3-874473733
S1-397100168	S2-792418214,S2-90692023,S3-952705363,S3-787249188,S3-850041718
S1-721791359	S2-161958157,S3-891768955,S3-241219339
S1-497699777	S3-104182710,S3-885029462,S3-23387004
S1-658039597	S2-847178376,S2-705549889,S3-50039540,S3-531096553,S3-298905246
S1-552356044	S2-22930435,S3-556072503,S3-461189319,S3-142067875
S1-136827706	S2-576683252,S3-129674186,S3-265978659
S1-779258582	S2-561173308,S3-141737271
S1-566195995	S2-929366807,S2-148948723,S3-11664299,S3-630447482
S1-857453647	S2-958591428,S3-960412078,S3-486883508
S1-976362989	S2-552908078,S2-11890028,S2-401859649,S3-981785838,S3-308622426
S1-667573093	S2-894361199,S2-279569032,S3-768709547,S3-564163307
S1-851359159	S2-334942427,S2-383755906,S2-203427863,S3-524373264
S1-107371372	S2-540799527,S2-32418518,S2-179631058,S3-740006063,S3-188068783
S1-273541462	S2-282181271,S2-573925790,S3-503502997,S3-939169968
S1-449183874	S2-512026426,S3-200658214,S3-364131538
S1-822946134	S2-101619268,S3-398079992,S3-338744317,S3-916231038
S1-579645989	S2-734928705,S3-560493749
S1-983558693	S2-708991884,S3-927403550
S1-674928229	S3-807305423
S1-320050036	S2-582845577,S2-229534188,S3-961947383,S3-638370845
S1-580503429	S2-73326122,S2-665068036,S2-136749281,S3-459396347,S3-696342254
S1-7368723	S2-751896046,S2-629094435,S3-731759110,S3-930437807,S3-778417543,S3-574191249
S1-17348986	S2-631349961,S2-321323036,S3-361393035,S3-421841997,S3-226792102
S1-100311975	S2-436312936,S2-820200666,S3-469106964,S3-209135647
S1-80257021	S2-675907870,S2-408057863,S2-289187507,S3-412165694
S1-649703482	S2-281662750,S2-742714720,S3-291768876,S3-211674162
S1-139843202	S2-37863133,S2-625060424,S3-759358557
S1-4464201	S2-89998583,S2-630755723,S2-446512723,S3-654089097,S3-854950838
S1-999178930	S2-227181601,S2-513152679,S2-384546159,S2-40286822,S3-401648290,S3-666690656,S3-176248696
S1-415986389	S2-230432726,S3-810962978
S1-46474125	S2-574418957,S2-644598698,S3-994270512
S1-727772386	S2-522841373,S2-924385680,S3-813831756,S3-186016328
S1-676412222	S2-24642968,S3-393367053,S3-904764439,S3-761772458,S3-420884064
S1-860124055	S3-340124156
S1-834668512	S3-72926926
S1-226700227	
S1-596936802	S2-546634406,S3-856536921,S3-753664273
S1-725218038	S2-253217128,S2-992354892,S2-281668231,S3-684663219,S3-686942305
S1-666180180	S2-243804504,S2-438431797,S2-698047505,S2-51940782,S3-935518798
S1-6019445	S2-357656911,S2-911966658,S2-506615379,S3-676636330,S3-566819481,S3-837241525,S3-636210015
S1-383357572	S2-386211792,S2-219514847,S2-739849788,S3-721183461
S1-225747574	S2-736254595,S2-13366982
S1-856106150	S2-715433509,S3-139423050
S1-399734028	S2-538628954,S2-140979994,S3-176267073
S1-133711830	S3-353209508,S3-988342828
S1-322273756	S2-619554110,S2-394520334,S3-151498795,S3-753677575
S1-455820844	S2-826564451,S2-282201059,S3-685259019,S3-70559540
S1-972997228	S2-764008356,S3-531278226
S1-779877167	
S1-652027601	S2-820663634,S2-401021675,S2-884788741,S3-915137042,S3-595665999,S3-224086478,S3-991688186
S1-462717177	S2-121017693,S2-344408624,S2-216002647,S3-400792684
S1-58306279	S2-707922081,S2-571938747,S3-369969169,S3-447541619,S3-458658207
S1-991015460	S2-1083338,S2-881516833,S2-105920268,S2-543560662,S3-515317483,S3-561604158
S1-469528408	S2-641170241
S1-953990200	S2-85197858,S2-977384252,S2-670098194,S3-763305155
S1-400395318	S2-809140086,S2-602150574,S2-401173946
S1-106280670	S2-199833278,S3-849833911
S1-981910756	S2-194204289,S3-622644104,S3-782323463,S3-553848052
S1-640699965	S2-684496179,S2-522291998,S3-300298741,S3-837987204,S3-204255456,S3-6565083
S1-560630060	S2-760375006,S2-952052999,S3-201561388,S3-906960976
S1-239344069	S2-772516651,S3-374222251,S3-680452279
S1-184557767	S3-578868731,S3-480145332,S3-201893441
S1-755750065	S2-582294670,S2-392326363,S3-183138852,S3-545245456
S1-134316565	S2-970066129,S2-508663879,S2-432217514,S3-959370295,S3-25969919,S3-195558906
S1-405883515	S2-453849799,S2-776161779,S3-770348188,S3-83668342,S3-157019963
S1-599982725	S3-438590275,S3-443925068
S1-950207142	S2-646881542,S3-924891135
S1-945772486	S2-718351936,S2-200785369,S3-924611885
S1-775877198	S2-370313167,S2-218147515,S2-713867986,S3-522903665,S3-691119819
S1-341014657	S2-184477006,S3-536636574,S3-852533198,S3-945310538
S1-653499549	S2-651456794
S1-179786185	S2-170694904,S3-403823537,S3-781785921
S1-575706096	
S1-979335112	
S1-200839335	S2-483758007,S2-698949533,S2-887995424,S2-44599534,S3-784571351,S3-616244974,S3-524597280
S1-246233187	S2-89848036,S3-595007608,S3-814446203
S1-191142284	S2-141846411,S2-224370989,S3-137503774,S3-760855636,S3-978162603
S1-460714098	S2-783063744,S2-461680734,S3-796841056,S3-288656509
S1-682982072	S2-624327139
S1-672623623	S2-37716760,S2-170141561,S2-752952595
S1-135833569	S2-441357399,S3-724902692
S1-690536942	S2-806781048
S1-509849880	S2-207316960,S2-492763190,S3-887485260
S1-523242679	S2-315181704,S2-820157999,S2-219895458,S3-539622443,S3-349155443,S3-194896603
S1-409765149	S2-174509366,S2-546529742,S2-155417340,S3-656791738
S1-982925348	
S1-630016872	S2-245013138,S2-647355110,S2-440409490,S2-532517879,S3-373896990,S3-470818308
S1-30721551	S2-136771912,S2-760401618,S3-239213351,S3-833015967,S3-917311936,S3-370436292
S1-418525742	S2-600137313,S2-711626315,S2-247081783,S2-680965998,S3-21938228
S1-661227812	
S1-976514148	S2-189035668,S3-691636596,S3-701452135,S3-511886231,S3-666728405
S1-375153527	S2-669986893,S3-588122452,S3-343299668
S1-121465565	S2-731015072,S3-209231141,S3-798922123,S3-713907911,S3-847155487
S1-800656808	S2-481717637,S3-217021768
S1-134646779	S2-125250387,S3-686418591,S3-148789984
S1-855378553	S2-876822297,S3-150941646,S3-61312151,S3-704906432
S1-823306203	S2-135289854,S2-405618761,S3-900063603
S1-570353532	S2-55638091
S1-949201827	S2-405842473,S2-658707108,S2-674096568,S3-955411419,S3-75773634,S3-439129715
S1-831357393	S2-69336767,S2-413954957,S3-319989333,S3-783235061
S1-611450571	S2-2622238,S3-456738511,S3-578630772,S3-894371520
S1-825400525	S2-333978546,S3-212589159
S1-976431946	S2-198046693,S3-318939687,S3-361702650,S3-108161739,S3-601067775
S1-164102246	
S1-842899589	S2-702841873,S2-834567603,S2-256366896,S2-242666399,S3-153262290,S3-198698240,S3-919750590
S1-622761138	S2-545095254,S3-779679676
S1-428619041	S3-770453949,S3-375760558,S3-833350972
S1-285320042	S2-778722082,S2-798847463,S3-27601197,S3-598461771,S3-141684524
S1-527745494	S2-560294805,S3-932206883
S1-508841261	S2-497848517,S3-715254877,S3-434607803,S3-271240343
S1-119344640	S3-516019696,S3-271464779
S1-245068118	S2-460883501,S3-956133939
S1-924622688	S2-832580553,S2-595258966,S2-207923226,S3-512199263
S1-809693832	S2-382239584,S3-578603592,S3-740890736,S3-162289850
S1-2106671	S2-378999489,S3-160988835,S3-690364698
S1-66351542	S2-110893131,S3-813254472,S3-969668579,S3-628500954
S1-362690074	S2-77384552,S3-48243184,S3-391131858,S3-21945679
S1-666969489	S2-626250077,S2-736511236,S3-555382193
S1-444653987	S2-383830787,S3-316231247,S3-108615460
S1-695437962	S2-960462693,S2-763978185,S2-356864235,S3-644151121,S3-87959295
S1-833358563	S2-879708580,S2-625723959,S3-531546764
S1-906581512	S3-898608261,S3-488133514,S3-999056378
S1-548103541	S2-867700891,S3-126120173,S3-487987033
S1-820146152	S2-384690104,S3-206014414
S1-898005911	S2-179096024,S3-519541908,S3-888015216
S1-935357286	S3-460463694
S1-602968915	S2-31951627,S3-464039850
S1-732746864	S3-295103519,S3-649869404
S1-25640523	S2-640047033,S2-302300069,S3-808151715
S1-254466250	S2-9629601,S2-386304928,S2-797285454,S3-355112193
S1-999813795	S2-645839731,S2-452193523,S2-489965779,S2-324207269,S3-600452859,S3-692491773
S1-413344399	S2-562462764,S3-198191289,S3-840918953,S3-967536555,S3-662565364
S1-205599474	S2-124724903,S2-339582082,S3-372788696,S3-95573641,S3-573125509,S3-192072916,S3-569017060
S1-115172111	S2-980054606,S2-71201522,S2-749746565,S2-508896891,S3-191134528,S3-936704151
S1-704479411	S2-418646327,S2-627588845,S2-254933330,S3-36749928
S1-163450452	S2-469202390,S3-724906763,S3-332497522
S1-795722936	
S1-635300612	S2-830879316,S2-398415071,S2-358896004,S3-923667267,S3-232726260
S1-201324913	S2-927722537,S2-382350213,S3-19695388,S3-687070158
S1-61940457	
S1-795055193	S2-865237349,S3-628519735,S3-851684837,S3-667462063
S1-691086283	S3-52366865
S1-935834732	S2-770990468,S3-117729305,S3-766691239
S1-761859977	S3-973082113
S1-450123051	S2-347456443,S2-821311328,S3-816589278,S3-769773795,S3-568205681,S3-777435396
S1-71300620	S2-233895860,S2-476207872,S3-387618903
S1-305816766	S2-757082662,S2-588008305,S2-140883984,S2-422442972,S3-897964228,S3-569907356
S1-996224045	S3-157539170
S1-52392513	S2-413246019,S2-634466562,S2-528797121,S3-597592876,S3-565238661
S1-609449780	S2-108011924,S2-444305361,S2-678978487,S3-744781779,S3-886970187
S1-827328500	S2-741680828,S2-12148102,S3-904122930,S3-179626380
S1-683192018	S2-17299745,S2-42336009,S3-896234230
S1-398496870	S2-467946379,S2-953197158,S3-719645059
S1-229935982	S2-146267632,S3-180813727,S3-137642895,S3-191159281
S1-780081944	S2-592857849,S2-502870754,S2-627941836
S1-57652511	S2-390607346,S2-732596681,S3-18857878,S3-576139046
S1-920809802	S2-34898293,S3-344012194,S3-718911511,S3-839899175,S3-273738697
S1-709202518	S2-993431983,S3-888584212,S3-487495904,S3-478876442
S1-34531979	S2-124750224,S3-45767521
S1-727151805	S2-655246663,S2-509406387
S1-40991471	S2-82254849,S3-988448769
S1-471181452	S2-111730837,S2-601257289,S2-568175256,S3-194183872,S3-932800,S3-195396390
S1-730460665	S2-37389950,S3-318580480
S1-198701572	S2-271817273,S2-989510642,S3-275675570,S3-803372202
S1-710314248	S2-547455350,S2-599038822,S3-279421673,S3-895859596,S3-279862732
S1-586526023	S2-711384925,S2-269832688,S3-320964240,S3-192264103
S1-775107991	S2-182975736,S3-671188137
S1-47242296	S2-937553001,S3-906974182,S3-718163249,S3-283974613
S1-46411900	S2-154261861,S2-499924516,S2-588786009,S2-482064964,S2-685435702,S3-277434607,S3-673480210,S3-204017331
S1-863281339	
S1-734713030	S2-572741885,S2-962552475
S1-875089367	S2-417299399,S3-531812856,S3-687848624,S3-914747519
S1-699693410	S2-135315811,S3-39496776,S3-371539065
S1-104698097	S2-536501104,S2-83480834,S3-6561112
S1-707416354	S2-104165716,S2-625169291,S2-14252117,S3-789463234
S1-819125020	S2-17268147,S2-322209778,S3-406452645,S3-68238866,S3-909137095,S3-826895286
S1-82205596	S2-616593709,S3-625529384,S3-667436777
S1-388140174	S2-677989814,S3-986513421,S3-637918920
S1-438108340	S3-760639825
S1-426239380	S2-27451200,S3-801188623,S3-388624298
S1-24552337	S2-246386103,S2-966123498,S3-68107359,S3-752518809
S1-847813834	S2-752436519,S2-370554404,S3-729067257
S1-847565012	S2-882128922,S3-415455086
S1-673526618	S2-95031868,S2-803397924,S2-188491257,S2-857845718,S2-617912530,S3-954713008,S3-849764521
S1-278081517	S2-614064046,S3-577527491,S3-169124267
S1-133959592	S2-663768461,S2-956647439,S3-407427748
S1-509856825	S2-926209277,S3-826405374,S3-646385368,S3-364105990,S3-808440726
S1-590976736	S2-315269242,S2-821169850,S2-387952800,S3-484277573,S3-347611455
S1-86387436	S2-354130386,S3-801751153,S3-609075958,S3-235914450
S1-502026142	S2-993157893,S2-800004242,S2-712257810,S3-941792093,S3-614535979,S3-27182324
S1-451230111	S2-200927267,S2-700835551,S3-245612191,S3-905279965
S1-6836053	S3-103291403,S3-352027357,S3-145188629
S1-131932801	S2-416794830,S3-394863413
S1-849305435	S2-799528657,S2-78818725,S2-350518389,S3-572009965,S3-768494311,S3-466301690
S1-799719558	S2-915838651,S2-767827752,S3-613352767,S3-121751486,S3-660516278,S3-261680440,S3-607079812
S1-315747331	S2-646975895,S2-643898798,S2-173635484,S3-533939106
S1-727032038	S2-402888070,S3-429266939
S1-802366909	S2-779822873,S2-712957884,S2-619141169,S2-277285829,S3-32582970,S3-611890275
S1-113353587	S2-127952727,S3-229256775,S3-411924206
S1-394131794	S2-783086859,S2-229517437,S2-725332521,S3-51898185,S3-223795950,S3-995478078
S1-977571832	S2-266242858,S3-55345123
S1-720543723	S2-342580274,S3-203269161,S3-831986936
S1-41578079	S2-552655856,S2-667088077,S3-304262870
S1-405373391	S2-436059167,S2-137615970,S2-511404227,S3-450616720,S3-193389374
S1-922763288	S2-369711656,S2-204393743,S3-715635919
S1-869647436	S2-658961329,S2-855140379,S2-991303138,S3-883118564,S3-71861885,S3-777008532
S1-583358084	S2-30313205,S2-216220592,S3-912305446,S3-388558194,S3-769102021,S3-615850781
S1-268276105	S2-749041727,S3-185197591,S3-788888168
S1-93660170	S2-804519503,S2-818633157,S3-886226120
S1-940520833	S2-843642494,S2-460540235,S2-110142225,S2-742261563,S3-929869945,S3-208987870,S3-245076321
S1-94927968	S2-103384741,S3-290512834
S1-880475367	S2-470969201,S2-122211469,S3-780975244,S3-532250708,S3-698397248
S1-182350090	S2-33249625,S3-35126678
S1-680007763	S2-495322943,S2-300504948,S3-774016774,S3-490977541,S3-748251875
S1-182820935	S2-633311102,S2-74316838,S3-445007220
S1-219067873	S2-682538568,S2-711260653,S2-444889189
S1-604576310	S2-654191963,S2-146591924
S1-221993270	S2-656772707,S2-186783264,S3-690662912
S1-75248199	S2-924104356,S3-987692825
S1-573923600	S2-561400692,S3-665083889,S3-939043527
S1-662960777	S2-528022541,S2-954708201,S3-307698110,S3-282229695,S3-995669521,S3-433806563
S1-183994158	
S1-348575824	S2-639384919,S2-973323930
S1-31167877	S2-275095450,S3-78416607
S1-619694021	S2-279106573,S2-793467680,S3-559288425
S1-153306487	S2-164067723,S2-53750331,S2-387121860,S3-957149264,S3-861972265,S3-761772042,S3-710906405,S3-766497417
S1-711449822	S2-679831152,S3-367590811
S1-433107823	S2-759129658,S3-252776076
S1-713853341	S2-837558704,S3-54323545,S3-666036439
S1-501284762	S2-15105614,S2-984795016,S3-526379018
S1-256077605	S2-37366579,S3-561039471,S3-791526167
S1-497112416	S2-625583487
S1-126534009	S2-216397254,S3-846425497,S3-693190587,S3-204547542
S1-532981686	S2-549893548,S3-879583048
S1-472598649	S2-968401267,S2-148720347,S3-999364316
S1-584312556	S2-439714529,S3-269286718,S3-466895560,S3-473942338,S3-595181356,S3-586626907
S1-41100774	S2-838409983,S3-159540200
S1-721561294	S2-833643720,S3-797921876
S1-630964437	
S1-794271574	S2-517506167,S2-634606421,S3-904100094,S3-336785378
S1-166490713	S2-173032643,S3-337059342,S3-712390072,S3-556710868
S1-888471304	S2-163692540,S2-911853671,S3-556963164
S1-633534685	
S1-539382359	S2-362251251,S3-224986672,S3-961317417
S1-866328857	S2-831225985,S3-722553831
S1-72348272	S2-917313710,S2-693249642,S2-673187781,S3-36773983,S3-293076382,S3-554802256
S1-222892908	S2-858524758,S3-482978068,S3-671153859
S1-199167809	S2-426889522,S2-800368075,S3-375573585,S3-46758890
S1-69224008	S2-770409117,S2-469946292,S3-291541148,S3-968533592,S3-47907877,S3-824789048
S1-738455313	S2-613714065,S2-924880405,S2-102819412,S3-715731179,S3-80064188,S3-174896141
S1-816092829	S2-435434930,S3-807888533,S3-562707628
S1-355918679	S2-583617574,S3-420531358,S3-708643284,S3-972360765,S3-581875985
S1-325510823	S2-540749771,S2-292947738,S3-119252041
S1-395674573	S2-229071723,S3-435024572,S3-853170379,S3-320071110
S1-913136931	S2-109869893,S2-911442579,S2-531135049,S3-712528659,S3-954406852
S1-666502557	S2-326385119,S3-78593825
S1-183380244	S2-183363507,S3-420178085
S1-736565366	S2-367247211
S1-725892424	S2-830109477,S2-126500858,S3-391031349,S3-828166513
S1-552889439	S2-825842106,S3-345209331,S3-879514104
S1-698570134	S2-474469835,S2-997440113
S1-224432748	S3-155715337,S3-243179302,S3-592310362
S1-138153333	S2-687464358,S3-851810108
S1-725243580	S2-861450153,S2-876382210,S2-687162640,S2-206148056,S3-21345844,S3-772102405
S1-675165621	S2-577563988,S2-370080590,S3-897099240,S3-305459206,S3-468393462,S3-713604775
S1-148144526	
S1-941845998	S2-560640973,S3-218313969,S3-101663741,S3-757715819
S1-524341101	S2-413711776,S2-586985295,S2-264177165
S1-463587803	S2-593167967,S3-186766166
S1-48663745	S2-448738851,S2-86233982,S2-19110677,S3-421623505,S3-898576310,S3-818968347,S3-242985740
S1-923251126	S2-276207381,S2-549906822,S2-855675303
S1-880672007	S2-336222290,S2-258239243,S2-44778990,S3-44408413,S3-622246171,S3-33242211
S1-764751941	S2-61154270
S1-726580148	S2-442756729,S3-657821254,S3-894913377,S3-503898022
S1-740002545	S2-642416289,S2-782303835,S2-433616541,S3-661531181,S3-730225790,S3-597248824
S1-438866790	S2-697026354,S2-477762296,S3-840778237,S3-134924835
S1-240772095	S2-54339961
S1-704195393	S3-967990384
S1-764429439	S2-950681673,S3-469581973,S3-181265122
S1-896768543	S2-848175214,S2-535486885,S2-435742197,S3-304281609,S3-606611775,S3-699910668,S3-57701524
S1-321792246	S2-412483849,S2-791319913,S3-170448794,S3-346534391
S1-468870653	S2-168803791
S1-333046855	S2-95663679,S3-920843772,S3-646970171
S1-38565655	S2-739244321,S2-471806204,S3-115749775
S1-979163693	S2-700515987,S2-790618051,S2-774824570,S3-350817970
S1-106043826	S2-520106593,S2-537433155,S2-309386729,S3-681150151,S3-194515577
S1-269459244	S2-610676433,S2-909523423,S2-911167472,S2-94171558,S3-228328752
S1-522958787	S2-791521461
S1-889509000	
S1-963987635	S2-443782789,S2-597605998,S3-792326695,S3-70818180
S1-570166277	S2-190235258,S2-13411397,S2-35247328,S2-516597385,S3-478523915,S3-121866662
S1-957366919	S2-203172423,S3-553946228,S3-481662701
S1-955124148	S2-108564207,S2-343126264,S2-830221678,S3-211955949
S1-702644452	S2-181370770,S2-469886104,S2-156376298,S3-323753170
S1-674769991	S2-969730215,S2-665624876,S2-902309656,S3-336904213
S1-217583086	S2-657659083,S2-999584265,S2-669720045,S3-493852887,S3-254622760,S3-794991080
S1-221949446	S3-944789682,S3-948115147,S3-969454521
S1-754362577	
S1-635938928	S2-849747685,S3-714029356,S3-858109955
S1-60319022	S2-240887418,S3-201728673,S3-669492620,S3-241272905
S1-1138216	
S1-913661665	
S1-602380222	S2-137926791,S2-503629983,S3-4924082,S3-778502183
S1-816709623	S2-242291098,S2-813749988,S2-241833107,S2-571040865,S3-5845014
S1-218118214	S2-313123410,S2-100411473,S3-280349345,S3-403635102,S3-716042923
S1-522559323	S2-249501581,S2-831552640,S3-142522803,S3-815767145,S3-314668275,S3-9406287
S1-886407099	S2-510728055,S2-855617692,S3-997281874,S3-666580785,S3-627258758
S1-633718014	S2-546206290,S2-791065197,S2-255261440,S3-830337842,S3-222966254
S1-726005605	S2-194558206,S3-215522864
S1-474574818	
S1-753631170	S2-340975944,S2-778788221,S2-727467865,S3-117710717
S1-648037983	S2-187514575,S2-829877499
S1-612908605	S2-208911953,S3-194152426
S1-84166329	S2-618884433,S3-290173681,S3-326680465
S1-194788834	S2-562987785,S2-23960368,S3-384816397
S1-405740174	S2-267245130,S2-544825502,S3-342288445,S3-316863927
S1-160271019	
S1-209052632	S2-367085332,S3-747364053,S3-645413434
S1-876757202	S2-40527025,S2-102168440,S2-254351091,S3-850329599,S3-535462183,S3-976185241
S1-977601641	S2-282190197,S2-889367834,S2-867195661,S2-703685881,S2-540561822,S3-258570646
S1-323211435	S2-264822670,S2-264442353,S3-283160880,S3-506771600,S3-576535237
S1-283493033	S2-608636706,S2-754933128,S2-695503031,S2-222694843,S2-896729543,S3-835416006,S3-255012760,S3-174917522,S3-878894497
S1-817248112	S2-731337898,S3-40269328
S1-502485259	
S1-502005916	S2-199052023
S1-834425917	S2-342826896,S2-400263417,S3-348993864,S3-732786744,S3-70907223
S1-766409442	S2-674372884,S2-208788055,S3-606811789,S3-174548985
S1-571399800	S2-293012243,S2-46291612,S2-497595499,S3-690606881,S3-161084328
S1-198952593	S2-836104608,S3-322973359
S1-350434766	S2-166405834,S2-940245315,S2-848132278,S3-848572135,S3-937226045
S1-288537970	S2-704022155,S2-447093920,S3-935158613,S3-801600788
S1-619498270	S3-809582480
S1-930726787	S2-812226215,S3-957543576,S3-704074083,S3-17066244
S1-217647343	S2-233583444,S3-360992385,S3-318147199
S1-879768892	S2-674479434,S3-562345773,S3-56306637
S1-516259743	S2-638151891,S2-859540294,S3-755546711,S3-643534884
S1-150658920	S2-315926746,S2-803649555,S3-756101436
S1-149477559	S2-693860943,S2-683365378,S3-333418426
S1-278977765	S2-252793897,S2-357485706,S2-973102788,S3-614901711
S1-905554589	S3-384548395,S3-515884760,S3-519735702
S1-417998620	S2-783375453,S3-31008059,S3-624282313
S1-616143393	S2-986091069,S2-156713533,S2-471348199,S3-737638730,S3-676541283
S1-177761000	S2-342262905,S2-70270083,S2-210615936,S2-487204238,S2-459796710,S3-941116826
S1-335448451	S2-591019298,S3-850805342,S3-654636612,S3-51998695,S3-94557793
S1-3304681	S2-497523739,S2-727772082,S2-957031548,S3-58365370,S3-218931950,S3-267022967
S1-183567864	S2-739571321,S2-890435247,S2-468993486,S2-929711066,S3-30035892
S1-530511879	S2-339017405,S2-194381891,S3-767775470,S3-45342648
S1-543102158	S2-829358169,S2-542391360,S3-570297881,S3-330385049,S3-666262913,S3-415660290
S1-42637816	S2-403124180,S3-59579487
S1-365710538	S2-814974151
S1-44232122	S2-746749232,S2-183586798,S2-789300419,S3-763759223,S3-52950661,S3-662636116
S1-563819210	S3-60257320
S1-984586118	S2-94857452,S2-67035288,S2-117849831,S3-83391396,S3-68848527
S1-281845566	S2-762118040,S2-642349307,S2-605017580,S2-530600809,S3-341568577
S1-14602615	S2-239940408,S2-157406769,S3-609688451,S3-536887320,S3-902181642,S3-500478087
S1-427723029	S2-257611225,S2-650182457,S3-716308137
S1-128280807	S2-824499439
S1-408912715	S2-740236485,S2-784246849,S3-420648444,S3-200529141,S3-573389967
S1-152896439	S2-378446158,S2-783176260,S3-929764787
S1-239734258	S3-692728867
S1-409837901	S2-978035404,S2-201333718,S2-615995832,S2-395844853,S3-269398316,S3-949483755
S1-197966461	S2-426782474,S2-451736000,S2-128530809,S3-882852081
S1-851478331	
S1-110701344	S3-860429292
S1-148244929	S3-170556428,S3-625287734
S1-662284196	S2-648062209,S2-812820194,S3-894724689,S3-600543522,S3-478961661,S3-647419335
S1-861627521	S2-944798169,S2-678352507,S2-657717240,S2-865861286,S3-413870723
S1-97085823	S2-305313917,S2-954428897,S2-834466460,S3-983117430,S3-737017307
S1-882785621	S2-546710043
S1-585583045	S2-347799632,S2-723544345,S2-15855553,S3-507772525
S1-661535896	S2-748909084,S2-809465042,S2-605833745,S2-220070286,S3-234271589,S3-94590940,S3-616683661,S3-166274468
S1-500146496	S2-70130400,S3-898452134,S3-273892596
S1-520589661	S2-660622088,S2-834225735,S3-683504576
S1-290699514	S2-223742567,S3-563289143,S3-277559885
S1-38442698	S2-158240412,S2-539194667,S2-851659324,S2-6664185,S3-877469331
S1-488969841	S2-712478342,S2-496415271,S2-570264999,S3-396286022,S3-666127557
S1-74366880	S2-882319771,S2-127416139,S2-272981323,S3-274861222
S1-594337704	S2-963864439,S2-781897707,S3-404343062,S3-106403400
S1-120996602	S3-565061788,S3-924964518
S1-473180548	S2-779833747,S3-541344032,S3-903053338,S3-837908098,S3-504341873
S1-130703062	S2-321011202,S3-854088404,S3-727161967
S1-801554025	S2-667619293,S3-659801215,S3-196460945
S1-35570033	
S1-171250350	S3-374929502
S1-464682697	S2-850042878,S2-161856610,S3-972220946
S1-425263518	S2-311310116,S3-774413386
S1-193189779	S3-245229461,S3-60905381,S3-281479194,S3-668611059
S1-312010548	S3-116114098,S3-738219354
S1-688740188	S2-274492074,S2-841039097,S3-162331514
S1-326542680	S2-289840182,S3-391281514,S3-965157211,S3-499329147,S3-303045077
S1-823960647	S3-349136885,S3-358014612,S3-375921733
S1-690877976	S2-209971711,S2-402273320,S3-751873199,S3-969429743
S1-141146851	S2-872749071
S1-886756931	S2-111905024,S3-409406717,S3-17241137
S1-178099093	S2-126673915,S3-36224822,S3-337349308,S3-775812363
S1-381895666	S2-786871446
S1-504304257	
S1-552740313	
S1-852423793	S2-549599032,S2-151187362,S3-868977155,S3-291696969,S3-976034117
S1-606096049	S2-97229823
S1-595966213	S2-472368836,S2-732945943,S2-787973646,S2-855576708,S2-479492647
S1-452561643	S2-592514167,S2-187266186,S2-833592050,S3-79923049,S3-995393367,S3-136343760,S3-955131229
S1-494413089	S2-978903528
S1-7222546	S2-301584859,S2-811081370,S2-763986494,S3-65048557,S3-161170184,S3-215719971
S1-28354325	S2-830554895,S3-592121021
S1-830831833	S2-312866080,S3-584980863,S3-526913347
S1-287063917	S2-253279376,S2-364745293,S3-518254549,S3-988354298,S3-677423550,S3-423911110
S1-769511181	S2-863026808,S3-569479204,S3-831592090,S3-732769731,S3-842578440
S1-13893190	
S1-984016960	S2-878429788,S3-421263083
S1-512584513	
S1-564654516	S2-890861773,S2-320358941,S3-565215941,S3-947856752,S3-922498541,S3-350602465
S1-567321438	S2-318738819,S3-913797863,S3-576148411,S3-221123540
S1-686699918	
S1-106517579	S3-256652398
S1-751515018	S2-596894092,S2-381397931,S3-628198075,S3-395176485,S3-703028918,S3-830274454
S1-77370542	S2-584215123,S2-275601256,S2-543756783,S3-551658414,S3-967565524,S3-700981428
S1-414950126	
S1-435713198	S2-424666094,S2-505756223,S2-623271086,S2-433513237,S2-339771628,S3-612465763
S1-660667320	
S1-235031596	S2-422520680,S2-889556025,S3-84820738
S1-627572416	S2-378645721,S2-253810370,S2-3970061,S3-79689720,S3-805125767
S1-258419186	S2-93019010,S3-285523915,S3-339137006
S1-284189230	S3-885955406,S3-848576539,S3-490656220
S1-248010989	S2-837084264,S2-475316896,S3-893457469,S3-242994527
S1-249916218	S2-198476000,S2-269023180,S2-465410318,S3-896729633
S1-835350349	S2-501103186,S2-808868130,S2-84856555,S3-720180047,S3-727120391
S1-785659615	S2-744103434,S2-274677055,S3-270174148
S1-595015689	S2-697682221,S2-721815326,S3-243892852
S1-536979386	S3-192813954
S1-387340068	S2-198689133,S2-399290359,S2-113229777,S3-786327982,S3-452772370,S3-858347985
S1-707496831	S2-661432558,S2-224245938,S2-162236215,S3-881426548
S1-519095612	S2-553074112,S3-566049767
S1-62112641	S2-503438621,S2-230841279,S3-788576571,S3-292383953
S1-120889220	S2-70425308,S2-568120577,S3-488290469
S1-629482052	S2-835894559,S3-689723487,S3-770386668
S1-51466866	S2-243502071,S2-911887280,S3-230393783,S3-238172508,S3-466644048
S1-946464225	S3-473637566
S1-12819640	S2-423497491,S3-250827115,S3-157364325,S3-658965874
S1-98527856	S2-152114508,S3-878306240,S3-193939865
S1-897582038	S2-490008777,S2-521479651,S3-311935282,S3-570803407,S3-424366799
S1-315722722	
S1-200432570	S2-187482402,S2-24988432
S1-393652609	S2-777125578,S3-514041471,S3-24107897,S3-709969686
S1-922835910	S2-432794514,S2-793062285,S3-47239908,S3-333961624
S1-730348473	S2-229273444,S3-435425346,S3-222186096
S1-873287259	S2-97886046,S3-301973907,S3-544504664,S3-665858110
S1-809850478	S2-387705506,S2-773512103,S3-212571908,S3-557027533,S3-656339271
S1-628637553	S2-895105012,S2-960069445,S2-537071124,S2-457604155,S3-740180097
S1-802428784	S2-491732489,S2-471412918,S2-903208447,S2-766864782,S2-269906331,S3-818804623,S3-361152979,S3-464190775
S1-277588164	S2-926089591,S3-975887579,S3-486398804,S3-920017390
S1-412897230	S2-686647343,S3-417456715,S3-467672927,S3-776200571
S1-878354329	S2-444646417,S2-452142835,S3-842732432,S3-794560112
S1-278231669	S2-27987575,S2-524138289,S3-392138120,S3-75993764,S3-819337916
S1-295045202	S2-908640284,S2-35083013
S1-640348004	S2-174529703,S2-797180813,S2-669047704,S3-641777860,S3-421924542,S3-793778518
S1-625442809	S2-534197892,S3-807588398
S1-665409833	S2-138524624,S2-980364657,S2-803680263
S1-389448781	S2-620263729,S2-643656359,S3-360631964,S3-328954306
S1-803506157	S2-708825889,S3-666950597,S3-769381585,S3-460791996
S1-69868837	S2-183894729,S2-925806805,S3-77016236,S3-362087391,S3-578152564
S1-711280576	S2-494037183,S3-679347669
S1-78373553	S2-37334120,S3-205689861,S3-649491804,S3-426507198,S3-959526234,S3-193056912
S1-236625250	S2-95258885,S3-92661551,S3-629032633
S1-50287754	S2-302056082,S2-567960432,S3-890877717
S1-858529363	S2-897902982,S3-654186649
S1-708121741	S2-725429895,S2-987147187,S2-319920121,S3-535044916
S1-193804148	S2-46592479
S1-930812304	S3-429677922
S1-2721770	S2-960181275,S2-472918992,S3-851450196
S1-446328472	S2-674175425,S2-349372621,S3-733955913,S3-417349534
S1-225645145	S2-688536237,S2-51243966,S3-860506375,S3-870930759
S1-775839949	S2-224327298,S2-858933936,S2-449388439,S3-164346330
S1-116623293	S2-870696547,S2-770773167,S3-953223282
S1-648584174	S2-639286860,S3-351772569
S1-670287403	S2-261470192,S2-606422986,S2-889663867,S2-425866614,S3-270836591
S1-892449496	S2-931786453,S2-813236188,S3-601236642,S3-767160424,S3-34466035
S1-255023470	S2-678821626,S2-229882595,S3-454545929,S3-274420712
S1-235322142	S2-795256542,S2-489583528,S2-843273195,S3-645758444,S3-311876884
S1-374601217	S2-335004588,S3-218794189,S3-256763378
S1-2408177	S2-305838364,S3-464818862
S1-130196680	S2-567840797,S2-281983214,S3-729910736,S3-950708949,S3-994155796,S3-418654309
S1-590139178	S2-728251159,S2-474452159,S3-820646631,S3-743566392,S3-709621058
S1-167375134	S2-247309251,S2-678628025,S3-28884053,S3-954090000,S3-903556745
S1-27606235	S2-153588095,S2-870603876,S3-628310066,S3-241505667
S1-303622938	S2-873899584,S2-936208353,S3-120577074,S3-584223947,S3-896259501
S1-831763446	S2-864183383,S2-256320509,S3-989951980,S3-532919281
S1-809680042	S2-858373234,S2-206578622,S2-805848751,S3-334010728,S3-510441921
S1-323348549	S2-285379448,S2-94282441,S3-654439118,S3-711254636
S1-384796202	S2-367589738,S2-427846807,S3-165684791,S3-899741057
S1-832858750	S2-765630661,S3-59048195
S1-969954136	S3-286379710,S3-415045106
S1-627967020	S2-657079886,S2-440324723,S3-937727788,S3-237903990
S1-794742714	S2-266697323,S3-426246169
S1-670449425	S2-834692897,S2-505142942,S3-422044000
S1-863365038	S2-964154005,S3-138994236,S3-549113828
S1-632233926	S2-346166698,S3-376872078
S1-354514231	S2-978105068,S3-462652426
S1-952342649	S2-578587530,S3-452062595
S1-560636623	S2-179872758,S2-807879938,S3-593367722,S3-361150328,S3-367191052,S3-340571726
S1-224293426	S2-189329923,S2-717602681,S3-697301794,S3-87362369,S3-644851007
S1-477975475	S2-736619935,S2-354943654
S1-888539321	S2-548578377,S3-124151980,S3-112872064
S1-582413421	S2-92483612,S3-820816614,S3-581418137
S1-208520642	S2-71941528,S3-872257391,S3-358667156,S3-683649690
S1-270877495	S2-261557706,S2-950183869,S2-816247330,S3-729128956,S3-579806018,S3-785554559,S3-446588976
S1-637256654	S2-242253944,S2-860717965,S3-907146962,S3-881316692,S3-249505569
S1-753613672	S2-556658414,S2-448861280,S3-807706719
S1-784001303	S2-273780731,S3-728808774,S3-573122477,S3-270944750,S3-216094486
S1-394650371	S2-231851882,S2-67924050,S3-202466436
S1-399697723	S2-102100449,S2-938927319,S3-49572811,S3-226191469,S3-137433079
S1-994058822	S2-825874541,S2-870773270,S3-422427593
S1-304093440	S2-627503071,S2-506216636,S2-564414072,S2-739005308,S3-938058954,S3-514018526
S1-308171326	S3-774474012
S1-693713018	
S1-712455599	S2-129541278,S3-177705040,S3-222410944,S3-327370703,S3-43082954
S1-816060561	S2-85757601,S3-879029469,S3-959155728
S1-663330784	S2-529170042,S3-108688085,S3-187869139,S3-375821697
S1-568371179	S2-171337546,S2-877676657,S2-899638216,S3-332271459
S1-943280427	S2-949223383,S3-309505102
S1-384097632	S2-934937370,S3-742557459,S3-997340561
S1-847055222	S2-604531289,S2-327240802,S3-399084641,S3-29546164,S3-519427976
S1-725877818	S2-423709852,S3-19425472
S1-40083172	
S1-416462596	S2-739357697,S3-950675022,S3-916141265
S1-543292192	S2-519870111,S2-953276683,S3-485972515,S3-95983211
S1-111580145	S2-451546793
S1-335906499	S2-628598673,S2-705101528,S3-606836806,S3-349580752,S3-646705286
S1-528158600	S2-183315302,S3-270972986
S1-196241652	S2-730981012,S3-963728164,S3-240746606,S3-473876749
S1-596081803	S2-7235777,S2-678428355,S3-949308173,S3-128753009,S3-729996516,S3-828914891
S1-45571287	S2-576687843,S2-660521567,S2-875518501,S3-112675287,S3-618569051
S1-124072506	S2-982327516,S2-149124326,S2-739123376,S2-397128189,S3-748478531,S3-832291801,S3-598328802
S1-543025021	S2-257112527,S2-485303187,S3-281937286
S1-456957093	S2-549343042,S2-903773470
S1-509647950	S2-543965088,S2-467867100,S3-134397423
S1-281262138	S2-936281070,S3-500448347
S1-119792011	S3-490204492,S3-206459762
S1-567994461	S2-123090335,S2-368697663
S1-463660205	S2-574037055,S2-644825049,S3-955198344
S1-953095699	S2-950780337,S2-799867224,S2-572877746
S1-396129521	S2-330869813,S3-79818055,S3-377004026,S3-237544456,S3-739228872
S1-552531315	S2-179785879,S3-699699454,S3-889381000
S1-786357108	S2-970137348,S3-745112016,S3-189215088
S1-538444338	S2-250711513,S3-928457138
S1-503511973	S2-135708828,S2-80188761,S3-642051871,S3-12664815,S3-519088855,S3-266650232
S1-918654322	S2-284570721,S2-866719557,S3-794652052
S1-647389239	S2-171059865,S3-915337552
S1-583972384	S2-689910515,S2-464440912,S3-934248735,S3-760121059
S1-123213165	S2-405897672,S2-569028042,S2-305084579,S3-79409224,S3-362036805,S3-128040048,S3-125169779
S1-870119298	S2-181428202,S2-370807658,S2-904649479,S3-407431233
S1-916895370	S2-412243252,S2-584334204,S2-836403601,S2-523265197,S2-279897037,S3-877222737,S3-313778064,S3-310297294,S3-936647381
S1-627003410	S2-460889912,S2-751540724,S3-801216555,S3-745242951,S3-176051009
S1-996686491	S2-978032171,S2-483530670,S3-336494003,S3-428639692
S1-958153866	S2-474603786,S3-88216592
S1-754875457	S2-882543846,S3-560378113,S3-705049641
S1-565625179	S2-446601322,S2-281037268,S2-847167331,S3-458615830,S3-177533062
S1-120926205	
S1-628646108	S2-580918746,S3-117792940,S3-906889807,S3-408941438
S1-221507512	S2-415328430
S1-187714996	S2-450322641,S3-855131009,S3-54887195,S3-632395041
S1-396226909	S3-273362121,S3-929245184
S1-191403122	S2-193834224,S2-840352132,S2-899134320,S3-49738040,S3-983047522
S1-945258422	S2-556033969,S2-726527792,S3-122249702,S3-864215174,S3-78445802,S3-848691410
S1-731917801	S2-239788735,S3-695066532,S3-297797341,S3-420191777,S3-675319114
S1-60895704	S2-147987961,S2-782237421,S3-567773032,S3-243735156,S3-307765211
S1-181122993	S2-351108451,S3-907105497,S3-240589873,S3-723618252
S1-501720936	S2-666610668,S2-880144208,S3-838209702,S3-617214170
S1-489810413	S2-988174569,S2-102912012,S3-977910498,S3-169433269,S3-828993483
S1-388626772	S2-13284477,S2-644588117,S3-17556491
S1-717048415	S3-171837652,S3-461665716,S3-48034047
S1-133216028	S2-70871038,S3-46914421,S3-115057117
S1-479787974	
S1-142467550	S2-182623312,S2-806532769,S2-374241718,S3-459440921
S1-518131090	S2-383188287,S2-481392310,S2-438706022,S3-744552754,S3-15044126,S3-21454301
S1-663233028	S2-889484612,S3-11739688,S3-209744252
S1-905723806	
S1-830985329	S2-729130289,S3-761076191,S3-355957358
S1-136315428	S2-368915780,S2-465428200,S3-426109428,S3-304147354
S1-845458908	S2-629470258,S2-831207693,S3-45478674
S1-226201390	S2-659887722,S3-164606665,S3-733471822,S3-493154805,S3-873836635
S1-304427249	S2-866348363,S2-719073210,S3-898053859,S3-713724930,S3-128355087,S3-861642385
S1-450994468	S3-650534009,S3-38928725
S1-455844563	S2-732763101,S2-119130244,S2-846810812,S2-958615024,S2-929376468,S3-242331931
S1-852765706	S2-301525003,S2-268423689,S2-633600212,S3-313581911,S3-977959154
S1-945209755	S2-992807590,S3-934669460,S3-400777783,S3-446216529
S1-42123921	S2-705190701
S1-745293076	S2-844958846,S2-735947723,S2-440797169,S2-131658853,S2-930015004,S3-220565580,S3-354397913,S3-300964608
S1-467380620	S2-228096377,S2-418982075,S3-562745869,S3-80933417
S1-258987551	S2-468165605,S3-473080672,S3-564869488
S1-61814598	S2-788287736,S2-555154829,S2-900954485,S3-199840178,S3-817204060
S1-512750669	S2-649017515,S3-138808234,S3-221132200
S1-20327613	S2-727560277,S3-486642737
S1-475557369	S2-135204593,S2-752978823,S2-946415330,S2-844932585,S2-165966544,S3-301695259,S3-701288589,S3-373235548
S1-538183082	S2-490699667,S3-382699002,S3-778178130
S1-849287297	S2-933384808,S2-944933773,S2-914652720,S2-925641698,S3-316891265,S3-852597527,S3-786093466
S1-346276936	S2-944025913,S3-560258307
S1-213642056	S2-898452397,S2-343583465,S3-497814380
S1-755769174	S2-807692713,S2-699208798,S2-468749822,S2-876627972,S3-686265210
S1-11779675	S2-428236266,S3-851695324,S3-501977772
S1-68669417	S2-744481326,S2-837674960,S3-182996789,S3-938121960,S3-138191993,S3-844139987
S1-49848136	S3-412847694,S3-866813107
S1-92668726	S2-121778540,S2-329011953,S2-847877822,S3-538188983,S3-916804828,S3-688536112
S1-192418615	S2-5584344,S3-233552747
S1-554837293	S2-499629369,S3-905503943,S3-714054245
S1-294893961	S2-92708430,S3-577517419,S3-89861997
S1-227598959	S2-719014460,S2-420631282,S2-144254830,S3-115724817,S3-187901405
S1-386016527	S2-718657612,S3-647861957,S3-904086240
S1-285419585	S2-470418444,S2-969465434,S2-554784033,S2-9313064,S3-703304494,S3-242107467
S1-749371059	S2-664821549,S2-771299951,S3-691236211,S3-596622553
S1-91820363	S3-13576270,S3-278897744,S3-411315480,S3-996224721
S1-800616702	S2-447066367,S2-579194480,S2-563465919,S3-87475803,S3-371449099,S3-431883561
S1-192394463	S2-326086234,S2-247286987,S3-783980068,S3-148491804,S3-89041194
S1-518616586	S2-621837540,S2-671790234,S3-495529936,S3-236323210,S3-103459367,S3-881799061
S1-345735139	S2-253649621,S3-791227347,S3-223370298
S1-627618137	S2-327109074,S2-13860771,S2-460578895,S3-399018650
S1-703630130	S2-232336280,S2-48495423,S3-995166736,S3-339473935,S3-465333259
S1-344725844	S2-448321679,S2-921191919,S3-455038942,S3-390808788
S1-484653372	S2-522231039,S3-293752815
S1-178719440	
S1-488780831	S2-832423497,S2-464001347,S3-513621921,S3-405870767,S3-822909107,S3-118090690
S1-804776101	S2-23657000
S1-102581039	S2-342436,S2-39827297,S3-43909252,S3-879860351
S1-977946490	S2-358913738,S2-81791940,S3-976400395,S3-547489641
S1-142467470	S2-124909800,S2-29424252,S3-781362600,S3-901821448,S3-429569830
S1-910138376	S2-531586443,S3-905697251,S3-496628173,S3-945396518,S3-272881766
S1-590682647	S2-227111317,S3-814173953,S3-747933069
S1-233668077	S2-573812965,S3-562926499
S1-418513116	S2-346530855,S3-796525533,S3-744430009
S1-511897704	S2-42265562,S3-373133147
S1-464159967	
S1-86289680	S2-519560315,S3-21813539,S3-338389505
S1-552444304	S2-327874240
S1-499650630	S2-654526821,S3-738849718
S1-697820679	S2-467253062,S2-756250433,S3-214113716,S3-192877330
S1-827036944	S2-197533484,S2-26689822,S2-217278144,S3-924150959,S3-736964415,S3-784334878
S1-986735574	S2-84998531
S1-10181997	
S1-967638917	S2-88145047,S3-679727328,S3-44769713,S3-643603093,S3-586203870
S1-369920389	S2-609594043,S2-912912406,S3-735901036,S3-533807165,S3-782607103
S1-260582724	S2-549768837
S1-261700940	S2-238245990,S2-795294981,S2-646814078,S3-625471408
S1-232722682	S3-99156555,S3-144978301,S3-849757361
S1-617292948	S2-752484147,S3-451277706,S3-352443134
S1-256455222	S2-543199,S3-340029042,S3-205146017
S1-672541801	S2-543989592,S2-423226539,S2-220160781,S3-114189153,S3-184674355
S1-421691879	S2-731203626,S2-298251946,S3-427750407,S3-265532779,S3-492456110,S3-632246081
S1-918007528	S2-439111381,S2-379757101,S3-557563194,S3-979359741
S1-814076813	S2-734329790,S2-336961782,S2-619854678
S1-202161591	S2-616259072,S2-817291182,S3-57725725,S3-289653076
S1-880894815	S2-686465631,S2-170485532,S3-22571379
S1-369052718	S2-582285928,S2-201572275,S2-153619376,S3-973075818,S3-11913301,S3-345564816
S1-825705011	
S1-311910017	S2-454192081,S2-116348223,S2-862454284,S3-308762252
S1-890923058	S2-854943320,S3-320383763
S1-215501386	S2-265647057,S3-177510840
S1-791781082	S2-169232316,S3-507327428
S1-673776215	S2-688005046,S2-643877867,S3-71694303,S3-752148794
S1-623173070	S3-411217132,S3-818792275
S1-68670999	S2-364016820,S3-703817183,S3-704740387
S1-963546066	S2-146724123,S2-423586235,S2-533353843,S2-553015484,S3-82189879,S3-12271328
S1-163153908	S2-403209238,S2-560653025,S3-908176698,S3-348703121
S1-644111188	S2-641535716,S2-751533483
S1-156624540	S2-961585897,S2-128522830,S3-953996505,S3-562818855,S3-621954768
S1-87354157	S3-460614704
S1-86822370	S3-256367634
S1-250950193	S2-3020115,S3-832097404,S3-352810875,S3-137278932
S1-383125253	S2-465590656,S3-560984087,S3-295874128,S3-228843495
S1-714673863	S2-215822657,S2-570429698,S2-986981773,S3-530726804
S1-63190883	S2-51463659,S3-37637507
S1-343177335	S3-707791822
S1-394443112	S2-557635419,S2-376349564,S2-159718491,S3-891874721
S1-330861237	S2-715531358,S2-902550025,S2-58849986,S3-755736162
S1-489732190	
S1-473112887	S2-808585098,S2-31146402,S2-903650979,S2-921825793
S1-221059703	S2-890018697,S2-369694616,S3-639523417,S3-958272277
S1-850093576	S2-879127064,S2-365552262,S3-316292005
S1-405698845	S3-430450238
S1-206086768	S2-134778970,S2-980479046,S2-466296509,S2-533033098,S3-178051651,S3-267410779,S3-710279189
S1-723441746	S3-5282242
S1-222290927	S2-572055001,S2-841651427,S2-481647244,S3-555474859,S3-897419858,S3-842947614
S1-343801698	S2-580909957,S2-485367432,S3-823713418,S3-967228103,S3-297178884,S3-62581641
S1-938001078	S2-412663647,S2-567024540,S3-707315,S3-501674188
S1-268035432	S3-50005417,S3-8644560,S3-767024984
S1-413977468	S2-587783606,S2-453800896,S3-617304202,S3-766820090
S1-788481229	S2-906449049,S3-130325222,S3-222818871
S1-552036255	S2-920360618,S2-963593953,S3-871794408,S3-182868989
S1-380112041	S2-179377537,S2-106641880,S2-53794408,S3-967074930,S3-976747112,S3-585654709,S3-199280827
S1-104486692	S2-230570442,S3-786801673,S3-244880984,S3-179822667,S3-868591203
S1-567581169	
S1-224322079	
S1-648883627	S2-427552545,S2-541195355,S2-463858975,S3-476777015,S3-440136948
S1-10362770	S2-466929350,S2-590322676,S3-845230797,S3-329752390,S3-553141075
S1-115471350	S2-458915305,S3-708654537,S3-451481338
S1-1139408	S2-970117824
S1-844746242	S2-764194672,S3-642670758,S3-42688495
S1-818073119	S2-751545380,S2-196502325,S3-537779639
S1-191970554	S2-120330803,S2-500025200,S3-158576221,S3-290024323
S1-42342267	S2-341214947
S1-228572302	S3-82751195
S1-870062662	S2-103100671,S2-337582373,S3-396159896,S3-397823158
S1-578984243	S2-607578938,S2-439304440,S3-733966322,S3-179741691,S3-29595880,S3-118515367
S1-388726002	S2-259079462,S2-335852101,S2-980848070,S2-730544634,S2-459437428
S1-586132573	
S1-570976755	S2-146182121,S2-57706591,S2-236114554,S3-173859775,S3-634021329,S3-991221531
S1-194575610	S2-816289843,S2-188901356,S3-418788569,S3-313752592,S3-383282686
S1-836246940	S3-955789411
S1-86743473	S2-963293355,S3-718630376,S3-823570328,S3-667803580,S3-571384635
S1-165377342	S2-295835155
S1-708258171	S2-744258765,S2-706237244,S3-474402862
S1-289413348	S2-929431761
S1-865705751	S3-160070848,S3-231933278,S3-768329110
S1-691445425	S3-430543799
S1-635681639	
S1-305174828	S2-590401663,S2-43026156,S3-102383518,S3-598578781,S3-911138774
S1-470057147	S2-973357844,S2-192187286,S3-754765968
S1-158093312	S2-667214594,S2-307466982,S2-200995270,S3-281194596
S1-336771812	S2-128647001,S2-761936642,S2-651484270,S3-475211315,S3-150647378,S3-244999783
S1-783722694	S2-689664879,S2-104100465,S2-851162913,S3-129872095,S3-22676878,S3-84173871
S1-448952462	S2-409494398,S2-517832038,S3-21839532,S3-510843063,S3-520490402
S1-238092136	S2-856285341,S3-992162008
S1-534853218	
S1-351765612	S2-251114511,S2-150900399,S3-97307402,S3-842171834,S3-233600639
S1-126427225	S2-980380522,S2-649333409
S1-840591491	S2-586361012,S3-704724688,S3-460660133
S1-60764513	S2-741174668,S3-999099323,S3-117343898,S3-467488648
S1-662324173	S2-861162282,S2-381059571,S3-434937809,S3-433357816
S1-324130106	S2-636285729,S2-180297683,S2-45328066,S3-436582989,S3-343327174,S3-760311326
S1-616661008	S2-922872492,S2-628397049,S3-117538039
S1-552930489	S3-594530046
S1-155304739	S3-186572726
S1-797088569	S2-822619136,S2-446137198,S3-990653045,S3-111570997
S1-909918502	S2-50380924,S2-921079584,S3-867474795
S1-605117287	
S1-545611219	S2-899148127,S2-770668229,S3-500313839,S3-266262426,S3-710952463
S1-341619504	S3-330576672
S1-85764811	S2-885587705,S2-27720369,S2-361659521,S3-16428642,S3-543141461
S1-57663946	S2-133023123,S3-703091021,S3-691855397
S1-671565447	S2-814251744,S3-951838731,S3-62350717
S1-391026058	S2-258704367,S3-576963124,S3-20599341,S3-663909015
S1-614512573	S2-607951487,S2-829844774
S1-571110311	S2-339514565,S3-724565957,S3-9142020
S1-634196350	S2-48847539,S3-57786037
S1-836415084	S3-2283232,S3-79813234,S3-4913446
S1-571070435	S2-455142736,S2-716553407
S1-901472583	S2-445231956,S2-338138592,S2-635655136,S2-977127654,S3-900495324
S1-442249451	S2-943650136,S3-433551159,S3-809581298,S3-232672448,S3-553179035
S1-281164087	S2-517106537,S2-721000797,S2-399479127,S3-386383816,S3-864484747,S3-861047179
S1-818923279	S2-712745263,S2-717715316,S2-515326804,S2-349858918,S3-186166354,S3-731326983,S3-724552275
S1-20555637	S2-823183872,S3-721838598,S3-291509961
S1-164689241	S2-922193028,S2-272629170
S1-171764948	S2-710606986,S2-227626638,S2-908603909,S3-121837109,S3-896283335,S3-421983653,S3-602483677,S3-470475264
S1-479076856	S2-127388992,S2-546660204,S2-867089371,S3-604149919,S3-277484359
S1-583415508	S2-545856392,S3-83461601
S1-589507097	S2-575369487,S2-531022529,S3-76617791
S1-916541511	S2-488095392,S2-794607130,S2-377530129,S3-202717027,S3-382679954,S3-247215958
S1-969063083	S2-511685089,S3-59616734,S3-312101738
S1-944606175	S2-459886796,S2-333796221,S3-260233023
S1-130682442	S2-903638895,S2-514148340,S2-852542308,S3-171839015,S3-715294552,S3-204232435
S1-736152178	S2-428442702,S2-87754039,S3-157309922
S1-798972800	S2-91358617,S3-631377552
S1-891230171	S2-397168392,S3-183932676,S3-882333581
S1-856581569	S3-628504780,S3-330226335
S1-698609815	S2-296611885,S3-288235891
S1-193244630	S2-702102781,S2-220118298,S2-244749531,S3-975072278,S3-545259920
S1-411816303	
S1-803578899	S2-344777713,S2-806291928,S2-369673335,S3-84996623
S1-893195317	S2-381763942,S2-751548744,S2-777025277,S3-369271588,S3-877866669,S3-489137991
S1-649753693	S3-754094308,S3-467000051,S3-437111687
S1-364917628	S2-81270798,S2-32743593,S2-534419896,S2-185159338,S3-673164929,S3-305100441,S3-166745209
S1-778971244	S2-737526894,S2-82878104,S3-158311115,S3-664111632,S3-244640877
S1-82599979	S2-871176778
S1-228666585	S2-200972650,S2-548468582,S2-869275582,S3-621414315
S1-419530346	S3-232090389,S3-75779755
S1-217257643	S3-167942647,S3-267235604,S3-980893528,S3-132442134
S1-34726235	S2-135611343,S3-915956699
S1-88709745	S2-729777064,S2-687063730,S3-847521844
S1-387826458	S2-856401584
S1-731024428	S2-600027542,S2-837923378,S2-545027541,S3-359667916,S3-347116685,S3-689999116
S1-930183882	S2-796317439,S3-752487144,S3-297577928
S1-867121644	S2-482750188,S2-660217968,S3-56844924,S3-31961236
S1-396938179	S2-899326444,S3-504153591,S3-296245703
S1-773098583	S2-848829045,S2-964247388,S2-293112294,S3-977645919
S1-614493280	S2-142923038,S2-130914244,S3-830770235,S3-522849893
S1-459057707	S2-279245353,S3-933147227
S1-77670373	S2-658848415,S3-723000690,S3-578354116,S3-984195123
S1-720792336	S2-672790501,S2-305368350,S3-911654745
S1-119481449	S2-530720426,S2-323975748,S3-751702308,S3-833483252
S1-947788849	S2-628567944,S2-360834479,S2-643938613,S3-283542444,S3-550846604
S1-157367827	
S1-93692202	S2-465675258,S2-948547013,S2-668038007,S2-465771343,S3-340554524
S1-772849303	S2-106859674,S2-381464280,S3-967154833,S3-618492163
S1-118036223	S2-874446348,S2-363396128,S3-248762000,S3-599808953
S1-755034699	S2-725446702,S2-774451925,S3-704230971,S3-926422702
S1-378004676	S2-733416348,S2-548500171,S3-764704705
S1-400541759	S2-886838332,S3-905452396
S1-788265595	S2-115423715,S2-607083128,S2-543983487,S3-263350476,S3-641884677
S1-823070840	S2-105027169,S3-814202915,S3-560386246
S1-765006607	S2-887608118,S3-36899253
S1-962846797	S2-559236842,S2-11719472,S2-961294665
S1-115376262	S2-532304584,S3-586253451,S3-430417562,S3-374954056
S1-354726755	S3-630281417
S1-197407148	S2-155400289,S3-218256327,S3-97208867
S1-934129786	S2-973781787,S2-703741217,S2-960517311,S3-981046986
S1-36218729	S2-258631134,S3-83296649
S1-172157434	S2-740333626,S3-202429456,S3-93746448
S1-833996116	S2-57735345,S2-810779065,S3-589911008,S3-260771846
S1-792412276	
S1-924393547	S2-827385680,S3-703508028,S3-647593413,S3-390395113
S1-26580320	S2-741430752,S3-307197049
S1-973989862	
S1-894142004	S2-475827167,S3-643945912,S3-551248059
S1-795314295	S3-238008282
S1-167703536	S2-164708647,S3-234980980,S3-408947707,S3-138799514,S3-214462765
S1-443574814	S2-493720384,S2-819338337,S3-848841558,S3-316491975,S3-721904453
S1-525832066	S3-171280954
S1-944808909	S3-416610485
S1-700871458	S2-641392424,S2-528616880,S2-41202330,S3-891980340,S3-637966513,S3-248197744
S1-722985490	
S1-119268840	S2-963328944,S3-255767745
S1-728237267	S2-826087064,S2-269747129,S2-389948691,S2-561282995,S2-182841187,S3-130202587,S3-906213311
S1-941106540	S2-901933207,S3-298783767,S3-611253669
S1-367421960	S2-417260260,S2-763362690,S3-860265541
S1-240318864	
S1-307784833	S2-997867022,S2-824301572,S3-819391961
S1-436460508	S2-770705000,S2-365374772,S3-972372707,S3-623435526,S3-607685857
S1-557827437	S2-683716827,S3-89006088
S1-836137713	S2-729903669,S3-389951264
S1-922606010	
S1-370458240	S2-314708915,S3-366232344,S3-374127608
S1-204528893	S2-69220722,S2-580715212,S3-394796423
S1-243863621	S2-162550513,S3-895757692
S1-710247196	S2-828206837,S2-748382676,S3-270060283
S1-339563211	S2-709067806,S3-147107909
S1-127258299	S3-981348101,S3-478193647,S3-101105164
S1-322161096	S2-338414736,S3-982110073,S3-126834046
S1-964560017	S2-929248890,S2-97076482,S3-542816661,S3-128613632
S1-417023211	S2-652351475,S3-782921909,S3-962271174
S1-439484610	S2-781521747,S2-55507984,S3-240420864,S3-588576858
S1-252082465	S2-662321587,S2-69244534
S1-927675735	S2-43009928,S2-583862964,S3-299900442,S3-490365210,S3-898744154
S1-792972723	S2-982668380,S2-645740989,S2-830353897,S3-232286644,S3-372113055
S1-189942729	S2-514439614,S2-138673441,S3-245795611,S3-523524493
S1-190673886	S2-353944191,S3-339226706,S3-330752432,S3-745892946
S1-658836258	S2-130998254,S3-337652046
S1-869471354	S3-968004508,S3-725060632,S3-541640206
S1-954288988	S2-293761796,S3-294627914
S1-171975950	S2-222001073,S2-120039932,S3-486250880
S1-334265195	S2-616091351,S3-453772109
S1-363664485	S2-111245235,S2-70522267,S3-850566024
S1-77473714	S2-684800204,S2-911666147,S2-406489647,S2-624173725,S3-449569990,S3-433231317,S3-476270010,S3-609878578
S1-989520130	S2-448595959,S3-341902924,S3-108599953,S3-404909334
S1-807976497	S3-551144018,S3-296900729,S3-925493983
S1-132883510	S2-486780532,S2-736427946,S3-746488814,S3-515698103,S3-467162612
S1-697277601	S2-225108492,S2-930923714,S3-152725352,S3-121779968,S3-302219531,S3-791810125
S1-349424940	S2-351671665,S3-454225281
S1-30610471	S2-593407190,S2-610657841,S3-616186317
S1-366287290	S2-668488329,S2-1488858,S2-255519263,S3-494224820,S3-782508085,S3-909959036
S1-138167731	S2-771722264,S2-702122692,S2-961782702,S2-742044206,S2-476479644,S3-611166492,S3-911094882
S1-145891061	S2-646952888,S2-327366512,S3-259953526,S3-388316863
S1-738691408	S2-983729301,S3-333486763
S1-50090178	S2-264838136,S2-592371902,S2-146263323,S3-902755514,S3-521789485
S1-711509575	S2-18728958,S2-58168512,S2-586841053,S3-365664904,S3-680449050
S1-313589402	S2-667531864,S3-227933329
S1-337094601	S2-792713263,S3-532849154,S3-142726943,S3-154562624
S1-737640804	S2-111420301,S2-579944854,S2-533147013,S3-833331477,S3-669099138,S3-182556459
S1-45442098	S2-433536498,S2-618437332,S3-769485008
S1-297774386	S2-597120305,S2-277072765,S2-80037762,S3-12502583,S3-437387513,S3-814290506
S1-818256367	S2-952684219,S2-762208322,S3-805586240
S1-286120360	S2-991632319,S3-5814549,S3-596778902
S1-743090616	S2-353181113,S2-385851834,S3-837106226
S1-882525659	S2-452449749,S2-331216462,S2-486143715,S3-837185271,S3-502255453,S3-330390752
S1-178740023	S2-26747692,S2-850604586,S2-649336534,S3-103425334,S3-215456384,S3-158032642,S3-606139865
S1-331792942	S2-80837,S2-511236532,S2-551376920,S3-626294553
S1-521225744	S2-550928152,S3-160566241
S1-381942670	S2-435409127,S2-858843641,S3-957099375
S1-556390144	S2-256824352,S2-20920655,S2-374764376,S3-307189218
S1-518642842	S2-367475285,S2-325133564,S3-721648425
S1-267819935	S2-250665600,S3-440221184,S3-228261728,S3-270168410
S1-486517981	S2-447513195,S2-85302773,S3-821953724,S3-449653778
S1-416477215	S2-179005197,S2-59904140,S3-20987966,S3-132543517
S1-639099730	S2-887370357,S2-115788853,S3-863970609,S3-130660965
S1-996381829	S2-755908491,S3-560789717
S1-487519243	
S1-974325594	S2-840167676,S2-560204573,S2-585029398,S3-658837362,S3-944108014,S3-771268703,S3-878211985
S1-310269716	S2-428151788,S2-704996989,S3-114742168,S3-523620631,S3-842975194,S3-713117603
S1-159030863	S2-390482003,S2-933690805,S3-961450178,S3-202039393,S3-704365520
S1-102853901	S2-562682853,S2-544676059,S3-479176437,S3-162863193
S1-342966896	
S1-525794098	S2-136712340,S2-600373873,S3-775072271
S1-703613314	S2-909469749,S2-415329397,S3-706713880,S3-576290001
S1-195582783	S2-812506529,S2-448644839,S3-255976808,S3-876071147,S3-400314868
S1-563829071	S2-298959722,S2-140264710,S2-811713091,S2-845207948,S3-364889767,S3-505505497,S3-503741227
S1-274865327	S2-870971862,S2-951671959,S3-952111821
S1-299133728	S2-315563015,S2-479944888,S3-599906496,S3-995134677,S3-76572287
S1-150265065	S2-332097037,S3-227944975,S3-526812808,S3-736347393,S3-487828272
S1-168101607	S2-750404825,S2-215823816,S2-807698501,S3-339986913,S3-343767718
S1-875023677	S2-51071265,S2-615511845,S2-118423833,S2-552058569,S2-693289447,S3-347285949
S1-977872333	S2-639593761,S2-830630673,S3-362790218
S1-109868929	S2-918206888,S2-761883742,S3-819458377
S1-664954218	S2-724544586,S3-118271258,S3-97968392
S1-611458368	S2-78058774,S2-943855278,S3-885484515
S1-980512711	S2-71048759,S3-246753091,S3-397585051,S3-514715445
S1-114965632	S3-614554518
S1-542613161	S2-660725305,S3-519524486,S3-606777618,S3-580743610
S1-596159058	S2-491736266,S3-810787724
S1-703020159	S2-833338693,S3-594432304,S3-458865825
S1-611344251	
S1-989256963	S2-461505289,S3-169471283,S3-479093658
S1-907718048	S3-704961920
S1-792142350	S2-837550296,S2-235237568,S2-104183147
S1-220375902	S2-749978658,S3-743733175,S3-110605899,S3-760499676,S3-82693558
S1-878225187	S2-820162005,S2-296454782,S3-540892700,S3-276321961
S1-660441975	S3-291944347,S3-370573829,S3-950926608
S1-722799320	S2-203748931,S2-961995177,S3-58299523
S1-173637371	S2-731997294,S2-319233425,S2-195863874,S3-462186702,S3-728544381
S1-789856502	S2-948174703,S2-517738362,S2-681741860
S1-178956988	S2-396445197,S2-195093751,S3-712486179,S3-277577604
S1-954530352	S2-603032036,S2-266775104,S3-350580845,S3-479071018,S3-937352747,S3-768961883
S1-922193160	S2-38394261,S2-763507260,S2-36500276,S3-916144760,S3-255344530,S3-378198405,S3-535511470
S1-303067617	S2-106873253,S3-120502429,S3-221698989,S3-141377177
S1-948311317	S2-8406952,S3-834354923
S1-344669671	S2-966985435,S2-256489225,S2-548509219,S2-503290649,S3-294495614,S3-981556628
S1-361533293	S2-369788374,S2-193810664,S3-383666516
S1-885474434	S2-313987040,S3-182819624,S3-854578017,S3-883521110
S1-820811852	S2-905928393,S2-453896469,S2-147271047,S2-845344715,S3-730030805,S3-485976529,S3-881801737
S1-113007213	S2-421293483,S3-447771286,S3-898842030,S3-314868737
S1-157050918	S2-104778366,S2-879470389,S2-807913867
S1-318300731	S2-893530395,S2-192130752,S2-135769324,S3-423431966
S1-64257398	S2-916553157,S3-680142243,S3-750743199
S1-220077939	S2-169068977,S3-209803312
S1-48118492	S2-215653701,S2-968196660,S2-707151604,S2-143703211,S3-159337888
S1-188910386	S2-957892162,S3-673216697,S3-88278127,S3-925760146
S1-324612202	S2-911613280,S2-153185963,S2-709271185,S3-406073910
S1-145313217	S2-283106637,S3-276787451
S1-767969618	S2-934770550,S2-724604530,S3-386287994,S3-108008993,S3-311855282
S1-152274035	S2-920154773,S2-500780278,S2-471571704,S3-896352911,S3-203323715
S1-82248637	S2-937740257,S2-318614087,S3-973942049
S1-240897547	S2-91246345,S3-635167078,S3-901911383
S1-841203122	S2-863014049,S2-281519409,S3-232498774,S3-642780633
S1-178948263	S3-868077795,S3-610761489
S1-711557749	S2-424991547,S2-377265768,S3-774853274
S1-287629733	S2-128251045,S3-398717341,S3-707571524
S1-282337731	S2-635372204,S3-117067585,S3-175067668
S1-829097229	S2-343352878,S2-648680575,S3-132906048
S1-151051546	S2-977725246,S3-804732926,S3-793638007,S3-501897322,S3-642600066
S1-507735372	S2-661974340,S3-661307402,S3-188603870,S3-708467705,S3-493251908
S1-583686303	S3-180854023,S3-86873814
S1-433666052	S2-782158038,S2-796904990
S1-160588816	S2-757206293,S3-640696137
S1-671233372	S2-516357261,S3-899677067
S1-447277561	S3-765728274,S3-251118256
S1-189078776	S2-927035501
S1-968470014	S2-733667476,S2-773790787,S3-164000722,S3-636874033
S1-292568087	S2-147045433,S2-21893792,S3-48887240,S3-649444161,S3-907198208
S1-116549848	S2-413504378,S2-928903647,S3-510717158,S3-461987079,S3-534540519
S1-764784806	S2-940920703,S3-599266856,S3-297520332
S1-220233458	
S1-798166074	S2-961208892,S2-305262060,S2-107174613,S3-507390842
S1-760445782	S2-184425538,S2-874176623,S2-309847747,S3-219017194,S3-351977784,S3-714441031
S1-588923428	S2-858056041,S3-926913099,S3-954564743
S1-73381745	S2-658342307,S3-476700451,S3-776327126,S3-70630273
S1-248897696	S2-19393278,S3-98537587,S3-439874550,S3-444159145
S1-374448183	S2-189157425,S3-847480729,S3-465187442,S3-240409887
S1-232645690	S2-479467151,S2-269860965,S3-480508134,S3-217123586,S3-108956185
S1-32509364	S2-897588117,S3-600098150,S3-555534865
S1-838479227	S2-996813901,S3-806132809,S3-696510842
S1-62216161	S2-577257345,S2-631182574,S2-839078713,S2-50508225,S3-397739741,S3-96796102
S1-706758313	S2-609749396,S3-751927926
S1-962871372	S2-285301468,S3-762766857,S3-484437996,S3-331302112,S3-101741871,S3-760259619
S1-542487149	S2-12804,S3-427150312,S3-732523980,S3-886779838,S3-556442988,S3-243791692
S1-632999592	S2-906542356,S3-370936290
S1-646359343	S2-709380930,S2-626691479,S3-690239796,S3-939365889
S1-483126145	S2-751681208,S2-28299822,S3-234003863,S3-752872180
S1-39307857	S2-771704801,S2-453630081,S2-745102044
S1-881218309	S2-277619873,S3-855351542
S1-298079568	S2-499421691,S2-826479676,S2-640370969,S3-654700035
S1-824581529	S2-983819025,S2-973893830,S3-827805482,S3-287640307
S1-125141941	S2-254655831,S2-461130481,S3-722996254,S3-787009871
S1-554050436	S2-629212327,S3-640136098
S1-383353775	S2-422952384,S2-848434848,S2-663127347,S3-809166323,S3-537097955,S3-969692318,S3-851805728
S1-455563769	S2-339006369,S2-58529434,S3-862173526
S1-456832356	S2-731141633,S3-279963239,S3-135458790
S1-587792162	S2-594696656,S3-678977883,S3-532101116,S3-26454662,S3-396781830
S1-710912446	S2-841702537,S3-857750204
S1-228826226	S2-620631958,S3-450316212,S3-465193731,S3-763434610
S1-988050319	S2-836287393,S2-737494528,S2-329288523,S3-254025312,S3-546242632,S3-216691242
S1-391889849	S2-454447197,S3-295244791,S3-894510760,S3-826145940
S1-537225931	
S1-452962601	S2-825605323,S2-385822604,S2-977239274,S3-49933194
S1-166374889	S2-542247271,S2-693535560,S2-419461700,S3-837182430,S3-331867713
S1-212059418	S2-387481667,S3-48592378,S3-424835362,S3-299201649,S3-393044199,S3-619322820
S1-905612996	S2-894702565,S3-274024319
S1-497063735	S2-403726150,S2-103225970,S2-286814466,S3-601440565
S1-768234896	S2-463195079,S3-85069011,S3-667218241
S1-181834911	S2-211828304,S2-5043678
S1-368638539	S3-265071464,S3-918869357,S3-132988572
S1-98221163	S2-11430336,S2-620980825,S3-121343649,S3-532722834,S3-296786736
S1-608919731	S3-723428917,S3-346691343
S1-280736347	S3-686598423
S1-858864997	S3-460738068
S1-75556362	S2-635589858,S3-501790290,S3-487084129
S1-348896585	S2-877505778,S3-201674072,S3-721270317,S3-534885337
S1-576090285	S3-27680675,S3-972430547
S1-246341106	S2-429505251,S3-437266057
S1-668895250	
S1-520536118	S2-981506096,S2-807363065,S3-530413198
S1-183823944	S2-691368088,S2-696980185,S2-33102139,S3-465983182
S1-824708324	S2-732152949,S3-18114905,S3-190550153,S3-455228957
S1-281050399	S2-554738744,S2-119525975,S3-620068671,S3-865768171
S1-214786373	S2-486670843,S2-415520934,S3-734943488
S1-39174905	S3-214917667
S1-654574352	S2-645712240,S3-211016320,S3-168209666
S1-50275474	S2-83144698,S3-901158005
S1-238220593	S3-632353084,S3-411109126,S3-908143351
S1-201986945	S2-956227957,S2-990255008,S3-646463686,S3-455409469,S3-569056393
S1-808011494	S2-552490147,S2-595251057,S3-704273665,S3-203378564
S1-274614255	S2-619211343,S3-368507009,S3-204055301,S3-676020117
S1-358539163	S2-256397725,S2-31862736,S2-925375585,S3-601787021,S3-930289445,S3-248499492
S1-152215427	S2-813907265,S2-306548805,S3-421934099
S1-479131933	S2-676542360,S2-794633435,S3-931320586,S3-600708945,S3-954235034
S1-753069502	S2-451913316,S3-792625536,S3-977645564,S3-410937368
S1-308447243	S2-152743419,S2-587407799,S2-593043065,S3-120010011
S1-407968062	S2-284171794,S3-961575391
S1-352302916	S2-638432812,S2-255689818,S3-196272995,S3-499606973
S1-160419043	S2-842416297,S2-435190715,S2-617031729,S2-623758515,S2-137913112,S3-821407307,S3-692698495,S3-851389037
S1-152801969	S2-198718378,S2-805681210,S2-351434790,S3-235530788,S3-675543926,S3-22469867
S1-615388096	S2-471970672,S2-189882126,S3-14405413,S3-823413834
S1-885394351	S3-889940914
S1-465160107	S3-294607853
S1-993369459	S2-387077675,S2-936194017,S2-318203837,S3-250343249
S1-698297516	S2-254645831,S3-917173364,S3-827895831
S1-601169539	S2-32932994,S2-621791055,S3-775711417,S3-60480348
S1-288529530	S2-483089240,S3-7462026,S3-695400477
S1-950002257	S2-319436813,S3-391918088,S3-756714702
S1-869356609	S2-469907311,S2-710952364,S2-868165762,S2-380392627,S3-19983235
S1-709613369	S2-221663802,S2-838789845,S3-817903199,S3-80086373,S3-619212053
S1-974648282	S2-210201671,S3-406966886
S1-342582900	S2-91893542,S3-454160503,S3-535113084
S1-974182626	S2-82885057,S2-179911769,S2-47341794,S3-760214561,S3-939584964,S3-724581727,S3-376340049,S3-498746571
S1-537492893	S2-570843968,S2-601716931,S2-190460069,S3-35980537
S1-984845386	S2-44710670,S3-688980913,S3-98661455,S3-796715967
S1-514362997	S2-386398954,S2-295940501,S2-769800879,S3-608551842,S3-202499583,S3-578810073
S1-587088153	S2-849825937,S2-695628430,S2-960537137,S3-112932802,S3-36364683
S1-922452887	S2-220950015,S2-384257890,S3-772904757,S3-65433707
S1-510385052	S2-925359477,S3-997183283
S1-23864141	S2-667767683,S2-385079082,S2-555310075,S3-126328628,S3-249816896,S3-484216970
S1-847609646	S2-279605052,S3-150268359,S3-462198300,S3-99911749
S1-426118714	S2-18933970
S1-629588655	S2-506999375,S2-928540054,S3-372158699,S3-460576189,S3-424204660
S1-531542744	S2-764773907,S3-304509481
S1-263027135	S2-665225359,S2-750991020,S2-468504790
S1-882700138	S3-416753221,S3-752716000,S3-222782705
S1-315925691	S2-370400980,S3-139612247,S3-835861295
S1-257051324	S2-586860986,S3-988481735
S1-110678548	S2-540992743,S3-467156488
S1-742245564	S2-586916143,S2-488365220,S3-323093864
S1-732192905	S2-933979125,S2-676563130,S3-534760379
S1-925094055	S2-60377353,S3-513460618,S3-863399663,S3-919548410,S3-826011561
S1-341994721	S2-574651491,S2-961719252,S2-627197414,S3-390466780
S1-969400525	S2-85391272,S2-898065766,S3-421441844,S3-406459231
S1-843244716	S2-520092733,S3-800127501,S3-557150491
S1-71852308	S2-682845422,S2-364267585,S3-592998698,S3-159573747
S1-477253748	S2-655378209,S3-842784396,S3-926539002
S1-168758555	S2-766047092,S3-386160248
S1-608874640	S2-260037634,S2-193429183,S3-815562661,S3-359530994
S1-474997434	S2-70330402,S2-435516715,S2-609265070,S3-343633704,S3-301746504,S3-151014372
S1-731991294	S2-476043518,S2-86909283,S3-772676018
S1-89566666	S2-807940125,S3-398488872
S1-890140888	S2-597019969,S2-295506979,S3-484999693
S1-606970720	S2-510809660,S2-590427324,S3-683161895,S3-87746353,S3-440058010,S3-590639837
S1-827647595	S2-655156212,S2-192340246,S2-388192497,S3-941043087
S1-422710122	
S1-536903775	S2-766415172,S2-506519319,S3-551673161
S1-8583539	S2-257252062,S2-66138444,S3-234733598
S1-407027597	S2-907743216,S2-504637383,S3-367146531,S3-389483476,S3-939676802,S3-42195248
S1-442331688	S2-392298334,S2-502568585,S3-792653815
S1-271625793	S2-536077974,S2-853424830,S2-939974398,S2-226189337,S3-857495272,S3-931392873,S3-730598124
S1-786434846	S2-667156993,S3-946244917,S3-522731912,S3-507062205
S1-312021607	S3-210854502
S1-630854534	S3-383383400,S3-898118611
S1-949194459	S2-730826993,S2-363340273,S2-905524638,S3-764694206
S1-926249324	S3-51572923
S1-645203548	S2-683920961,S3-37894968,S3-11770848,S3-110366095
S1-560102212	S2-513512597,S2-421444106,S3-349292495,S3-357859496
S1-959326938	S2-737257725,S2-814823800,S2-667777155
S1-730068213	S2-500576363,S2-149159623,S2-22813356,S3-159076423
S1-690893388	
S1-914617909	S3-1915087,S3-682250623
S1-891589404	S2-65520919,S2-886979191,S3-589363880,S3-159552924
S1-970639024	S2-131353632,S3-757639557
S1-458433989	S2-592987972,S2-847717387
S1-998238495	S2-556568085,S2-693183037,S2-837544048,S3-637580821,S3-262795859
S1-341792188	S2-617051033,S2-945724846,S3-405132736,S3-602983173,S3-551144724,S3-699413836
S1-693480393	S2-188480563,S2-474216953
S1-528071132	S2-840984525,S2-994809681,S3-828963537,S3-593194703
S1-180567735	S2-147474147,S2-607257302,S3-151657747,S3-46467937,S3-790682960
S1-117888331	S3-196893044,S3-492465398
S1-782036621	S2-405959468,S3-876633871,S3-466656558
S1-95548919	S2-481145119,S2-137007154,S2-825235637,S2-397816197,S3-107437741
S1-943474964	S2-748476761,S3-938272101,S3-91891314,S3-433950118
S1-980771447	S2-371066946,S3-625220599
S1-898003899	S2-211153433,S2-60671826,S2-616760539,S2-463074393,S3-509143959
S1-563208431	S2-578827905,S2-745841995,S3-124933826,S3-304820989,S3-799096844,S3-24956513
S1-77837577	S2-130068372,S2-887010838,S3-710222541
S1-856314398	S2-476347481,S2-929902787,S2-509786206,S3-878969883,S3-120102200,S3-267931010,S3-51344137
S1-525910009	S2-633553412,S3-108273879,S3-533574234
S1-741744917	S2-258294922,S3-610915065,S3-58383798,S3-233831792,S3-738903279
S1-191292384	
S1-965794417	S2-692881921,S2-724952914,S3-904736487,S3-210320082
S1-425010164	S2-930976109,S2-300865547,S3-375502630
S1-339984346	S2-897513392,S2-734111348,S2-520276946,S3-709188997,S3-719520148,S3-966519680
S1-105748596	S2-568565058,S2-520316426,S3-145758536
S1-162399024	S2-404511060,S2-224608966,S2-657863321,S3-274088519,S3-768279542,S3-153788439,S3-428837610
S1-5196687	S2-134408681,S2-301133754,S2-5790707,S3-406862797,S3-143215419,S3-666115078
S1-351719411	S2-921761000,S3-938485978
S1-67506819	S2-496385613,S2-752405189,S2-585202458,S2-603323543,S3-76699145,S3-951588610,S3-686762509
S1-168975141	S2-373001102,S3-967658754
S1-240027570	S2-220231309,S3-572874168
S1-190914764	
S1-171933320	S2-377804916,S2-290873669,S2-195079537,S3-298657236,S3-751135598
S1-224238162	S3-949928855,S3-731544204,S3-47248793,S3-357899115
S1-468048080	S2-519522366,S3-358701023
S1-847591332	S3-466009372,S3-732862714,S3-355756136
S1-720987821	S2-75000268,S2-200572731,S2-793105222,S3-668022238,S3-49112064,S3-754096826,S3-509855371
S1-703311465	S2-814036776,S3-844887633,S3-667689790,S3-772746500,S3-41475508
S1-934197430	S3-405270729
S1-456049490	S2-607736071,S2-994971705,S2-833866849,S2-389345502,S3-968662005
S1-437204204	S2-723085804,S2-161713302,S3-647142626
S1-218209109	S2-696071301,S3-550054949,S3-867319303
S1-38345711	S2-327651180,S2-356741092,S3-182538726,S3-850549280,S3-115321117,S3-567674608
S1-655909451	S2-414298701,S3-5313202
S1-633693587	S2-121247260,S2-670593525,S2-364792624,S2-652378063,S3-690672938,S3-233878157,S3-39849704,S3-477063599
S1-708867885	S2-242858284,S2-555608352,S2-786075467,S3-908381092,S3-470474956,S3-400567004
S1-463800316	S2-378374516,S3-3692995,S3-133556908,S3-627425728,S3-384625860
S1-728504962	S2-328494321,S3-745333707,S3-887498639
S1-724958841	S3-482530237
S1-219510734	S2-53615231,S3-763512311,S3-31120046
S1-670543219	S2-595233063,S3-658704950
S1-893119083	S2-884106602,S2-423140193,S2-69315104,S2-336380583,S3-904352751
S1-225722002	S2-542129756,S2-512088729,S2-984640254,S3-620867408,S3-865622744,S3-695451528
S1-704399480	S2-486936466,S2-687657964,S2-576937800,S2-706668091,S3-81182409
S1-435043808	S2-660509759,S3-717349091,S3-303955155,S3-380327081
S1-105411969	S2-851841126,S2-181265229,S3-166644771,S3-881995927,S3-563644834
S1-476222464	S2-503777196,S3-339001019,S3-635103548,S3-240576662
S1-24721468	S2-44102364,S2-245206280,S3-870358911,S3-623681884,S3-634066498
S1-597359174	S2-299866782,S3-105946148
S1-226103180	S2-241938360,S2-166471277,S2-694148654,S3-122487872,S3-803043231,S3-814950849,S3-820451975
S1-507314075	S2-494410149,S3-884330766
S1-518004093	S2-93088995,S2-31495944,S3-678666146,S3-852338985
S1-364568820	S2-750260483,S3-823238955,S3-252619344,S3-915299396
S1-53756907	S2-366744277,S2-528626910,S2-492754228,S3-936444184
S1-845593283	S2-107826085,S3-880571589
S1-437663850	S2-557094828,S2-976959503,S3-617531358,S3-438419543,S3-506782910
S1-505227931	S2-259324796,S2-571968818,S2-23681870,S3-391739211,S3-710641811,S3-539757683,S3-4076985
S1-868837587	S2-827051557,S3-637552787
S1-313712733	S2-962126532,S3-802378102,S3-610111611
S1-683804942	S2-738267000,S3-204958305
S1-1537581	S2-320411736,S2-506572778,S3-670041532,S3-826195813,S3-822938475,S3-767138006
S1-717710790	S2-160144747
S1-548628392	S2-663477898,S2-797037793,S3-754786996,S3-984449244,S3-914426201,S3-625693727,S3-939149372
S1-370167942	
S1-16141276	S2-840607960,S2-760527250,S2-695731093,S3-429332751,S3-327728214,S3-697212038
S1-230471741	S3-432637301,S3-677859513,S3-525456438
S1-522735844	S2-615589812,S2-561665325,S2-692843039,S2-464037274,S3-163890550,S3-191839545
S1-348391801	S2-480437674,S3-657651043,S3-267707339,S3-372417137,S3-994719451
S1-208231021	S2-759656807,S2-709640539
S1-965972760	S2-202272737,S3-265522880,S3-954871587,S3-389125240,S3-291877990
S1-9969684	S2-843320573,S3-301878664,S3-564209821,S3-571859666,S3-662947487
S1-189225180	S2-917740304,S3-876539866,S3-686313020,S3-135680305,S3-17476819
S1-585928092	S2-975392523,S2-100129044,S3-999110114,S3-222421804
S1-874324532	S2-991478004,S3-511908160
S1-28043184	S2-235540341,S3-440821250
S1-912011550	S2-133323720,S3-643883815,S3-238395977
S1-40608305	S2-604095631,S3-798855333
S1-791351792	
S1-777382001	S2-513387256,S2-738188521,S2-939535397,S3-393338778,S3-954698333,S3-400665846
S1-922345908	S2-145778606,S2-744328090,S2-123735945,S2-853950351,S3-338993192
S1-571350194	S2-271631886,S2-776864035,S2-977488424,S3-293979870,S3-208351732,S3-588858130,S3-67842057
S1-408272782	S2-687020711,S2-309517342,S2-73301070,S3-725858650,S3-135387305
S1-386585818	S2-117923780,S2-939208701,S3-694587369
S1-247956608	S2-457265374,S3-69329496,S3-838929047,S3-652795325,S3-667110826
S1-472585477	S2-807328719,S3-921690613
S1-941433236	S2-529425517,S2-218274707,S2-790149175,S2-269472978,S3-624913671
S1-498748302	S2-603219959,S3-656662478,S3-828289707
S1-3113599	S2-257342691,S3-815922480
S1-971038971	S2-763030804,S2-99566909,S3-661212552,S3-220913940
S1-175730936	S3-440587344,S3-63363467
S1-654281596	S2-16710205,S3-727665297,S3-233422154
S1-799180024	S2-185177499,S3-20213080,S3-538500149,S3-913331811
S1-659577565	S3-922505681,S3-317840294
S1-354409701	S2-681076844,S3-825381335,S3-451467743,S3-797618332
S1-378031966	S3-726551081,S3-213295456,S3-635414304,S3-918354002
S1-199642687	S2-893948169,S2-64222782,S3-583446804,S3-843807601
S1-444756147	S2-83260186,S3-933325212
S1-486502718	S2-719737544,S3-654059875,S3-562254308,S3-796868563
S1-954330866	S2-749339426,S2-812481235,S3-387450375,S3-596107654
S1-246959862	
S1-948429848	S2-595363073
S1-604602526	S2-891425894,S2-962022601,S3-789359918,S3-530545424,S3-156789254
S1-834669406	S2-262986680,S3-628065537
S1-275646661	S3-997296232,S3-324772710
S1-356793479	S2-33889537
S1-507473763	S2-779744325,S3-596159625,S3-438929029,S3-244791647
S1-104126419	S2-573491830,S2-540291816,S3-121129507,S3-422080947,S3-697171410,S3-861052298
S1-933348603	S2-884804509,S3-314763949
S1-231294704	S2-950206418,S3-399056127,S3-968818814
S1-695199148	S2-898744175,S3-619176313
S1-344092648	S2-159674707,S2-910760497,S3-603579092,S3-265774378
S1-280255545	S2-944498343,S3-23583957,S3-425912445,S3-834455563
S1-403300139	S2-23016895,S2-120211900
S1-433738353	S2-299659159,S2-160197094,S3-154611585,S3-132097802
S1-953095534	S2-684084696,S2-699125310,S2-636592681,S3-699093677,S3-30520038,S3-288196254,S3-273781199
S1-287305556	S2-827500894,S3-482419106
S1-131201109	S2-458935030,S2-474309745,S2-820867657,S3-61187256
S1-145003406	S2-187125240,S3-686114844
S1-589180177	S2-632612043,S2-370489727,S2-670562934,S2-779092938,S3-632717789,S3-422298339
S1-545084607	S2-181296183,S2-386730644,S2-225085223,S3-533772291,S3-590328667,S3-473207950
S1-99536327	S2-319013810,S2-426941967,S3-311884903,S3-445794161
S1-93967203	S2-347093247,S3-899741674,S3-222173375
S1-845551087	S2-195326515,S2-451574342,S2-920977678,S3-149600682,S3-866570641,S3-348251752
S1-513834239	S2-936906785,S2-518995927,S3-66301373,S3-158525207
S1-385204022	S2-945809321,S2-435635360,S3-486974807,S3-749354079,S3-963676747
S1-210993484	S2-428348213,S3-725917948,S3-603076948
S1-197803750	S2-859655450,S3-773948180,S3-354914597,S3-570817936
S1-111915169	S3-302942128,S3-562614788,S3-935222911,S3-405847108
S1-312334735	S2-269676281,S3-670605998
S1-418851711	
S1-368474065	S2-543073928,S2-765188013,S3-728272974,S3-674337335
S1-622090285	S2-255046390,S3-719632293
S1-575317766	S2-661170841,S3-545462664,S3-805996355
S1-798333839	S2-761308314,S3-389685885,S3-344620798,S3-946499529,S3-538736772,S3-811315364
S1-497414710	S2-443323864,S2-978928180,S3-866703563
S1-608352828	S2-506757430,S2-111905458,S3-470013324,S3-637798739
S1-314926106	S2-603503580,S3-118366071,S3-405986693,S3-311327923
S1-529843685	S2-933187330,S2-21234400,S3-38282533,S3-633605404,S3-864257808
S1-38840263	S2-167538332,S3-936091288,S3-246937010,S3-986339716,S3-455151582
S1-921460893	S2-288656320,S3-793786027,S3-599925319,S3-281283883,S3-705849300,S3-150714302
S1-577912711	S3-640393872
S1-893399741	S2-594538138,S2-576762333,S2-211880720,S3-193349208
S1-993436040	S2-793631009,S2-326414692,S3-38684043,S3-753708972
S1-457629168	S2-458906382,S3-123453869,S3-892803597
S1-99947338	S2-321079051,S3-429111839
S1-304921731	S2-393825157,S2-485319249,S3-298732498
S1-980805653	S2-211840318,S3-164156780,S3-272269219
S1-30890283	S2-157607106,S2-932649904,S2-327742342,S3-573957778,S3-626322653
S1-938697503	S2-692239072,S3-409825590
S1-694906615	S2-54045892,S2-214792454,S3-244152591,S3-468106980,S3-890187652,S3-43364460,S3-84175742,S3-906520163
S1-925619569	S2-310018766,S3-397243777
S1-259194573	
S1-535765214	S2-67039061,S2-687007008,S3-692798712
S1-308753451	S2-38829601,S2-88119445,S3-324599723,S3-740230168,S3-871142479
S1-220571818	S2-253531081,S3-486006324,S3-660354151
S1-165006073	S2-468029944,S2-459868010,S3-184792857,S3-245442083
S1-353627516	S2-247703115
S1-844573375	S2-203000556,S2-559780389,S3-573920121
S1-634093217	S2-29987340,S2-583990778,S3-263333487,S3-566228525,S3-133888605
S1-1135838	S2-442505522,S2-15280480,S3-812538222,S3-147923389
S1-171909150	S2-765069984,S3-555551073,S3-732102184
S1-174116073	S2-682566071,S3-935440072
S1-377264953	S2-753254505,S2-427373946,S3-755522007,S3-612428181,S3-503893203
S1-219859854	S2-717928540,S2-291488555,S3-93595209
S1-900787715	S2-263895818,S3-617614477
S1-297621618	S2-244062353,S2-94008248,S2-733338031
S1-787317846	S2-493139321,S3-991218581,S3-320545810,S3-184917691,S3-586885738
S1-337413417	S2-945353922,S2-182788902,S2-849788941,S3-489609710
S1-63511887	S2-973137695,S2-240187840,S3-714960306
S1-753347254	S2-845282535,S2-866133658,S2-503384674,S3-775063204,S3-449825023
S1-265909712	S2-52746722,S3-108641456
S1-849843078	S3-749619521,S3-940339054,S3-211219251
S1-177588141	S2-176786454,S3-334273108,S3-234335284
S1-978946442	S2-299172573,S3-954314593,S3-325371672
S1-933806170	S2-686902637,S3-142663413,S3-109571781,S3-680935127
S1-873040329	S2-40679479,S2-331732556,S2-681906207,S2-644653346,S3-27526489,S3-957971985
S1-744769509	S2-119661669,S2-769932273,S3-502261600,S3-304988301
S1-276060180	S2-657563889,S2-720034842,S2-754026097,S3-972426042
S1-783435443	S2-841331553,S2-192295307,S2-745783705,S2-120471244,S3-391867578
S1-155781227	S2-952051637,S3-888537743,S3-804086324
S1-94844467	S2-180016471,S2-939968662,S3-773435082,S3-305722458,S3-799198545,S3-279707548
S1-456010440	S2-491440376,S2-797713946,S3-635028060,S3-736875342,S3-745133793
S1-448730534	S2-991278367,S3-750243128,S3-967275307
S1-891690245	S2-840009731,S2-397835480,S3-460381162,S3-547886466
S1-630528902	S3-351958471,S3-834324512,S3-229667640
S1-733177135	S3-674688545
S1-728763702	S2-565811857,S2-53774415,S2-828694536,S3-883472990,S3-52920840
S1-986335926	S2-595673280,S2-564379962,S2-525489067,S3-926168747,S3-969899179
S1-205701906	S2-971643206,S3-419838833
S1-443297987	S2-831604097,S3-735600504
S1-436324544	S2-306281909,S3-650731143
S1-109269856	S2-71438098,S3-279540876,S3-8624891,S3-648679164
S1-281623638	S2-134391616,S3-337446953,S3-419628698,S3-529433763
S1-808660510	S2-241341315,S2-950427947,S2-570682878,S3-563871537
S1-17318158	S2-465091245,S3-346806021,S3-313684452,S3-209274064,S3-324810597
S1-62114242	S2-291890791,S2-331518474,S2-938518585
S1-771102878	S2-637773416,S3-908519312,S3-574986180
S1-261516812	S2-884836921,S3-710056905
S1-941834408	S2-991103488,S2-610636193,S2-107601662
S1-528030453	S3-5175708,S3-934753845,S3-928459763
S1-608248401	S2-194438251
S1-718441020	S2-678222153,S2-506980375,S3-129602358,S3-299323711,S3-624561438
S1-8503313	S2-915704304,S2-577376752,S3-91451612
S1-631210944	S2-150204642,S2-81429380,S2-901502303,S3-996451488,S3-921613896
S1-987350552	S2-135126628,S2-837611163
S1-517449538	S3-92193817
S1-905847839	S2-561292499
S1-720330825	S2-932169644,S3-381106049,S3-147840740
S1-273453108	S2-573456299,S3-630603127,S3-524834289
S1-829565132	S2-534043104,S2-488049041,S3-498877402
S1-422366507	S2-927978153,S2-123511132,S3-144899541
S1-340171220	S2-968758232,S3-877055204,S3-170626063,S3-216760327
S1-973172342	S2-503956551,S2-684115400,S3-894099730
S1-918134909	S3-158282223,S3-699122536
S1-103228270	S2-949975170,S2-122001804,S3-999384800
S1-753313468	S2-911237766,S3-485038723,S3-612138262
S1-863159494	S2-440927974,S2-580849887,S2-697747463,S3-933819825,S3-573715350
S1-359744244	S2-272451550,S2-544816035,S3-484127403
S1-315277960	S2-562128245,S2-585554268,S2-913931592,S3-4868084
S1-821110601	S2-712197933,S2-156960328,S2-277767157,S2-821849097,S2-837275870,S3-347881449,S3-909729711
S1-192152468	
S1-466252866	S2-433995850,S2-707353024,S2-620266605,S3-79549904,S3-234118702
S1-959162343	S2-563475195,S3-571869198,S3-182219197,S3-861854461,S3-47565081
S1-612277045	S2-498874719,S2-531523687,S3-789668931
S1-134160826	S2-641147638,S2-101370900,S3-200573060,S3-88769867
S1-426335180	S2-684497566,S2-574910443
S1-856748041	
S1-380886438	S2-747622431,S3-722088283,S3-588647383,S3-323325973,S3-208362261
S1-109807160	
S1-553065390	S2-222969798,S2-165573499,S3-617456391,S3-868923351
S1-628746470	S3-928190841
S1-284748913	
S1-188800555	S2-651458737,S2-147383003,S3-13457380
S1-645535519	S3-93407951
S1-764368481	S2-817019889,S2-918513760,S3-679501094
S1-237753477	S2-161293630,S2-790787231,S2-378613448,S3-632239832,S3-441533630
S1-704392071	S2-362829408,S2-47115520,S3-58901558,S3-423471448,S3-328581849
S1-390138761	S2-636685447,S2-149242575,S3-499580230,S3-240525237
S1-255641331	S3-738789151
S1-105377006	S2-481896602,S3-67615006,S3-255537173
S1-436087957	
S1-465351330	S2-194797538,S3-582343143
S1-842917402	S2-83179338,S2-93631705
S1-922197453	S2-607051536,S2-739243862,S3-838358321
S1-520167499	S2-803810256,S2-272918139,S3-132893641,S3-813802029,S3-184017220
S1-497363395	S2-390174858
S1-358170374	S3-511633382,S3-242740138
S1-154982437	S2-601949307,S2-72232096,S2-596070657,S2-188754702,S3-446591532,S3-733486027
S1-624517636	
S1-197243480	S2-48638738,S2-81972091,S2-60300035,S3-501319743,S3-901681470
S1-135693589	S2-482974368,S2-615560952,S3-40262671
S1-313512574	S2-951491976,S2-831633995,S2-944067802,S3-213594230,S3-293179443,S3-77184203,S3-564020336
S1-582408075	S2-414262647,S2-226604630,S3-579637268
S1-790202706	S2-602572663
S1-297044405	
S1-655570049	S2-295413145,S2-150469029,S3-552022871,S3-324326665,S3-983839898,S3-126092106
S1-760770379	S2-315745386,S2-702593226,S3-658904737,S3-86562017,S3-599130038
S1-426675653	S2-479985731,S2-211383237,S3-440984052,S3-256177202
S1-999200406	S2-69867125,S3-29233063
S1-805092306	S2-786818475,S3-548340871
S1-949604558	S2-622484337,S3-69181272,S3-277638996
S1-343469863	S2-619150993,S2-47272391,S2-140053161,S3-896810606
S1-378401119	S2-423487402,S3-967784446,S3-144595835
S1-536411867	S2-617817150,S2-371212209,S2-853825885
S1-916470789	S2-484989932,S2-947668494,S3-810518444,S3-978923585,S3-216929150,S3-156155221
S1-443054019	S2-395486776,S3-50357817
S1-613754304	S2-366605632,S3-759558951,S3-564852589
S1-206186841	S2-296451688,S2-728806001,S2-264655060,S3-574554022,S3-631884652,S3-119707665,S3-796563522
S1-735468406	S2-127378385,S2-669468739,S2-967122793,S2-497526078,S2-869866739
S1-657219121	S2-450033171,S3-522326815,S3-112379885,S3-35295685
S1-236528455	S2-240391608
S1-760835322	S2-357556886,S3-259254666,S3-702394255
S1-484666454	
S1-734710964	S2-120512348,S2-566495190,S3-659672510
S1-704777875	
S1-977924867	S2-245918953,S2-859278733,S3-858175109,S3-302075430,S3-764548248
S1-129703790	S2-381450980,S2-933427516,S3-931032297,S3-482976887,S3-669266462,S3-462665628
S1-73011217	S2-315771569,S2-313060802,S2-532094642,S3-78836533,S3-240908692,S3-354726170
S1-962541998	S2-875252330,S2-711603712,S2-623903526,S3-395562102,S3-517376878,S3-173725353,S3-23127704
S1-708524561	
S1-380682378	S2-801641738,S3-722469420
S1-254392400	S2-560890305,S2-917204863,S2-781214127
S1-848465905	S2-20303613,S3-743730120,S3-706715093
S1-755503891	S2-294926057,S2-502870596,S3-783364501,S3-35091044,S3-907745501
S1-700919560	S2-219259272,S3-506501659
S1-673773606	S2-139412521,S2-349437957,S2-812693554,S3-724750180,S3-762631532,S3-570169010,S3-83421966
S1-829950965	S3-370220824
S1-885695742	S2-166637919,S2-884014469,S3-608660712
S1-495746346	S3-690527623,S3-709414801
S1-72634939	S2-243361129,S3-652483709,S3-789483875,S3-849421785,S3-363147774
S1-815594587	S2-580302087,S2-995659956,S2-779698160,S3-960589506,S3-766947362
S1-729486358	S2-335336974,S3-663825657
S1-252543501	S2-315099750,S2-333624785,S3-777508538,S3-955835546
S1-957002488	S2-822055321,S2-836643430,S2-117723468,S2-979534886,S3-885430568,S3-458828088
S1-206733265	S2-947408913,S2-490777873,S3-885986223,S3-178036839,S3-711063569
S1-854253350	S3-350105953
S1-307346116	S2-924333273,S2-63561497,S3-177857509
S1-709768670	S2-360348055,S3-46609342,S3-145422797
S1-536583797	S2-555109756,S3-189617199,S3-193082602,S3-506412414
S1-581241928	S3-915847563,S3-873043119,S3-56092705
S1-543360658	S2-575579231,S2-900508691,S3-354837613
S1-539160111	S2-516598071,S2-60093469,S2-882779677,S3-147571624,S3-477413208,S3-921870174
S1-536446069	S2-264925971,S2-912775949,S3-56287856,S3-515405049,S3-298903372,S3-308285879,S3-288343632
S1-159689282	S2-495699566,S3-254076762,S3-558026107
S1-620473125	
S1-46125458	S2-573815952,S3-34272226,S3-914300985
S1-718266647	S2-370025501,S2-612089539,S2-129047065,S3-797292550,S3-811871327,S3-750154671
S1-955814094	S2-459776094,S3-263570751,S3-854338900
S1-755926812	S2-703431485,S3-551383606
S1-243252953	
S1-473152836	S2-199015548,S3-314054575,S3-164438745
S1-579294831	S2-268871823,S2-120455773
S1-170053209	S2-369768340,S3-424440954
S1-27383742	
S1-158565674	S2-152596802,S2-628004323,S3-194699876,S3-533257721
S1-287233935	S2-538612786,S3-953378140,S3-920473273
S1-377473760	S2-242393404,S2-177315143,S2-992447230
S1-300003537	S2-641364354,S2-283197610,S3-121950837,S3-500976024
S1-154368687	S2-85261568,S3-184557864
S1-697330323	S2-849758518,S3-284321073
S1-581321698	S3-890698581,S3-781683876,S3-606540977,S3-453615774
S1-259651388	S2-832630575
S1-939832062	
S1-166862223	S2-645332900,S2-242850992
S1-745557511	S2-768703441,S2-638964218,S2-961188390,S2-327963977,S3-440681028
S1-459855473	S2-426302817,S2-861064935,S3-376705533
S1-413771799	S2-515040550,S2-641905659,S2-882385082
S1-613311355	
S1-971877019	S2-118353103,S2-364279681,S3-970207175
S1-613289911	S2-271659701,S2-312587071
S1-962136512	S2-490505633,S3-135560894,S3-346126870
S1-555152592	S2-856936628,S2-646763971,S3-643736172
S1-243570169	S2-227568589,S2-358340727,S3-960089168
S1-237742101	S2-866891647,S2-314218548,S3-387118883
S1-861422060	S3-833832257,S3-735804685
S1-525780944	S2-844031467,S2-645502555,S2-283847782,S2-461036126,S3-907935067,S3-248412128,S3-847090343
S1-542631775	S2-622830752,S3-720014440,S3-426690223
S1-272583757	S3-556508846,S3-446909280,S3-135221698,S3-909316754,S3-77930277
S1-511306815	S2-74282617,S2-692414905,S3-471027611
S1-663709682	S2-87222378,S2-709246627,S3-558438021
S1-12108482	S2-527550628,S2-92347908,S3-729820019,S3-865100633,S3-670582292
S1-40026976	S2-759411850,S2-56897264,S3-916930653
S1-553600172	S2-706890989,S3-256028184
S1-180446013	S2-202175771,S2-252200190,S2-97425298,S3-392639283,S3-207209401,S3-276168790,S3-416365348
S1-599134714	S2-427551022,S3-474005251
S1-200848537	S2-194722075,S3-641771699,S3-159595373
S1-333874857	S2-555399718,S2-921955137,S2-257572470
S1-723407475	S2-800814677,S2-136586873,S3-476141975,S3-967490295,S3-648259354
S1-82083431	S2-630433190,S3-6269545,S3-35075541,S3-528092613
S1-800016823	S2-759350180,S2-620831650,S2-792158852,S2-913703214
S1-334232187	S2-114049869,S2-311867145,S3-671722337,S3-152488313
S1-269730765	S2-653107228,S2-141245226,S2-696279790,S2-893580726,S3-544389080,S3-473291694
S1-434377084	S2-607492296,S3-221446959,S3-554262778
S1-775123161	S2-683592477,S2-916540504,S2-692145661,S3-475519225,S3-143324103
S1-223358982	S2-871545892,S2-248709322,S3-326037728,S3-834503252
S1-576374391	
S1-955496877	S2-622138166,S2-519385849,S3-221781239
S1-154489306	
S1-186139498	S2-266479947,S3-426355460,S3-591495119,S3-514582683,S3-258735177
S1-960681558	
S1-840990248	S3-166034350,S3-624754907
S1-165536262	S3-980626498
S1-472087785	S2-164775988,S2-593157862,S2-811274549,S2-213277626,S3-807847892
S1-368315700	S2-143070430,S2-407046315,S3-788423447,S3-711230507
S1-109548960	S2-308350000,S2-488573597,S3-87049999,S3-806737967,S3-571245878,S3-52846679
S1-991375747	S2-716423868,S3-731113655
S1-297334093	S2-607256896,S2-759322045,S3-594834461
S1-37540843	S2-193010947,S3-134321216,S3-237746402
S1-812634824	S2-724293091,S3-442658361,S3-150660511
S1-212545345	S2-719551552,S2-448499536,S3-424720281,S3-934581311,S3-363609329
S1-348410413	S2-932224104,S2-824738758,S2-806103983,S2-750566455,S3-886568192
S1-603347984	S2-659979335,S3-614010266
S1-265222560	S3-525866769,S3-645283809
S1-449876211	S2-159025695,S3-464645239,S3-584697776,S3-700480795
S1-370895167	S2-991511756,S3-496468282,S3-876944152,S3-661647535
S1-509139589	S2-209022966,S2-868778425,S2-119973834,S3-15632298,S3-9540519,S3-707532218,S3-854303669
S1-872261706	S2-906909185,S2-856755781,S3-73276993
S1-563751494	S2-688006388,S2-22363696,S3-79751823,S3-888870085
S1-144193569	S2-411426063,S3-104350274
S1-976886276	S2-738114650,S2-821821880,S3-948001980,S3-666664108
S1-116819209	S2-540285781,S3-815782227,S3-553253920
S1-870389068	S2-394390305,S2-664014463,S2-182282325,S2-454110857,S2-518993246,S3-560264853,S3-678913147
S1-107341383	S2-872340872,S2-990314700,S3-254514732,S3-362261577,S3-469644804,S3-722842554
S1-85351656	S2-928347801,S2-910609347,S3-955140708
S1-939653756	
S1-939757860	S2-258703551,S2-286970725,S2-636077797,S2-459180555,S3-990723050,S3-237083088,S3-527436880,S3-682467870
S1-97014196	S2-117907938,S2-699114491,S2-128577046,S3-374591262,S3-166048014,S3-194870124,S3-115904077,S3-345487482
S1-201166618	S2-618452133,S2-572551879,S3-612647868,S3-347420522
S1-88633305	S2-572366169,S2-351028405,S2-413141958,S3-290717825,S3-879084654
S1-933819234	S2-549007405,S3-837896453,S3-637679719,S3-250981646
S1-544475067	
S1-172955988	S2-233866739,S2-250024958,S3-604395262
S1-205139527	S2-367038818,S3-617321663
S1-513434205	
S1-526236284	S2-432959369,S2-63965436,S2-52407800,S2-754101856,S3-35163784,S3-152499191
S1-65542458	S2-742787066,S3-330769242,S3-48211127
S1-440532027	S2-751941693,S2-987406550,S3-839110423,S3-582477492,S3-274091948,S3-22985415
S1-584763062	S2-955116647,S3-943168530
S1-623469777	S2-71665057,S3-185030595
S1-318714516	S2-337835588,S2-956458605,S3-999563143,S3-150606302
S1-346331570	S2-643548332,S3-695673012,S3-504272691
S1-240550367	S2-739660357,S3-602983505
S1-549739199	S2-264220555,S2-968991755,S2-646990603,S2-240875949,S2-816190704,S3-240058468,S3-492443585
S1-410306180	S2-877353961,S3-379691435,S3-501797960
S1-484380294	S2-950652283,S2-244093673,S3-939687049,S3-916602934
S1-481644032	S2-725941756,S2-381666598,S2-797925904,S3-420393430,S3-337577315,S3-41058150
S1-816732490	S2-503625149,S2-105798570,S3-257067032,S3-69515006,S3-550765684
S1-98578533	S2-514543577,S2-615748954,S3-282474649
S1-207702331	S3-278371017
S1-468430910	S2-274616848,S2-18256509,S3-459514931
S1-275734532	S2-718593886,S2-525496774,S3-773698613,S3-541969308,S3-855067784
S1-7713920	S2-141907826,S2-76092287,S3-639678225
S1-759104032	S3-399831460,S3-174376288
S1-31415144	
S1-346261397	S2-40030190,S2-676068454,S2-772524296,S3-818501114,S3-875899351,S3-663494121
S1-114678992	S2-613144647,S2-497736238,S3-549362021
S1-679284388	S2-54196866,S2-766413741,S3-263156566,S3-455015547,S3-354615926
S1-958047420	S2-534261726,S2-653892374,S3-176954545
S1-999252401	S2-915819686,S2-744031635,S2-5242035,S3-536353345,S3-970511960,S3-999721748
S1-448892347	S2-428558571,S2-184769681,S3-285757318,S3-20583981
S1-533617500	S2-341915024,S2-593696939,S2-960643064,S2-184264279,S2-647849035,S3-382580027,S3-556334717
S1-846728555	S2-721787142,S3-895509964
S1-167474078	S3-389342961,S3-928828192,S3-615256298,S3-545041422
S1-255092880	S2-163937743
S1-627397885	S2-736260491,S3-120666800
S1-245864225	S2-282095561,S3-412588776,S3-828191822,S3-231211774
S1-471967443	S2-297841483,S2-118606488,S2-526350364,S3-70562190
S1-762612309	S2-370436053,S2-589344003,S2-848364128,S3-862163177,S3-963405586
S1-70078926	S2-38609452,S3-306970643,S3-570379615,S3-388681181
S1-351655347	S2-909585727,S2-335181242,S2-828669624,S3-750733708
S1-201304670	
S1-562335232	S2-415372123,S3-888692152
S1-343800708	S2-492320554,S2-23157171,S2-368070958,S3-724571688,S3-742681405,S3-345726010,S3-42207993
S1-439701466	S2-145292248,S3-674673740
S1-202547293	S2-570888384
S1-338405753	S2-298748937,S3-91446529,S3-305640478
S1-347511982	S2-909451154,S2-52638868,S3-300674963
S1-295274196	S3-374280687
S1-873388602	S2-843479706,S3-338683690,S3-713312211
S1-83733800	S2-565675709,S3-92333326
S1-476860123	S2-658129767,S2-681374176,S3-745761661
S1-481710219	S2-398023872,S3-682652007,S3-688318335,S3-528825688,S3-201513599
S1-356402899	S2-636440413,S2-342425315,S2-599595191,S2-69814118,S3-662534564,S3-529178060,S3-117216849,S3-779292240
S1-567515409	S2-547375541,S2-307899578,S2-234718777,S3-41829951,S3-402916210
S1-167022035	S2-754942309,S3-181978961,S3-17051256,S3-668549313,S3-411583655
S1-443112905	
S1-401342428	S2-339803278,S2-687920116,S2-147064245,S3-236380225
S1-623098979	S2-944121434,S2-461120381,S2-903724229,S3-332689458
S1-682674606	S2-795068146,S3-771317396,S3-757705354
S1-239931172	S3-28183300,S3-81775619
S1-847635757	S2-101845670,S3-242656106,S3-43845829,S3-747210675
S1-649231261	S2-813308520,S3-85734783
S1-169745768	S2-771749054,S2-882128501,S3-612510129,S3-477941669,S3-320380456,S3-12356015
S1-158040177	S2-532279671,S2-583375166,S3-410982887,S3-126465308
S1-403632688	S2-121120142,S2-724513324,S2-954213130,S3-471604936,S3-925737281,S3-321726728,S3-504330634,S3-742244800
S1-25428612	S2-937984338,S3-508835255
S1-222402564	S2-776743220,S3-19699946,S3-414480934,S3-897911427,S3-486468474
S1-780812908	S2-500842048,S3-299932659,S3-745501977,S3-586509124,S3-246301219
S1-813916201	S2-909905588,S2-382067629,S3-662457482,S3-780899724
S1-754738147	S2-313372319,S2-792983680,S3-554128595,S3-970171583
S1-278504272	S2-699238957,S2-373239193,S3-135445759,S3-881002683
S1-591222712	S2-327072391,S2-6441251,S2-481409894,S2-570141,S3-322586282,S3-636499971
S1-951090639	S2-942838675,S2-350932184,S3-543479107,S3-667902142
S1-562607219	S2-887256293,S2-150644317,S3-992346746
S1-641368941	
S1-896709991	S2-612858066,S3-267896259
S1-967619045	S2-12779077,S3-899293102
S1-12168085	S2-367692250,S2-781743004,S3-342448717,S3-886569072,S3-133052413
S1-219439118	S2-438125517,S2-843786242,S2-906282825,S3-109846835
S1-964608861	S2-934047420,S2-617980644,S3-406236973,S3-191599390
S1-943388461	S2-822529581,S2-148849701,S2-576188649,S2-48485736,S3-578979335,S3-355282343,S3-620392506,S3-897291467,S3-622224246
S1-973690337	S2-871443744,S3-79621890,S3-514620229,S3-640003594
S1-514746182	S2-986715103,S3-860387941
S1-605745951	S2-964871426,S2-431653216,S2-362828277,S3-444385757
S1-72475745	S2-526163899,S2-210766306,S3-955609114,S3-267607033
S1-5014819	S2-352116486,S3-790297493,S3-783604208,S3-667646253,S3-141605662
S1-379327460	S2-343210989,S2-660555453,S3-147971317,S3-77876485,S3-47375320,S3-805087733
S1-144308016	S2-717249626,S2-858710827,S2-757161364,S2-768464326,S2-222615651,S3-751154998,S3-967638364,S3-619063392
S1-41843572	S2-248708078,S2-723800897,S3-199377734,S3-346820206,S3-993479591,S3-523540207
S1-470499440	S2-82805018,S2-509145750,S2-234302971,S2-773579441,S3-822539355
S1-813551605	
S1-13014129	S2-986917221
S1-228985495	S2-776468796,S3-828038197,S3-188058455,S3-308974627
S1-940105761	S2-853650498,S2-285610441,S3-361102312,S3-65189199,S3-774602016
S1-721923522	S2-972131151,S3-915797491,S3-362422880
S1-765837590	S2-568347243,S3-373301548,S3-268966204
S1-209225114	
S1-266605342	S2-20197112,S2-990135418,S3-848464714
S1-84588213	S2-30720967,S2-109473531,S3-144812695,S3-203886804,S3-902995219
S1-398938676	S2-989568219,S2-127877846,S2-986206316,S3-357779664
S1-927963632	S3-802052295
S1-799653668	S2-416733262,S2-665334213,S3-770831701
S1-756429586	S2-827265882,S3-41421416
S1-504277218	S2-213111777,S2-701336866,S3-793262610
S1-143989805	S2-314921635,S2-672118611,S3-797733158
S1-350739603	S2-960657663,S2-560167906,S3-208077989,S3-467572009
S1-341713730	S2-646029667,S2-793108274,S2-563802266,S3-174002552,S3-430764245,S3-599310385
S1-422553535	S2-76349907,S3-991160300,S3-920930809
S1-968004395	S2-871500716,S2-679014129,S3-167935407,S3-113835248,S3-979339341,S3-93026679
S1-424725728	S2-263606497,S2-666583254,S3-180635953,S3-431420722,S3-121434575
S1-875510579	
S1-197686084	S2-913509390,S2-437045654,S3-149333186,S3-987893045,S3-378238651,S3-7707419
S1-27596253	S2-408030801,S2-617499140,S3-792749109,S3-108295751
S1-515344846	S2-394705284,S2-622532802,S3-933804479
S1-717757691	S2-36698713,S3-791772010,S3-88824084,S3-557392759
S1-643171369	S2-953292882,S2-350064442,S2-902877591,S2-928504071,S2-436389544,S3-20208690,S3-707158241,S3-215800870,S3-67773390
S1-341819779	S2-507461677,S3-969676364,S3-811302190,S3-430545300
S1-333858507	S2-215046155,S2-409643328,S2-758601434,S3-733060160
S1-23566606	S2-90363392,S3-129432979,S3-215951165
S1-428812816	S3-581638732
S1-229652878	S2-859723181,S2-947183463,S2-921552072
S1-332771010	S2-371739876,S3-984587808,S3-821806155
S1-66420146	S2-932337546,S3-462554213,S3-308991520
S1-781138784	S2-864427754,S2-867254395,S2-785313184,S3-892470105,S3-504891620,S3-944806655
S1-609718334	S2-883583187,S3-136255381,S3-357643407
S1-694462236	S2-467649013,S3-502305440
S1-681394288	S2-36291513,S2-673277141,S3-882515226
S1-174969673	S2-539953239
S1-236496068	S2-249285539
S1-572076638	S2-935829473,S2-978991822,S3-712255547,S3-599338657,S3-605793859
S1-196654030	S2-458210314,S3-27087670
S1-862259127	S2-471967474,S2-678955475,S2-678301951,S2-444864822,S3-380745062
S1-331523349	S2-738073317,S3-772066953,S3-140084409
S1-248249725	S3-423190570,S3-691372185
S1-124520851	S2-291101509,S2-554510649,S3-578801146,S3-378963623
S1-721367344	S2-537029346,S2-230879976,S3-992671594
S1-99603256	S2-272911045,S3-646973013,S3-419365231,S3-366745271
S1-739570887	S2-288238930,S2-506907490,S3-200742411,S3-344874713
S1-556626124	S2-677399214,S3-665493083,S3-439751874
S1-509276353	S2-841310851,S2-459709668,S2-175253911,S2-956981030,S3-361557394
S1-359232004	S2-711492795,S2-532498367,S2-766820404,S3-94519943
S1-862436045	S2-633452194,S2-433695246,S2-690497499,S2-166771330,S3-300101408
S1-343542269	S3-788827970,S3-460418030
S1-593668216	S2-452545673,S3-307247151
S1-490247353	S2-631737538,S3-3988910,S3-34519585
S1-750844689	S2-20421074,S3-596092289,S3-962750557
S1-61379215	S2-744769042,S2-895237880,S3-860198320,S3-530072898
S1-988862144	S2-693585050,S2-864575506,S3-978672401,S3-675584013,S3-820090238
S1-938210521	S2-910961003,S3-73842635,S3-191218643
S1-570997212	
S1-944057986	S2-708861279,S3-243125315,S3-789016248
S1-673770364	S2-657575654,S2-695072613,S2-178759326,S3-878006604,S3-273999350,S3-772104527
S1-696468347	S2-313484556,S3-74812393,S3-958260004
S1-427075325	S2-70340414
S1-193403620	S2-925617906,S3-238709100
S1-860220452	S2-865049331,S2-832507282,S2-39735175,S3-403447444,S3-497598667
S1-316205403	S2-940196551,S3-725497889,S3-890904110,S3-692995187
S1-501568304	
S1-28811932	S2-752206426,S3-756169398,S3-619333645,S3-280296103,S3-708962234
S1-324488496	S3-274869069,S3-826463190
S1-287425347	S2-436251409,S3-836099717,S3-756608005,S3-348253710
S1-616377643	S2-175928366,S2-890895802,S2-823118823,S3-381292645
S1-616462247	S2-675211504,S2-16486220,S3-732786755
S1-169355569	S2-77278407
S1-15478289	S2-608677363,S3-644963649,S3-56652876
S1-632812909	S2-366115309,S2-956074323,S2-819729949,S3-696445179,S3-566638184
S1-226362719	S2-733747421,S3-5138294
S1-926572988	S2-923868149,S3-613355617
S1-219716282	
S1-673947813	S2-259720277,S3-107704541
S1-191950072	S2-250054147,S3-887814333,S3-452426115,S3-88200320
S1-933385405	S2-521273026,S2-412573964,S3-199568602,S3-944264115,S3-79464077,S3-335084447
S1-510575518	S2-702989193,S3-513361540
S1-163441988	S2-87635464,S2-772506421,S3-98205991
S1-230217694	S3-116797551
S1-434604095	S2-314765395,S2-642996106,S3-62520539,S3-420184534,S3-434985488
S1-467200395	S2-861586974,S3-690394345,S3-703547946,S3-527996429
S1-913134745	S2-235038504,S3-319166487
S1-6682575	S2-445120722,S2-754702080,S3-152199703,S3-597602939,S3-628330220,S3-257421711
S1-635552146	S2-652050691,S2-813031226,S3-338680943,S3-281256978,S3-317324484,S3-408214791,S3-149932596
S1-160777270	S2-290886583,S2-389927023,S3-845051579
S1-693867487	S2-329623876,S2-368055570,S3-820207619
S1-365483378	S2-371784552,S2-363904136,S3-328268812
S1-728859778	S2-623017347,S2-600951568,S3-201751318,S3-52764074,S3-495151809,S3-441704445
S1-576691150	S2-468206349,S2-142195888,S3-605517723,S3-142646493
S1-110743515	S2-456919091,S2-692705172,S2-608147415,S3-593624934,S3-248418577
S1-219818684	S2-618202471,S2-98290683,S3-960213177,S3-517494862
S1-852676362	S2-811201218,S2-392869748,S2-22075039,S2-582536536,S3-61051589
S1-70237247	S2-938872708,S2-221808405,S2-173178388,S3-557684601
S1-408900840	S2-489542325,S3-7370711
S1-133570446	S2-922247182,S3-824718697,S3-178429417,S3-806426900
S1-139898330	S2-382827434,S2-470959767,S3-205917686,S3-60176034,S3-956601468
S1-262018893	S3-639392020,S3-442956934,S3-809300549
S1-155796103	S2-627827412,S3-398408643,S3-912053724
S1-21991994	S2-261151560,S3-924794202,S3-674183765,S3-953839673
S1-760607076	
S1-264459665	S2-624309930,S3-721774684,S3-502019364,S3-697773177
S1-921670816	S2-433749983,S3-387640670,S3-54049693,S3-441850763
S1-981319832	S2-280546334,S2-110275879,S3-64576444
S1-309796844	S2-97669977,S3-984170623,S3-648769210
S1-165337369	S2-836242836,S3-72290939
S1-406496463	S2-121390378,S3-493379880,S3-206151643
S1-127871	S3-119698200,S3-729449563
S1-270024818	S2-200563536,S2-161693441,S3-853650523,S3-395072139,S3-43281215
S1-696969570	S2-363050909,S2-393506556,S2-851210569,S3-455279527
S1-395458203	S2-459014958,S3-459011467,S3-569099825,S3-903774487,S3-467788376
S1-970333931	S2-242468568,S3-252973405,S3-682662557
S1-291783804	S2-36124994,S2-398504824,S2-82825408,S3-118882971
S1-624671740	S2-313831409,S3-376409279,S3-289704232
S1-86683796	S2-820225510,S3-600093968
S1-907075389	S2-958847891,S2-797336576,S2-924152937,S3-133420415,S3-662010217,S3-707413817,S3-849264469
S1-521951950	S2-527507025,S3-691525678,S3-909521970
S1-407123415	S2-100543042,S2-503023141,S3-109939093
S1-750157169	S2-105229935,S3-594024271,S3-360062394
S1-69140101	S2-485984947,S3-76845726
S1-165475560	S2-132278398,S2-141460736
S1-937083421	S2-284586728,S2-771276647,S3-876188444,S3-864452109
S1-171068806	S2-862743406,S3-696480705
S1-303689259	S2-498959515,S2-117746662,S2-440289484,S3-701070582,S3-916039217,S3-330286098,S3-489968610
S1-504095310	S2-445200890,S3-602539014,S3-608164936
S1-340572136	S2-879247384,S2-188488131,S3-852444038,S3-904733354,S3-53133478
S1-277323178	S2-993536956,S2-494749725
S1-761226068	
S1-739265216	S2-174308536,S3-586724552,S3-296715166
S1-51762808	S2-610066939,S2-968355979,S2-763092451,S3-857502270,S3-58270118,S3-899539048
S1-513700432	S2-308177391,S3-703644616
S1-808541908	S2-561473683,S2-913514735,S2-331575443,S2-311935517,S3-39508570,S3-134868169
S1-337232656	S2-733663687,S3-120519320,S3-102426082
S1-234430131	S2-917446661,S2-882684835,S2-263317586,S3-795079545,S3-611866003,S3-681739686
S1-330841563	S2-924088645,S2-365468783,S2-648180513,S2-666272111,S3-243389744
S1-227677648	S2-997030196,S2-256748009,S3-416421953,S3-441969546
S1-962138197	S2-492856835,S3-928574076,S3-203865892
S1-702839485	S2-445408351,S2-46572899,S2-275203916,S2-220724178,S3-970765809,S3-694259083
S1-656086467	S2-714955273,S3-543934648
S1-284068655	S2-431475736,S2-492520534,S3-271943844,S3-424098501
S1-455585540	S2-142998709,S2-948526679,S2-251247981,S2-590896936,S3-700312559
S1-167523106	S2-503452519,S2-611782900,S3-829732674,S3-262011833
S1-342351453	S2-965919768,S2-827710035,S3-786178474,S3-307418152,S3-398759397,S3-148404549,S3-871561775
S1-394131052	S2-315563556,S2-205036024,S3-890343816,S3-977319926
S1-882523366	S2-258318971,S3-223871494,S3-5222767,S3-120366001
S1-341297023	S2-364602019,S2-449980159,S2-251279583
S1-45948533	S2-436421600,S2-765109293,S3-182854950,S3-656461956
S1-694760190	S2-225253204,S3-52387424,S3-614172859,S3-637039489,S3-742951060
S1-605394716	S2-314536566,S3-184576743
S1-602543877	S2-722800895,S3-198914346,S3-866410097
S1-382448570	S2-290943677,S3-705155386,S3-994285903
S1-585513926	S2-526100780,S2-640037485,S3-191447939,S3-771095956
S1-244118803	S2-850548230,S2-280244394,S3-907237320
S1-475340341	S2-376627728,S2-882301087,S3-457815854,S3-179778951
S1-523761565	S2-508599562,S3-573207613,S3-911843338
S1-994194964	S2-688578942,S2-297656649,S2-815233994,S2-498557363,S3-379176539
S1-667597554	S2-854486941,S3-866558393
S1-230403707	S2-457090687,S3-655351327
S1-753264632	S2-957339714,S2-585406678,S2-227225886,S3-684858278
S1-913503265	S2-998916998,S3-385638801
S1-934837822	S2-979663951,S3-675972442,S3-183476631,S3-66842745
S1-688576837	S2-404576005,S2-67968709,S3-887029481,S3-623635570,S3-631109963,S3-472174863
S1-646963845	S2-955976789,S3-986941680,S3-822303159
S1-342560099	S2-249566111,S2-499472894,S2-200393957,S3-804233394,S3-43875672
S1-978553567	S2-692364549,S2-601738527,S2-88859069,S2-447560368,S3-623657201
S1-727000612	S2-832930631,S3-672233991,S3-478517065
S1-325314964	S2-718834591,S3-246390330,S3-428244434,S3-575588195
S1-149670643	S2-903323321,S2-347054305,S2-465589061,S2-853798588,S3-492754843,S3-653874897,S3-444373994
S1-389280534	S2-622398844,S3-293526065,S3-797340960
S1-437172892	S2-528838711,S2-83720391,S2-200212925,S3-141757269,S3-888614181
S1-242459881	S2-813216559,S2-824429948,S2-60227009,S3-975274424
S1-719817204	S2-74228264,S2-222399372,S3-956906681,S3-133861066,S3-680847788
S1-368805076	S2-15222268,S3-595772140,S3-605937995
S1-542761267	S2-57351306
S1-895709344	S2-243963888,S2-816154892,S2-348302896,S3-76951806
S1-431875186	S2-42390655,S2-671659212,S2-376831132,S3-187701110,S3-785054399,S3-988679801
S1-897509668	S2-145389794
S1-114930102	S2-915708061,S2-988202082,S2-72784993,S3-809283921,S3-997872155
S1-465817860	S2-255396133,S3-175819552,S3-816389
S1-139311832	S2-85258413,S3-24219626,S3-862261736
S1-521572329	S2-290213591,S2-395584395,S3-636461177,S3-802444469,S3-892753281,S3-171226149
S1-374771912	S2-68017289
S1-67140944	S2-914103124,S3-187075793,S3-250145481,S3-862881668
S1-863821601	S2-183630073,S3-521899255
S1-505990921	S3-784763732,S3-213540369
S1-207971916	S2-581716683
S1-180543512	S2-858211843,S3-658504545
S1-830069853	S2-380232635,S3-876630947,S3-709478472
S1-584642015	S2-84817809,S3-476355335,S3-484888253,S3-393880184
S1-263653744	S2-179354946,S2-956368232,S3-14593692,S3-943661535
S1-528709587	S2-740498407,S2-279912981,S3-726331827
S1-491314914	S2-706364077,S3-172443439,S3-565147898,S3-793790822,S3-34360767
S1-11125033	S2-259251867,S2-168884062,S3-661852002
S1-46932515	S2-911290534,S2-82847898,S2-631571187,S3-428503476,S3-105232027
S1-89225532	S2-399651042,S3-894238184,S3-479311762
S1-691673132	S2-502168437,S2-114417999,S2-252845185,S3-894104489,S3-943817130,S3-526268584,S3-282678813
S1-399504178	S2-689643934,S2-931254934,S3-58175120,S3-777147986
S1-427641727	S2-817220173,S2-617402441,S3-209804966
S1-512304782	S2-255269870,S3-155382578,S3-952935759,S3-966623146
S1-483925052	S2-37764945,S3-590038209
S1-542990261	S2-282349292,S2-512319081,S2-531353282,S2-691471070
S1-713475680	S2-263287840,S3-453029552
S1-296151269	S2-678736707,S2-284660413,S3-696779756,S3-658537886
S1-817647979	S2-929981846,S3-796301094
S1-167948432	S2-880508544,S2-437520433,S2-375984929,S2-900983348,S3-681782005,S3-443132186
S1-254449147	S2-41916354,S3-994189106,S3-695011854
S1-211053947	S3-552822254,S3-68258042,S3-471292991
S1-25031440	S2-910390469,S2-878309816,S3-992574064,S3-900535040
S1-551008863	S2-110581625,S2-822184159,S2-635320027,S3-111182827,S3-734569714
S1-656799767	S2-69948861,S2-966077331,S3-439926696,S3-410262459,S3-226822474
S1-303733624	S2-950935003,S3-606103470
S1-722904512	S2-411192008,S2-830591140,S2-127081378,S3-149448310,S3-293335665,S3-631766144
S1-95663838	S2-769169729,S3-90828204,S3-857042506
S1-213974296	S2-287188546,S2-206865072,S2-601070442,S3-485298027,S3-949438725,S3-621596045
S1-182045107	
S1-291967819	S2-608074031,S2-616800007,S3-627539191
S1-865273332	S2-801430040,S2-904025517,S2-448633802,S3-398099447
S1-355957686	S2-60509171,S2-132570141,S3-329656342,S3-832297853
S1-694276483	S2-27613263,S2-412818646,S3-197887332,S3-463288424
S1-201341520	S2-803637690,S2-758413204,S3-580212895
S1-308283828	S2-870347135,S3-730734544,S3-301580495,S3-903476741
S1-874109160	S2-120341961,S2-475428155,S2-80455311,S3-163352976,S3-80323204
S1-551647432	S2-483275271,S2-430319047,S2-817024087,S3-269503714
S1-254037927	S2-128385672,S3-252374294,S3-50576789
S1-515080939	S2-898071355,S2-716439375,S3-887487186,S3-69339581,S3-599852915,S3-321967378
S1-768253560	S2-550602294,S3-817148845,S3-455482496
S1-505250819	S2-830709023,S2-178891585,S2-594533638,S3-713455101,S3-776537994
S1-708645101	S2-402218926,S3-774878066,S3-682514288
S1-692458493	S2-887631821,S2-534896291,S2-461652237,S3-648716123,S3-551125407
S1-142186803	S2-792844081,S3-633737782,S3-855172651,S3-217080875,S3-458897319
S1-729809220	S2-550635466,S2-641443562,S2-823547195,S2-603741338,S2-870405082,S3-755363044
S1-13641940	S3-810330115
S1-532194167	S3-915838122
S1-793288111	S2-836206074,S2-482147020,S2-121318874,S2-690775370,S3-556069502,S3-539064169
S1-994647429	S2-364106218,S2-913474202,S2-888979832,S3-594873499
S1-760845434	S2-881572491,S3-370931996,S3-498889321,S3-210042613
S1-676600240	S2-589162939,S3-411045217,S3-810145132
S1-475814715	S2-963949083,S2-634563177
S1-48661435	S2-516666842,S2-896711309,S3-751951390,S3-561087208,S3-499573222
S1-967833385	S2-220955037,S3-12261466
S1-202679283	S2-126934398,S2-639658468,S3-590411748
S1-496875776	S2-523871254,S3-458823411
S1-183948	S3-683062589,S3-7894164,S3-852885679
S1-80198256	
S1-173530325	S2-452440424,S2-898976654,S3-89133577
S1-766454559	S2-407131917,S2-341832634,S2-941340461,S3-926669751,S3-544255000,S3-670140323,S3-194759551
S1-557596882	S2-882027870,S3-793059124
S1-324136140	S2-425059318,S2-572147818
S1-678854491	S2-13717679,S3-439046270,S3-575667679
S1-968741502	S2-430577164,S3-683369460
S1-750340263	S2-569105296,S2-152337509,S2-753636824,S3-795934327,S3-347125994,S3-415326152,S3-112710782
S1-13478361	S2-905311748,S2-8660308,S3-731321370,S3-359048414,S3-325508537,S3-190863585
S1-632058871	S2-633589346,S2-444973095,S3-278547810,S3-455930047
S1-482564181	S2-50345436,S2-492704687,S3-60263734,S3-466132732
S1-640294292	S2-26573097,S3-98203223,S3-768332499
S1-907858130	S3-176929516
S1-173339872	S2-660125866,S2-22666991,S2-439415870,S2-72007752,S3-48514074
S1-422164554	S2-522636321,S2-704184669,S2-745662730,S3-589665241,S3-180505073
S1-407110861	S2-667933602,S2-551379123,S3-320774094,S3-950082115,S3-655057879
S1-6576640	
S1-619419370	S2-895527430,S2-282176596,S2-529220479,S2-902917675,S3-118378073
S1-617674748	S2-727487262,S2-744158773,S2-254746201,S3-447477807,S3-107115126
S1-882686970	S2-956105664,S2-160937955,S2-394809926,S3-854437761,S3-735909985,S3-75501382,S3-66326990
S1-327634379	S2-902168533
S1-574265201	S2-48857062,S2-10841810,S3-494571776,S3-567765495
S1-742699243	S2-988625541,S3-787526324,S3-74310245
S1-379805313	S2-979125004,S3-752119427
S1-584636123	S2-455260336,S2-904043469,S3-1586596,S3-117192272
S1-799035976	S3-413136899
S1-269543354	S2-671069760,S2-113044185,S3-562105811,S3-138343316,S3-535499496
S1-323926807	S2-817293057,S3-73588450
S1-462517492	S2-331083976,S2-632749981,S2-795226323,S3-642515219
S1-707331354	S2-333593520,S2-13855725,S3-41220319,S3-571242634
S1-810992214	S2-845882360,S3-291952040,S3-691066009
S1-635757187	S2-456964673,S2-298977649,S3-762647623
S1-862364901	S2-336014569,S2-844587000,S2-972014600,S3-366822812,S3-900973416,S3-506194129
S1-84049179	S2-99655312,S2-407132665
S1-895150939	S2-972023700,S3-929621347,S3-1803656
S1-307708658	S2-105336046,S2-463917274,S2-383492538,S2-599230042,S3-288229066
S1-273573355	S2-625624638,S3-837987116
S1-92213695	S3-454564066
S1-836956958	S2-487908462,S3-459603183
S1-795615788	S2-785144269,S2-107739685,S3-888583354,S3-656670832,S3-897606896
S1-630901673	S2-126726213,S3-2877615
S1-330627973	S2-133077314,S2-636882377,S3-829257890
S1-324834453	S2-582916603,S2-45932186,S2-72928330,S3-212849228,S3-874566527
S1-140604821	S2-956507104,S2-938680950,S3-147754403
S1-57190322	S2-26696828,S2-749166627,S3-703928883,S3-493008110,S3-694012959,S3-460205636
S1-381680609	S2-700450307,S2-589456061,S2-456777351,S3-979030766,S3-595221155
S1-560192486	S2-681556624,S2-327102190,S3-315206321,S3-248364984
S1-869934321	S2-794629812
S1-183233338	S2-878374548,S2-164086433,S2-274090503,S3-590104947,S3-412546265,S3-857023536
S1-561887691	S2-245520835,S2-396381780,S3-87567950,S3-286965212
S1-834216587	S2-911864462,S3-397586905,S3-838232088,S3-641446351
S1-690134472	S2-570915060,S2-815523713,S2-612813122,S2-705466754,S3-422634760
S1-345518008	S2-397023322,S2-927721871,S2-658026947,S2-148359866,S2-67293944,S3-214892082
S1-198064530	S2-337633734,S2-575513631,S2-67664896,S2-348810771,S3-520970552,S3-115116155
S1-417172376	S2-510845873,S2-336572022,S3-201399316,S3-794991397,S3-645122384
S1-34757188	S2-393927277,S2-321592879,S2-97622400,S2-173070475,S3-521702249
S1-989596134	S3-423172788,S3-420206982,S3-499848683
S1-29820385	S3-619732466
S1-583273348	S2-915896796,S2-507675082,S3-859523535
S1-439476010	S2-556101645,S3-132881801,S3-84195810
S1-22787965	S2-56026158,S3-419727727
S1-203327283	S3-770116558
S1-732452377	S2-766378008,S2-562113691,S2-290373306,S3-504899116,S3-885155771,S3-387435503
S1-430516061	S2-282917439,S2-326972857,S2-842524225,S3-362529,S3-554755172
S1-442187780	S2-65282896,S2-938973071,S3-760673285
S1-99125273	S2-239658988,S2-200088722,S2-888736199,S2-548906660,S3-883449241,S3-572274057
S1-68477537	S2-831100755,S3-535083741,S3-896009847
S1-676710277	S2-638558100
S1-316234564	S2-988309055,S2-938943909,S2-63791817,S2-772500177,S3-516313263,S3-131332480,S3-488412823
S1-257743187	S2-175851446,S2-325548562,S3-505640537,S3-487082245,S3-570961313
S1-140793406	S2-127344111,S2-646460389,S3-553400148,S3-994006083
S1-290320775	S2-82741643,S2-7585562,S3-552107137,S3-163795892
S1-585695434	S2-733420716,S2-427869287,S3-153446516
S1-423356416	S2-744473779,S2-817718340,S3-211183082,S3-920651229,S3-353066472
S1-678316816	S2-768691745,S2-186645270,S3-539376242,S3-35454407
S1-585689159	S2-258948787,S2-903072216,S3-31374685,S3-230924575
S1-437432288	S2-339389874,S2-731494664,S3-886789965,S3-445285431
S1-15124053	S3-536725167,S3-865654327
S1-809379376	S2-33778430,S3-661767574,S3-650491722,S3-608639026
S1-536525067	S2-211291180,S2-298279481,S3-587697235,S3-361424040
S1-567836458	S2-592051960,S2-313310255,S3-454536349,S3-646911879,S3-609563979
S1-711622061	S2-421846188,S3-494375576,S3-206122406
S1-389832922	S2-649240822,S3-406030618
S1-384437452	S2-198597084,S2-692363693,S2-440032080
S1-147101516	S2-869855103,S2-78933462,S2-497487637,S3-802207894
S1-369242282	S2-520814617,S3-34303273,S3-603328842
S1-349640357	S2-478329761,S2-690867818,S2-386163417
S1-923701609	S2-699502469,S2-318461262,S3-652387980,S3-737832989,S3-108720416,S3-993449562,S3-211881814
S1-755512819	S2-21532414,S2-499275934,S2-380359047,S3-691949377,S3-233681577,S3-427698527
S1-845426538	S2-763375929,S3-849469209
S1-475331982	S2-101989379,S3-568723665,S3-254498745,S3-216400729,S3-281549228
S1-445331490	S2-146155267,S2-614669962,S2-324540685,S2-865093923,S3-52065018,S3-99195825,S3-615543498,S3-540358132
S1-829009276	S2-195007514,S3-905406690
S1-891100238	S2-255222359,S3-335325374,S3-435650926,S3-409200177
S1-599702613	S2-387651484,S3-459586438
S1-721216339	S2-461991364,S2-544977402,S3-694116198
S1-624610076	S2-262432225,S2-163669275,S3-144957470,S3-851877160,S3-426169842
S1-560517289	S2-995075488,S3-876624506
S1-184983228	S2-996865581,S3-43838921,S3-372254919,S3-744956056
S1-770181079	S2-308966449,S3-391298206,S3-932591616
S1-711781835	S2-482526044,S3-103645853,S3-282190788
S1-645022576	S2-440507360,S3-73274738
S1-545924630	S2-928041891,S2-848219694,S3-893862656,S3-764769590
S1-946634569	S3-795755689,S3-301940919
S1-521324543	S2-133197284,S2-455718933,S2-955079495,S3-585272569,S3-967842257
S1-468103996	S2-306948743,S2-782551325
S1-471519932	S2-84902721,S2-376137589,S2-686159410,S3-355438798,S3-225527028
S1-559403206	S2-816519386,S2-772674104,S3-178535429,S3-469244933
S1-330573372	S2-343233748,S3-459645389,S3-167930939,S3-60765790
S1-692868151	S2-109268920,S2-972508181,S3-133366897,S3-73072414,S3-644931813
S1-410704958	S2-545937919,S3-991170827
S1-52428776	S2-427307144,S3-773260959
S1-221682985	S2-892930411,S2-686936189,S3-231666350
S1-483784239	S2-592387388,S2-324305857,S3-637871262,S3-105011896,S3-944024893,S3-149121324
S1-870972756	S2-964552561,S2-213617935,S3-919759156
S1-97462665	S2-12738748,S2-608179161,S3-632927825
S1-278336163	S2-623197083,S2-774364445,S3-574355121,S3-766679280
S1-503216720	S2-126063641,S2-915846012,S3-701321987,S3-493613489,S3-299234902
S1-486205353	S2-791367319,S2-192703780,S2-404971312,S3-234295249
S1-53730699	S2-164216763,S3-932962780,S3-343530911,S3-209647382
S1-489688242	S2-775314257,S2-961838297,S2-12172958,S2-145763160,S3-701307838,S3-507022946,S3-661583619,S3-734495545
S1-496203213	S2-53685294,S3-246956361
S1-168301951	S2-764448815,S2-444076856,S3-815031071,S3-306073872,S3-531820267
S1-210577210	S2-723783590,S2-813755343,S3-390462208
S1-149880375	S2-416061148,S3-334053740
S1-132069470	S2-751748848,S2-840664973,S3-827857129
S1-938690687	
S1-393779176	S2-111880896,S2-927044706,S3-791555411
S1-408408982	S3-894527249,S3-517026050,S3-622029623,S3-5540540
S1-286023109	S2-761367476,S2-939889705,S3-383867733,S3-35188666
S1-119281529	S2-766782559,S2-626307743,S3-352384642,S3-281325763,S3-454048637,S3-627161679,S3-38864354,S3-87967368
S1-301651351	S2-848176123,S3-787824255
S1-431473663	S3-580924398,S3-711866665
S1-557250844	S2-818446579,S2-249546926,S3-884893608
S1-604800268	S2-937656994,S2-152617326,S2-156818315,S3-899742284
S1-950203051	S2-501611298,S3-467778947,S3-394813471
S1-86875650	S2-419363075,S3-23631969,S3-598220820
S1-785612064	S2-875805800,S2-370394758
S1-913805861	S2-437867199,S3-107483842
S1-829216142	S2-275490182,S2-855155003,S3-916526197
S1-931363727	S2-837928980,S2-124263612,S2-333267521,S3-299262297,S3-627809525,S3-214708422
S1-828801076	S2-656592215,S2-923321920,S2-72173782,S3-667949618
S1-619879432	S2-548432111
S1-497637230	S2-24039040,S3-634793231
S1-933482751	S2-224929833,S2-978474419,S3-486463811,S3-366360435
S1-68863089	S2-11365196,S2-998354304,S2-872649663,S3-609961880,S3-950436655
S1-892207290	S2-709788452,S2-262450884,S3-996142749
S1-41599016	S2-572442085,S2-384005730,S3-747690052,S3-147348659
S1-589487715	S2-28284935,S3-532946440,S3-846952108,S3-108367474,S3-119682799,S3-158393126
S1-912708584	S2-58591941,S2-524399555,S3-340612657
S1-346814537	S2-202958987,S3-357469055,S3-321441264
S1-572662063	S2-603718244,S2-862087310
S1-948225084	
S1-970677809	S3-149590232,S3-772966627,S3-670276116,S3-703334508,S3-263476571
S1-185063709	S2-285009106,S2-638522426,S3-100769127
S1-936551636	S2-389348200,S2-474824600,S3-731953696
S1-148463365	S2-217217034,S2-605537780,S3-567004081,S3-100680054,S3-945606866,S3-455604031,S3-383733320
S1-515372387	S3-563245829,S3-594576143,S3-370392769,S3-14336589,S3-876016900
S1-414486664	S2-916786881,S2-727691315,S2-21492625,S3-131965161,S3-209515571
S1-837899366	S2-258360063,S2-237115582,S2-765712263,S2-701084288,S3-33270857,S3-162498682
S1-569107032	S2-961829530,S2-636597301,S3-159442671,S3-642277356,S3-113554540
S1-726098724	S2-118860367,S2-827132019,S3-322716835,S3-350056269,S3-622913099,S3-778964435
S1-207943336	S2-575271327,S2-692510079,S3-632762000,S3-489008350,S3-379183494,S3-685946680
S1-229416793	S2-972012143,S2-111339154,S3-876250567
S1-757500919	S2-362987285,S3-789048979
S1-60329729	S2-274702387,S2-743780203,S3-980919670
S1-738881735	S2-832638953,S2-883292779,S3-22496578,S3-856430362
S1-368549653	S2-913556468,S2-212326266,S2-444172371,S3-611428134
S1-818473656	
S1-542724045	S2-13080238,S2-139261307,S2-759223129,S3-286308846,S3-434783863,S3-724543040
S1-589249751	S2-466094299,S3-568103022
S1-368436890	S2-646452601,S2-252221766,S2-966011213,S3-203512864,S3-973230356
S1-295621898	S2-203640357,S3-774394671,S3-744898532
S1-325534933	S2-915097246,S3-104028669
S1-421382857	S2-823562252,S2-415133318,S2-536019120,S3-125518317,S3-521369442
S1-995348722	S2-525498043,S2-834978688,S2-187548650,S2-799319981,S3-174982838
S1-412523074	S2-269549758,S2-301241850,S3-947496663,S3-490348332
S1-390285287	S2-77327828,S3-617970331,S3-456101352
S1-892882320	S2-342907864,S3-973304289,S3-267560633
S1-922170211	S2-921380729,S3-242500688
S1-420447687	S2-847639123,S2-811761249,S2-782515093,S3-90461815
S1-5901028	S2-941213217,S2-913141183,S2-532117434,S2-461172431,S3-253212231,S3-667257201,S3-482250255
S1-886787274	S2-338086679,S2-281825982,S2-862745059,S3-885544256,S3-226312719,S3-239545919,S3-519218684
S1-293946603	S2-901850966,S2-382060086,S3-215060918
S1-709699601	S2-730640102,S2-403152789,S2-421789868,S3-562966435,S3-405470611
S1-330865921	S2-909319702,S3-580866155
S1-830653529	S2-845720815,S2-497348403
S1-951610005	S2-809556000,S2-638921183,S3-825414885,S3-612800835
S1-567185397	
S1-391160291	S2-235310688,S3-230129520,S3-58068644,S3-150782524
S1-727985435	S2-968703207,S2-438193133,S2-508725615,S3-505970916
S1-831334435	S2-718658682,S2-408165614,S2-369269196,S3-93821197,S3-178160415
S1-947564072	S2-924698754,S2-693035848,S3-956600857
S1-39480180	S2-838072954,S2-686571175
S1-382033334	S2-980077453,S2-994450343,S3-810650963
S1-168638061	S2-50429711,S3-672821491
S1-908774395	S2-993002247,S2-461486633,S3-852246114,S3-516534682,S3-894498239
S1-269224474	S2-428631706,S3-78777283,S3-276278619,S3-134039768,S3-699286746
S1-559791279	S2-616217099,S2-512502989,S3-362806086,S3-676878467
S1-662741581	S2-987025375,S2-459224492,S3-90961176
S1-558685309	S2-638667172,S2-30902526,S2-324330009,S2-85705649,S3-153397156
S1-815371396	S2-796957671,S2-636002020,S2-890353272,S3-979277386,S3-545430656
S1-5005981	S2-998760931,S2-372761260,S3-702841816,S3-864248518
S1-298728307	S2-591289065,S2-742693979
S1-493848036	S2-341394278,S2-196524481,S3-397184127,S3-465222863
S1-172644389	S2-307245238,S3-393003337,S3-859115241,S3-25676713,S3-718427217
S1-367497566	S3-93383116
S1-855733478	S2-705186054,S2-58932054,S3-9996219,S3-181991021,S3-872310829
S1-10701988	S2-207252956,S2-627611102,S3-515911726,S3-94072647,S3-203347366
S1-271604816	S2-581619463,S2-546872393,S2-839847629,S2-315301310,S3-352027138,S3-754072011
S1-183442841	S2-443372829,S3-250791741,S3-253888847
S1-35981778	S2-685588306,S3-185125530,S3-341264770,S3-304679382,S3-394392824
S1-417508454	S2-460301952,S2-809464399,S3-526844588
S1-18681737	S2-724446365,S3-844601137,S3-276095779,S3-274065224
S1-787048106	S2-139474150,S2-511309121,S3-834391562,S3-554938622,S3-415481128
S1-802507164	S2-281129455,S2-973207159,S3-832045341,S3-598298820,S3-445193806
S1-721869655	S2-179987012,S2-171188148,S3-309017721
S1-638120035	S2-901166996,S2-897931446,S3-741836433,S3-820885451
S1-100852264	S3-774682149
S1-807079897	S2-795236036,S2-132327823,S2-731409634,S2-628660225,S3-327009834,S3-140561884,S3-357789390
S1-602817866	
S1-725073269	S2-862361391,S3-380778233,S3-100703432
S1-860200600	S2-517473382,S3-25109955
S1-561651259	S2-364963181,S3-460488481
S1-861674592	S2-766140134,S2-974409201,S2-244538666,S3-902320333
S1-812524513	S2-390089118,S2-923269126,S2-991700582,S2-180385065,S3-850008982,S3-919207693
S1-553267387	
S1-250708148	S2-488158048,S3-118334078
S1-237112976	S2-253339223,S3-440836908,S3-708780593
S1-121813435	S2-224100940,S2-618552697,S3-190710139
S1-985054462	S2-186486884,S2-367568712,S3-325782441,S3-466752837,S3-684231329
S1-783168674	S2-279549803,S2-351379661,S3-273750207,S3-564974771
S1-596508299	S2-967832560,S2-82775392,S3-847462789
S1-873841182	S2-61098221,S2-605525233,S2-986656152,S2-559546601,S3-187051374,S3-70746896
S1-857639296	S2-154501277,S2-179645993,S3-548242120,S3-430821275,S3-424978629,S3-435941653
S1-571935524	S2-659897896,S3-522636023,S3-98042096
S1-55097782	S2-324057313,S2-34881561,S2-202738525,S2-546104624,S3-801478702,S3-748833872
S1-361584388	S2-175187962,S2-10971093,S3-414814564,S3-275540439
S1-66873675	S2-458497710,S3-118678094,S3-287063177,S3-303698274,S3-258980306
S1-23921603	S2-374007139,S2-65446955,S2-38341146,S2-190954847,S3-269336371
S1-916689265	S2-757539698,S2-450406460,S2-638262952,S3-894135371
S1-431914453	S3-852311566,S3-227077734
S1-596311129	S2-219127637,S2-397763930,S3-401548872,S3-217194818,S3-217088834
S1-414566240	S2-716488126,S3-652142899
S1-160382809	S2-724793261,S3-856886305
S1-979879429	S2-237308902,S2-277327745,S2-323059032,S3-495395909
S1-365546572	S2-485499259,S2-704397825,S2-547716049,S3-503961111,S3-983005947
S1-595554606	S2-326818024,S2-197919819,S3-716918997,S3-86397018,S3-380802582
S1-171730624	S2-17464725,S2-202696800,S3-869723131,S3-298070299,S3-401480879
S1-255640417	S2-189133476,S3-692515700
S1-824655016	S2-201898878,S3-663610689,S3-672717223,S3-868369542
S1-854538360	S2-264496446,S2-462829051,S2-336162584,S2-561322269,S3-876196545
S1-537431725	
S1-486745633	S3-240196713,S3-867543709,S3-474682881
S1-252003820	S2-599602245,S3-720817221
S1-409173007	S2-901377762,S2-776104374
S1-785003289	S2-213321192,S3-423667485,S3-632772953,S3-885072223
S1-783027679	S2-256420361,S2-632834927,S2-369119459,S3-74590767,S3-238504297,S3-287916143
S1-399100576	S2-373964949,S2-394437397
S1-724251180	S2-364421971,S3-809081347,S3-46810033,S3-156730072
S1-134011988	S2-895722743,S2-222444641,S3-90394674,S3-611581589,S3-605431432
S1-639048500	S2-830620704,S2-653884061,S3-364000263
S1-932681860	S2-467842096,S2-558325028,S3-341905757,S3-323136594,S3-188938183,S3-22185772
S1-508972786	S2-477516512,S3-466291086,S3-727315423,S3-288057585,S3-873810561
S1-50268509	S2-953438757,S3-127142908,S3-992412457
S1-753229492	S2-86037686,S2-1854864,S3-27873875,S3-478668342
S1-444759822	
S1-948451157	S2-259789604,S2-335397487,S3-629485964,S3-258124661
S1-917774128	S2-658085818,S2-957995335,S3-534852705,S3-217239751,S3-400591898,S3-98593376
S1-826139719	S2-904449695,S2-938660635,S2-813167385,S3-891817321
S1-762475211	S2-877560088,S2-543531340,S3-699987316
S1-218450420	S2-950445493,S3-872906939,S3-172658230
S1-415659043	S2-417974563,S2-800256016,S2-332810030,S3-524534610,S3-548870800,S3-354708272
S1-146973111	S2-464926108,S3-250490275
S1-407057156	S2-166799595,S2-149225132,S3-638099637
S1-97835920	
S1-597413338	S2-874833993,S3-634975862
S1-927070045	
S1-934916920	S2-776766050
S1-46393001	S2-493933282,S3-119491912
S1-484152369	S2-174871469,S2-300809391
S1-234962822	S2-720751383,S3-830560183
S1-81893106	S2-487113931,S2-526977726,S3-237802935,S3-189923196
S1-769172378	S2-977119232,S2-754328130,S2-713014713
S1-699961455	S2-230278730,S2-670207284,S3-480252402,S3-297216046
S1-1655833	S2-571507782,S2-270514906
S1-753173249	S2-130428856,S3-569573693
S1-135375738	S2-989213363,S2-750594241,S3-858427074,S3-632737060
S1-304846099	S2-51343157,S2-332670161,S3-761014431
S1-429550901	S2-513352594,S2-334947144,S2-947569904,S3-671010308
S1-518612349	S2-600283229,S2-470530085,S2-687781080,S3-16758209,S3-372989632,S3-708961542,S3-217650639
S1-79298291	S2-229990026,S3-448891638,S3-773086031,S3-947242328,S3-484353944
S1-815866430	S2-473245396,S2-400681344,S2-662793592,S3-571824091,S3-236402229,S3-542827190
S1-66091908	S2-460951210,S2-694565067,S3-342402635,S3-977947244,S3-634637281,S3-833102504
S1-982985240	S3-330863307,S3-485226490,S3-878597066,S3-103607681
S1-869215285	S3-106055178,S3-161772739,S3-662341384
S1-531344974	S2-473873952,S3-624777498,S3-596882628,S3-542160106,S3-923492091,S3-984034424
S1-415565417	S2-622052645,S2-936850122,S2-822369820,S3-562460798,S3-699112027,S3-887299336,S3-626600430
S1-372293504	S2-847092284,S2-762086168,S2-586908080
S1-703365676	S2-853783994,S2-219835785,S3-795094971,S3-473383113
S1-647814939	S2-4821891,S3-649492258
S1-658200806	S2-69344964,S2-93439230
S1-985931104	S2-756524926,S3-545835151,S3-470858868,S3-804077667
S1-566971654	S2-280929909,S2-634050588,S2-629071355,S2-998893487,S3-4669953
S1-222647779	S2-857656038,S2-942739990,S3-850717630,S3-792655144
S1-48813921	S2-391834045,S2-722249509,S2-992957147,S3-229699521
S1-911649566	S2-931910463,S2-371363708,S3-48402056,S3-445334035
S1-496353077	S2-983879677,S3-738105622
S1-690326060	S2-20300154,S2-24013003,S3-186393084
S1-899027244	S2-762884200,S2-146920801,S3-861596708,S3-857548587
S1-638274726	
S1-839040172	S2-493754292,S3-425518993,S3-69921130
S1-981478599	S2-131081347,S3-603063660,S3-886087325
S1-340296285	S2-317266115,S2-461718980,S3-53279668,S3-151912803,S3-409872627
S1-245728625	S2-804915923,S2-92904214,S2-105055993,S3-793404582,S3-806187431,S3-264489839
S1-175476628	S2-77503777,S3-241116649
S1-192538276	S2-92243267,S2-104669695,S3-58889125,S3-17286104
S1-114683185	S2-135303368,S2-63172014,S3-837916793,S3-179833161
S1-587328810	S2-131830985,S3-577419667
S1-352250728	S2-980235190,S2-78955659,S2-904977210,S3-332593390
S1-358700759	S2-326945343,S2-351865933,S3-251675447
S1-677859512	S2-936567954
S1-565097441	S2-505542684,S2-503957631,S2-765312338,S3-711621226
S1-910656310	S2-723608342,S2-458041898,S3-157130042,S3-646050801,S3-515869236
S1-447295053	S3-897311358
S1-339085314	S2-745660142,S2-267887638,S3-445244397
S1-726231113	S2-677054108,S2-981760593,S2-989540672,S3-620256622,S3-739035148
S1-81464501	S2-808506009,S2-599356599,S2-933460828,S2-115791278,S3-485112376
S1-281156073	S2-837937571,S3-184604187,S3-523932225
S1-979221452	S2-467190381,S3-240153811,S3-727710036
S1-853727559	S2-256691509,S2-180945261,S3-912116830
S1-633796281	S2-677576610,S2-979191760,S2-662056549,S3-948385919,S3-327505200
S1-409799520	S2-764706035,S3-202791923,S3-345855974,S3-19506816
S1-129605746	S2-282490688,S3-612942998
S1-951295925	S2-578497959,S2-799156889,S3-281461331
S1-77154468	S3-992997352
S1-125443573	S2-795428198,S2-915552373,S3-620932254,S3-637537621,S3-392793894
S1-411923414	S2-533302802,S2-563432063,S2-812536776,S3-899497281,S3-540531730
S1-424325400	S2-104154847,S2-900587483,S3-591124983
S1-460324844	S2-654949462,S2-819005955,S2-512411447,S3-936070001,S3-752247980
S1-106506184	S2-416611046,S3-530178423
S1-283165060	S2-63015255
S1-416609219	
S1-374000509	S2-678364103,S3-139116462,S3-315000977
S1-273837110	S2-565302189,S3-884290609,S3-822987086,S3-836569588
S1-53922242	S2-136777915,S2-561756441,S3-713389351
S1-433484910	S2-86286335,S3-782091140
S1-48448188	S2-24849357,S2-606761841,S2-139532268,S3-594177591
S1-942998990	S2-65712233,S3-2254789
S1-151921763	S2-313573721,S3-349719283,S3-635341783,S3-414560378
S1-931406813	S2-947629441,S3-74256652,S3-845851385
S1-222846048	S2-199357105,S3-640079056,S3-558694567,S3-530099853,S3-2217162
S1-936095007	S2-608706874,S3-998850649,S3-861025184
S1-108286556	S3-573422861,S3-272993616
S1-708796012	S2-994438467,S2-440628035,S3-338279058,S3-335174066,S3-703951662,S3-974934575
S1-594322676	S2-602103405,S2-423434933,S2-215252992,S3-764397696
S1-954132869	S2-652702543,S2-565649289,S3-681531153,S3-750524843
S1-61633017	S2-988841805,S3-447070372,S3-784910407,S3-688276979,S3-348037444,S3-433160510
S1-224722933	S2-950269863,S2-668906529,S3-872792665,S3-608737035,S3-222096993
S1-12303191	S2-709634715,S3-546320916
S1-667669979	S2-918661220,S3-635172048,S3-759427316
S1-684150949	S2-899738127,S3-675062847,S3-252880052
S1-470814269	S2-858927692,S2-32884140,S3-331281135,S3-977083101,S3-321137674,S3-38850181
S1-460984194	S2-93673792,S3-289765454
S1-83695016	
S1-449656459	S2-944238186,S2-473255872,S3-256370966,S3-318612591
S1-6791258	S2-127851404,S3-357492638
S1-109799843	S2-951502417,S2-957248525,S3-886197349
S1-980120757	S2-869825963,S3-757501333,S3-528894109,S3-674428455
S1-138248815	S2-926752006,S3-657597731
S1-517901233	S3-334841582,S3-613402364
S1-563309977	S2-678454957,S3-303587763,S3-958288640,S3-261640927
S1-350749947	S2-207306159,S3-490460571
S1-171254077	S3-15736732,S3-794902895,S3-807673775
S1-370088201	S2-31010965,S3-913553873
S1-491424252	S2-358987606,S2-278468078,S2-514883365,S3-468108189,S3-340427633,S3-983286198,S3-790086363
S1-82077093	S2-163116684,S3-398623343,S3-557203931,S3-703405685
S1-562931942	S2-25552637,S2-45238141,S3-338701838,S3-83408329,S3-256049377
S1-395574514	S2-147834380,S3-247242160
S1-328209105	S2-5883259,S3-900029292,S3-947686131
S1-341752737	S2-77967543,S2-563649641,S2-441826421,S3-89130940,S3-270221572
S1-423893954	S2-853660304,S3-395826539
S1-699372894	S2-56598759,S3-229481317,S3-517029781,S3-177011969
S1-67901119	S2-485135978,S2-146416923,S3-306623775
S1-969231320	S2-343055045,S3-192377562,S3-614647781
S1-69397534	S2-190719448,S2-336507163,S2-757371900,S2-73887047,S3-811732800,S3-712398165
S1-457677896	S2-333542064,S2-362668684
S1-112814369	S2-489136569,S2-743709365,S3-968283847,S3-645034848,S3-559026408
S1-22174908	S2-265821302,S2-779930101,S2-855262101,S3-770834779,S3-890819864,S3-934244951,S3-952360054
S1-831577540	S2-656492762,S3-397876148,S3-286622621
S1-663408142	S2-393407422,S2-169131248,S3-443578940
S1-533802013	S2-307137570,S2-321246990,S3-311770696,S3-429704483
S1-231805999	S3-416008508,S3-26380379,S3-582249064,S3-101878825,S3-785926301
S1-753637847	S2-966112447
S1-868756531	S2-616286899,S2-578503335,S2-851144959,S3-569168696,S3-744861600
S1-162494251	S2-375858205,S2-855521460,S3-766304916,S3-419541348,S3-486207713
S1-537258022	S2-653699761,S3-678607085
S1-862750659	S2-502794898,S2-665712326,S3-558248386,S3-897259064
S1-828302204	S2-938952745,S2-33419167,S2-731610758,S2-871266650,S2-925664698,S3-673341637
S1-96157157	S2-929604969,S2-841657444,S3-197438319
S1-17953793	S2-735260545,S2-945472323,S3-865555958
S1-693305391	S3-811738994
S1-917957758	S3-273247670,S3-55263658
S1-56101189	S2-754667457,S3-40097063,S3-349895023,S3-672673367,S3-666272361,S3-780863280
S1-336222444	S2-908965353,S2-989964997,S2-120689256,S2-396438826,S3-352036218,S3-67779789,S3-21617588,S3-739567776
S1-430682212	S2-936744285,S3-443332722
S1-507451204	S2-859838685,S2-784338466,S3-554003036
S1-657328875	S2-555795068,S3-332637288,S3-644731732
S1-172860266	S2-829366877,S3-708239263
S1-149458147	S2-148260626,S2-501820388,S3-999165670
S1-352336167	S2-530377489,S3-793693342
S1-326991616	S2-605611241,S3-972745268
S1-105795845	S2-652404441,S2-42069159,S3-443307192,S3-482081663
S1-181508905	S2-892644284,S2-398856584,S3-962136249
S1-427574951	S2-155096242,S2-367871860,S3-596068887,S3-175859308,S3-314251731
S1-608190549	S2-737947330,S2-301606976,S3-66209379,S3-598865528
S1-463065182	S2-854923957,S3-218516508
S1-205534388	S2-772632996,S2-845122332,S3-870301196,S3-583983938,S3-112949337,S3-294718865,S3-976920835
S1-434663379	S2-170905072,S3-722475557
S1-356414567	S2-85923800,S3-326428714,S3-316653403
S1-632476086	S2-154681720,S3-595553254,S3-259540084,S3-913438883
S1-818118086	S2-417199771,S3-672778884,S3-772142399,S3-782904089
S1-28699502	S2-537485350,S3-160332204,S3-320913260,S3-552835863,S3-828246465
S1-373321047	S2-987946422,S2-636372441,S2-77791691,S2-732169021
S1-676892812	
S1-3341015	S2-425241038,S2-429704458,S2-911594696
S1-539822521	S2-414017959,S3-880331046
S1-323620522	S2-448688991,S2-455050423,S2-340274898
S1-928215844	S3-348469201
S1-607502920	S2-194986141,S2-978769732,S3-66752516,S3-398310379
S1-270025284	S2-716725377,S3-431163965,S3-851448125
S1-966258394	S2-834891305,S2-247346737,S2-784498262,S3-525149022,S3-524090228,S3-414910625
S1-221047562	S2-348321133,S2-219523748,S3-368788226
S1-423368851	S2-413884570,S3-766348095
S1-977610461	S2-615146621,S2-168212248,S3-654708395,S3-656134118
S1-775529008	S2-717286237,S2-70197229,S3-781671652,S3-669300473
S1-529805096	S2-51180331,S3-741819680
S1-611211680	S3-325983618
S1-207734485	S2-273092434,S2-787237571,S3-983191708,S3-820169918
S1-236646554	
S1-128074757	S2-233119362,S3-635407208
S1-391094934	S2-720610513,S2-210216162,S2-94357381,S3-27493535
S1-365290028	S2-324303875,S2-834026010,S3-809901667,S3-638422616,S3-791705794
S1-316682159	S3-998379332,S3-170504808,S3-888255032
S1-967855232	S3-433667429,S3-952064173
S1-945514156	S2-238816434,S2-876038834,S2-169426552,S3-328313956
S1-841832021	S2-528856119,S2-598638882,S3-658324997
S1-401829856	S3-332298122,S3-615366707,S3-291252289,S3-660258082
S1-464470331	S2-401298803,S3-557524571,S3-70416593,S3-123294667
S1-965980725	S2-816633379,S3-483161105,S3-883853250
S1-193014579	S2-967678730,S3-162785394
S1-998531834	S2-338222206,S2-848972697,S2-267767094,S2-585207151,S3-805403637
S1-584664080	S2-627384161,S2-573523397,S3-984023718,S3-719934439
S1-219362921	S2-294484793,S3-35306930
S1-115669244	S2-71913794,S2-422930429,S2-403969498,S3-259093592,S3-553948932,S3-824945461
S1-75182966	S2-652947108,S2-186265567,S2-617111456,S3-543907795,S3-23180400,S3-300548442,S3-727979113
S1-891539460	S2-166340211,S3-770521797,S3-364837786,S3-119705046
S1-735216792	S2-997481984,S3-886968263,S3-341495660
S1-212476769	S2-778273082,S2-606209606,S3-73968992
S1-870790314	S2-780586718,S3-558979480,S3-363907838
S1-665721081	S2-265630098,S3-578994962,S3-873539023,S3-595253623
S1-345686424	S2-10569822,S2-792401637,S3-720080967
S1-236175300	S2-846925871,S3-197440930,S3-110422974
S1-318522620	
S1-676634553	S2-103331332,S3-571023129,S3-5113359
S1-328643365	S3-64032379,S3-736600009
S1-427423856	S2-670758467,S2-81738766,S2-410428647,S3-483675341
S1-279572892	S2-400233724,S2-186572342,S3-758707971,S3-631034711,S3-637734618,S3-106079372
S1-275773509	S2-158927137,S2-213300025,S2-78669092,S3-584276376,S3-157163635,S3-308798139,S3-108607632
S1-177083235	S2-7795668,S3-758424367
S1-344626850	S2-921918037,S3-824499561,S3-143144046
S1-254429320	S2-902265575,S3-263346130,S3-639521289
S1-205631026	S2-488766822,S3-764151625
S1-183010281	S2-858565368,S2-587042106,S2-288331123,S3-49133841,S3-487671133,S3-529696424
S1-944519934	S2-616328253,S2-841545541,S2-233998749,S3-890735110
S1-362114764	S2-433059923,S3-658842470
S1-338180196	S3-586582760
S1-262616940	S3-1708126,S3-216389801
S1-924376812	
S1-775132598	S2-681693925,S3-265088379,S3-939516666,S3-74785736,S3-737933904
S1-145428845	S2-968650460
S1-39982098	S3-719315578,S3-986927002,S3-944506898
S1-735330454	S2-43543737,S2-846603463,S3-192975448,S3-534865627
S1-823183180	S2-139898697,S2-21114397,S2-857448703,S3-952059681,S3-417280107
S1-774935430	S2-716755155,S2-741681688,S2-760582944,S3-944954668
S1-861154284	S2-931522934,S2-330178149,S2-874818519,S3-800832476
S1-424760081	
S1-96550544	S2-698308439,S2-841016845
S1-853155476	S2-479952378,S3-700590665,S3-293007057
S1-323042160	S2-669745359,S2-547975740,S3-734104150,S3-845093100
S1-792473622	S2-780257837,S3-985034745,S3-437786846,S3-180769831
S1-715792007	S2-952224220,S3-562595751,S3-81657230,S3-353946297,S3-555774499
S1-496349378	
S1-182942712	S3-439546020,S3-196043837
S1-306044214	S2-751707519,S2-678711349,S2-491985232,S2-25550960,S3-914602378
S1-245480760	S2-449542,S3-564838676,S3-186753177
S1-288255067	S2-379332280,S2-689482686,S2-440484070,S3-863649757,S3-982741419
S1-919179983	S2-702674379,S3-586812464,S3-411949148
S1-922587620	S2-940370389,S2-765512275,S2-918719249,S2-353084023,S3-434861399,S3-97856520
S1-18153908	S2-67781102,S2-939099104,S2-165818528,S2-321113945,S2-429312771,S3-947536961
S1-581079898	S2-464543957,S3-696036084
S1-515443391	
S1-290721819	S2-290281632,S3-739723780,S3-602362410
S1-536744579	S2-499351858,S2-315252285,S3-534607351,S3-803012842
S1-941277539	S2-506267162,S3-90847393
S1-930281622	S2-44785721,S2-516820442,S3-392743796
S1-910313931	S2-148311738,S3-580957627,S3-351144874
S1-868677535	S2-214804645,S3-407965955,S3-672581068
S1-961469637	S2-5491432,S3-350209487
S1-506545897	S2-73535877,S3-998213722,S3-399294140
S1-941972979	S2-648391436,S3-912008108,S3-963973282
S1-72783132	S2-242369194,S2-299896699,S3-82473830
S1-866372210	S2-399310475,S2-519427689,S2-710204697
S1-615608720	S2-347071301,S2-142519974,S2-712571351,S3-864421362,S3-799891334
S1-712937430	S2-868656400,S2-14230618,S3-285045718
S1-408998966	S2-301909463,S2-668167272,S3-720783284,S3-198787997,S3-261053818,S3-860361076
S1-696826450	S2-595840066,S2-79752907,S3-445379210
S1-266892845	S2-385889387,S3-56737547
S1-887451850	S2-418871166,S2-466752461,S3-430889340
S1-615856857	S2-543801209,S2-859057861,S3-970629718,S3-48599013,S3-919075358,S3-752194881
S1-25775535	S2-955760939,S2-766568343,S3-810589291,S3-704742743
S1-777017513	S2-786251894,S2-83477294,S3-86351705,S3-891409124
S1-6689487	
S1-373311328	S2-226439831,S2-793527584,S3-98326075,S3-491301635
S1-46359878	S2-655862480,S3-56866976,S3-997968225
S1-457243796	S2-549381676,S3-701447208
S1-205974700	S2-80762570,S2-286721901,S2-190844302,S3-552466184,S3-495525810
S1-686863050	S2-182273720,S3-387351611,S3-2026778,S3-934517079
S1-649789821	S2-316900989,S3-594906539,S3-209392790
S1-594893591	S2-390474791,S3-551932105,S3-104462432
S1-637377199	S2-747787054,S3-536110483,S3-31175821
S1-477566181	S2-817778713,S2-769552738,S2-978813365,S3-800160894
S1-811414723	S2-671444091,S3-797038018
S1-907948529	S2-214643695,S3-781217620,S3-187203963,S3-103777716
S1-818115523	S2-487314910,S3-966605000
S1-702496456	S2-605860346,S2-758141681,S2-787757431,S3-827232880,S3-336357878,S3-971921085,S3-994493532
S1-209471003	S2-273232160,S2-828891663,S2-607497538,S3-799717923,S3-20007166,S3-13405547
S1-428007330	S2-485760953,S2-361624675,S2-568908929,S3-296623431,S3-787895160
S1-431464044	S2-295599093,S2-188899920,S3-773339513,S3-245152927
S1-476643539	S2-706322014
S1-381761728	S2-198294458,S2-506897138,S2-87358109,S2-776664801,S3-874391935,S3-498901621,S3-13642386
S1-492210599	S2-180569945,S3-729977672,S3-746921144,S3-348057694
S1-479373247	S2-30622458,S2-329491263,S2-718446694,S3-159574374
S1-206752924	S2-699272496,S3-293116392,S3-48390456
S1-735970563	S2-762261013,S3-596023863
S1-606097561	S2-201277806,S3-421129119,S3-223406880
S1-289520698	S2-993054453,S2-638779046,S3-169893112,S3-933008853
S1-305205591	S2-279321007,S2-468002172,S3-590697403
S1-754900439	S2-369942272,S3-813197332
S1-846194010	S2-619579957,S3-824327699
S1-211009373	
S1-276399959	S2-746513933,S2-260688910,S3-537136527,S3-710897766
S1-826828966	S2-773208378,S2-195545172,S3-124629712,S3-836754268,S3-497344619
S1-655958632	S2-683396364,S2-349348473,S2-206825108,S2-948253758,S3-40656067
S1-175182955	S2-482507670,S3-76238692
S1-123408396	S2-961819030,S2-978589833,S3-918708121,S3-516229742
S1-710163863	S2-202471376,S2-866324671
S1-808638128	S2-969489421,S2-804431073,S3-449933239,S3-48603818
S1-67084282	S2-762951492,S2-610540357,S3-893549502,S3-763865389
S1-372745637	S2-848675955,S3-361485763
S1-327899973	S2-789693694,S3-120381704,S3-981174268
S1-367310680	S2-330581536,S2-235599141,S3-129513228,S3-263972216
S1-94291101	S2-371778651,S3-802774531
S1-542646113	S2-793858298,S3-312684533,S3-225715207,S3-270867099,S3-423119804
S1-379687871	S2-815941672,S2-626430904,S3-91794199
S1-281351756	S2-114791178,S2-726756547,S3-820847103,S3-373359137,S3-987732555,S3-718176050
S1-799754103	S2-789520067,S3-439966783,S3-21566824
S1-271323859	S2-60221634,S2-158366811,S2-137719463
S1-64660840	S2-817377832,S3-286759889,S3-328659099
S1-661679540	S3-408199165,S3-459574907,S3-186736502,S3-649920384
S1-621003734	S2-11538317,S3-293360380
S1-568326558	S2-116689029,S2-949410470,S2-347494296
S1-306903814	S2-422271198,S3-132687600,S3-898895043,S3-744388369,S3-106433540,S3-872896805
S1-302740128	
S1-441466654	S3-169656504
S1-462698778	S2-145731377,S2-84477627,S3-130812723,S3-215611015
S1-510594894	S2-81979269,S3-962381196
S1-579977593	S2-808738287,S3-898968089,S3-228433906
S1-312189660	S2-851374303,S2-721589892,S2-862152289,S3-557533548,S3-544108524
S1-391136520	S2-374870423,S2-646416866,S2-634795156,S3-864268184
S1-835202065	S2-284650930,S2-592584545,S3-9908230,S3-264259224
S1-846376758	S2-960147810,S3-534636588,S3-315589278
S1-318047698	S2-523957928,S2-152557134,S3-418861552,S3-465135342
S1-220192535	S2-906403656,S2-549158041,S2-565577794,S3-376198450,S3-995798506,S3-685132248
S1-872801257	S2-330478434,S2-888350123,S2-324165804
S1-676919993	S2-756779237,S2-316169792,S3-351375565
S1-775421776	S2-29910093,S2-506040975,S3-150199597,S3-898290605
S1-286293742	S2-790782085,S3-946246114,S3-928539325,S3-165767254
S1-244093745	S2-364731372,S2-684520964,S3-526061270,S3-323046467,S3-947872758,S3-254456672
S1-672944178	S2-310183961,S2-434615289,S3-133029730
S1-325926616	S2-315568220,S2-763530404,S2-216531376,S2-635296323,S2-821400137,S3-109815702
S1-586398548	
S1-509991198	S2-911041516,S3-856934952,S3-352771105,S3-235160698,S3-103543180
S1-754137560	S2-581856084,S3-324378839
S1-492586368	S2-759696422,S2-319105294,S3-171650958
S1-93028164	S2-422074730,S2-891830971,S2-244912738,S3-615620390
S1-659091807	S2-547039398,S2-936012737,S3-573518562
S1-75569448	S3-551914324
S1-862613494	S2-13524232,S3-286035336,S3-786431655,S3-226365187
S1-73836886	S2-781481000,S2-203334407,S2-557328707,S2-449050223,S3-661307189,S3-81526137
S1-218663788	S2-510339483,S2-524678135,S2-331863013,S3-274585063,S3-581152524
S1-556994153	S2-926048745,S2-206155984,S2-843369872
S1-325446957	S2-42955258,S2-393006824,S2-356436151,S3-799114601,S3-237596222,S3-713704301
S1-100433541	
S1-197277642	S2-460589879,S2-581125499,S2-892354647,S2-346829556,S3-895021344
S1-699822100	S2-974747995,S2-988499592,S3-42208665,S3-803979850
S1-187742749	S2-987112664,S2-398332041,S3-313797846
S1-370006355	S2-693299771,S2-576028896,S3-303463955
S1-576187730	S2-361580417,S3-233379606
S1-115329318	S2-289853970,S2-224983547,S2-398556778,S3-857962539,S3-696067620,S3-238750049,S3-192943369,S3-655914852
S1-119398834	S2-996235259
S1-715495688	S2-842831934,S2-840112205,S3-678209238,S3-909022978,S3-341432576,S3-893440837
S1-817662312	S2-890052721,S3-291807514,S3-612741010
S1-406345381	S2-94135068,S3-880544811
S1-532168239	S2-605667441,S3-268061443,S3-109738598,S3-376226099
S1-505268768	S2-421470494,S2-501580742,S2-396455317,S2-655446344,S3-525104681,S3-611085457
S1-164723348	S2-576257676,S2-98086696,S2-876431222,S3-632981760,S3-680754322
S1-57497892	S2-834003262,S2-836804007,S2-469173117,S3-520895271
S1-536631961	S2-891265006,S3-22579956
S1-782077007	S2-121917563,S3-145033625,S3-223029260,S3-542854260
S1-564734304	S2-380802993,S2-74268066,S2-170664802,S3-875351056,S3-987291389
S1-396289307	S2-461582089,S2-116624968,S3-350608520,S3-557434819
S1-847227795	S2-745232195,S2-310752597,S3-449918956,S3-193895204,S3-798428599
S1-11928072	S2-878166353,S3-86766858
S1-762004476	S2-721957419,S2-199770969,S2-900070430,S3-378654528,S3-73043259,S3-383470394,S3-33393274
S1-532453960	S2-408342266,S3-183575702,S3-794996368,S3-535483745
S1-587815674	S2-41980864
S1-225533819	S2-777793452,S2-738682548,S2-84200756,S3-392125412
S1-747338093	
S1-479962821	S2-62271572
S1-527899659	S3-978264058,S3-820943483,S3-887255782
S1-385274566	S2-546738804,S3-655200251
S1-343163186	
S1-718111333	S2-585678508,S2-124800443,S2-164705732
S1-277310972	S2-925048437,S3-14508129,S3-973872018
S1-516407177	S2-148632370,S2-919698888,S2-158445350,S3-114429683
S1-410957484	S2-584202997,S2-458944272,S3-38911973
S1-762443863	S2-325280797,S3-696266097,S3-226782626
S1-996904576	S2-230416538,S3-680608016,S3-815713696,S3-612563384
S1-383115155	S2-210345224,S2-315587749,S3-620034237,S3-950293694
S1-265156316	S2-51616785
S1-492435343	S2-263480728,S2-857762328,S2-64808242,S2-400579470,S3-194180045,S3-28357151
S1-506580965	S2-821827071,S2-138899953,S3-421441050,S3-818247703
S1-78527912	
S1-488951527	S2-92824904,S2-794738154,S2-207181727,S2-96213301,S3-264554741,S3-179512721
S1-700969093	S2-586026355,S3-592589631
S1-102539308	
S1-365544771	S2-164440492,S3-565878979,S3-198431718
S1-644155722	S2-493248063,S3-717067523,S3-785726742
S1-383072880	S3-401882906
S1-584913553	S3-547565298,S3-789386335,S3-557774496,S3-963570246
S1-564464376	S2-3539303,S3-710774953,S3-786198939
S1-466016834	S2-306707758,S2-200037470
S1-716031824	S2-975082164,S2-99767271,S2-500909237,S3-771523337,S3-120092556,S3-363543195,S3-313468591,S3-632291059
S1-953321832	S2-371650114,S2-163502351,S2-788681036,S3-552260004
S1-509567365	S2-243084547,S3-119215502
S1-98543292	S2-745707884,S2-105333758,S2-640311178,S3-359841557,S3-277388654,S3-440218898
S1-657725882	S2-728605897,S2-29896844,S3-240186725,S3-65062753
S1-620279480	S2-567557954,S2-848141458,S2-107345733,S3-915941404,S3-221187362,S3-362616660,S3-460150811
S1-240677055	S2-650725647,S2-968229319
S1-639120667	S2-446559817,S2-68126464,S2-14500389
S1-180564491	
S1-764360283	S2-832043728,S3-40963337,S3-374425456,S3-807606339
S1-989660360	S2-796279200,S2-757357019,S2-713582212,S3-259259739,S3-365779580
S1-47942230	S2-586893174,S2-926622106,S2-504444235,S3-629315104,S3-554863580
S1-810731056	S3-647310643,S3-713383711
S1-940068233	S2-344282994,S3-814305552,S3-313886763
S1-695641995	S2-985404126,S2-71586136,S2-306077806,S3-446311384
S1-907694062	S2-840307149,S2-918386589,S3-255711482,S3-893309929,S3-621906734,S3-608773602
S1-417036893	S2-403126941
S1-19639793	S2-945234317,S3-979892391,S3-304451683
S1-504627734	S2-898343154,S3-565677589,S3-145308507
S1-613467933	S2-101257854,S2-840182544,S3-278827410
S1-328864149	S2-542245819,S3-393813094,S3-506450568
S1-686383144	S2-242532420,S3-633672714
S1-950607961	S2-932225536,S2-995510060,S2-829447534,S2-921606704,S3-586088221,S3-767881740,S3-570384554
S1-270650980	S2-100661717,S2-51477226,S3-384841839
S1-618211054	S2-780567139,S2-256681982,S2-70419152,S3-628256327,S3-684415182
S1-875492551	S2-447531173,S2-745699730,S2-404708406,S3-744568540
S1-197197189	S2-835132354,S2-289135376,S2-839168056
S1-295248604	S2-734507935,S2-113358596,S3-234328201,S3-150998679,S3-523173988
S1-747564638	S2-278002863,S2-817218634,S3-36876059,S3-593914457
S1-384233432	S3-741931190,S3-297367133
S1-282953481	S2-454297847,S2-578467743,S3-499003521
S1-328832742	S2-88445133,S2-558716090,S3-332787823
S1-11512818	S2-810714988,S3-507739289,S3-586905054
S1-310412663	S2-512416664,S3-916887698,S3-874364259
S1-775995980	S2-198945581,S2-611927701,S2-702039654,S3-457041440,S3-283038126
S1-44648007	S2-964683342,S2-218285573,S2-609024175,S2-448547621,S3-15663613
S1-49649673	S2-94972665,S2-923708653,S3-427622547,S3-811557079
S1-214370864	S2-684284262,S3-509928899,S3-977126788,S3-997360675
S1-375044030	S2-237571156,S3-239903,S3-461953235
S1-658113867	S3-561710576
S1-960601961	S2-76338779,S2-376257732,S2-298084138,S3-840971467,S3-740719674,S3-439211583
S1-177661085	S2-382268591,S3-476513985,S3-743038377,S3-472607840
S1-858978846	S2-705218371,S2-579845475,S2-107557168,S2-612320732,S3-618098438
S1-537996827	S2-903549844,S2-224428991,S2-883504587,S3-113824484
S1-373000581	S2-2266865,S3-815583931,S3-271447924
S1-333833047	S2-382735057,S3-911688086,S3-108267788,S3-752972467,S3-443215235
S1-689790191	S2-61570512,S2-953900482,S2-958150886,S2-219590082,S3-659601000,S3-470084744,S3-384636419
S1-229149106	S3-216606403
S1-276859171	S2-136764593,S2-569015999,S2-362160280,S2-855467375,S3-815190806,S3-346170351
S1-523061517	
S1-544994873	S2-26731549,S3-47613676
S1-661675245	S2-258195540,S3-727941416,S3-683071948,S3-910929051,S3-848841478
S1-191206649	
S1-677144801	S2-376533674,S2-169905616,S2-159187152,S3-224528140,S3-436470199
S1-924446329	S2-469622056,S2-421604073,S2-140823145,S2-132640807,S3-401433064,S3-260094788
S1-688528084	S2-541222551,S3-768142908,S3-419005597
S1-933960651	S2-244225139,S3-470133188,S3-172600929,S3-247703229
S1-661286899	S2-848114543,S2-424468490,S2-965546987,S3-336952672,S3-16766750,S3-666831181,S3-108537199
S1-743611856	S3-722574838,S3-68725497
S1-894900522	S2-320843637,S3-611500878,S3-357132609,S3-907043828,S3-983154888
S1-113562677	S2-491871607,S3-558700323,S3-492769474
S1-17214290	S2-71701999,S3-540840876
S1-587083305	S2-883694109,S2-504355742,S3-761694991,S3-118610854
S1-19512838	S2-221813890,S2-444564186,S2-210001201,S2-896389028,S3-215334156
S1-856099977	S2-844803918,S3-307493669
S1-839699821	S2-359263392,S3-528368292
S1-674527779	S2-568547353,S2-99011594,S2-913710357,S3-292798666
S1-13076783	S2-530143303,S3-871396654,S3-20065004
S1-851769617	S2-396999126,S2-417300244,S2-98185691,S3-887912056,S3-385801783
S1-346174162	S2-963216441,S2-883010087,S3-697965088
S1-763104445	S2-364979931,S3-904134644,S3-824383144,S3-840521166
S1-925512468	S3-773968560,S3-309637482
S1-938871833	S2-444592975,S2-69118794
S1-453839478	S2-936566753,S2-321006660,S2-413068886,S3-831380163,S3-101208731
S1-263768622	S2-783806239,S3-353201419
S1-626872546	S2-749210608,S2-825949224,S2-916860399,S2-437153779,S3-133180542,S3-884074496,S3-403556937,S3-980077088,S3-919115453,S3-628610997
S1-320392967	S2-15892268,S3-954172408,S3-109336034,S3-472699900
S1-617701313	S2-396086748,S2-23054756,S3-597173029
S1-770292690	S2-199573931,S2-643101063,S3-274773069,S3-353792692,S3-310690806
S1-812746091	S2-209292027,S3-911454559
S1-751447145	S2-822565502,S2-96464390,S3-58960762,S3-392967488,S3-602195632,S3-572241344,S3-450922293
S1-774644826	S2-879058022,S2-803253736,S3-491326451,S3-91679423,S3-453322952,S3-864730951
S1-942938677	S2-381381739,S3-601545252,S3-428898143
S1-621947135	S2-27472689,S2-345627944,S3-878960283,S3-176642395,S3-630798011,S3-417719198
S1-730126257	S2-435079880,S2-512065485,S2-89346630,S3-56416061,S3-472997013,S3-481046597
S1-487921873	S2-112134447,S2-934299205,S2-99741892,S3-841660417,S3-331972152,S3-100927973
S1-369572806	S2-606724214,S3-66456692,S3-522116227,S3-640400884
S1-307316978	S2-588031515,S2-55017138,S3-169862997,S3-350560515,S3-863028509
S1-479713486	S2-54299797,S3-58654819,S3-778424426,S3-114900829,S3-840196734
S1-86750202	S2-97046188,S2-669008451,S3-826640702
S1-494652730	
S1-922216723	S2-891140987,S2-102426643
S1-24374377	S2-123489444,S2-432641693,S2-273359531,S2-13083750,S3-147928309,S3-759042490,S3-706550402
S1-215974785	S2-614411468,S3-167031861,S3-361180482
S1-689735039	S2-117325864,S3-598682720,S3-104143609,S3-777544559,S3-865287262
S1-857400910	S3-795532335,S3-974480051,S3-47348618,S3-386685665
S1-756543405	S2-36313607,S3-702986208
S1-540159382	S2-33856388,S2-561758643,S3-414411624,S3-83021464,S3-332035056,S3-331709187
S1-884004504	S2-648457088,S2-350066724,S3-750340033,S3-34524955
S1-85321152	S2-368850797,S3-288574703
S1-494006224	S2-310244972,S3-914896454
S1-207411630	S2-118192707,S2-701178894,S3-595851301,S3-285062174,S3-220152151
S1-108646915	S2-552148661,S3-954863099
S1-325560367	S2-576214219,S3-894977705,S3-493165677
S1-144637922	S2-67183940,S2-387390437,S3-108784589
S1-495100327	S3-929771373,S3-635419436
S1-126033120	S2-815002416,S3-591754049,S3-206601338
S1-950915630	S2-458807333,S2-440199729,S3-75302880,S3-361029259
S1-139061021	S2-791582459,S3-924011135,S3-694464730
S1-507099339	S2-679896116
S1-739087648	S2-612650500,S2-663853641,S3-720367906
S1-379668613	S2-995645976,S2-974032168,S3-780936555,S3-320052429
S1-663633463	S2-506407192,S2-969368408,S3-822783935
S1-699073584	S2-839620142,S2-600243432
S1-867922131	S2-461085423,S2-167162516,S3-923491228
S1-897414757	S2-420234891,S2-448125206,S2-199654852
S1-152700487	S2-407196282,S2-957402467,S2-35654614,S3-539210321,S3-208166161
S1-557475106	S2-266938519,S2-778637153,S2-387475091,S3-512833215,S3-309719263,S3-561468261
S1-362580595	S2-591815365,S3-495110315,S3-780193168,S3-218632772
S1-79290219	S2-174190035,S3-315654496,S3-729406260,S3-478943471,S3-262498978,S3-39610880
S1-680090532	S2-540710036,S3-207195567,S3-867868177
S1-553399282	S2-510347568,S2-395955940,S3-102213662
S1-315113692	S2-161983481,S2-15110642,S2-1612630,S3-470578268,S3-347703938
S1-115126196	S2-272871851,S2-734894794,S2-504362696,S2-250818938,S3-790869771,S3-598999977,S3-699492627
S1-905838771	S2-551864207,S2-818404799,S3-661761132,S3-791073608,S3-592960236,S3-325046749,S3-239058862
S1-608523572	S2-599676102,S3-597064983,S3-490359456
S1-506853805	S2-268381315,S3-473014381
S1-192600010	S2-360131520,S2-84919841,S2-365044387,S3-328058684,S3-331141003,S3-400505610
S1-114923345	S2-617124247,S2-731228664,S3-947069230,S3-409643210,S3-388654113
S1-465096753	S2-74801516,S3-960164424
S1-138108645	
S1-19431750	S2-491832657,S2-376770072,S3-173244441,S3-930666830
S1-927658518	S2-333923152
S1-305870266	S2-192886119,S2-541929650,S3-762519717
S1-794412714	S2-795741123
S1-314213853	S2-359474073,S3-477153844
S1-625549277	S2-590334967,S3-112943542
S1-702437421	S2-713089882,S2-548286783
S1-359849957	S3-880093289
S1-535442558	S2-355256558,S3-680528578
S1-570943134	S2-500840106,S2-522791303,S2-580114382,S3-877849159,S3-970749667,S3-255903602
S1-691912351	S3-975709247
S1-842747521	S2-575194660,S2-730644243,S3-2987709,S3-708013071,S3-255038748
S1-463869817	S2-280322398,S2-413380499,S2-562339537,S3-627032603
S1-273375362	S2-501195892,S2-857317519,S3-209660568
S1-462439861	S2-454674886,S2-85484129,S2-617522865,S2-781599530,S3-65383526,S3-94815707,S3-660623572
S1-692697113	
S1-686182416	S2-280448529,S2-747324204,S2-28073217,S3-432034322
S1-958948095	S2-581822473,S2-674890792,S3-310760221,S3-454208201
S1-984254858	S3-139103990,S3-483020573
S1-742134484	S2-811367628,S3-555630050
S1-307671132	S2-414822193,S2-620967577,S3-729438195
S1-231338418	S2-588548477,S2-18611757,S3-627651679
S1-708761295	S2-951846346,S2-993208921,S3-482270334,S3-865163170,S3-548765576
S1-347464189	S2-510839341,S2-274654578,S3-172891612
S1-41130066	S2-765734674,S2-764365962,S3-557512024,S3-473294177,S3-264925065
S1-508386168	S2-560200474,S2-307397388,S3-936270007
S1-953409172	S2-228010419,S2-763291990,S3-793237614,S3-275564609,S3-380584968,S3-319841968
S1-191048605	
S1-870921511	S2-417232533,S2-238476529,S2-297137739,S3-617961091
S1-481013083	S2-367593872,S2-849778024,S2-911365178,S3-418171185
S1-983998273	S2-584436909,S2-675151551,S2-723775746,S3-581025962
S1-165011313	S2-261543952,S3-832280117,S3-118023239
S1-649514694	S2-491413103,S2-159289821,S2-468498001,S2-831664665,S3-725656647,S3-487442973
S1-531492505	S2-66839056,S2-668058303,S2-984329627,S2-354085694,S3-640202466,S3-688861436
S1-622705461	S2-728033050,S2-973237553,S3-132973421,S3-494438130,S3-722391356
S1-388289354	S2-69701044,S2-884638733,S2-930268751,S3-819798584
S1-911454190	S2-366531063,S2-881430831,S3-233961467,S3-70837409,S3-426293082,S3-11976725
S1-633408455	S2-696987781,S2-905882464,S2-125750495,S3-749872534,S3-634409769
S1-107651275	S2-833810572,S3-508629086,S3-713570106
S1-548496581	S2-873385741,S3-162601696
S1-448440489	S2-420565456,S3-173118476,S3-239172380
S1-48234490	S2-218898345,S3-783819384,S3-738494161,S3-9793840
S1-313120523	S2-6514851,S2-429306986,S3-393376801
S1-585700802	S2-330351207,S3-701552961,S3-948520376
S1-749351677	S2-131546122,S3-373363995,S3-681539475,S3-775331336,S3-892589442
S1-400523319	S2-153887363,S3-721918107,S3-247104168
S1-782915707	S2-708609488,S2-583748642,S2-21967462,S3-738932165,S3-634283242
S1-93320402	S2-459945764,S2-588561785,S3-4006830,S3-927662927
S1-906588898	S2-860914280,S3-55104788,S3-48453585
S1-688579770	S2-942602108,S3-284706137,S3-95611153,S3-853235862
S1-904464919	S2-470053638,S2-437161347,S2-125354169,S2-824880289,S3-522530834,S3-524783184
S1-977575356	S2-750715890,S3-763078343,S3-251527900,S3-906823936
S1-865144505	
S1-991714038	S2-57339913,S3-564505661
S1-761691882	
S1-518715454	S2-126809051,S2-498116509,S2-447796624,S3-630990869
S1-434299994	S2-967995405
S1-917347390	S2-784229320,S2-73794140,S3-364644034
S1-387430644	S2-391139606,S2-837810104,S3-383331334
S1-549033987	S2-455013281,S3-829682637,S3-538863253
S1-889769751	S2-467910048,S3-657285570,S3-201428102,S3-60293479
S1-624639323	S2-534306320,S2-605795912,S3-971210972,S3-864803958
S1-940397156	S2-881766263,S3-137911792,S3-125658506
S1-978943063	S2-784239767,S2-816659236,S2-884696225,S2-308342109,S3-515596608,S3-511112662,S3-870981315
S1-483658300	S2-275964276,S3-916041946
S1-262837987	S2-490251521,S2-766385529,S2-902343952,S2-852398897
S1-73360005	S2-757308031,S2-757391016,S2-711496317,S2-902435287,S3-851001809
S1-925374929	S2-220576941,S3-658677942,S3-784243285,S3-644488898
S1-617236092	S2-529310260,S2-974869681,S2-264937431,S3-865331847,S3-270806997
S1-708832426	S2-697750126,S3-330651284,S3-171162773
S1-208730697	S2-799879588,S2-917646927,S2-747487503
S1-677360990	S2-143488837,S2-720471307,S3-422061544
S1-134836324	S2-977676238,S2-956186968,S3-273389052,S3-314729283,S3-826294087,S3-589073729
S1-241079884	S2-349635232,S2-132311896,S3-872239905,S3-918781034,S3-193120749
S1-19588996	S2-327466478,S3-759629339,S3-144111601
S1-922853126	S3-872572309,S3-244987309
S1-420915986	S2-911182333,S2-561983655,S3-485943794
S1-723769919	S3-200096118
S1-478702673	S2-587853513,S2-935293849,S3-681022948
S1-391032962	S2-419074847,S2-930782200
S1-37029295	S2-591583467,S3-693703943,S3-501170997
S1-769900022	S2-854814431,S2-748458386,S2-167200497,S3-848783069,S3-676407288
S1-88047073	S2-278202570,S3-549022471,S3-359268051
S1-284516450	S2-200360749,S2-62905543,S2-589270187,S3-732465234
S1-938300367	S2-462176184,S2-82094596,S2-767062348,S2-23097670,S3-469030178
S1-180082605	S2-320905738,S3-870503545
S1-522688237	S2-959921979,S3-763018837,S3-991602140,S3-128401943,S3-196590894
S1-943775151	S2-443369005,S3-33561015
S1-135752513	S2-209558841,S2-474604588,S3-953612568,S3-343164956
S1-958036792	S2-731214817,S3-919241757
S1-147254691	S2-617879341,S2-310760564,S3-811941647,S3-57801687,S3-158655530
S1-325102994	S2-98663936,S3-954938626
S1-628894078	S2-997833968,S2-751771139
S1-163270186	S2-485953690,S2-821999391,S2-414469807,S3-827249271
S1-370277709	S2-3059816,S3-759357596
S1-334265980	S2-868609606,S2-911435615,S3-612204536
S1-535571236	S2-647161386,S3-241121290,S3-317613562
S1-28726877	S2-46835268,S2-544711232,S3-973369604,S3-169790335
S1-886008298	S2-217336974,S3-70183479
S1-341264755	S2-760554830,S3-553815143
S1-668551100	S2-357627079,S2-5449225,S3-746219353
S1-993578816	S2-334732858,S2-169637873,S3-352705990,S3-607097809,S3-831980799
S1-390970489	S2-464595168,S2-788998082,S2-746541113,S2-92823575,S2-938436377,S3-690012314,S3-243037070,S3-992156782
S1-587071783	S2-839487539,S3-94091238
S1-9153588	S2-38000118,S3-700431690
S1-903124926	S2-836461773,S3-412062529,S3-209486462,S3-980006831
S1-236335690	
S1-417821159	S2-189587587,S3-320555172,S3-372369145
S1-679434271	S2-615169152,S3-422052965
S1-25010477	S2-464512227,S2-708462131,S3-416874633,S3-411695128
S1-683195559	
S1-786852098	S3-101613203,S3-651109870,S3-82290081
S1-176835469	S2-167058160,S2-254922400,S2-595155282,S2-591194035,S3-40770312
S1-118952277	S2-79155429,S2-519905082
S1-399697863	S2-868979936,S2-665825459,S3-927284831,S3-696116737
S1-875184945	S3-285375345,S3-288978985,S3-585979228,S3-749323257
S1-401483259	S2-520378245
S1-629347392	
S1-976634255	S2-390488649,S2-301987627,S2-645132277,S2-901346691,S3-70018920
S1-336615501	S2-84091549,S3-23834266
S1-562052005	S2-799103341,S2-73079630,S3-679237754,S3-294333743,S3-275930054
S1-556521959	S2-539859898,S2-439960140,S3-570051211,S3-638073941
S1-269169472	S2-871847854,S3-32919112
S1-190310358	S2-893533123,S3-583737765
S1-666187757	S2-31955921,S3-43967450,S3-751077733,S3-281868949,S3-77328935
S1-880132309	S2-131852959,S3-536811669
S1-19712517	
S1-867415005	S2-704221421,S3-972953213
S1-971557858	S2-781727194,S3-940160325
S1-286934194	S2-841738878,S3-67197093,S3-470026141
S1-602882504	S2-292127994,S3-696433329,S3-308775961
S1-311531443	S2-359009708,S2-655591491,S3-872313879
S1-968711608	S2-868613799,S2-82547925,S3-513155660
S1-844840684	S3-322752460,S3-900060706,S3-597871260,S3-932030463
S1-657107926	
S1-183734701	S2-128295939,S3-35590219,S3-267265213
S1-331524039	S3-493464119
S1-461153664	S2-439498955,S3-373418504,S3-499088590
S1-661546474	S2-518882614,S2-343794246,S2-103645834,S3-131410520,S3-502864033
S1-273897276	
S1-410397877	S2-238340045,S3-863351911
S1-158211447	S2-400132859,S2-573780201,S3-887336189,S3-277014255,S3-662742499
S1-581423452	S2-595416313,S2-332521097,S3-128387304
S1-19634936	S2-61435508,S2-102313827,S3-706843533
S1-248976846	S2-6951617,S2-421744742,S3-61611307
S1-555890284	S3-77949488
S1-880448766	S2-488677789,S2-156417098,S2-307783601,S3-965268423,S3-509399948
S1-102890360	S2-642272696,S2-966734845,S2-757073712,S3-825525044,S3-275486112
S1-200002407	S2-878270734,S2-410419194,S2-828972248,S3-162540083,S3-553330656,S3-347246899
S1-825190948	S2-556988383,S3-513408595,S3-191857656
S1-85901845	S2-444860614,S3-36532538,S3-363927610,S3-912964019
S1-618220378	S2-703389455,S3-52467263
S1-923159340	S2-450320627,S3-999167343
S1-53874980	S2-65476391,S3-333221668,S3-735888835
S1-762764310	S2-573807228,S3-778943307
S1-866830936	S2-930598748,S2-191047323,S3-767014040
S1-321406398	S2-259647060,S3-44645069
S1-681803897	S2-422376870,S3-378679646
S1-426724071	S2-68376144,S2-586568107,S3-446512792,S3-495861374,S3-86790908
S1-774933744	S2-898970675,S2-800151145,S3-572998273,S3-48620021
S1-448865957	S2-431318381,S3-141195937,S3-11195626,S3-75698793,S3-373065455
S1-312053439	S2-855053732,S3-944934839,S3-583607577,S3-858725979,S3-364138867
S1-327744338	S2-224018814,S3-874679253
S1-914655228	
S1-570131799	S2-51732597,S2-844908457,S3-996195029,S3-906009103
S1-443590784	S2-380177904,S3-366045846
S1-55331729	S2-18033257,S2-649098949,S2-350413104,S2-986448505,S3-175589813
S1-743652168	S2-641108241,S2-781434795,S3-262177229
S1-632251712	S2-319841509,S2-184020979,S2-400357606,S3-948207482
S1-529338514	S2-934643829,S2-350482029,S3-612898843
S1-576907379	S2-223799678,S3-416678910
S1-53886888	S2-291415269,S3-386512917,S3-852992800
S1-27788636	S2-647282614,S2-935030947,S2-310707763,S3-988850807,S3-856976177,S3-29098861
S1-859625888	S2-575485658,S2-961007093,S3-643722898
S1-655625620	S2-47445965
S1-316983920	S2-917481098,S2-221536114,S3-991883906,S3-433265707
S1-685050237	S2-972405753
S1-566752703	S2-480655627,S3-940819756,S3-164006646
S1-521206670	S2-386080245,S2-607954361,S3-110432759,S3-874169734,S3-435747120
S1-447153450	S3-790069636
S1-490808628	S2-922626234,S3-539571761,S3-433399,S3-617886311
S1-399756144	S2-517384275,S2-975079471,S2-173989671,S2-872252147,S3-807714855
S1-138570706	S2-391285940,S3-755371407
S1-622839431	S2-770196784,S3-224938751
S1-844546758	S2-223113703,S2-11976805,S2-245746696,S3-679133981,S3-56037990,S3-927637017
S1-590749311	S3-452436022
S1-221126990	
S1-653334228	S2-439013138,S2-214233294,S3-338418001,S3-587718900,S3-157883031,S3-34158668
S1-190096699	S3-68092112
S1-301454319	S2-767050931,S2-218741339,S2-536229695,S3-810517452,S3-721131590
S1-336243319	S2-992372522,S2-213652426,S2-221488942,S2-581492739,S2-585366857
S1-117272884	S2-287005471,S2-538771714,S3-529379804,S3-841946951,S3-798241207
S1-53091215	S3-107594397,S3-158391606,S3-248891901
S1-585189166	S2-671858829,S2-544322819,S3-228917431
S1-341638685	S2-760066635,S3-77868811
S1-467408826	S2-678735923,S3-138684372,S3-918342470
S1-969886252	S2-556751322,S3-355320450
S1-745213577	S3-42165046
S1-539796826	S2-11942821,S3-974117515,S3-8529595
S1-703184486	S2-323392816,S3-378379639,S3-615017821
S1-613567635	S2-968971713,S2-697987365,S3-812804192
S1-890396578	S3-150804670,S3-361377842
S1-704294447	S2-304166305,S2-703826376,S2-548797635,S2-946521615,S3-986309739,S3-551487294
S1-458220734	
S1-888262486	S2-194767345
S1-328536879	S2-643815924,S3-793633010
S1-747809160	S2-20529019,S2-349774623,S3-630497399
S1-70217720	S2-708185423,S2-130703608,S3-175403235,S3-297366105
S1-83746989	S2-617295895,S2-373367510,S3-162901875,S3-859621135
S1-727552471	S2-746388119,S3-98843011,S3-576897651
S1-782007459	S2-69525058,S3-252882514,S3-587277261
S1-664554836	S2-652751990,S3-765771034,S3-720220412,S3-125524673
S1-292558545	S2-836428321,S2-464188162,S2-71279951
S1-102266300	S2-378867585,S3-863606542,S3-993821842,S3-926583362,S3-556457237,S3-705747532
S1-183492407	S2-739017111,S3-212607722
S1-914133402	S2-707151759,S3-184595708
S1-577319794	S2-636419926,S3-201710415
S1-907153833	S2-184950256,S2-198732190,S3-970052471,S3-849838882,S3-161125512
S1-780453540	
S1-551623685	S2-629885255,S2-417511495,S3-125728366,S3-54150873,S3-645386706
S1-326982303	S3-640422369,S3-533510148
S1-362215350	S2-379060143,S3-985901027,S3-40749680
S1-744843669	S2-49778907,S2-313122859,S3-334561004
S1-828945178	
S1-322519204	S2-752085008,S2-442419547,S3-259551130,S3-996177897,S3-112565000
S1-70052829	S2-316959096,S2-458498065,S3-847738112,S3-208892795,S3-566778999
S1-326983067	S2-376193569,S2-674918619,S3-226243533,S3-870994900,S3-266778713
S1-333556600	S2-547628531,S3-541081448
S1-140393345	
S1-682015870	S2-31316046,S2-480278031,S2-547124522,S3-616543977,S3-48911510
S1-819154596	S2-973011947,S3-332038287,S3-143001405
S1-943583369	S2-551408212,S2-191164080,S3-259888949
S1-436595309	S2-378668714,S3-588255193,S3-120225888
S1-351873465	S2-345023249,S2-414031191
S1-825803481	S2-350685503,S2-123807012,S2-563365045,S2-163681285,S3-212475184,S3-629511595,S3-188912810,S3-70085868
S1-625093210	S2-422209517,S2-219668819,S3-498726788,S3-221063529
S1-600777946	S2-523827512,S2-374148245,S3-875205355
S1-190273154	S2-946062014,S2-617595493,S3-858952337,S3-971513637,S3-849883032
S1-731467905	S2-311455016,S2-149243951,S2-342425665,S3-745158111,S3-232576607,S3-244702842
S1-4681579	S2-586274855,S2-338560363,S2-391280206,S3-360675776,S3-641015069
S1-260526831	S2-863625113,S2-413393342,S3-547669969,S3-335633991,S3-458466585,S3-721138469
S1-604955705	S2-309151142,S2-53770979,S2-936200352,S3-617543168,S3-447957545,S3-996684924,S3-618747625
S1-907412371	S2-302292952,S3-666434806,S3-971422522
S1-866832620	S2-130909911,S2-208894796,S2-611249327,S2-647710027,S3-320304594,S3-341440333
S1-361854276	
S1-368140343	S2-564794566,S2-172727454,S3-16809892
S1-507517189	S2-863190351,S2-187527781,S2-843817712,S2-957021523,S3-363200458
S1-804638031	S2-485950767,S3-148833532
S1-966460762	S2-824654421,S3-210121473
S1-463669205	S2-301757320,S3-242940401
S1-718361997	S2-959203244,S2-922113204,S3-182631625
S1-394624068	S2-781798166,S2-896317553,S3-412239583
S1-818550607	S2-929358152,S3-476372754,S3-886841668,S3-21731896
S1-143754078	S2-65608517,S2-176247296,S3-133243563,S3-777070798
S1-748895370	S2-555125464,S2-275211906,S3-641296551,S3-320812145,S3-616272082
S1-969283694	S2-9475003,S2-598072808,S3-983514302
S1-51909944	S2-224190828,S2-7517031
S1-141803603	S2-929897180
S1-276566121	S2-637380716,S2-278021982,S3-296624131
S1-561244541	S2-535574739,S3-168711231,S3-189433475,S3-112326544,S3-7170786
S1-569329569	S2-394246465,S2-740547902,S2-942191394,S2-405578335,S3-527493350
S1-620626249	S2-881583458,S2-433636754,S2-223780959,S2-162363684,S3-642983460,S3-439164128
S1-809947086	S3-458283026
S1-980988877	S2-924427205
S1-572348561	
S1-904513740	S2-132143715,S3-142462513,S3-30506134,S3-453201795
S1-403269675	S2-665088764,S2-404781535,S3-652180306,S3-503464901,S3-434094874,S3-536723329,S3-856176830
S1-998420085	S2-966727985,S3-514930444,S3-991528256
S1-869494712	S2-23063504,S3-620524776
S1-104271650	S2-583017921,S3-551670953
S1-921166575	S2-871510353,S2-618193247,S3-422062792,S3-400439094
S1-30550253	S2-468491492,S3-476923651
S1-611723301	S2-112141400,S2-770299614,S3-987280465,S3-880720223,S3-414755514
S1-611992048	S2-530704256,S3-96343180
S1-162915408	S2-252261964,S3-768297647
S1-928608525	S2-392976745,S3-152741028
S1-382142356	S2-490808829,S2-853088139,S2-652019506,S3-942140106
S1-849533523	S2-782066945,S2-603877418,S3-856815057,S3-96103606,S3-988808693,S3-382538099
S1-300150294	S2-491229670,S2-374808828,S3-7869842,S3-588100243,S3-120295178
S1-718742466	S2-574788452,S3-143056434
S1-823535371	S2-325961626,S2-329611557,S3-597383605,S3-478034593,S3-335088662
S1-343835119	S2-811823387,S2-656940292,S3-783315651
S1-467885813	S2-143918782,S2-67555957,S2-619727300,S2-603448982,S3-561222042
S1-362690230	S3-54189109,S3-331042309
S1-226515067	S2-608812428,S2-583238386,S2-289948069,S3-195048932
S1-575063410	S2-218822882,S2-538743095,S3-728060761,S3-335795509
S1-791124328	S2-643053489,S2-597833529,S3-645046484,S3-532583125
S1-193365795	S3-355991767
S1-35128317	S2-319605647,S2-697443237,S3-69271708,S3-3757374
S1-94710988	S2-289052642,S2-492459801,S2-353093436,S3-616393167,S3-451393302
S1-821089622	
S1-544446121	S2-972572067,S3-786907242,S3-553582697,S3-178125903
S1-346520844	
S1-723564	S2-939906820,S3-484881977
S1-972976678	
S1-892667129	S3-905696472,S3-336997561
S1-423859342	S2-37815696,S3-722473827,S3-189232787
S1-610044920	S2-240434248,S3-371825378,S3-387217253,S3-718150387
S1-447337903	S2-279475524,S3-567925908,S3-616489073,S3-489971164
S1-123386087	S2-779314876,S2-170429124,S2-451560030,S3-466954393,S3-502549952
S1-627553118	
S1-107475697	S2-859990274
S1-342437228	S2-918471152,S2-300841221,S2-740605173,S3-802256017
S1-773910681	S2-396424356,S2-788781791,S3-316705117
S1-888144857	S2-414847612,S2-455256060,S3-200263362
S1-40425456	S2-664685664,S2-760678829,S2-270818647,S3-587026400
S1-154571045	S2-909926659,S3-84992531,S3-444109400
S1-447377648	S2-597724494,S3-850568157,S3-800014884,S3-907922597
S1-179477198	S2-857061533,S2-900699340,S3-109942439,S3-174489273
S1-58240641	S2-72147696,S2-757506054,S2-871917814,S3-141412231,S3-6891393
S1-686162160	S2-197665254,S2-813981599,S2-172001888,S2-810066744,S3-513397410,S3-584696327
S1-881644561	
S1-850288010	S2-789113248,S3-725427889,S3-990418165,S3-304726360
S1-966644876	S2-54180785,S3-239980896
S1-961521410	
S1-514922183	S2-464640077,S3-146793713,S3-770090986
S1-729604593	S2-213114453,S2-749831252,S3-999463607,S3-450021596,S3-130841669
S1-559640907	S2-143383717,S2-433254444,S3-218217758,S3-644793154
S1-410051376	
S1-253232075	S2-59429029,S2-92881608,S3-791866541,S3-694316040
S1-100132084	S2-30030823,S2-57913924,S3-865184479,S3-606078797
S1-521496572	S2-20500518,S3-169138729,S3-700484486
S1-319539280	S2-286640965,S2-182493396,S3-429491228
S1-420901491	S2-955176257,S2-238029155,S3-444481670,S3-805761086
S1-440509110	S2-294279064,S3-31151716,S3-808035358,S3-509355805
S1-578935377	S2-309790656,S2-689691440,S3-965354924
S1-393272832	S2-862387885,S2-635805742,S2-207274889,S3-607969010,S3-442460645,S3-227352606
S1-399751164	S2-329282289,S2-848791720,S3-421303723
S1-745304248	S2-619809735,S3-742245890
S1-758509037	S2-924447764,S3-308373927,S3-961698102
S1-127303976	S2-260221540,S3-655616720
S1-442759887	S3-33835287,S3-783854067
S1-853798030	S2-885506119,S2-335367559,S2-664677647,S3-389400084,S3-262498680
S1-713860673	S2-821545738,S2-922468564,S3-830970679,S3-278724194,S3-636311248
S1-804363381	S2-569484629,S3-482704578,S3-60839144
S1-535516063	S2-523472848,S2-206134533
S1-866595179	S2-794572392,S3-916210709
S1-41644320	S2-112920025,S2-94145954,S3-146679728,S3-384860266
S1-795448604	S2-634305288,S3-248697009
S1-67233554	S2-329519133,S2-321412681,S2-468830338,S2-82017047,S3-927048340
S1-655838425	S2-236134191,S2-491677480,S3-173954096,S3-511611913
S1-19790962	S2-954919935,S3-28174592,S3-737682023
S1-999064135	S2-972771392,S3-612802419,S3-163806639
S1-846653166	S2-791174334,S2-446322475,S3-933274965,S3-206546572
S1-514353745	S2-942745734,S2-340570457,S2-855766852
S1-128157236	S2-375621568,S2-763551520
S1-918923531	S2-853387285
S1-695921965	S2-7141462,S2-595280620,S3-759235492
S1-335615674	S2-820906454,S3-707359118,S3-65640032,S3-367520926
S1-791941778	S2-103638660,S2-726414966,S3-880625818,S3-850080876,S3-508668947,S3-675699129
S1-943612683	S2-726504793,S2-315214681,S3-666943683,S3-887170991
S1-640243103	S2-602154446
S1-396111679	S2-123364862,S2-798420685,S2-640673032,S3-162890245,S3-602678247,S3-140667199
S1-118118843	S2-618840147,S2-132085413,S2-534049344,S3-358865551,S3-833350650
S1-673281807	S2-216568703,S2-33051389,S2-299359768,S3-189596854,S3-728939127
S1-519054244	S2-557827423,S2-222870676,S3-738863726,S3-323826455
S1-216309388	S2-420129579,S3-914052953,S3-182115536
S1-364789200	S2-379282735,S2-735097454,S2-26079100,S2-531468348,S3-481326851,S3-908432171,S3-499570118
S1-37944001	S2-552153217,S3-123959316
S1-612744353	S2-534570233,S2-283290239,S2-912428339,S3-245267669
S1-606659576	S2-147511099,S3-682914131
S1-184900655	S2-692928946,S3-761869964,S3-925678883
S1-982856050	
S1-611040998	S2-252186756,S2-670822203,S2-698381489,S2-293629336
S1-756286312	S2-3308808,S2-215907418,S3-435303553,S3-532296380,S3-442811487
S1-901751093	S2-231400254,S3-295214504
S1-814782756	S2-477401554,S2-471418061,S2-333129298,S3-253500312,S3-500361277
S1-127893152	S2-961202520
S1-128748045	S2-404071046,S2-653481661
S1-719240129	S2-378995478,S2-195627532,S2-856407087,S2-1049189,S2-285481530,S3-399233877
S1-677836455	S3-302542238
S1-427534628	S2-329755821,S3-318239227,S3-463191596
S1-173460598	S2-277150557,S2-146729435,S2-506168228,S2-425133279,S3-579379599,S3-893257758,S3-545736146
S1-409536521	S2-120683649,S3-646432275
S1-232936892	S2-379135239,S2-374391367,S3-146916530
S1-423428832	S2-470435865,S2-613219264,S2-568657912,S3-227922348
S1-309882145	S2-194418607,S3-480394118
S1-985685139	S2-766327117,S3-835667539,S3-128655514,S3-20463509,S3-467034997
S1-200376709	S2-846017335,S2-335625395,S2-410397167,S3-179839544,S3-145799664
S1-361953076	S2-584957377,S3-860167693,S3-324660080,S3-770216050,S3-147502768
S1-36428078	S2-453837137,S2-747245556,S3-230033009
S1-106642798	S2-363361321,S2-987719014,S3-794902613
S1-779254358	S2-515191852,S3-908266131,S3-358596588,S3-492675241
S1-572683904	S2-379443935,S2-172819928,S3-657420220
S1-969961536	S2-764680994,S2-262403343,S2-104059027,S3-296189321
S1-562760036	S2-102517503,S3-101039214,S3-675059897
S1-767845223	S2-651408806,S2-74328806,S2-234553091,S3-941039527,S3-40858440
S1-9159760	S2-769399518,S3-224274788,S3-941444838
S1-365351809	
S1-361233814	S2-840477936,S2-347812653,S3-424403442
S1-902469435	S2-877636872,S3-878290710
S1-401947804	S2-839423444,S3-972005905
S1-951084315	S2-157634297,S3-118750426,S3-262621944
S1-784601683	S2-656989414,S2-832689026,S3-903294033,S3-661601418,S3-107839165
S1-228707183	S2-947214086,S3-425872131,S3-361063055,S3-415648486
S1-149644286	S2-569016710,S3-704346217,S3-273126124
S1-441839041	S2-175444168,S2-188896501,S2-327564988,S3-276663765,S3-913841328
S1-203809764	
S1-698523619	S2-841803301,S2-201306773,S2-26476260,S3-204223182,S3-22140411
S1-224128591	S2-885508133,S2-42180632,S3-988360115,S3-340543245
S1-205244135	S2-179522792,S2-80130599,S2-629881108,S3-575862064,S3-326233006,S3-803596174
S1-397026681	S2-182334292,S2-888421674,S3-678649128
S1-898254963	S2-757234716,S3-318301993
S1-205794077	S2-490601488,S2-977171016,S3-704753141,S3-43826698,S3-662144979
S1-950762193	S3-678761355
S1-92045832	S2-468626651,S3-75094987,S3-455870322,S3-350821965
S1-33320778	S2-706738265,S2-272863042,S3-557845316
S1-607000600	S2-327069701,S2-382590867,S3-297260127,S3-588279418
S1-47881738	S2-751400045,S3-790396305,S3-86198174,S3-135498985,S3-945153491,S3-893862403
S1-731066474	S2-53660686,S3-879389227
S1-572018162	S2-797055292,S2-576823320,S2-102967155
S1-615307265	S2-758439173,S2-969347319,S3-915545277,S3-945381815,S3-145682697,S3-982229218
S1-859358230	S3-36946318
S1-75867723	
S1-277072137	S3-448200780,S3-331672173
S1-730625581	S2-377068057,S2-607351072,S2-174162290,S2-368816741,S3-105649769
S1-145609397	S2-432202409,S2-479286153,S3-966408949,S3-145827847,S3-333949624
S1-264286945	S2-703275458,S3-26883203
S1-606617950	S2-458795322,S2-849862252,S2-120985436,S3-149537047,S3-217871803
S1-139015959	S2-766705449,S2-559192377,S3-637483279
S1-380167154	S2-873301709,S3-105055300
S1-643098922	S2-676532663,S2-133021174,S2-629859421,S3-660033083,S3-378295862,S3-94911644
S1-615177983	S2-680844596,S2-45589274,S2-117146658,S3-471674872
S1-127811302	S2-295595741,S2-189290019,S2-941850866,S3-842557898,S3-952235215
S1-207525366	S2-37215331,S3-870558699,S3-703521497,S3-139330818
S1-80257819	S2-40394776,S2-527486954,S3-404324971
S1-932862810	
S1-133293417	S2-428634488,S3-975430299,S3-44072578,S3-280639414
S1-169104800	
S1-189620234	S2-828879865,S2-274250309,S2-70181447,S2-176512506,S3-504808285,S3-303060793
S1-336213574	S2-980765790,S2-187559472,S3-890529246,S3-547771955
S1-128899671	S3-239286247
S1-35563348	S2-239709440,S2-676696194,S3-800344892,S3-110599256
S1-420689606	S2-574617579,S2-796486761,S2-152391099,S3-73421720,S3-653860230,S3-703498993
S1-220849501	S2-596619574,S3-870196057
S1-474695344	S2-324636952,S3-113720840
S1-604968269	S2-600245197,S2-96991801,S3-911392296,S3-278099031,S3-606268418
S1-191627289	S2-818080826,S3-730599474,S3-667703993,S3-137470886,S3-546403483,S3-396978038
S1-36280836	S2-671222522,S2-74235229,S3-480973551,S3-251260032,S3-260079391
S1-373284970	S2-695897697,S2-727438165,S3-297916931
S1-365645792	S2-702636914,S3-149810357
S1-296824699	S2-372074909,S3-171853505
S1-323845488	S2-480804978,S3-957547616
S1-107553967	S2-634203802,S2-157557843,S3-61482056,S3-232340903
S1-449559707	S2-34898014,S2-382802397,S2-615968375,S3-93679104,S3-134174706
S1-194778527	S2-215233019,S2-378776337,S3-908493408
S1-566474675	S2-681271936,S2-873120904,S3-724934689
S1-592730837	S2-827141235,S2-312295919,S2-424114923,S3-57403884
S1-645691902	S2-78688949,S3-781533663,S3-133499774
S1-593511102	S2-879949306,S2-843441772
S1-249364412	S2-188453636,S2-416107889,S2-541114877,S2-729036597
S1-105300779	S3-533309953,S3-580742483,S3-340017570,S3-828419420
S1-475297267	S2-686235504,S2-554560913,S2-424743265,S3-257903722,S3-539570525,S3-948828604,S3-146136416
S1-994484438	S3-684906838
S1-757014973	
S1-53347038	S2-656676075,S2-124757570,S2-315368543,S3-74017979
S1-972287912	S2-775061093,S2-654246479,S2-541115612,S2-824362784,S3-765182585
S1-439921573	S2-199280719,S2-978483412,S3-431890506,S3-611400520
S1-320536470	S2-932924676,S2-305666299,S3-9955576,S3-862359552
S1-406806264	
S1-553812355	S2-124384131,S2-604231849,S2-369832262
S1-700070808	S2-530506142,S3-680153525
S1-795592915	S2-402923096,S2-404997646,S3-937191133,S3-386153473
S1-919133711	S2-283018750,S3-348950443,S3-791104512,S3-926228748,S3-390983145,S3-614106724
S1-683075043	S2-160936180,S2-787449693,S2-954553220,S2-151984586,S3-596494739,S3-561328324,S3-908439307
S1-261600764	S2-501402615,S2-412965245,S3-145377668,S3-549894453
S1-582540239	S2-598367360,S3-641857108,S3-282699356
S1-873098097	S2-817162668,S2-914439828,S2-695493426,S2-622252385,S3-117320863
S1-961310135	S2-810819920,S2-742836323,S3-213987193
S1-945758616	S2-17594258,S2-306931951,S2-192620417
S1-208278960	S2-979292399,S3-518305120
S1-242429762	S2-204712454,S2-476051498,S3-594152329
S1-523185428	S2-445725784,S3-12065600,S3-735881349,S3-860047858
S1-946761170	S2-307186004,S3-783540570,S3-446606430,S3-374784095
S1-479558669	S2-391094365,S2-697907371,S2-890461176,S3-757587646
S1-739049056	S2-52200572,S2-978479893,S2-248959594,S3-617500153,S3-943193600,S3-811912487
S1-22952111	S2-190100256,S2-616304745,S3-852483990,S3-919033370,S3-481478889,S3-484972920
S1-47165380	S2-380414008,S2-795379016,S2-751327112,S3-1775016,S3-114963220,S3-329400003
S1-864884859	S2-490110792,S2-1214406,S3-559232691
S1-141613810	S2-263277119,S2-355544217,S3-181676033,S3-611755077
S1-956809622	S2-444809704,S2-85439937,S3-4796134
S1-636932631	S2-493496330
S1-889866951	S2-329562061,S2-150762638,S3-356347826,S3-434428635
S1-658462065	S2-463629112,S2-81017450,S3-934568625
S1-906238852	S2-705611194,S2-489456440,S3-17850247,S3-677915658
S1-15823491	S2-770269438,S2-243850455,S3-490464698,S3-642247687
S1-426608509	S2-304390059,S2-585449687,S2-395863937,S3-192536573,S3-675445656,S3-287564037,S3-991112629
S1-207609904	S2-144462999,S2-376162456,S2-432964068,S3-866662856,S3-126287310
S1-454891627	S2-137307470,S2-8650343,S2-92858322,S3-60602019,S3-735726289
S1-428599493	S2-648333228,S3-10372161,S3-544548161,S3-6926817
S1-637770094	S2-219493002,S2-659082077
S1-430979835	S2-73204632,S3-638174412,S3-804641497
S1-764472460	S2-46411862,S3-823400047
S1-161265375	S2-743737529,S3-369319505,S3-738855433
S1-241796452	S2-647868435,S3-869633560
S1-596889466	S2-742066290,S2-634855169,S3-190052333
S1-464408228	S2-970911746,S3-9552360,S3-142383435
S1-589830096	S2-443494854,S3-935256740
S1-854861850	S2-416232655,S2-254033633,S2-434583083,S3-442633275
S1-290941000	S2-293455902,S2-898763303,S2-901347614,S3-992973763,S3-547539973
S1-389328117	S2-413160949,S2-172661844,S3-958080005,S3-573444940
S1-295343840	S2-971438356,S3-157589055,S3-337876647,S3-680975700
S1-849390194	S2-361650096,S2-678172790,S3-765950763
S1-537593174	S2-990384809,S2-980406684
S1-44166425	S2-883483325,S2-325369230,S3-606685624,S3-453991177,S3-188911701,S3-663674610
S1-485388290	S2-8769703,S2-922946165,S2-472307343,S3-611530064,S3-818843339,S3-278468998,S3-171323044
S1-223309242	S2-34120146,S2-284039328,S3-999818184,S3-99766459,S3-417826237
S1-182922915	S2-469901089,S2-403417528,S2-21933062,S2-738616291,S2-478486295,S3-857763555
S1-812142724	S2-787435632,S2-393539584,S2-721334892,S2-771959395,S3-24266242,S3-684532920,S3-854799438,S3-855116140
S1-570246518	S2-450957540,S2-880072250,S3-851831942,S3-482865865
S1-834607056	S2-624041461,S2-893756138,S3-643366787,S3-182981540,S3-913194049
S1-725115887	S2-322383807,S2-589394553,S2-989814102
S1-98032217	S2-176495468,S2-183804701,S3-21789194,S3-949182829,S3-497703088
S1-27607712	S2-776717693
S1-729463636	S2-643413168,S2-864640952,S2-488107518,S2-617868653,S3-269467820,S3-445933524,S3-538826657
S1-156535145	S2-312795802,S3-319857918,S3-222033257,S3-625292998
S1-10565403	S2-262186489,S3-530822292
S1-379752029	S3-877393134,S3-972693407
S1-800025674	S2-355049380,S2-340420811,S2-733674031,S3-655404159,S3-916867484
S1-618143705	S2-6976988,S3-60469672
S1-788195131	S2-455044989,S2-106707981,S3-927996071,S3-747832461,S3-815864146,S3-877411725
S1-575216001	S2-389191690,S2-297171374,S3-618287981,S3-648759812
S1-735408179	S2-364969075,S2-363939554,S2-249091691,S3-730610247
S1-581027307	S2-229416689,S3-202576269,S3-438991706
S1-480485997	
S1-683171516	
S1-402632386	S2-433210354,S2-6083473,S3-657464267,S3-36132066
S1-483751209	S2-751053144,S2-594519514,S3-416433637
S1-276742020	S2-682490366,S2-883876561
S1-634629510	S2-779527965,S2-476334852,S3-280282609,S3-461037474,S3-933656388
S1-425697581	S3-388423131,S3-988649966,S3-141885935,S3-893470491
S1-337256434	S2-422396287,S2-29314921,S3-483883408
S1-583616498	S2-591288974,S2-429268211
S1-429398592	S2-808478806,S3-405512343,S3-84707417
S1-8364796	S3-89086395,S3-689637813
S1-333114012	S3-598905771
S1-292048378	S2-627546674,S2-756377905,S3-429861166,S3-155504317
S1-110496364	S2-259481008,S2-115142223,S3-62678397
S1-119550440	S2-243305568,S3-529022258
S1-546114378	S2-434982473,S3-225703192
S1-610379089	
S1-278985617	S2-258638974,S3-940970959
S1-325634051	S2-194920341,S2-221029745,S2-435568926,S3-594469852,S3-169366612
S1-812710390	S2-969621037,S3-941393145
S1-653303518	S2-351077184,S3-217532823
S1-186841314	
S1-585720119	S2-459469021,S3-583888470
S1-602282766	S2-638655073,S3-825213131
S1-699550165	S3-781141845,S3-518682649,S3-59882222
S1-96102318	S2-212064473,S3-827871297
S1-257399666	S2-216908113,S2-869672609,S2-801781867,S2-522450135,S2-168029909,S3-47764412,S3-329752359
S1-848462081	S2-459264021,S2-515344254,S3-224716079
S1-204423089	
S1-838949048	S2-883100563,S3-732351715,S3-999884116
S1-83862215	S2-440549681,S2-753595355,S3-363933844,S3-232957032
S1-307692555	S2-635559851,S2-981414015,S2-466220688,S2-68481239,S3-110465911,S3-552950764
S1-643812771	S2-693632833,S3-660008563,S3-569711013
S1-730930747	
S1-433322280	S2-85059055,S2-847077106,S2-1525852
S1-234726232	S2-29886542,S2-530060423,S3-658656683,S3-232899500
S1-326072479	S2-971074343,S3-831668232,S3-508181084
S1-323579632	S2-73953750,S2-214860382,S3-249123650,S3-328791691,S3-655299430
S1-48141862	S2-743510319,S2-324348028,S2-784775934,S3-431964857,S3-571537641
S1-876809817	S2-425852923,S2-774853131,S2-661429420,S3-620398237,S3-739505149,S3-72478590
S1-991526008	S2-241890728,S2-946944188,S3-198970267,S3-149117991
S1-945771091	S2-614461468,S3-178411743,S3-737305788,S3-734476298,S3-392286917
S1-324953530	S2-527298449,S2-875655267,S3-839473374
S1-980035973	S2-54335003,S3-828115294,S3-850944183
S1-769154366	S2-585271150,S2-199634736,S3-648196247,S3-72903314
S1-998172549	S2-953971708,S3-629095243
S1-371102391	S2-9121320,S2-462351461,S3-382331496,S3-793458333
S1-859019227	S2-596556485,S2-790605263,S2-653893176,S3-805151740
S1-429447486	S2-175624705,S2-938303554,S3-843645510
S1-749210977	S2-758027157,S2-183177295,S2-986060650,S3-879686965,S3-908770776,S3-995342323
S1-200425485	S2-53134201,S2-347647144,S3-162680828,S3-257312919,S3-758414092
S1-119005642	S2-205648646,S2-145312295,S2-375827448,S3-510443457,S3-635822380,S3-602662653
S1-506957521	S2-523276776,S3-679819116
S1-731030420	S2-133965083,S2-370152715,S3-665900024,S3-877655421
S1-517409423	S2-154551772,S2-730934637,S3-115557724
S1-499315058	S2-624210296,S2-454396312,S2-432929230,S2-12901095,S3-25595292,S3-935266821
S1-563745794	S2-517251219,S2-885850745,S3-370645812,S3-308165984
S1-644899387	
S1-305245003	S2-529650883,S2-987435719,S2-523304376,S3-481723567
S1-786877538	S2-918501878,S3-465165243
S1-39734164	S2-140702026,S2-271064700,S2-538327355,S3-35661161
S1-762095076	S2-885720623,S2-37992538,S3-533471434
S1-534401045	S2-382498593,S3-240442999,S3-974453342
S1-222158331	S2-202956236,S3-892696522
S1-795702088	S2-829022921,S3-756355983
S1-347393031	S2-700656464,S3-414037501,S3-858170968,S3-376597228,S3-918757090
S1-567967034	S2-95307265,S2-890865605,S3-814905918
S1-223550241	S2-201050995,S2-555122539,S2-168893856,S3-734744713,S3-181567004
S1-470321431	S2-705226431,S2-472949483,S3-485265965
S1-514654936	S2-878537504
S1-316238383	S2-889509444,S3-391778068,S3-44874702
S1-942882529	S2-328382969,S2-393621010,S3-606183225,S3-291022057
S1-487235527	S2-551881610,S2-479779755,S2-537791538,S3-253412297
S1-810698680	S2-913616898,S2-109031056,S3-300292025
S1-212418558	S2-701572122,S2-536933598
S1-524341593	S3-101877678
S1-616478809	S2-769190796,S2-414128448,S3-770534419
S1-560682236	S2-852090254,S2-248741291,S2-762263805,S3-565306816
S1-635504022	S2-641287183,S2-683052762,S2-190254325,S2-667731209,S3-750645944,S3-480518951,S3-532097842,S3-981437385,S3-32076935
S1-865424849	S2-443596772,S3-843698766,S3-791477355
S1-61845430	S2-95200838,S2-250066813,S3-620504429,S3-205699356,S3-117273833
S1-22414066	
S1-902555336	S2-42741773,S3-588945544
S1-244341341	S2-36009497,S3-5878921
S1-989976700	S2-824832347,S3-231189391,S3-279440303
S1-709857546	S2-200098721,S2-335012305,S3-183304539
S1-349174766	S2-396344043,S3-155496030,S3-877106150
S1-777405621	S2-922750273,S3-302938527,S3-987507008
S1-941192089	S2-209382297,S2-134179482
S1-952068507	S2-118734483,S2-853980422,S3-502628068,S3-53271107
S1-830916404	S2-355537370,S2-457585555,S3-629683315,S3-247735155
S1-984376515	S2-904186237,S2-153978707,S3-579167682,S3-943498215,S3-564704082
S1-434619095	S2-305370843,S3-468911341,S3-675396530
S1-111320353	S2-28408048,S2-674255889,S2-371581810,S3-818011869
S1-572764457	S2-867644919,S2-555478310,S2-148593090
S1-896167510	S3-651951906
S1-645622506	S2-777267450,S3-600490274
S1-174285258	S2-938844095,S3-816222829
S1-729310115	S2-517699336,S2-431929460,S3-499320146,S3-41475296
S1-691126076	S2-230900947,S3-505576041,S3-468640288,S3-115518523,S3-869755855
S1-17477824	S2-5739485,S2-422434017,S3-482567746,S3-513782719
S1-682804032	
S1-178325300	S2-190914810,S2-40276799,S3-614064653
S1-164060206	S2-740608510,S3-731864378,S3-710685489
S1-717908154	S2-964055203,S2-699214473,S3-864748789,S3-542375348
S1-287050652	S2-509579591,S2-876976985,S3-422496619
S1-51668768	S2-786686915,S2-739810191,S2-427789520,S2-267395270,S3-731143526,S3-737652511
S1-619830078	S2-7977376,S2-197126193,S3-360345711
S1-796483678	S2-513854077,S2-651540827,S2-226921233,S3-115335344,S3-610410833,S3-64289754
S1-131618064	
S1-353445875	S2-446899471,S2-510871672,S3-718541399
S1-608671486	S2-695478826,S2-309948378,S2-712611806,S3-718436602
S1-280177015	S2-134683182,S2-843844711,S3-883747497,S3-114827424,S3-76763024
S1-435142750	S2-8546898,S2-707621528,S3-413395146,S3-66468253
S1-132029569	S2-670258243,S3-526971905,S3-649518319
S1-637173041	S2-934173988,S3-212444031,S3-206334360
S1-905439747	S3-880797128,S3-549045185
S1-130660279	S2-33229760,S3-510321918
S1-25671897	S2-84713530,S2-726577430,S3-586643805
S1-531169138	S2-903735870,S3-941175745
S1-293944894	S2-53840346,S3-419317675,S3-124165913
S1-665964437	S2-447874133,S3-713287040
S1-794223608	S2-106773614,S3-114632449
S1-824776246	S2-223785629,S2-59027009,S3-732189738
S1-916452241	S2-18002917,S2-93967417,S3-754512893
S1-994340502	S2-336850362,S2-776742571,S3-563539362,S3-965090320,S3-455187267
S1-309272261	S2-751975734,S3-176493094,S3-671881557,S3-40758397,S3-604628886
S1-576204037	
S1-436561709	S2-504671872,S2-945532460,S3-942431943,S3-59751993
S1-574375263	S2-37197812,S3-818196720
S1-56662107	S3-271060998,S3-775467692,S3-42801033
S1-121940159	S2-204025420,S3-273915572,S3-949024102
S1-469594077	
S1-812504935	S2-799850508,S2-626818547,S2-125907057
S1-884383105	S2-178524514,S3-152004302,S3-897396879
S1-646658736	
S1-706528019	S2-764442345,S2-630448932,S3-595377592,S3-896274135,S3-769848603
S1-361316975	S2-242945,S3-767043481,S3-527449344
S1-58965935	S2-421261046,S3-163002445
S1-686507677	S2-587761875,S3-629856138,S3-363307750,S3-308840137
S1-134396769	S3-839730598,S3-78631153
S1-812302522	S2-230676821,S2-973621180,S3-323905559
S1-705399148	S2-765184458,S2-743690462,S3-854718103,S3-606469044
S1-379900078	S2-394085700,S2-623506099,S3-415633773,S3-767136771
S1-847933903	S2-901016487,S2-274074818,S3-171144966,S3-345555148,S3-968502006
S1-627912655	S2-820939646,S2-961978414,S3-595624085,S3-436348163
S1-299543916	S2-491324974,S2-486801488,S3-890454923,S3-691478570,S3-154244625
S1-496706528	S2-229819663,S2-921509212,S3-755439777,S3-696689350,S3-951959385
S1-608450740	S2-15773618,S2-562266514
S1-960230218	S2-117006172,S3-565488050
S1-416288279	S2-183070460,S3-545559057,S3-154657910,S3-351965669,S3-265385407,S3-916985329
S1-284272523	S2-723012053,S2-237180259,S2-561525209,S3-13116800,S3-520058973,S3-867080,S3-280668600
S1-947498189	S2-146417212,S3-759942135,S3-936997344
S1-332094383	S2-163137459,S3-437696484
S1-247497181	S2-579582362,S2-89397959,S3-971429927,S3-417438275
S1-231301945	S2-317205848,S2-752295000,S2-632872716,S3-222653139,S3-843460366,S3-336077776,S3-742523639,S3-711351190
S1-328124515	S2-571335452,S2-693102292,S2-207730618,S3-114847359
S1-751596174	S2-585313329,S2-992786474,S3-858812894
S1-419303558	S2-312897272,S3-8503338,S3-261643899
S1-716302709	S2-545193743,S3-103397225
S1-987735795	S2-819393487,S2-938547115,S3-874875640,S3-777242907
S1-917874917	S2-207469129,S2-130705537,S3-957475192,S3-870408712
S1-920473387	S2-507462156,S2-239007768,S2-871515473,S2-432118563,S2-181238929,S3-458850850
S1-629525066	S2-377090134
S1-381698737	S2-397723269,S2-615237466,S3-681019973
S1-501021881	S2-542520755,S3-886751832
S1-655866545	S2-484267758,S3-461152338,S3-652359927,S3-8643989
S1-498575953	S2-406033120,S2-170009450,S3-304425864
S1-531469084	S2-209854321,S2-263402200,S3-987461326,S3-919573256
S1-683333512	S2-393879032,S2-680875167,S2-252792415,S3-956192343
S1-944562140	S3-117082775,S3-113870104
S1-687919685	S2-251685350,S2-798868258
S1-272554638	S2-665572283,S3-719128656,S3-631585811,S3-427235184
S1-266258554	S2-461512663,S3-89688755,S3-20170611
S1-473027154	
S1-789960809	S2-374825806,S2-861148145,S2-899179103,S2-282602110,S3-538954737,S3-131796094,S3-587251567
S1-126777454	S2-119025199,S2-229889113,S2-836593304,S3-941391802
S1-748769417	S2-388035792,S2-121483615,S2-85308806,S3-308294191
S1-920468345	S2-56337760,S2-411109323,S2-537928893,S3-423627958,S3-202447452
S1-901982494	S3-277851290,S3-435770905
S1-859076669	S2-134608469,S3-533884870,S3-355590153
S1-980834730	S2-873892726,S2-243822562,S3-801873738,S3-772422250
S1-845889641	S2-357166402,S3-207543893
S1-14400196	
S1-501592743	S2-765132516,S2-780262476,S2-320811454,S3-449838890,S3-867571659,S3-733717823,S3-491127473,S3-13669207
S1-674118564	S2-31529404,S2-705588492,S2-486008783,S2-721066596,S3-481246667,S3-207127701,S3-815633684,S3-104206987
S1-231483895	S2-583699332,S3-746453498,S3-368573499,S3-273739616,S3-227933977
S1-899547494	S2-651559416,S2-67975275,S2-718629340,S2-698506728,S3-541962590,S3-184061998,S3-294460018
S1-999894830	S2-44373087,S3-20758062,S3-621974575
S1-345359905	S2-228163458,S2-63081992,S3-248279857,S3-519552765,S3-843799310,S3-349784322
S1-714431393	S2-6203206,S3-433475981
S1-233192998	S2-834812477,S2-136391167,S3-895726619
S1-874724071	S2-586449450,S2-568900918,S2-60985120,S2-302475797,S3-710110179
S1-180440160	S2-687811489,S3-791323928
S1-291947101	S2-896695160,S3-11432656,S3-595642673,S3-501019733,S3-2931231
S1-410537296	S3-661590813
S1-920569723	S2-506044392,S2-68790580,S3-840281286,S3-253825292,S3-88817890,S3-138811917
S1-269912777	S2-344926595,S2-96574923,S2-579378342,S3-944606353
S1-445117256	S2-968754515,S3-197003700
S1-9565807	S2-209636710,S2-958130595,S2-591631576,S2-548789764,S2-156538395
S1-295086280	S2-827276265,S2-234326400,S3-477135531,S3-226056016,S3-431186689
S1-289101318	S3-768911594
S1-910212800	S2-357691811,S2-490308,S3-489123068,S3-149830473,S3-226428139
S1-148937392	S2-859214229,S2-127318939,S3-341457765,S3-928102879
S1-850088528	S2-877738975,S3-774862894,S3-558463301,S3-585486374
S1-941077694	
S1-436447007	S2-621957046,S2-634596621,S2-853136988,S3-991041715
S1-452721090	S2-126597740,S2-782729303,S3-588914454,S3-203419259
S1-557177235	S2-134248377,S3-218895125
S1-679660495	S2-622293798,S3-739172566
S1-608208941	S3-263445054
S1-811746672	S2-959313022,S3-505905284,S3-649817301
S1-966827975	S2-209693014,S2-819220169,S2-736593585,S3-48061491,S3-183422353
S1-414409519	S2-87371656,S3-423027312,S3-611807982
S1-680314106	S2-628894779,S2-643448165,S2-252892867,S3-19995276
S1-843641063	S2-776711646,S3-712342333
S1-439528414	S2-559363296,S2-145077942,S2-761467921
S1-459429523	S2-10791101,S2-889183304,S3-725870993,S3-260464138
S1-920547781	S2-125909398,S2-834530018,S3-403108710,S3-918267967,S3-448294835
S1-896642956	S2-562239207,S3-241310057,S3-984625255
S1-75444	S2-447631824,S2-169849066
S1-291812414	S2-730541029,S3-200739653,S3-308415175,S3-588118545,S3-308497901,S3-176315059
S1-824016813	S2-512916891,S2-821768307,S2-386832018
S1-554003743	S2-680088281,S2-511553894,S3-252092918,S3-574068244,S3-286456930
S1-881340984	S3-304661823,S3-492864148,S3-954595263,S3-548795929,S3-638097755
S1-36428499	S2-498944465,S3-139318484
S1-125293310	S2-679173822,S2-527497129
S1-106634123	S2-840990829,S2-358770388,S2-496057258,S3-258333193,S3-174071344
S1-516731654	S2-97710616,S2-359284778,S2-368168477,S3-770114418,S3-684584938,S3-226360060
S1-755979027	S2-437661056,S3-224179471,S3-830651312,S3-383430025
S1-650823571	S2-911534200,S2-85804496,S2-820054085,S2-598882055,S3-483515473
S1-403703713	S2-8763613
S1-431358474	S2-566078281,S3-986194506,S3-341295687,S3-597032588
S1-289655710	S2-663516008,S3-649406285,S3-292374103,S3-187243076
S1-263701980	
S1-703030279	S2-809206123,S3-263683364,S3-894614382,S3-593464912
S1-279077140	S3-52287942
S1-465498416	S2-435984900,S2-701880437,S2-261336822,S2-5050362,S3-971927324,S3-508777356
S1-871928772	S2-704398752,S2-900505061
S1-130796895	S3-922797448,S3-505323627
S1-509798276	S2-505371950,S2-714911465,S2-642808671,S3-157911842,S3-271412932
S1-597262520	S2-291306183,S3-178294160,S3-110284060
S1-736002853	S2-242533619,S3-378349996,S3-651560146
S1-96850832	S2-856415932,S3-769510148,S3-567163908
S1-172837338	S2-229534891,S2-19642477,S3-299915730,S3-463860816
S1-30311488	
S1-275944682	S2-134587466,S2-365434532,S3-324969964
S1-683046364	S2-90344610,S3-637008279
S1-652500702	S2-413644083,S3-963159895,S3-580032269,S3-12542903
S1-371607638	S2-881575334,S3-952917699,S3-320386809
S1-197303653	S2-962936099,S3-490219949,S3-926262844
S1-653835671	S2-568185915,S3-863894688,S3-607568070
S1-409727084	S2-369026350,S2-184218579
S1-262238084	S2-427406454,S3-877498043
S1-970105847	S2-918384983,S2-760369027,S3-656205438
S1-694759620	S2-773469163,S2-718785648,S2-714140147,S3-657576897
S1-603232952	S2-509031953,S3-711746017,S3-303514203,S3-251636827
S1-372587741	S2-602760552,S2-466726207,S3-624387495,S3-867365690
S1-841431696	S2-456928308,S3-252364682,S3-83874636
S1-234668656	S2-836164955,S2-347651576
S1-72774327	S2-758224509,S3-86945668,S3-228438702
S1-115221768	S2-891108683,S2-78798790,S3-215808979,S3-37026134
S1-138854050	S2-879539598,S2-997157654,S3-874364947,S3-195745969
S1-694284818	S2-284081046,S3-328863912
S1-555318685	S2-207477233,S2-108669697,S2-593970235,S2-911560291,S3-305256649,S3-79947676
S1-590265653	S2-556789116,S2-431279231,S2-416053245,S2-446101251,S3-725371404,S3-504191605,S3-90437742,S3-365772605
S1-824401433	S2-185882650,S2-416893221,S2-22247656,S3-821242282,S3-41961766
S1-34931546	S2-690352650
S1-201378711	S2-188569016,S3-591147043,S3-221642093
S1-422744817	S2-927027864,S2-772097061,S2-454576183,S3-433372332,S3-236021372
S1-860988126	S3-940386186,S3-442925242,S3-950303019,S3-582559520
S1-475932481	S2-87262169,S2-253171868,S3-118252830,S3-307721673,S3-93652045
S1-108295356	S2-443889312,S2-471184778,S2-523502524,S2-477622118,S3-791743125,S3-765075585
S1-562151239	S2-446891229,S3-794693601
S1-442719819	
S1-364136160	S2-154218945,S3-681694363,S3-415900630,S3-462047992
S1-737120956	S2-317765574,S2-585035405,S2-689033037,S3-91459235,S3-345835844,S3-32567857
S1-483919311	S2-719717542,S2-998478017,S2-299338817,S3-631857435,S3-60872088,S3-539572270
S1-782362946	S2-545258177,S3-429932765,S3-8365026
S1-299879819	S2-275148861,S2-325213902,S3-972652740,S3-71065208
S1-388244741	S2-133115190,S2-549368363,S2-145844983,S3-831481356,S3-553808328,S3-231633281,S3-669837060
S1-282978928	S2-755353149,S2-250660546,S3-285796998,S3-927603340
S1-696355620	S2-368698031,S3-671777399
S1-524294061	S2-575303469,S3-534164366,S3-986859712
S1-275446119	S2-261279288,S2-621711396,S2-272065978,S3-17817707,S3-471342159
S1-468069406	S2-333027420,S3-955342855,S3-927798540
S1-992592221	S2-414157424,S2-890991010,S2-941683066,S2-922604163,S3-578691402
S1-617696678	S2-301109776,S2-156296326,S2-701721312,S3-85746780,S3-786395781,S3-982117699
S1-823484886	S2-12252334
S1-228281854	
S1-121969495	S2-527360578,S2-616976023,S2-176663644,S2-291845177,S2-554454316,S3-438185383,S3-694465180
S1-501997678	S2-9934686,S3-811053569
S1-687094506	S2-853715353,S2-997945252,S2-37601483,S2-899408648,S3-993313828,S3-14226235
S1-711664751	S2-623856809,S2-356964631,S3-151294030,S3-728948482
S1-634621721	S2-814158483,S2-534385622,S3-251484954,S3-631530278
S1-151042377	S2-941770812,S2-522272205,S2-902798488,S3-168772855
S1-394348455	S2-358287167,S2-901181099,S3-985446931,S3-41359381
S1-886117524	S2-290649749,S2-652610526,S2-422654878,S3-608933283
S1-651975773	S2-549585695,S2-726216822,S2-181887414,S3-634941847,S3-878987512
S1-182788341	S2-772581098,S2-242252609,S2-897232593
S1-511385555	S2-425222784,S3-894640368,S3-442949189,S3-269912292
S1-133949489	
S1-318614201	S2-786898594,S3-204185381
S1-221696566	S3-801320335,S3-5031973
S1-941994352	S2-474474541,S2-902638580,S2-133400210,S3-302614844,S3-536497984
S1-584912780	S2-300542524,S3-977792753,S3-174673652,S3-131043903
S1-608603500	S2-431986565,S3-743012701,S3-945665164,S3-435227250
S1-174010389	S2-30432396,S3-422362286
S1-312215962	S2-581295199,S3-462636783,S3-604175775
S1-904348952	S2-934112141,S3-523329486
S1-905233971	S2-798475254,S2-870147289,S3-693390377,S3-917928844,S3-211788583
S1-659519749	S2-775731131,S2-101559825,S3-279650674
S1-45068253	S2-540790132,S2-166416064
S1-29353976	S2-164016043,S3-535779044,S3-682956499,S3-656374933,S3-551235609
S1-125433839	S2-46142904,S3-271392684,S3-134207861,S3-381400184
S1-740810097	S2-65231124,S2-949552118,S2-840595048,S3-139950205,S3-595457151
S1-845189914	S2-639759009,S3-284992471
S1-963796262	S2-904572884,S2-655069209,S2-898979399,S3-93707113,S3-315787484
S1-533395067	S2-376188908,S3-438397728,S3-115119398
S1-244982929	S2-700237439,S2-149975691,S3-4580740,S3-344137841
S1-441168324	S2-767213672,S2-27628019
S1-176428148	S2-618075078,S2-431752348,S3-240948117,S3-437160175
S1-101598407	S2-904028987,S3-870961244,S3-51097216
S1-950819662	S2-11443258,S3-459571387
S1-251479383	S2-649224144,S3-769628137,S3-920367464,S3-785451849
S1-226137354	S2-589835544,S2-680739162,S3-723406086
S1-344888437	S2-882344984,S2-210482101,S3-184401916,S3-168903645,S3-305402873,S3-56237962,S3-48829078
S1-939196886	S2-661272893,S3-848002650
S1-869429846	S2-76707986,S2-880400576,S2-830217877,S3-892149701,S3-492372148
S1-18367213	
S1-877374302	S2-740239635,S2-654122842,S2-740784733,S3-551653386,S3-266683876,S3-544956562
S1-927912980	S3-253506103,S3-363564872,S3-448901094
S1-818146945	S2-912451188
S1-90647849	S2-828458766,S2-803505263,S3-190797098
S1-983239281	S2-207860960,S2-467601129,S2-95418110,S3-491300122,S3-937708816,S3-601594187
S1-505361583	S2-73761471,S3-466799320
S1-317323814	S2-903621925,S2-907649593
S1-491260897	S2-745253578,S3-170199480,S3-538387612,S3-352127358
S1-700167210	S2-219283053,S2-116773593,S3-15621525,S3-265453353
S1-411241153	
S1-730238579	S2-693799610,S2-201127939,S3-741199734,S3-228775803,S3-192641573,S3-783818208
S1-972742626	S2-332726913,S2-401487118,S3-829187327,S3-443904430
S1-578585340	S2-982153706,S3-345803085
S1-901352930	S2-715632118,S2-72201255
S1-224939746	S3-649889729
S1-693486469	S2-378925422,S2-371281265,S3-330829778
S1-547568953	S2-791745111,S3-654842822,S3-220451364,S3-761786974
S1-136494210	S2-707781267,S2-298542987,S3-82111357,S3-710477019
S1-134531939	S2-709673448,S2-881333686,S3-897624599,S3-763198543
S1-522333353	S2-621861257,S2-182992199,S2-169789601,S2-786062193,S3-744834673
S1-897317388	S2-268578086,S2-481223729,S2-75779270,S2-412569754,S3-198157168,S3-621166942,S3-519321575
S1-328758015	S2-519376196,S2-637017205,S2-665450866,S3-922446464,S3-944649773,S3-977786748
S1-772968593	S2-544014637,S2-504067119,S3-793798466,S3-841561354
S1-184873881	S2-461503748,S2-627238742,S3-158582487
S1-345373872	S2-765323817,S2-192589192,S3-910429908,S3-821133563,S3-761157138,S3-556259886,S3-29868378
S1-814822318	S2-302491561,S3-126374661,S3-227275990
S1-19692437	S2-250923396,S3-330408766
S1-338453992	S2-595197919,S2-324143457,S3-957962038
S1-599587404	S2-669358163,S2-828559977,S3-969184296
S1-105401964	S2-178951230
S1-799492538	S2-677493514,S3-306629874,S3-782974781,S3-536556861,S3-390992546,S3-707923573
S1-918234987	S2-957616523,S2-213618725,S2-374094758,S2-551526307,S3-446070779,S3-464258080
S1-470094334	S2-335006417,S2-305502966,S2-361822836,S3-67746271
S1-515952016	S2-626570766,S2-29262544,S2-25302216,S3-839889934
S1-743443540	S2-586674046,S3-249865980,S3-26134720
S1-742658847	S2-353175769,S2-835048886,S3-581090002,S3-712452706
S1-937360664	S2-653437640,S2-95994852,S2-592953717,S2-488485634,S2-420178095,S3-294834772
S1-899986245	S2-652850501,S2-925319342,S3-400308244,S3-799376158
S1-942666484	S2-877752554
S1-711580408	S2-969267753,S3-386720094
S1-728683790	S2-955975458,S3-678182639
S1-851386320	S2-639307383,S2-265483684,S3-285121963,S3-625418751,S3-140589706
S1-764677205	S2-97636767,S2-351082163,S2-116484691,S3-422631015,S3-179507527
S1-960939560	S2-408871023,S2-159479668,S3-633149307
S1-819363310	S2-402040853,S2-633370193,S3-95606361,S3-492538437
S1-745472917	S2-619364287,S3-265442805,S3-955331941
S1-355150131	S2-323958938,S3-979086461,S3-276790228,S3-260171932
S1-424369176	S2-771802844,S3-53969567,S3-121723107
S1-223774033	S2-722044945,S3-972335873,S3-762548514,S3-275668185,S3-697787347
S1-490058531	S2-993567190,S3-168086986,S3-969720924,S3-515704804
S1-52949192	S2-750531313,S3-221264765
S1-523368454	
S1-11414769	S2-54734455,S2-292396552,S2-531373116,S3-625993511,S3-763763782,S3-243843889
S1-612496420	S2-920344350,S2-65209421,S3-138000918,S3-552481587,S3-694715552
S1-29041525	S2-255667764,S3-158524446,S3-569359928,S3-554433686
S1-161253791	S3-884143247,S3-386002916,S3-431337481
S1-15957920	
S1-365439500	S2-213066945,S2-669079799,S3-393868673,S3-979858660,S3-73408658
S1-942627098	
S1-342072441	S2-533149834,S2-25059358,S2-994888007,S2-33036870,S3-99240889,S3-34763331
S1-306918698	S2-683904526,S2-871178141,S2-336344738
S1-386730204	S2-530766088,S2-490246183,S3-543336298,S3-343333208,S3-586120312
S1-293932339	S3-794584348,S3-131320122,S3-354622426,S3-596283435
S1-638201171	S2-340555824,S3-196659818,S3-319621944,S3-658266659
S1-666882711	S3-718882428
S1-633460737	S2-437591766,S2-381887953,S2-572506220,S3-468514483,S3-742530545
S1-847887513	S2-205148570,S2-415521838
S1-769738967	S2-190871180,S3-598789666,S3-57431396,S3-610890141
S1-783661985	S2-546896521,S2-806195840,S3-77846745,S3-463753697
S1-316468889	S2-361941774,S2-146899553,S3-954462683
S1-844459279	S2-26615587,S3-740899105,S3-104800055
S1-703455203	S2-99665462,S2-357164312,S2-260778372,S3-122046414
S1-645090467	S2-50758607,S3-734755819
S1-834007263	S3-917576050
S1-920736111	S2-252865283,S3-461673543,S3-116424808,S3-252593154,S3-392298465
S1-747026906	S2-469793099,S2-243066567,S3-19286378,S3-54123587,S3-88267587
S1-935581264	S2-550045244,S2-940195986,S3-765283676,S3-597044195,S3-877147758
S1-888983514	S2-127575513,S2-261782376,S3-676916277,S3-978431705,S3-409744893,S3-184866893
S1-439445129	S3-523490643
S1-558568576	
S1-146914418	S2-811088228,S2-665612220,S2-758229941,S3-864670389
S1-136009320	S2-583323188,S2-799212540,S3-73409682
S1-889607908	S2-937461132,S2-257449221,S3-512803053,S3-808705326,S3-315787401,S3-517042422
S1-420460457	S2-319247332,S3-38393097,S3-382780326,S3-336513041
S1-747114016	S2-703614655,S3-578137556,S3-401969247
S1-41271442	S2-732962976,S3-204667618,S3-616212194
S1-49782489	S2-86795288,S3-188106644,S3-162687402,S3-372820989
S1-614457517	S3-150799944,S3-412164449
S1-92362721	S2-326234535,S3-282816970,S3-455434837
S1-925766717	S2-807280656,S2-609747850,S3-406425228,S3-533519525
S1-133036769	S2-253634307,S2-51917775,S2-295275946,S3-363692017
S1-577315143	S2-738165425,S3-103315913,S3-727753301
S1-21296760	S2-222224706,S2-754924669,S3-657358755,S3-967683428
S1-70738972	S2-387943881,S2-390535265,S2-871344720,S2-541703498,S3-971355957,S3-466599489,S3-672730319
S1-316758188	S2-292441237,S3-904010675
S1-564877927	S3-884928025
S1-234643334	S2-74253842,S3-404420076
S1-795204471	S2-501320520,S2-513239837,S2-799272039,S3-571955624,S3-513496594
S1-663080427	S2-412984539,S2-974327478,S3-619188136,S3-996859305,S3-645768803
S1-108005563	S2-72888752,S3-569064745,S3-102036182
S1-191019714	S2-175459629,S2-296595354,S2-889662292,S3-928738603
S1-36725177	S2-272932888,S3-349852077
S1-914888555	S2-520537064,S3-928261891
S1-866559306	S3-342130495,S3-904988802,S3-117349052,S3-95403340
S1-816233033	S2-993549110,S3-200703716
S1-108811566	S2-484078769,S2-795273024,S2-913456894,S3-969007444
S1-43839264	S3-38015566,S3-600927117
S1-374258534	S2-155549078,S2-795166843,S3-567889146,S3-915582885,S3-633452258
S1-372505327	S2-673903491,S2-573995498,S2-498426031,S2-705505898,S2-59352371
S1-572625827	S2-63847557,S2-654494066,S3-660117519,S3-431533410
S1-63564152	S2-896798415,S2-166733109,S3-85425086
S1-251953706	S2-281364036,S2-830788564,S2-51706128
S1-590222985	S2-96410600,S3-26119575,S3-651695234,S3-463492214,S3-369815990
S1-921335596	S2-788108757,S3-394451913,S3-46376077,S3-448084880,S3-320058559,S3-847170319
S1-395618281	S2-367982353,S3-178601533,S3-814360410
S1-136629563	S2-62709696,S3-511505818
S1-338702735	S2-946163618
S1-998338114	S2-185652464,S2-815237181,S3-371736688
S1-356686243	S2-282405026,S2-157260484,S2-253682641,S2-412005307,S3-403570336
S1-818004314	S2-497045611,S3-387405139
S1-416113064	S2-483668765,S2-601715195,S3-612003611,S3-207457165,S3-989540945
S1-153157816	S2-122319401,S2-262531411,S2-601019029,S3-623883146,S3-722089047
S1-642334198	S2-919981721,S2-167726343,S2-500850012,S3-886064925,S3-85788434
S1-535576555	S2-320225734,S3-675321305,S3-374483260
S1-529710246	S2-365036061,S3-762621162
S1-991141052	S2-565480476,S3-255305647,S3-110312409
S1-151808927	
S1-956699100	S3-814371362
S1-159823376	S2-607100824,S2-530519146,S3-994755811
S1-230076452	S2-509209623,S3-137879057
S1-927998048	S2-509289412,S2-749346394,S3-4868455
S1-773411653	S2-857252118,S2-269859245,S3-481447062
S1-29351114	S2-995199419,S2-532028424,S3-216462153,S3-927809015,S3-923299297
S1-616276228	S2-85742868,S2-484723754,S2-92581346,S3-282299405,S3-991281259
S1-29645850	S2-720989396,S2-792849161,S3-599796514,S3-275854410
S1-845032555	
S1-588725090	S2-481094547,S2-51179311,S3-4127004,S3-384194763,S3-62784043,S3-189576804
S1-105731618	S2-48082208,S2-877437615,S3-143287924,S3-327493420,S3-764819534
S1-126232597	S2-642753919,S2-419311442,S2-316706369,S3-948245328,S3-256134836
S1-271325324	S2-42514798,S2-890590253,S3-515713679,S3-309233191,S3-768425926,S3-662516687
S1-144071183	S2-578775934,S3-133666769,S3-207865334,S3-629430904
S1-638735785	S2-306085359,S2-5764269,S2-741465567,S3-395196136,S3-749264980,S3-996712775
S1-274967905	S2-631733252,S2-618558805,S2-900632460,S3-312246434
S1-176169428	S2-173557846,S3-11611209
S1-957408083	S2-370710244,S3-368640069
S1-330321544	S2-766204845,S2-993092934,S2-337251476,S3-441858154,S3-88423074,S3-791512186
S1-600240	S2-287521785,S3-540812356,S3-837531690
S1-257587801	S2-307814014,S2-910244189,S3-124699193,S3-564862150,S3-692413140,S3-196521729
S1-796842209	S2-26346627,S3-418870637
S1-964931596	S2-945426380,S2-113323242,S3-349287943,S3-401968367
S1-934044431	S2-240603842,S2-410803542,S3-82652336,S3-793939229,S3-98010612
S1-302711064	S2-647218249,S2-181340668,S3-793441834,S3-324229477
S1-461018977	S2-972674000,S3-8963511,S3-165717922,S3-516435727
S1-33260101	S2-87082419,S3-562723887,S3-253166157
S1-661854906	S2-699906276,S2-807105478,S3-125628463,S3-333927486
S1-60326211	S2-179458531,S3-878670173,S3-988403044,S3-13066272
S1-659756997	S2-68941420,S3-253314127,S3-39071533
S1-738841152	S2-284170741,S3-985370125,S3-665243311,S3-928164251
S1-383452443	S2-622771878,S2-446120882,S2-160900401,S2-3447981,S3-336166284
S1-291816410	S2-528499313,S2-669488447,S2-455677671,S3-403498108
S1-748187261	S2-574766391,S2-791395193,S3-678689347,S3-858972676,S3-314173980,S3-604630168
S1-144357468	S2-973437268,S2-566321797,S3-780007337,S3-478568520
S1-997358088	S2-716332249,S2-32124051,S2-688863009,S3-121043322,S3-271793063,S3-728655804
S1-525191099	S2-170427217,S2-718042726,S2-863837614,S3-549613271
S1-821899649	S2-341769773,S3-649305274
S1-864182379	S2-142058067,S2-763783903,S3-577893832
S1-237543695	
S1-626832490	S2-115843726,S2-918208354,S3-468395879,S3-349590667
S1-574197860	S2-481890834,S2-419389930,S2-548660222,S3-278349122,S3-547361792
S1-167232692	S2-534945158,S3-255920740
S1-857403979	S2-854996579,S3-702005355,S3-909543033
S1-259966876	S2-848873293,S2-401944225,S3-497268313,S3-962364808
S1-313789914	S2-181852086,S2-641512610,S3-609094764
S1-901525518	S2-846012111,S2-691299307,S3-420838596
S1-368361779	
S1-978353926	S2-80671039,S3-660191394,S3-602417256
S1-981552811	S2-902707145,S2-409739813,S2-200891856,S3-547310848
S1-834198560	S2-335741378,S3-678010265,S3-404343742,S3-343683090
S1-742314572	S2-476766681,S3-136117045,S3-371937537
S1-749877949	S2-937490659,S3-238170952,S3-308017341,S3-576210005
S1-736431503	S2-248626148,S2-117009236,S3-950387118,S3-646779819,S3-273101911
S1-325610511	S2-9592654,S2-406400595
S1-932246856	S2-119363803,S2-352268084,S2-545875312,S3-633173870,S3-414899355
S1-993932326	S2-716774423,S2-689483893,S3-759480183
S1-485196051	S2-75474221,S3-355976850
S1-908156332	S2-104162713,S2-140059934,S3-671403082
S1-313303342	S2-290765100,S3-951796077,S3-198135063
S1-779545052	S2-492173602,S3-560397178
S1-217655913	S2-597093885,S3-506189696,S3-529335188
S1-360875181	S2-288309948,S2-888537667,S3-58606399,S3-343408594,S3-442522996,S3-100066880
S1-497687687	S2-185237376,S3-375785134
S1-740240886	S2-362195582,S2-998085666,S2-265643642,S3-695377117
S1-813849066	S2-959870878,S2-172009898,S3-819608605,S3-747748222
S1-267976916	S2-757545888,S2-933026226,S2-63703733,S2-961818844,S2-254407443,S3-906938461
S1-233875625	S2-342678137,S3-924758718,S3-552935392
S1-23530309	S2-337474458,S3-262572081,S3-963433764,S3-401870707,S3-220474435
S1-722332805	S2-332400473,S3-378858942,S3-293479112,S3-727769483,S3-715029319
S1-146743499	S2-485565063
S1-513021414	S2-974837447,S3-292466620
S1-533833987	S2-757138946,S3-122829134,S3-487750844,S3-433488557
S1-958416352	S2-749860753,S3-774559056,S3-408541811
S1-987343417	S2-127608606,S2-336729159,S2-792682735,S3-851394477
S1-986575568	S2-843513902,S3-15190152,S3-188137310
S1-101519225	S2-560153638,S2-103972023,S2-171151445,S3-281611672,S3-621708029
S1-774492929	S2-143003944,S2-609918972,S3-785036601
S1-695084161	
S1-931113258	S2-500960809,S3-291512149
S1-857618046	
S1-931827058	S2-321597168,S2-41501168,S3-388438327,S3-276647736,S3-891428899
S1-920514878	S2-127621634,S2-752861532,S3-843284925,S3-50602365,S3-799792654
S1-12350714	S2-722788763,S3-860715718,S3-524585091
S1-480259010	S2-834371692,S2-604241537,S3-522331352,S3-981683297
S1-619029545	S2-679587316,S2-452674127,S3-388356091
S1-909580906	S2-94171869,S3-901387756
S1-722146027	S2-69338810,S3-575756292
S1-822414829	S2-148760124,S2-312918662,S3-288088292
S1-595169231	S3-758908893
S1-733868514	S2-985610221,S3-741827436,S3-961316051
S1-811395988	S2-141519412,S2-417330084,S3-506234218
S1-993043994	S2-790115389,S2-9009391,S2-256716451,S3-628644351
S1-464640273	S2-512960667,S3-546876354
S1-29619026	S2-154865151,S3-639237152,S3-325642553
S1-232667650	S3-139047285,S3-291582397
S1-439981855	S2-433316584,S2-497593129,S2-835498621,S2-456933263,S3-737741530,S3-171154244,S3-714651661
S1-280370233	S2-78279323,S3-10650168
S1-868427668	S2-815612709,S2-84577524,S3-311024871,S3-164781768
S1-350474344	S2-917653136,S3-881017456,S3-659406224,S3-889658579
S1-650449101	S3-542950856
S1-217107951	S2-594474826,S2-857959714,S2-271853493,S3-522364529,S3-943761851,S3-214016368
S1-895909215	S2-576367066,S2-438714177,S3-732080528
S1-706569558	S2-727507622,S3-422562,S3-666674924,S3-819549546
S1-289911167	S2-609019885,S2-707116874,S3-479786649,S3-753823491,S3-612307192,S3-424306126
S1-86839351	S2-51256594,S3-71302970
S1-300146870	S2-970416609,S3-911897756
S1-670003221	S2-331560191,S3-178935997
S1-304271198	S2-387569094,S3-389851323,S3-405726983
S1-552995155	S2-923318404,S2-82674000,S3-272466318,S3-439005118,S3-66073709,S3-157589612
S1-362927859	S2-334027698,S2-982002787,S3-785805170,S3-856431239
S1-388660244	S2-44135422,S2-932369741,S3-789790708,S3-820584914,S3-897072109
S1-412995795	S2-799473263,S2-891912141,S3-268769733,S3-90401814
S1-618775028	S2-54506406,S2-978175788,S3-588563140,S3-82727063,S3-282239221
S1-240808247	S2-612331410,S2-26011952,S3-454825923
S1-952069020	S2-366730997,S3-807054136
S1-546759621	S2-4830026,S3-550467843,S3-322172135
S1-990399664	S2-455750982,S2-59279715,S2-626335037,S3-579131503
S1-288395900	S2-82111057,S3-221965116
S1-729062702	S2-754213692,S3-283235010,S3-588999783,S3-276807165
S1-30199686	S2-429093293,S3-854338691,S3-981267854
S1-480679449	S2-190920212,S3-6409800,S3-54451678,S3-617859139,S3-538455929
S1-448938419	S2-734225184,S2-385182781,S2-651634136,S3-691737541,S3-549863293
S1-894938153	S2-613394112,S3-632535379
S1-729124143	S2-659397390,S3-81286660,S3-407088532
S1-17469197	S2-846294606,S2-478113273,S3-709664408,S3-409586758
S1-560301484	
S1-142893063	
S1-832050174	S2-336214481,S2-846640264,S2-788138868,S3-216868693,S3-400631796,S3-556844308,S3-172549762
S1-337229964	S2-440464097,S3-224512315,S3-634171817,S3-257054126
S1-277340324	S2-125371220,S2-68993344,S2-469939364,S3-297634048,S3-353598020
S1-532716583	S2-962938926,S2-11526470,S2-433216233,S2-674119309,S3-353119144
S1-924262672	S2-681575516,S2-262421364,S2-362084982,S3-434117774,S3-243585381
S1-931075904	S2-757629204
S1-850812036	S2-772777112,S2-472927048,S2-383375674,S2-555070578,S3-892436165,S3-5904023,S3-297815181,S3-80942206
S1-643679196	S2-884552418,S2-332268748
S1-464084336	S2-905277409,S2-494554006,S3-607391573,S3-88850911
S1-380898922	S2-945890157,S3-932777523,S3-735907714,S3-737152870
S1-697988129	S2-697337037,S2-626372492,S3-115058079
S1-549730089	S2-991318400,S3-249384921,S3-874451429
S1-159047701	S2-766334781,S2-348683659,S3-577826794
S1-114302397	S3-206050678,S3-98657129,S3-300082459
S1-449089267	S2-759284123,S2-957476937,S2-666793816,S3-524430478,S3-363918483,S3-705759333
S1-940407353	S2-444403680,S3-232088529,S3-722376785,S3-505114953,S3-339325386
S1-917838092	S2-291758234
S1-887077635	S2-961324562,S2-528956802,S3-518252742
S1-51229547	S2-769827940,S3-589084511
S1-389024186	S2-219830676,S3-20209581
S1-822101972	S2-975217775,S3-343308436
S1-883464018	S2-533784112,S3-944298488,S3-242085765,S3-29420449
S1-120767207	S2-924142174,S2-975947055,S2-456612823,S3-946698517,S3-216616442,S3-444514421
S1-484978700	S2-511135780,S2-653055248,S3-30669991,S3-494050206
S1-177606997	S2-153505763,S2-203106548,S3-57580253
S1-620449580	S2-310143329,S2-546825020,S2-27157228,S2-764166012,S3-619422942
S1-747146316	S2-313660579,S2-460082052,S3-648397541
S1-534655734	S2-54430939,S3-834587647
S1-862894808	S2-34917046,S2-147368695,S2-462851941,S3-309566543
S1-970429195	S2-361701286,S2-175829270,S3-193102111,S3-75342707
S1-9532325	S2-630045089,S2-216415498,S2-902363464,S3-433869372
S1-303344331	S2-797319205,S2-192814130,S3-772022925,S3-103809257
S1-137349830	S2-478605387,S3-355874582
S1-396543030	S3-874366285,S3-677931994,S3-975737057,S3-406540794,S3-233085855
S1-400276324	S2-121953939,S3-511869655,S3-388822175
S1-760316546	S2-290547643
S1-803001354	S2-666301567
S1-832997628	S2-670909315,S2-337143765,S3-214157270,S3-553183597,S3-692439954
S1-204152408	S2-676888078,S2-296582220,S2-309017854,S2-91228937,S3-311716893,S3-366538998
S1-558043454	S2-931213407,S2-455500047,S3-842407739,S3-421754902
S1-420394598	S2-209254392,S2-218081586,S2-898922950,S3-205684697,S3-999650892
S1-431667775	S2-670065471,S3-369983246,S3-336457247,S3-517591403,S3-811688363,S3-512769824
S1-275418508	S2-520382658,S2-514418808,S2-970451840,S2-236084213,S3-684144817,S3-376309291
S1-646072955	S2-957211398,S3-996688614,S3-227885953,S3-511703237
S1-584949212	S2-584004902,S3-720738143
S1-47226386	S2-209469789,S2-316403521,S3-296288034,S3-923785123
S1-546065600	
S1-540302021	S2-156542715,S2-652690952
S1-7938981	S2-152084545,S3-628655617
S1-468865792	S2-490717922,S3-925082142
S1-167896717	S2-232360870,S3-763346739,S3-994519269
S1-710419609	S2-714716626,S3-400868405,S3-890602693,S3-112746282,S3-119970161
S1-600352249	S2-275426867,S3-623280691,S3-593075849
S1-609920835	S2-645837820,S2-98139698,S3-8816234,S3-133786618
S1-948451321	S2-182257339,S2-803540262,S2-153511835,S2-937508528,S3-291158053,S3-902001549,S3-351514681,S3-297266327,S3-904554455
S1-794380284	S2-361788844,S3-290967949,S3-749607143
S1-11598270	S2-309907780,S2-448792708,S2-379303145,S2-999416629,S3-671326026,S3-266198483,S3-73748376
S1-842169805	S2-497495995,S3-286519510,S3-962270890,S3-40285797
S1-232968032	S2-717710466,S3-596131552,S3-13947408
S1-192537403	S2-574856661,S2-750121612
S1-294471716	S2-92535624,S3-492600880,S3-256188111
S1-387913828	S2-752860503,S2-253951460,S2-399611270,S3-302192695,S3-54922116,S3-762537757
S1-200229569	S2-58752791,S3-483986191,S3-958852920,S3-498185315
S1-977702409	S3-908280097
S1-145360357	S2-142559707,S2-938085486,S3-902769802,S3-755015191,S3-586700093,S3-649118099
S1-702488326	S2-654100180,S3-88928055,S3-933320524,S3-666531526
S1-179497788	S2-86336510,S3-653243332,S3-184786635
S1-191316309	S2-321640816,S2-640080781,S2-555090725,S3-910448838
S1-851451312	S2-898884679,S3-578985075
S1-394648194	S2-395406552,S2-375648438,S3-734055707,S3-239587438,S3-967352539
S1-850652337	S2-310196326,S3-249573078,S3-776330509
S1-883349468	S2-688428482,S3-587087645
S1-382484900	S3-266523722,S3-121577267,S3-253619406
S1-998739932	S2-553677692,S2-162678649,S3-281176378
S1-408964941	S2-91758616,S3-456534154
S1-422754857	S2-533389755,S2-895128507,S2-126320455,S3-212795304,S3-442775256,S3-914060192
S1-51368891	S2-818830219,S2-195864345,S2-481712550
S1-915819873	S2-327600750,S2-826361313,S3-764434590
S1-880306991	
S1-99101556	S2-861651629,S3-594970291,S3-763011323
S1-879355024	S2-65258198,S3-164240515,S3-506738283,S3-508717746
S1-923974617	S2-331400704,S2-59120233,S2-530825631,S3-252174683,S3-904353555
S1-665621281	S2-310490316,S2-857817602,S3-528948347
S1-92701192	S2-245429256,S2-884781873
S1-445241777	S2-951041189,S2-242688364,S3-741522425
S1-800092153	S2-582403911
S1-346089982	S2-773728566,S2-433169209,S2-668034457,S3-25710501
S1-541935182	S3-582859033
S1-258366977	S2-529707922,S3-49316062,S3-473904761,S3-727425831,S3-958944922
S1-753793009	S2-138986771,S2-997384080,S2-631942887,S3-704533651,S3-131940066,S3-803001225
S1-265853670	S2-807149466,S2-550532853,S3-440025909,S3-482783422
S1-181286535	S2-873891980,S2-311368300,S3-889269818
S1-747222701	S2-557336037,S2-262375458,S3-852034860,S3-929250215
S1-316409418	S2-843969802,S2-68094845,S3-169109743
S1-888569004	S2-425806309,S2-439338266,S2-699013300,S3-426864773,S3-82405375
S1-200512066	S2-294138523,S3-164432388
S1-727910224	S2-144870753,S3-494948076,S3-589580314,S3-812832914
S1-290005668	S2-171645439,S2-868100483,S3-317724220
S1-45050360	
S1-958657519	S2-936793024,S2-617856307,S3-374373886,S3-788499654,S3-13774418
S1-372117647	S2-187768490,S2-144678031,S3-37407848,S3-928088177,S3-51437961,S3-936501468
S1-857836733	S2-994669049,S2-620622866,S3-918803559,S3-205375660
S1-131038804	S2-655191371,S3-766103665,S3-508705806,S3-193182438
S1-395088926	S2-177561788,S2-377761683,S2-53962716,S2-727703324
S1-391090958	S2-303573452,S2-194136606,S3-471366083
S1-127346776	S2-608883361,S2-484037425,S3-190276159
S1-80978859	S2-813660088,S2-693760574,S3-567484233,S3-806140085
S1-301764637	S2-599802978,S2-269309300,S2-585603408,S2-415964420,S2-690379317,S3-553173851
S1-502665025	S2-828299914,S3-561751872,S3-350761794
S1-92151619	S2-325632646,S3-171255641,S3-405942733
S1-316304460	S2-798784547,S3-3005235,S3-158769038
S1-405030604	S2-272362090,S2-412734319,S2-570567057,S3-960495999
S1-563629280	S2-993347886,S2-535008786,S2-26225525,S2-259087808,S3-416308558,S3-469184897,S3-896925710
S1-392762080	S2-189117978,S3-821920597
S1-689693999	S2-81380710,S2-256680263,S2-817416792,S3-190608498
S1-580123869	S2-993611572,S2-288998136,S3-293923977,S3-535791916
S1-719207178	S2-953434404,S3-410040209
S1-353439450	S2-97899057,S3-311212915
S1-325798444	S2-694576904,S2-244457091,S2-419996873,S2-748022583,S3-761113322
S1-880579777	S2-69004015,S2-136511477,S3-328028408,S3-466089489
S1-394598223	S2-883908,S2-655068007,S2-7684274,S3-251087511
S1-455159404	
S1-361997210	S2-778311831,S2-910977533,S2-152282374,S2-55235432,S2-516750818,S3-230137193,S3-313159728,S3-34208339
S1-539464963	S2-441294369,S2-216090045,S2-197430521,S2-823615195,S3-969030598
S1-706380510	S2-295758053,S3-162903069
S1-316714523	S2-981767153,S3-729615519
S1-841680530	S2-887214170,S2-63243948,S3-116712208,S3-708953574,S3-811060752
S1-697305088	S2-816581314,S2-105977099,S2-624174042,S2-791287644,S3-765576489,S3-218416515
S1-300117628	S2-468105229,S3-597174863,S3-201753353,S3-945196524
S1-419364853	S2-197003444,S2-803301100,S2-866735037,S3-378379849
S1-328517304	
S1-375601188	S2-435680388,S2-336292898
S1-376809402	S2-205288541,S2-800758708,S2-461571372,S3-871240105,S3-746289044,S3-704458095
S1-39594537	S2-60312051,S2-803526955,S3-603593713
S1-815912629	S2-248682591,S3-985595660,S3-793687543
S1-388944128	S2-474514231,S3-158593194,S3-302582387
S1-12604411	S2-347688140,S3-522228562,S3-447797884,S3-110235241
S1-738569760	S2-871956542
S1-916363890	S2-862485097,S3-188031268,S3-876803933
S1-45241257	S2-798564976,S3-354891595,S3-902637570
S1-330396232	S2-575053103,S2-789737733,S2-614111572,S3-222692899
S1-453628336	S2-409762440,S2-72452164,S3-956249248
S1-130033629	
S1-133685020	S2-211375639,S2-200757942,S2-593025931,S2-399382718,S3-207108221,S3-693242563
S1-862844725	S2-784764122,S3-760816136,S3-716781640
S1-623153195	S2-79972414,S3-660068815,S3-839068275
S1-843972241	S3-721278659
S1-97675871	S3-813940521
S1-849834399	S2-617810755,S2-618859327,S3-619092823,S3-1174609
S1-314127495	S2-827604646
S1-478431799	S2-723447513,S3-106720864,S3-727583633
S1-761492193	S2-906312122,S3-703120801,S3-132212823
S1-715221797	S2-73455317,S2-583889697,S3-199492260,S3-590830376
S1-331382921	S2-711328648,S3-551876886,S3-560469363,S3-843976943
S1-696547774	S2-892857055,S2-785770143,S3-172020927,S3-700524686
S1-69095541	S2-890807800
S1-115882065	S2-274414058,S2-727518425,S2-576121623,S3-28536841,S3-283343839
S1-934964462	S2-342591173,S2-842734240,S2-206668423,S2-552461714,S3-354707079,S3-499826465
S1-586740417	S2-444016500,S3-267817458,S3-643497249
S1-482377939	S2-234543159,S2-287584188,S3-46595338,S3-368603411,S3-556160496,S3-178459474
S1-470649404	S2-418239031,S2-412759500,S2-960388401,S2-193354228,S3-175670009,S3-865882680
S1-119782409	S2-19036965,S3-895713758,S3-89961299
S1-975931226	S2-129912084,S2-562637708,S2-948498759,S3-46166771
S1-684564127	S2-303198112,S2-716588715,S2-273296431,S3-231016619
S1-869180094	S3-579011688,S3-176109752,S3-465743714
S1-397527491	S2-488887531,S2-748832103,S3-515827335
S1-388107390	S2-548768451,S2-451442610,S2-58653566,S2-111711343,S3-16485646,S3-69001536,S3-557426751,S3-976498373
S1-14446161	S2-567305497,S3-806562530,S3-318080926
S1-672330086	S2-930199553,S2-697282616,S2-420163460,S3-455841969
S1-258083196	S2-313524813,S2-50454462,S2-343672471,S3-773421670
S1-168773850	
S1-638195300	
S1-380843508	S2-831768501,S3-157723791
S1-967131160	S2-68038532,S3-76938122
S1-461489484	
S1-247249075	S2-166123732,S3-754318790,S3-194561127
S1-335251216	S3-452282759,S3-183899434
S1-8978262	S2-802877863,S3-237714478
S1-579319131	
S1-836479877	S2-513101130,S3-611606585,S3-580235643,S3-43786649,S3-580702309
S1-116082828	S2-765536663,S2-51357225,S2-155868741,S3-561902060,S3-333030906,S3-543723896,S3-764989856
S1-384939549	S2-611259158,S2-619802749,S2-874622618
S1-71469035	S2-397787002,S2-814470239,S3-374716868,S3-105353546
S1-193060043	S3-467169568,S3-667030206,S3-53832563
S1-956911455	
S1-648901743	S2-589609996,S2-106509729,S3-466878509
S1-637227575	S2-722795112,S2-755563333,S3-338143570,S3-905369699,S3-572689878
S1-825553140	S2-62375489,S2-38098838,S2-722411226,S3-397574494
S1-683351355	S2-105585275,S3-23945194,S3-820658841
S1-316171420	S2-287188921,S3-607599065,S3-493586284,S3-568569821
S1-526496317	S2-364007858,S2-545963562,S2-295288986,S3-600768430,S3-947132445
S1-606974168	S2-620611970
S1-852092208	S2-365756093,S3-300625815,S3-30685177,S3-139884126
S1-999158511	S2-152527919,S3-9478843
S1-442991589	S2-335872962,S2-24939544,S2-349155874,S3-634141018,S3-784360733
S1-169606115	S2-495158738,S2-59795341,S2-29090214,S3-78177722,S3-768871747,S3-953433428
S1-81215363	S2-703514257,S2-959072738,S3-321543812,S3-610478549
S1-24644941	
S1-83110479	S2-515962999,S3-833191299
S1-603845616	S2-913466125,S2-817818448,S3-279134139,S3-445141236,S3-910197479,S3-507319255
S1-513601762	
S1-393180742	S2-823273463,S3-731325251,S3-834819674,S3-983796647,S3-772314255
S1-786746558	S2-750855671,S3-457565808,S3-344429377,S3-707595850
S1-194367872	S2-187348342,S2-162122443,S3-529326473
S1-663822817	S2-238023037,S3-635285281,S3-185948822
S1-690893459	S2-354257097,S3-689272320,S3-852568197
S1-321444163	S2-157187891,S2-114020471,S2-152302973,S3-436072296,S3-720845149
S1-130793898	S2-610720068,S2-368345412,S2-499434380,S3-5544672,S3-218192859,S3-603409195
S1-27117308	S2-756380463,S2-306072076,S3-87270057,S3-86317853,S3-606567757
S1-37460954	S2-921911770,S3-79512757
S1-208570800	S2-854886035,S3-423984293
S1-473559061	S2-349130355,S2-529922484,S3-470325626
S1-352715089	S2-110001299,S2-532092878,S3-678226789,S3-121384598
S1-54383817	S2-926112367,S2-268854853,S2-487650744,S2-121279275,S3-29039332
S1-378435850	S2-632414519,S2-447901293,S3-510836512,S3-475394044,S3-357109913,S3-349212152
S1-275053625	S2-703985235,S3-917492413
S1-706963756	S2-854892160,S2-315219425,S3-555007890
S1-931624521	S2-444280793,S3-531144355
S1-660104511	S2-372041651,S2-817996660,S3-148629657
S1-584787641	S2-779759055,S3-75517776,S3-716632860
S1-157696828	S2-121214238,S2-24237378,S3-52145951
S1-783710172	
S1-252878852	S2-725560667,S2-715542469,S3-970273722,S3-700469216
S1-819709496	S2-618119035,S3-774301648,S3-891346090
S1-534013396	S2-291086099,S3-467433546
S1-236959623	S2-372448392,S2-599667951,S3-870652827
S1-57717999	
S1-751142792	S2-280905833,S3-825343131
S1-428370693	S2-889874766,S3-8832192
S1-606013945	S2-559190199,S3-557633921,S3-825235074
S1-614877751	S2-208690250,S2-123805906,S3-351053771
S1-450505045	S3-886889982
S1-677193560	S2-860014158,S3-911315338,S3-953086506,S3-323718861
S1-401760173	S2-973546221,S2-708702477
S1-76943351	S2-454669380,S2-638597980,S2-390011017,S3-594276813
S1-605448269	S2-434540912,S3-826440415
S1-868594876	S3-246659559
S1-573834347	S2-453138625,S3-669571565
S1-780479121	S2-305267422,S2-277683234,S2-840074484,S3-520339541
S1-268106486	S2-32965072,S2-433603650,S2-552847611,S3-505837378,S3-673770422
S1-972633053	S2-21183975,S2-130090633,S3-994588578,S3-759780673
S1-783414036	S2-233602276
S1-503417925	
S1-973607483	S2-617972141,S3-277853694,S3-276803914,S3-937253239
S1-645749480	S2-79572801,S3-475019606,S3-312177962
S1-315881869	
S1-103696205	S2-550931204,S3-579889172,S3-389819761,S3-949875774,S3-392635417
S1-735760443	S3-520966635,S3-177335828
S1-814355403	S2-953046677,S2-752069539,S3-871522823,S3-358523615
S1-394362510	S2-433846733,S3-109572903,S3-270772075,S3-938863230
S1-888447475	S2-417135344,S3-990602529,S3-295032010
S1-101844778	S2-968373027,S3-789020082,S3-742620185
S1-955118307	S2-876282503,S3-750014631,S3-334393026,S3-23399485
S1-110721726	S2-391836435,S2-80562110,S2-300652156,S2-995424725,S3-435222485
S1-190212005	S2-208764851,S2-897164684,S2-944040272,S2-193901630,S2-480670662,S3-99171182,S3-780714779
S1-430343753	
S1-73516481	S2-787178206,S2-562385502,S3-881910571,S3-180837956
S1-196556776	
S1-931011080	S2-472021004,S2-239313462,S3-412209053,S3-773472813
S1-948605237	S2-208708044,S2-270962472,S2-103946213,S3-954946963,S3-71448756
S1-917724306	S2-111562984,S3-728245065
S1-874594043	S2-352604079,S3-869057811
S1-498363042	S2-525901175,S3-967724763,S3-752947265,S3-983334275
S1-297871294	S2-845661706,S2-564560392,S2-517058007,S3-776969518,S3-351617442
S1-445966383	S2-246685261,S2-805152161,S3-746765386
S1-631563158	S2-301806242,S2-283515132,S2-458205962,S3-466036896
S1-475383678	S2-551279440,S2-246980185,S3-361872135,S3-357925513
S1-573540210	S3-229208103,S3-808205743,S3-495403854
S1-85504420	S2-429454304,S3-211636952,S3-904739836,S3-122887767
S1-712699370	S2-238888204,S3-952373780
S1-165821673	S2-728233120,S2-989140903,S3-241902432
S1-395251249	S2-6479896,S2-228931641,S3-566000322
S1-180815169	S2-179803277,S3-439273066,S3-112015123
S1-619379480	S2-970119174,S2-417591541,S3-828375222
S1-310732558	S2-758321608,S2-515225333,S3-65557827
S1-820484005	S2-902109067,S2-484532008,S2-123113404
S1-358824653	S2-595620137,S2-825314993,S3-59286137,S3-277101269
S1-168036883	S2-4694979,S3-329004997
S1-570445697	S2-392148907,S2-241933252,S2-671710280,S2-45279605,S3-381670210
S1-593692398	S2-224878993,S3-487750741,S3-495938269
S1-429632208	S2-576553872,S3-77453717
S1-156018359	S2-293763719,S2-574729008,S3-25187011,S3-403766470,S3-997590610
S1-876637293	S3-499509010
S1-245078126	S2-509678329,S2-548039255,S3-867001705,S3-991751023
S1-466300060	S2-252990412,S3-885428406
S1-855470334	S2-909374515,S3-100746890
S1-399664484	S2-488488670,S2-869540861,S3-337046744
S1-864790709	S2-357114496,S3-274831541
S1-906810708	S3-640520778
S1-538417393	S2-889389380,S2-948056837,S2-521338632,S3-459081651,S3-493844116,S3-752826403,S3-999715859
S1-694182133	S2-686810089,S3-542382562,S3-896089044
S1-68384968	S2-756066491,S2-575293712,S2-562612981,S2-376202943,S2-165441533,S3-163895136,S3-160936240,S3-997807025
S1-112360999	S2-597679145,S3-544676633,S3-548183748,S3-934041775
S1-404211241	S2-365538658,S2-456755430,S2-733037001,S2-15829656,S2-973686515,S3-738016434,S3-507289068
S1-877845301	S2-72448651,S2-32747565,S3-683165272
S1-219138064	S2-277712765,S2-148750423,S3-601083425,S3-825222663,S3-341497193
S1-721421744	S3-25817164,S3-788573224
S1-66806246	S2-70104083,S2-24607347,S3-467673407
S1-156730835	S2-826974976,S2-690388684,S3-759547743,S3-296892366
S1-113140292	S2-356752954,S2-119533657,S3-35310002
S1-145398623	
S1-817572413	S2-456221112,S2-672003446
S1-675434562	S2-601471884,S3-748389121
S1-69303289	S2-986970842,S2-14576296,S2-217981856,S2-857439239,S3-819106114
S1-85676933	S2-582906978,S2-441505396,S3-564457905
S1-861486693	S2-474590393,S2-764775889,S3-437117593,S3-626200579
S1-205815373	S2-574357599,S3-269108089,S3-627536051
S1-398475632	S2-90188138,S2-9864875,S2-809579271,S2-708235359,S2-253084711,S3-485872469,S3-261059356,S3-361600237,S3-127466029
S1-766186881	S2-5915207,S2-592191707,S3-339728899,S3-177574214
S1-215732709	S2-33297351,S2-987378953,S3-468580702
S1-162825899	S2-166098243,S3-103861453
S1-618894368	S2-567139021,S2-983937450,S2-621808505,S2-918761554,S3-930262755,S3-323123439,S3-510673497
S1-302523897	S2-941698104,S3-435334449,S3-142488034
S1-891017306	S3-427530804,S3-784659555,S3-977773759,S3-168384574
S1-247118388	S2-14443936,S2-997779663
S1-850866528	S2-380643149,S3-775622613
S1-995716592	S2-506571398,S2-859689937,S2-611872911,S3-732341812,S3-530049056,S3-643840004
S1-703565737	S2-227859544,S2-589915575,S2-300550531,S3-240267700
S1-614945556	S2-477664885,S2-921425255,S3-202844444,S3-850414019
S1-512612852	S2-650208750,S2-685774070,S3-879422417,S3-928154157
S1-873648213	S2-496957521,S3-374099043,S3-466468122,S3-476768924
S1-213106801	S3-17187513,S3-816917660
S1-603100261	S2-434995104,S2-876745547,S3-384652648,S3-242020606
S1-207408931	S2-624552401,S3-587519244,S3-276314707
S1-111567337	S2-373476589,S2-914788840,S3-73936284
S1-175044227	S2-200964349,S3-434997247,S3-37292538,S3-151625811,S3-504835356,S3-305991850,S3-29452251
S1-64423619	S2-213389866,S2-164745760,S2-907600974,S3-993028154
S1-999229814	S3-97158818
S1-361032617	S2-101848957,S3-58070515
S1-355804451	S2-562291069,S2-55599236,S3-372676291,S3-142393785
S1-851605021	S2-712913507,S2-872537365
S1-569928038	S2-496790183
S1-890474880	S2-544645048,S2-336973620,S3-226546419,S3-494766297,S3-607059473
S1-715840485	S2-814563685,S2-126134236,S2-48759288,S3-190722549,S3-476958620
S1-560638808	S2-375735684,S2-529600070,S2-21798755,S2-27751630,S2-364710238,S3-179293206
S1-158464472	S2-412219140,S3-470024982
S1-428710083	S3-194670217,S3-656173478
S1-554487661	S2-876528221,S2-783021786,S2-879406942,S3-814185177,S3-20500482,S3-548836921
S1-450898317	S2-783258437,S3-442867491
S1-952334203	S2-995580077,S2-347860466,S3-358189553,S3-534607833,S3-191765443
S1-392018782	S2-383375992,S2-27492564,S2-386270111,S3-883201640,S3-160412678
S1-522880541	S2-48991349,S2-937821598,S2-722652115,S2-344567547,S3-672905229,S3-87417062
S1-886617692	S2-796553290,S2-638172650,S2-202566245,S3-473997231
S1-2892670	
S1-813874514	S3-282418917,S3-359931291
S1-359147662	S2-879090456,S2-41287732,S3-554580141
S1-512310697	S2-613505150,S3-924904346,S3-450369307,S3-216723623
S1-736040923	S2-750530542,S2-560735086,S3-585356129,S3-609202978,S3-365617759
S1-739951712	S2-467051817,S3-971259077
S1-355672717	S2-593037205,S3-750875386
S1-718279880	S2-359488959,S2-400694786,S3-510177309
S1-119832368	S2-442062010,S2-297438757,S3-963267483
S1-605462009	S2-701797517,S2-610718345,S3-540539853,S3-326124759
S1-277519552	S3-670732704
S1-180495126	S3-441691997,S3-359904465,S3-696091781
S1-941030855	S2-339351558,S2-258120165,S3-686923427
S1-992188872	S2-148718908,S2-342455654,S2-854298572,S2-595710907,S3-986867797,S3-413184355
S1-316381015	S2-760760809,S2-820434371,S3-739326427
S1-674633284	S2-756389590,S2-724902685,S2-983021352,S3-948545629,S3-435036693
S1-529518199	S2-236637463,S2-591604636,S3-903665976,S3-212352712
S1-890267450	S2-423482675,S3-476797691,S3-712146138,S3-670709535,S3-797465391
S1-419506690	S2-17353753,S2-892938251,S2-952605891,S3-586957909,S3-435621479
S1-755024686	S2-169788626,S2-328588090,S3-216839198,S3-63815449
S1-907110411	S3-422040006,S3-861085311,S3-15871905
S1-991766982	S2-253417725,S2-477164798,S2-191742302,S3-653034043,S3-108716062,S3-56428484
S1-283762412	S3-729680336
S1-580523098	S2-106907324,S2-62316301,S3-914760423
S1-690655273	S2-797950406,S3-167377812
S1-966982027	S2-432832424,S2-965241485,S3-315327913,S3-692106872
S1-503172691	S2-2757746,S2-503104774,S2-588040848,S3-155953990,S3-799260155,S3-193889685
S1-112223923	S2-869484062
S1-442508695	S3-87362831,S3-942097073
S1-950234644	S2-254889822,S2-31493594,S3-780096527,S3-648575794
S1-759709250	S3-152553319,S3-457547468,S3-55663835
S1-734832115	S2-656390533,S2-622342357,S3-677024050
S1-548878654	S2-122922979,S3-652889382,S3-628948652,S3-500599005
S1-36108243	S2-164282400,S3-673904244,S3-491745003
S1-351958736	S3-473243891,S3-2761622
S1-711704121	S2-569842878,S2-5106110,S2-112442034,S3-525690353,S3-707454823
S1-304167648	S2-555533715,S3-458598852,S3-954570117
S1-634351088	S2-401526799,S3-220143889,S3-99199624,S3-175867389,S3-796880105
S1-72483440	
S1-705373399	S2-248366521,S2-509082353,S2-688034929,S3-160378753,S3-358129168
S1-996141901	S2-734825718,S3-372313771,S3-806144243
S1-168546072	S2-697613418,S2-526786543,S2-251725855,S3-396228335,S3-932680129
S1-355983578	S2-777953730,S2-523967723,S2-181595912,S2-6723961
S1-812301828	S2-290755956,S2-232823470,S2-168526645,S3-315255215,S3-705222427,S3-530163966
S1-321417841	S2-344815457,S2-406703759,S2-409210806,S2-301823898,S3-416157613
S1-987248741	S2-469167667,S2-93819331,S3-227324284,S3-960432480
S1-944113846	S2-838927422,S3-697768193
S1-293078494	S2-882003348,S2-356392042,S3-79537419,S3-825668850
S1-129096506	S2-436860145,S2-803562250,S3-143417284,S3-537110615,S3-684770965
S1-288544077	S2-149249760,S3-21448108,S3-656177666
S1-171923214	S2-431329249,S2-845333563
S1-347654872	S2-689861032,S3-820587726
S1-324037722	S2-441125456,S2-432533429,S2-173857134,S2-498862206,S3-706874495
S1-869588190	S2-62153402,S3-81684786
S1-689025551	S2-400982311,S3-121318253,S3-169170752
S1-98259614	S2-229167486,S2-323888767,S3-119556011,S3-718588650,S3-77501944
S1-802350641	S2-106324397,S3-936313396,S3-406120461,S3-378140984
S1-28212376	
S1-539689928	S3-770917521
S1-546008660	S2-946222493,S3-594723144
S1-39327496	S2-707510990,S2-790143032,S2-494235449,S3-296178813
S1-766760770	S2-667146107,S2-736047664,S2-837163229,S2-477084691,S3-800738464
S1-956605314	S2-400772952,S3-978817907,S3-916034448
S1-86075825	S2-922193550,S2-448068434,S3-896405837,S3-458253017
S1-205559913	S2-734493604,S2-511105830,S3-115344717,S3-72361873,S3-151081518
S1-571223052	S2-311189871,S3-474364900
S1-102541475	S2-484775692,S3-769031703
S1-256233605	S2-489379172,S3-415983907,S3-716986792
S1-24219535	S2-33202373,S2-679787784,S3-601313420,S3-858762601
S1-418923266	S2-70242379
S1-38997318	S3-339513832
S1-517052291	S2-523272617,S2-260778474,S3-434172677
S1-215690079	S2-345914293,S3-468173142,S3-477022966,S3-205561383,S3-851767778
S1-789283537	S2-408061142,S3-148994286,S3-536550737
S1-295371412	S2-105633182,S3-632901746,S3-239212118,S3-100421049
S1-95655880	S2-870567293,S2-110776110,S3-935753863,S3-322993113,S3-585271132,S3-878712716,S3-107052655
S1-933928197	S2-353201457,S2-376902956,S3-125910796,S3-919269387,S3-195497006
S1-922445393	S2-719726221,S2-976486283,S3-421445422,S3-482241677,S3-362699198
S1-383990207	S2-462234441,S2-725232571,S2-542501408,S2-206291509,S3-547826340
S1-648498646	S2-547952537,S3-486706480,S3-101802293,S3-865843811
S1-324791688	S2-537090334,S2-694149401,S3-534670545,S3-920431113
S1-950541375	S2-572329941,S3-120682093,S3-328645781,S3-259292820
S1-488918103	S2-354161757,S2-569112342,S2-430043830,S3-208263182,S3-81505976,S3-792739787,S3-815633093
S1-404896478	S2-352662744,S2-731977369,S2-630120803,S3-432651134,S3-271982811,S3-599221285,S3-710018533
S1-53115850	S2-491066985,S2-581478878,S3-277992776
S1-24489461	S2-815985489,S3-319191238,S3-698041383
S1-442328598	S3-876508314
S1-452915409	S2-277630809,S2-145892046,S2-400361878,S2-416784108,S3-984801053,S3-167644574,S3-839668077
S1-460060907	S2-594934148,S3-958693093,S3-743298503
S1-884313858	S2-699776657,S2-998619729,S2-367302922,S3-589303841,S3-404911576
S1-531972184	S2-72484864,S3-484418261,S3-895611544,S3-6896435,S3-57264724
S1-206195420	S2-39878933,S2-254071780,S2-825936447,S3-205861927,S3-371750841
S1-748719926	S2-841961743,S2-58107459,S2-266004048,S3-683570055,S3-899008937,S3-782464625,S3-249859766
S1-184032570	S2-348519224,S2-234393329,S2-114124251,S3-83135243,S3-532869628,S3-109084669
S1-20211117	S2-589365229,S2-388392468,S3-172600850
S1-275521277	S2-801340524,S2-189199770,S3-318436018,S3-647176908,S3-681695968
S1-218925781	S2-623391992,S2-259598835,S2-524980817,S2-125452661,S3-231827444,S3-738157920
S1-271626135	S2-724573739,S3-76018615,S3-635354936
S1-204025649	
S1-477285411	S2-78218215,S2-917934822,S3-545289685
S1-654422109	S2-888123085,S2-332205628,S3-593438107
S1-365580092	S2-856561254,S2-488076019,S2-317545574,S3-52100951,S3-928986477
S1-245649528	S2-441894690,S3-145620037,S3-720198521,S3-664378835
S1-963222858	S2-649613870,S3-843473687
S1-516085350	S2-774465822,S3-776342127,S3-158721783,S3-595160256
S1-993509824	S2-476980924,S2-961068588,S3-317367865,S3-447833951
S1-22824658	S2-551036824,S3-18499227
S1-249444341	S2-709687549,S2-713710214,S3-18255887,S3-122402519,S3-883762832,S3-587301657
S1-652559119	S2-677796187,S2-302286557,S3-597020414
S1-896393786	S2-940523107,S2-556484537,S3-472812493
S1-252933342	S2-281108533,S2-64846755,S2-842709259,S3-226203109
S1-918745445	
S1-999793298	S2-30993986,S3-409291507,S3-988423078
S1-792331828	S2-950198374,S3-510816357,S3-511350207,S3-508877208
S1-466057270	S2-823821112,S2-384853003,S2-300093906,S3-326182520
S1-766746011	S2-804184492,S2-577875313,S3-536306241,S3-674901157
S1-508950511	S2-954729358,S3-880756386,S3-676856737
S1-610683375	S2-26811726,S3-881355839,S3-617896202,S3-522103823,S3-805302924,S3-155552060
S1-874252991	S2-752589052,S3-82186721,S3-664388436
S1-192694666	S2-3174498,S2-687573996,S3-665756659
S1-560687173	S2-331695730,S3-502245193
S1-54650728	S3-473048004,S3-408025176
S1-467463537	S2-858159643,S2-889401550,S3-490801731
S1-456627670	S2-974299362,S2-688387553,S3-112542641
S1-787633077	S2-204912992,S3-463785685,S3-213982340
S1-522630717	S2-893302084,S2-389427625,S3-275068923
S1-203664594	S2-491283568,S3-662199638
S1-339230631	S2-555217220,S2-741690235,S3-985139217,S3-32703806
S1-328151659	S2-637876265,S2-683955584,S3-125650334
S1-790489297	S2-142287206,S2-819558831,S3-949007290,S3-265139997,S3-868086170
S1-949017463	S2-974722816,S3-27097760,S3-680639336
S1-40410687	S2-946461286,S2-669098423,S2-390930626,S3-867973204
S1-648674437	S2-219572257,S2-498374890
S1-279826814	S2-77136004,S2-203161646,S3-708093706
S1-289177987	S2-192617945,S2-955695667,S3-440859537
S1-414800915	S2-952679025,S2-807519481,S3-940590208,S3-701023459,S3-739627639
S1-51747683	S2-165683763,S2-869316713,S3-279572275,S3-748423408,S3-698898158
S1-899325012	S2-41250728,S2-568174754,S3-932539004,S3-705648165
S1-802627782	S2-138783258,S2-97444752,S3-496523594,S3-742396007
S1-495025805	S2-552476993,S3-368606058,S3-973999072
S1-991414124	S2-649062654,S2-390356537,S3-772560712
S1-369168321	S2-839596510,S2-651386876,S2-681391367,S3-667371829,S3-372162350,S3-473032349
S1-112526361	S2-758261896,S2-186863229,S2-145868678,S3-576959530,S3-390250058
S1-131490572	S2-297542604,S2-325779845,S3-317276433
S1-305615809	S2-472000120,S3-236336965
S1-409650543	S2-139074824,S3-16317905,S3-203552147
S1-927440532	S2-86188652,S2-77764146,S2-330823411,S3-753135650,S3-372881864,S3-593914156
S1-891000663	S2-864709192,S3-143124328,S3-47039204
S1-496823241	S2-220048059,S2-503033341,S3-996548572,S3-336443478
S1-166762896	S2-370223203,S3-520627887
S1-105024171	S2-373031607,S2-301043713,S2-136215451,S3-448576965,S3-246634126
S1-23686105	S2-414539777,S2-31337,S3-782293568,S3-914665707,S3-722836144
S1-377688418	S3-868386731,S3-163508940
S1-328046969	S2-380499422,S2-958056389,S3-503258827,S3-846081075
S1-181869167	S2-797749404,S2-37152711,S2-511890526,S3-661396758,S3-332406427,S3-265788361,S3-719894224
S1-885101561	S2-560615943,S2-280511959,S2-880557953,S3-193884666,S3-12783073
S1-946766248	S2-93029693,S2-445250943,S2-348514051,S2-485894146,S3-839437818,S3-42435299
S1-139561492	S2-380467369,S3-607952877
S1-511730328	S2-151533674,S3-780433911,S3-606991699
S1-262971593	S2-333814869,S2-392836832,S3-452060162,S3-929437932
S1-266958879	S2-708232728,S2-689537112,S3-864058768,S3-762303367
S1-693371489	S3-673736153,S3-206648073
S1-719058727	S2-495404195,S2-680316972,S3-99100693,S3-582613097,S3-447053539,S3-21935061
S1-290456882	S2-9500524,S2-187254926,S3-373620660
S1-437527511	S2-365169175,S2-68949347,S3-855018784
S1-533377277	S2-264630825,S2-303968433,S3-891442110
S1-741005025	S2-633229828,S3-50581921,S3-23338912
S1-579280595	S2-772069179,S2-640867459,S2-620233209,S2-369736086
S1-510566437	S2-613045244,S2-948238675,S2-286357087,S2-48596064,S2-345962979,S3-695386328,S3-158124087
S1-461739450	S2-649036726,S2-821251373,S3-558917437,S3-2746932,S3-566277685
S1-415862416	S2-315194363,S2-505403791,S3-886157450
S1-398450481	S2-385586595,S3-759377126,S3-249578046,S3-265591138
S1-413283498	S2-139321896,S3-12739148
S1-199493266	S2-507369795,S2-774458743,S3-583935046,S3-212108867
S1-770352993	S2-422097910,S3-236374455,S3-567972184
S1-164703848	S2-142862530,S2-904812128,S3-319109217,S3-390925893,S3-685170082,S3-814875129
S1-806968166	S2-217234729,S3-977472590,S3-414323967
S1-697146449	S2-436766908,S2-150066242,S2-266156627,S3-303964155,S3-770105856
S1-899172866	S2-210847318,S2-206626649,S3-619333991,S3-831930534
S1-848600	S3-20928123,S3-554456770,S3-810237023
S1-158438642	S3-607937400,S3-945747424,S3-554656802
S1-526629905	S2-152214589,S3-748673073,S3-497872238,S3-836086456
S1-575292468	S2-750126749,S3-783385150
S1-157701658	S2-559851307,S2-908282545,S3-917674353,S3-119582599
S1-345922138	S2-791294424,S2-5135588,S2-564757060,S3-277782155
S1-713010447	S3-208587773
S1-566006038	
S1-351456514	S3-714570494,S3-496997692,S3-240726532
S1-659175940	S2-613612714,S2-693887351,S3-719605332,S3-454991795,S3-546731285,S3-30308105
S1-893723763	S2-388557592,S3-552421065
S1-208265877	S2-389320163,S2-960674808,S3-500147230,S3-820175618,S3-796676067,S3-304604516
S1-792008565	S2-36338861,S3-9702812,S3-190197555,S3-263593061,S3-350643796
S1-843027795	S2-924545112,S2-211719565,S2-113012386,S3-683503986,S3-740864397
S1-125224325	S2-452231962,S2-514011460,S3-619975146,S3-536516884,S3-679599806
S1-976613184	S2-117712949,S3-491968027,S3-354048083,S3-413697815
S1-257632353	S2-669885988,S2-231351544,S3-146292406
S1-545524803	S2-993139068,S2-705778415,S3-822626994,S3-417995903,S3-795545685
S1-500411885	S2-403819602,S2-178325435,S3-459224421
S1-608650704	S3-790756591,S3-482612541,S3-886480778,S3-236610036
S1-50985798	S2-62793794,S2-835218434,S2-987562900,S3-673025946,S3-518188367
S1-783767022	S2-110449439,S2-348807188,S3-122756882,S3-58789769
S1-554503611	S2-974531629,S3-584627509,S3-282691698
S1-245969003	S2-558864132
S1-634157262	S2-174326955,S2-28699528,S3-565725817,S3-512355311
S1-498470206	S2-152781535,S2-621587222,S2-398889367,S2-331579151,S3-106992723,S3-591535995
S1-287776257	S2-33831117,S3-627848239
S1-808031307	S2-253616091,S3-713711294
S1-630823015	S2-778270039,S2-601853564,S3-618402825
S1-380539050	S2-818165113,S3-126256049,S3-583210351
S1-616555905	S2-795028761,S2-833642527,S2-264107483,S3-295749080,S3-811658196,S3-255776436
S1-767815316	S2-387868042,S3-292854189,S3-703452951,S3-209152262
S1-568727299	S2-43265576,S2-666059057,S3-389418599,S3-332566397,S3-138116029
S1-813316363	S2-644692242,S2-150785318,S2-681440059,S3-19213696,S3-652171776,S3-614714629
S1-685781470	S2-219705157,S2-338197831,S3-115954595
S1-15207657	S2-759652107,S3-316025825,S3-327117405
S1-71853186	S2-742034863,S2-79076664,S3-169128817,S3-65624930
S1-30828216	S2-133440044,S3-297975383
S1-110358114	S2-105524377,S3-593737818,S3-5840140
S1-878734176	S2-687060095,S2-174992711,S3-270226127,S3-762784030,S3-551600011,S3-917140017,S3-871141316
S1-935881037	S2-249117269,S3-41712290
S1-19778635	S2-179306069,S3-287928641,S3-261088983
S1-44119323	S2-276696816,S2-30427141,S2-559775801,S3-936554558,S3-228797629
S1-893906980	S2-665961195,S2-100820806
S1-504350501	
S1-397265859	S2-929161568,S2-239491361,S2-66127979,S3-189158871,S3-195059630
S1-876353622	S2-376671581,S2-842315149,S3-367696080,S3-186436830
S1-919990000	S2-358876951,S3-470442455,S3-328964605
S1-314124505	S2-25627695,S3-732951528
S1-630300408	S2-233462358,S2-828781898,S3-578268002,S3-103285881,S3-372355021,S3-795571782
S1-645079990	S2-267536383,S3-463913385
S1-206383215	S2-512554151,S3-607340005
S1-397076570	S2-578741193,S2-265339375,S3-706703278,S3-44959056
S1-707761421	S2-855479993,S3-98208588
S1-291006550	S2-802673946,S3-308984392
S1-781488368	S2-741624237,S2-997794840,S2-523923189,S2-399367670,S3-368888176,S3-8618082
S1-918581728	S2-657186978,S3-882779110
S1-591372958	S2-334666602,S2-560268572,S3-545837717
S1-992044907	S2-710679279,S2-764543206,S3-157455416,S3-600844328
S1-891833169	S2-65554277,S2-25345424
S1-975176013	S2-425092140,S2-644458871,S2-617771618
S1-982117555	S2-254032875,S2-543550587,S2-794883572,S3-714962143,S3-729462103,S3-107134428,S3-381842201
S1-732622399	S2-281764783,S3-338304835
S1-643015070	S2-351325645,S2-361550648,S2-874289152,S3-400679152,S3-981181680,S3-975543625,S3-781121546,S3-789819369
S1-977619640	S2-801445382,S3-146910953,S3-754887118,S3-324903208
S1-141579887	S2-42948640,S2-606939325,S3-135616656
S1-210710424	S2-583856280,S3-754745824,S3-801016857
S1-959289452	S2-774760539,S2-681057362,S2-254046976,S3-73387273,S3-965365523
S1-322431043	S2-927700656,S3-177506864
S1-979544001	S2-73368939,S2-939349324,S3-35635500
S1-656762946	S2-214090483,S2-578685350,S3-67284676,S3-583507420
S1-105718195	S2-240803098,S3-142986969,S3-957553396
S1-841033361	S2-863328996,S2-769312514,S2-693311536,S3-518051304,S3-467871665,S3-955684402,S3-918852105
S1-656134487	S2-489435040,S2-219964354,S3-535353705
S1-47000058	S2-98303092,S3-123553717,S3-455575153
S1-934300024	S2-910948705,S3-173522998
S1-237593990	S2-883603032,S2-678326897,S3-591205642,S3-426518438
S1-231576704	S2-35077501,S3-312389749,S3-386769893,S3-296656130,S3-344111554
S1-140291661	S2-66198447,S2-221415035,S2-669683982,S2-401772093,S3-895404852,S3-778628129
S1-137335929	S2-72346574,S3-446601233
S1-20411953	S2-999521934,S3-857821552
S1-820336382	S2-219303846,S2-401077550,S3-411668539,S3-537666146
S1-271508520	S2-884777492,S3-100088502,S3-628453353
S1-89515542	S2-962076866,S2-678391041,S2-833196944,S2-498569785,S3-570033292,S3-136840549
S1-321022055	S2-198064319,S3-359894893,S3-329068583
S1-599095069	S2-506159000,S3-831680004,S3-55046329
S1-957362422	
S1-77254507	S2-379037597,S2-295772656,S3-729755790,S3-499534710,S3-806728416
S1-723044173	S2-888795874,S2-880259477,S2-523270071,S3-534553237,S3-875215873
S1-650460306	S2-161214121,S2-490180248,S3-669927430,S3-285516688,S3-783453431,S3-433878988
S1-42522792	S2-228571913,S2-89485102,S2-611083557,S2-875718933,S3-690916722,S3-596336658,S3-744650007
S1-523117558	S2-143599801,S3-71278252
S1-18939413	S2-604904804,S2-291663438,S3-966939839
S1-629163767	S2-52674082,S2-465534694,S3-881488587,S3-408849679
S1-209078690	S2-186789822,S2-707004303,S3-273679188,S3-484604096
S1-690406013	S2-915360811,S2-681227739,S3-315680650
S1-207046681	S2-776271608,S3-152664262,S3-736255158,S3-787267053,S3-85490560
S1-571615853	S2-401296659,S2-158273223,S3-180720339
S1-701301640	S2-50978224,S3-916103399,S3-845653644
S1-506712557	S2-156445110,S2-870234183,S3-572393266,S3-208768820
S1-487113768	S2-906647282,S2-550265164,S3-431039470
S1-178793521	S2-142597453,S3-926149790,S3-550750713
S1-533785440	S2-489235727,S2-554506939,S3-284333868,S3-639428960
S1-302994793	S2-261143802,S2-419098100,S2-171957980,S3-710606511
S1-5820188	S3-277907609,S3-664903327,S3-238489463
S1-528461216	S2-243947579,S2-369983795,S2-986424520,S3-849302191,S3-581458232,S3-693353279
S1-375269406	S2-779110011,S3-610084083,S3-356127831,S3-939866134
S1-463569965	S2-151325321,S3-707107845
S1-13868352	
S1-888009859	S2-151395388,S3-748770151,S3-807494923,S3-411453700
S1-339794592	S2-121522371,S2-46788538
S1-7137280	S2-613007188,S3-238810812
S1-331430250	
S1-115473906	S2-22250439,S3-373915625,S3-95091761
S1-8671920	S2-450206811,S3-46933825,S3-92308889,S3-761138393,S3-747970979,S3-41981471
S1-131959154	
S1-535440561	S3-167039605,S3-773007145
S1-187701150	S2-861344263,S2-618788354,S2-860157559,S3-917679928,S3-50679061,S3-189858736
S1-69750455	S2-843821503,S2-366805133,S3-393772344,S3-12340763,S3-114819790
S1-435910932	S2-669601684,S2-942673886,S2-272393210,S3-225520024
S1-205719324	S2-620275221,S2-984811332,S2-622055196,S3-824146648,S3-275719694,S3-260973630,S3-755823350,S3-693871742
S1-905277732	S2-624817179,S3-582384732,S3-364655040,S3-180323996,S3-118111096
S1-510631734	S2-360454809,S3-250639714,S3-826466149,S3-443951219
S1-84850956	S2-967489811,S3-584051787
S1-212451485	S2-61507062,S3-371250735,S3-381374369
S1-911389390	S2-599173421,S2-881652693,S3-258675975,S3-600772437,S3-442901882
S1-313820824	S2-780955553,S3-981046179
S1-64202419	S2-102032182,S2-62927550,S3-609793038
S1-979969298	S2-933423674,S2-498087062,S3-773349599
S1-842039708	S2-720372970,S2-909844426,S3-835932030,S3-508760287,S3-863145264
S1-78925738	S2-440540366,S2-168581794,S2-516547339,S3-296756308,S3-331663423
S1-424639725	S2-112715682,S2-467631838,S3-317343602
S1-481381982	S2-793685702,S3-444891013
S1-824196055	S2-414679372,S2-517764316
S1-580487130	S2-530209831,S2-812795829,S2-788162890,S3-212178294,S3-397707727,S3-465246788,S3-701487614
S1-10116501	S2-740833156
S1-204719901	S2-572328962,S3-406784524
S1-170294633	S2-291388792,S3-618616016
S1-814719853	S2-935587200
S1-763424926	S2-516427782,S3-682270808
S1-447302134	S2-442714289,S2-803969157,S2-305368460,S3-564085992
S1-324584200	S2-713677406,S3-271079967
S1-63283581	S2-65851039,S2-680235114,S3-813475156,S3-775358926
S1-7541800	S2-430586645,S2-905290002,S2-998905186,S3-138039651
S1-193874458	S2-27608014,S3-49672563,S3-901629045,S3-84259106
S1-27186029	S2-803786593,S3-353947348
S1-824851636	S2-909987058,S3-405269520,S3-175850528,S3-900561502,S3-467833828
S1-963080695	
S1-126264751	S2-28609388,S2-219975029,S2-310998533,S3-981012719
S1-534097218	S2-256750496,S3-600492019
S1-696462490	S2-997564600,S2-683510361,S3-768550949
S1-148426166	S2-790075213,S3-611177430,S3-898406939
S1-450001604	S2-534176860,S2-23836687,S2-772891858,S2-247131694,S3-476109794,S3-187670599
S1-766171321	S2-944583413,S2-236202525,S3-715322208
S1-164738321	S2-455329203,S3-173205744,S3-734522516
S1-508364591	S2-498551159,S2-555373640
S1-123181965	S2-116579523,S2-822102414,S3-224075922
S1-907787728	S2-999078805
S1-277174304	
S1-520031039	S2-18032421,S2-77158595,S3-213859720
S1-721650597	S2-651881457,S3-522931005,S3-161892258
S1-884353354	S2-83628894,S2-873361222,S3-291607009,S3-432966159,S3-947528525
S1-204753392	S2-868705226,S2-934637796,S2-887089510,S3-20213327,S3-434289977,S3-577708427,S3-342710731
S1-461085009	S2-663033517,S2-856671714,S3-984353324,S3-112712190
S1-354308269	S2-804962913,S2-418687791,S2-980022926,S3-285193477
S1-557250110	S2-391603755,S3-502734263
S1-244933092	S2-167085615,S2-226393497,S3-71910326
S1-534291364	S2-652939425,S3-80740765,S3-945144017
S1-988008540	S2-506282141,S2-687652785,S2-171879749,S3-295867524,S3-469719695,S3-770465654
S1-747179024	S2-224909665,S3-921142134,S3-924586900,S3-897185392,S3-969327489,S3-555774585
S1-6418799	S2-712534839,S3-853481957,S3-687464683,S3-72794742
S1-624023620	S2-616050736,S3-596705255
S1-181717025	S2-621538604,S3-845704349
S1-523267697	S3-576138867
S1-834709845	S2-59253508,S3-926262811,S3-239954092
S1-129519195	S2-199301987,S3-31441379,S3-416863983,S3-107048446
S1-103695802	S2-546828918
S1-915429474	S2-663572682,S2-476301698,S2-927050600,S3-191936261
S1-324839669	S2-225812932,S3-318993492
S1-151502066	S3-618597905,S3-258636488
S1-357979621	S2-160626976,S3-36739041,S3-432793436
S1-294884962	S2-261341631,S2-306293109,S3-777935514,S3-686034541,S3-464631282
S1-771892637	S2-12603058,S3-557172847
S1-481687751	S2-720758199,S2-44803580,S2-820119050,S3-488529618,S3-605828916
S1-320351831	S2-627561477,S2-622117926,S3-65475
S1-334453391	S2-214658955,S3-988471790,S3-710758499,S3-527973456
S1-494464395	S2-798885469,S2-860206632,S3-779283163,S3-494149913
S1-203686928	S2-108674213,S2-892956982,S2-929582966,S3-608064497
S1-771172361	S2-310405053,S2-501031122,S3-402959307,S3-849504125,S3-956879452
S1-343988766	S3-836170648
S1-178103731	S2-350229648
S1-921579519	S2-52088308,S3-457081347,S3-384563180
S1-392983593	S2-281349269,S3-574388109,S3-241218760
S1-617580396	S2-305451194,S3-772652669
S1-523969446	S2-178535,S2-878366059,S3-285730940
S1-344434923	S3-138300668,S3-644144072
S1-391957338	S2-221166784,S3-790764387
S1-613855566	S2-210659959,S3-330046573,S3-974761216
S1-154366306	S2-499077017,S2-240399370,S2-432096506,S3-905154554,S3-686332721,S3-729302419
S1-721216362	S2-837544218,S2-1868929,S3-640970432,S3-735494807
S1-539639955	S2-939154868,S2-800293663
S1-205666659	S2-202625392,S2-16883233,S3-204378644,S3-805624999,S3-917174828
S1-1931066	S2-931232905,S2-109234378,S3-545462339,S3-643186066,S3-118493837,S3-555531455
S1-505597396	S2-510259536,S2-746560602,S2-371399726,S3-667891329
S1-752480303	S2-730223032,S3-574613528,S3-964364572
S1-940135455	S2-934023847,S3-826783143,S3-422380514
S1-996566041	S2-773248052,S3-650730723,S3-828822992
S1-566019346	S2-147553228,S2-811376421,S3-650718934,S3-237684224
S1-404265222	S2-245512304,S2-312391162,S2-160997563,S2-972637846,S3-346088418,S3-943475851,S3-232252374
S1-112257569	S2-850202448,S2-328798331,S3-100348935,S3-932302998
S1-769841639	S2-656768022,S3-423201132,S3-238936429
S1-593138702	S2-690487774,S2-557045331,S3-784623638,S3-589993150
S1-482683720	S2-514435966,S3-391398717
S1-248878924	S2-223420479,S2-13768767,S3-134490502,S3-442985935,S3-138743633
S1-989170532	S2-193605194,S2-173679535,S2-462448272,S2-185785332,S3-621469669
S1-543190718	S2-721365554,S2-934452076,S3-808266622,S3-614477647,S3-378550387
S1-639109532	S2-120860115,S2-299336834,S3-767439662
S1-554810343	S2-735353425,S2-790242222,S3-903117646,S3-652350365
S1-459578672	S2-563498260,S2-546986960,S3-880271401
S1-158319367	S2-436726676,S2-925053791,S3-359484291
S1-942103589	S2-311175312,S2-161830365,S2-858472201,S3-66271589,S3-960043593,S3-676193800
S1-366914923	S2-673614821,S2-923735869,S3-637938055
S1-725923783	S2-651444139,S2-180864424,S2-876691383,S3-235524845,S3-119626892,S3-304723312
S1-312661196	S2-563370741,S2-363380355,S3-528226867,S3-311166239
S1-490034323	
S1-469665067	S2-319541668,S2-451072309,S3-543694748
S1-866028735	S2-642208355,S3-423782582
S1-840009026	S2-579743290,S2-801986912,S3-173903590,S3-254295115,S3-148818019
S1-935453426	S2-412575170,S3-744308421,S3-776707376
S1-796142439	
S1-706040206	S2-180774026,S3-97587982,S3-858966104
S1-678651113	S2-214931265,S3-148367024,S3-952986104,S3-829819044
S1-84889306	S2-967253692,S3-806762709
S1-396624773	S2-12355418,S2-801709383,S3-859661265
S1-651768230	S2-541269481,S3-662052057,S3-830435218
S1-385540471	S2-449701429,S2-879276941,S2-365936353,S3-660380320,S3-648297906
S1-711101297	S2-361620338,S2-756679581,S3-31867651,S3-641913361
S1-920945816	S2-412330898,S2-38407765,S3-672642207
S1-800000588	S2-980485952,S2-221250078,S2-409345768,S3-456578063,S3-38181120,S3-336212819,S3-576588068
S1-484154487	S2-780962278,S3-259985437
S1-991270070	S2-769576164,S2-802301983,S2-638578936,S3-80441542
S1-957070732	S2-899178557,S2-464211743,S3-107747562
S1-454472534	S2-225670786,S3-499759369,S3-913723019
S1-792484468	S2-323148896,S2-302995212,S3-194418405
S1-130913321	S2-104010715,S2-304905677,S2-252326408,S2-184536845,S3-53614353
S1-400514017	S2-516936620,S2-671199644,S3-27999684,S3-504772828
S1-512814372	S2-799757316,S2-184780367,S3-379716658,S3-463462041
S1-72524205	S2-444119639,S2-840053654,S2-53915712,S2-452192157,S3-14665581
S1-28569131	S2-431917353,S2-383171334,S3-879214753
S1-858299304	S2-414457878,S2-402206258,S2-972568660
S1-525915852	S2-989594164,S2-85417139,S2-285344520,S2-418250057,S2-421261867
S1-966452271	S2-600996604,S2-321023361,S3-545608071
S1-224258882	S2-909395225,S3-749523880,S3-432467213,S3-646458919
S1-95796628	S2-643662824,S3-565156638
S1-719187074	S2-581470976,S3-369926495,S3-706245058,S3-820102965
S1-419895621	S2-74037930,S2-988304099,S3-146954147,S3-929953735,S3-73669534,S3-642403664
S1-592214839	S2-311154618,S2-614510859,S3-392449839,S3-400250204
S1-315634788	S2-335709676,S3-803245636,S3-748206758
S1-560839865	S2-36786919,S2-934925533,S3-133048263,S3-607245689
S1-672255126	S2-637526953,S2-133513790,S3-600519082,S3-101727709
S1-952900624	S2-900676367,S3-137857728
S1-704862562	S2-24381822,S3-339340160,S3-741896739,S3-451068408,S3-432621578
S1-157821863	S2-106308815,S2-513014989,S2-863575313,S2-527409959,S3-389113484
S1-515579608	S2-682055422,S2-465980787,S3-689375515
S1-601567690	S2-194348490,S3-213867416,S3-916421124
S1-247670066	S2-25628252,S2-583241906,S2-710792131,S3-932131029,S3-828208913,S3-247212179,S3-332235317,S3-261127992
S1-86825320	S2-425431721,S2-127920599,S2-435150274,S3-404090351,S3-526342068,S3-980416620,S3-599391990,S3-267863365
S1-208135183	S2-61528175,S3-554770972,S3-338710713,S3-430053476
S1-124476462	S2-613658000,S2-749563284,S2-984554316,S3-694789894
S1-9564412	S2-392556006,S2-830555677,S3-943193815,S3-753837525,S3-950302273
S1-568289545	S2-315468964,S2-636792890,S2-555951213,S3-112300008
S1-398967949	S2-502899040,S2-132507719,S2-549295870,S3-995859800,S3-891890163,S3-155249105,S3-702358731
S1-875519441	S2-736916160,S2-967089395,S2-285753739,S2-808702111,S3-391487963,S3-90086430
S1-791846475	S2-295397364,S2-634085590,S3-593842715,S3-248374997,S3-270686599
S1-740705181	S2-435135598,S3-127389416,S3-778928771,S3-527285194,S3-507319028
S1-953813236	S2-739515874,S2-179324381,S2-596557724,S2-958273492,S2-751205738,S3-393737589,S3-367047149
S1-162502640	S2-28172736,S3-127832445
S1-522074381	S2-785232534,S3-13036102,S3-83649352,S3-218163594
S1-15998062	
S1-39513044	S2-524465440,S3-358381799,S3-851787088,S3-370181128,S3-478663250
S1-496252194	S2-220837717,S2-667638810,S3-109136292,S3-230533494
S1-217265022	
S1-5302736	S2-848346994,S3-710928651
S1-132328070	
S1-966266521	S2-990272115,S2-685623817,S3-762278984
S1-75391519	S2-250300826,S3-282170417
S1-793301244	S2-298558636,S3-203277397,S3-527601307
S1-112519932	S2-503598415,S3-158211603,S3-996043031
S1-589882029	S2-842065684,S3-187935913
S1-891444032	S2-745567484,S2-566431516,S3-610549985,S3-197834664,S3-59469509,S3-191212220
S1-465260631	S2-101254263,S2-348547822,S2-480723084,S3-157866554,S3-643962088,S3-934528194,S3-168348803
S1-699406450	S2-913511847,S3-551421217
S1-341762370	S2-686650405,S3-107720590,S3-518912226,S3-826941189
S1-541540473	S2-576279173,S3-462555317
S1-166207576	S2-948807694,S3-421759278
S1-36587468	S2-313457399,S3-809831025
S1-485080642	S2-827469759,S2-266605196,S3-469970820,S3-171446383
S1-626104941	S2-381348338,S3-640286398,S3-898642266,S3-385965346
S1-956951984	S2-187902307,S2-774664690,S3-3983995
S1-869363026	S3-569064325
S1-986940110	S2-973673183,S2-492174544
S1-732935039	S3-941030967,S3-125265555
S1-503624587	S2-125879519,S3-245988616,S3-562085460
S1-728564067	
S1-550396438	S3-38197772
S1-273724778	S2-969567528,S3-588523506
S1-597185356	S2-686142944,S2-512059400,S3-5677346,S3-534869484
S1-905362040	S2-792040988,S2-922916844,S2-588872834,S2-623487798,S3-171121263,S3-548936244
S1-19462154	S2-259297075,S3-280719149,S3-771096270
S1-186347944	S2-384534184,S3-658916895,S3-454469217
S1-882601053	S2-818678931,S2-541841023,S3-33220787
S1-600720167	
S1-955869818	S2-598456924,S2-993683883,S3-97207347
S1-327882974	S2-214156128,S2-710449141,S3-84602457,S3-979341399
S1-393137715	S2-110227763,S2-884413242,S2-671143994,S3-255109089
S1-385459625	S2-514824516,S2-701258210,S3-268995381,S3-72917607,S3-957221227
S1-600106886	S2-238029333
S1-115098763	S2-400029656,S2-139184966,S3-697963707,S3-428732199
S1-544796538	S2-75277626,S2-37456627,S3-229937426
S1-394271841	S3-853528681,S3-713508036,S3-349503187
S1-89283101	S2-252493526,S2-889160905,S3-142023882,S3-336182972
S1-827099844	S2-652685007,S3-47702944
S1-980447729	S2-694505829,S3-867703914,S3-302890003
S1-641947345	S2-825932667,S2-253263256,S3-11512694,S3-497420062,S3-530078060,S3-334595133
S1-365101649	S2-664389552,S2-516416896,S3-661823203
S1-72031983	S2-88139547,S2-864453128,S2-150978089,S2-422277599,S3-370070705
S1-681795953	S2-674065496,S3-14959892,S3-374316947
S1-657101389	S2-81099622,S2-56041887,S3-469081438,S3-641298451,S3-322392011
S1-981939326	S2-189102817,S3-635484626,S3-677301489
S1-963672191	S2-14206538,S3-915575458
S1-85872003	S2-522739755,S2-270708192,S3-452784607
S1-481696429	S2-621393062,S2-716045938,S2-646068655,S2-85519840,S3-413172740,S3-468716099
S1-305281102	S2-364087332,S3-868834520,S3-736611163,S3-866060361
S1-320471372	S2-713364360,S2-287174851,S2-844038451,S3-953622884,S3-330826218
S1-515753417	S2-102973583
S1-883707341	
S1-311538228	
S1-634996038	S2-710720952,S2-751511960,S3-957270405,S3-861861296,S3-524270117,S3-222639496,S3-194590246
S1-688737552	
S1-771316211	S2-934441371,S2-108412098,S2-520282544,S3-218482364,S3-35955258,S3-252205107,S3-73641856
S1-797495343	S2-791723635,S2-668928926,S3-170668977,S3-825824294,S3-360049973,S3-272196958
S1-766437964	
S1-633944426	
S1-412695997	
S1-531346304	S2-206566991,S2-141015667,S2-641420269,S2-748326997,S3-776981587
S1-731117697	S2-863117929,S3-909555485
S1-903336553	S3-148575054,S3-452078447
S1-392356173	S2-848488987,S3-218206814
S1-676269578	S2-196759860,S3-531128595,S3-722371787,S3-652305074,S3-767421952
S1-80507041	
S1-803986960	S2-537234061
S1-781153094	S2-459004072,S2-440814763,S3-786381217,S3-501930351,S3-386843234
S1-850017480	S2-93165825,S2-352411678,S2-441959811,S3-860886029,S3-809162425
S1-323194797	S2-503921208,S2-748293775,S3-825097257,S3-202068416
S1-655879595	S2-255293343,S2-310125619,S2-492139148,S2-258940933,S3-786388764,S3-835566404,S3-347875869
S1-900637137	S3-684123739,S3-446368763
S1-540793968	S2-614028448,S2-350577188,S3-802694790,S3-746162814
S1-619239421	S3-113861273
S1-573775797	S2-361823008,S3-666044468,S3-480432714
S1-436378479	S2-47855815,S2-252094195,S3-930839612,S3-235492159,S3-182541273,S3-188038068,S3-583390054
S1-666704319	S2-396059623,S2-521412105,S3-747716302
S1-179442204	S2-131839767,S3-74910819
S1-495601056	S2-842391967,S2-570432535
S1-838631710	S2-360050092,S2-176738375,S3-533262366,S3-284074483
S1-630721611	S3-424179210,S3-442029520
S1-793024649	S2-814915081,S3-381507694,S3-987679240
S1-833202185	S2-254966344,S3-385420909,S3-825037219
S1-383025855	S2-134079294,S2-726417854,S3-478436576
S1-870438334	S2-218118777,S2-564300576,S3-437039497,S3-254396588
S1-418342318	S2-562229782,S3-258109980,S3-436472566
S1-410358156	S2-794504163,S2-80890037,S2-378414491,S2-369286186,S3-56996132
S1-500650454	S2-803095898,S3-397661897
S1-215512899	S2-366444779,S3-750543144,S3-312541992,S3-652623578
S1-319041376	S3-561100296
S1-270938332	S2-347529290,S2-678348004,S2-417300028,S2-443217050,S3-802629271,S3-532011957,S3-308626742
S1-679735772	S2-205756975,S2-172782846,S3-742036662,S3-242009983
S1-271181070	S2-942391372,S2-544086410,S2-299433826,S3-817797656,S3-999451169
S1-350120551	S2-376882337,S2-471923322,S3-368582028,S3-691507112,S3-405897998
S1-748644596	S2-21332195,S3-496108402,S3-846411865,S3-438868988
S1-851293213	S2-639411925
S1-565063965	S2-415127569,S2-704431792,S3-808675345
S1-267176649	S2-39877947,S2-333311177,S2-561373270,S2-125272285,S3-74848352,S3-561070641
S1-234144173	S2-708316552,S2-298061586,S2-221931756,S3-794060371
S1-792714065	S2-364528277,S2-861568708,S3-832780213,S3-113703491,S3-324544968
S1-406701568	S2-504133394,S2-350236642,S2-16026590,S3-197818228
S1-607370640	S3-872524176
S1-113133958	S2-427312704,S2-583671212,S2-199255434,S3-410315937,S3-344608689
S1-160016006	S2-560254637,S2-440193208,S2-674751974,S2-157467536,S2-357762866,S3-974957779
S1-956370368	S2-479276942,S2-569181138,S3-413348437,S3-258124966,S3-1381371
S1-643024884	S2-820860624,S3-665133862
S1-114023154	S2-911896767,S2-18506243,S2-635001001
S1-436407826	
S1-771717314	S2-781378341,S2-999882931,S3-65310291
S1-439957781	S2-435847114,S2-489698558,S3-620264383,S3-494505115
S1-621316839	S2-299591716,S3-328661886,S3-268194231,S3-389670368,S3-827377385
S1-965712265	S2-802218945,S2-622455127,S2-159743768,S3-440193070,S3-664782611
S1-37717875	S2-727575204,S2-327720839,S3-412948556,S3-381099460
S1-398329243	S2-854470084,S2-704551882,S3-642946177
S1-177817586	S2-649408542,S3-630926509,S3-619430150
S1-412636540	S2-705093565,S3-914891719
S1-78448293	
S1-901280508	S2-62840738,S3-640751197,S3-927831176
S1-290985778	S2-142935099,S2-15531112
S1-751727077	S2-979139679,S3-357893144
S1-137834425	S2-396313380,S2-709067469,S3-350982901
S1-302470277	
S1-405798448	S2-145906807,S2-226111450,S2-651661511,S3-638855345
S1-25684571	S2-928423322,S2-894826650,S2-51655671,S2-381446572
S1-625628532	S2-129965150,S2-533961774,S3-808341427
S1-243163990	S2-653122428,S2-669032449,S3-645681879
S1-864067799	
S1-346721247	S2-579138387,S2-97502848,S3-363660630
S1-894141939	S3-904162102,S3-959755370
S1-222373157	S2-80659537
S1-415197315	S2-150097413,S3-262602107
S1-330893510	S2-688155094,S2-156764633,S2-541664858,S3-952361645,S3-82935032,S3-888563379,S3-404239823,S3-927457803
S1-600548479	S2-510673459,S3-391189156
S1-381711212	S2-964112626,S2-955042350,S3-926350113,S3-690341521,S3-365922603
S1-362724033	S2-978819597,S2-5505750,S3-851373018
S1-706171686	S2-286080286,S2-644822298,S2-848332818,S3-609710144,S3-91345926
S1-136642170	S2-396286353,S2-970625463,S2-320118130,S2-784377896,S2-786096985,S3-915221745,S3-964310661,S3-499636972,S3-22959780
S1-721335053	S2-553813299,S2-627559510,S3-580239601,S3-497345199
S1-567086201	
S1-540492884	S2-121460825,S2-31291318,S2-797167617,S3-128609595
S1-974444839	S2-677900225,S3-731075565
S1-712962763	S2-421299830,S2-723238705,S3-184009285
S1-351784237	
S1-55614270	S2-964435410,S2-234392744,S3-601652462,S3-717570408
S1-379625157	S2-224012941,S3-7103197,S3-985889644,S3-880331497
S1-324463217	S2-100462139,S3-427718919
S1-142671842	S2-899689078,S2-831312248,S3-74422811
S1-83999560	S2-481301231,S2-143346334
S1-979620776	S2-638420463,S3-954334811,S3-678633648
S1-432697664	S2-224247815,S3-546242483,S3-397967268
S1-100529946	
S1-527363281	S2-966369579,S3-563917182
S1-140740900	S2-497118955
S1-491494549	
S1-857395965	S2-209854209,S2-126111225,S3-816672735
S1-62417353	S2-45561357,S2-754901948,S2-924961098,S3-94660278,S3-895325453
S1-532951802	S2-830566081,S3-746076370,S3-428503519
S1-738495552	S2-468536780,S3-868567721,S3-497802972,S3-392707538
S1-979521858	S3-665145863
S1-497375444	S2-260034492,S3-234861046,S3-420313541
S1-351876810	
S1-568251507	S2-19268645,S2-557714571,S3-449275565,S3-770181631
S1-594687375	S2-17089106,S3-923116602
S1-794896296	S2-582575164,S2-999994262,S2-274085296,S2-696585499,S3-583276468,S3-549364956
S1-695973476	S2-456372671,S3-358613229,S3-195210978,S3-260908243,S3-791029312,S3-467759955
S1-876104916	S2-988868841,S3-587529322,S3-619606636
S1-713046093	S2-130918863,S2-517094113,S2-311532726,S3-704828777
S1-561550342	S3-286345984,S3-575620374
S1-309935059	S2-660347654,S2-947945857,S3-299065440,S3-733954120
S1-875368283	S2-829833293,S3-498090895,S3-869272943
S1-800549214	S2-745668622,S2-381476258,S3-593805711
S1-729355346	
S1-634576794	S2-610957973,S2-213056876,S2-987561650,S3-961212515
S1-988063290	S2-70117251,S3-781065636,S3-887583629,S3-507490375
S1-373097350	S2-399278451,S3-358010974
S1-949531652	S2-571806488,S2-701668869,S2-900380789,S2-856112535,S2-511171621,S3-871074634,S3-715204016
S1-178691377	S2-480683290,S2-126582274,S3-599555351,S3-104592165,S3-232055451,S3-952683344
S1-70450706	S2-680086967,S2-54216339,S2-980392060,S2-310585273,S3-610924000,S3-630544266,S3-195725773
S1-424059358	S2-782590852,S3-138409879,S3-697008703,S3-626504994
S1-519264995	S2-136346628,S2-875966049,S3-367055389,S3-621986617
S1-562474687	S2-325581241,S3-145380341,S3-452413701,S3-650630864
S1-71838033	S2-120173773,S2-861433388,S2-278345468,S3-943855931
S1-653870372	S2-172868312,S2-841713349,S3-683778252
S1-347340751	S2-78443405,S3-861750772,S3-692446750,S3-475226921
S1-291963455	S2-394907323,S2-476355141,S3-31028996
S1-33824149	S2-329686106,S2-490459212,S2-851127997,S2-157432707,S3-657675877,S3-357588173
S1-358965330	S2-370264249,S2-791578053,S2-201859161,S3-966882293,S3-992195795
S1-942670455	S2-421285103,S2-771478955,S2-561073551,S3-985752763,S3-258576046
S1-400670204	S3-277697530,S3-839130654
S1-231078760	S2-94089019,S2-531167889,S3-806291557,S3-819661962,S3-476835093,S3-500623822,S3-560780089
S1-718538182	S3-200505825,S3-314111232
S1-396350646	S2-94608451,S2-812987886,S3-333560924
S1-530169622	S2-868412693,S3-181294885,S3-415283339
S1-512633238	S2-453136065,S3-566795584
S1-487987475	S2-554040045,S2-194064478,S2-147293189,S2-149521901,S3-459041489
S1-854295433	
S1-440800917	S2-528274074,S3-157163729
S1-31024399	S2-941520588,S3-238329771
S1-524719550	S2-904523963,S2-612649038,S3-320761448,S3-380727616,S3-225576822,S3-645292630,S3-920972857
S1-814377	S2-409771712,S2-396981184,S3-533265920,S3-586616478
S1-781500861	S2-51703405,S2-311177145,S3-233640172,S3-39063244
S1-48368203	S2-104750660,S3-193654741
S1-183200241	S2-73408712,S2-459373085,S3-669831583,S3-331715597,S3-890682595,S3-604754274,S3-609748620
S1-387723031	
S1-655036968	S2-277924402,S2-981137480,S2-429637669,S3-778063035,S3-750786270
S1-227680973	S2-498882119,S2-217839392,S3-373747435
S1-670333488	S2-792414517,S2-489483967,S2-264649633,S2-644693420,S2-832944685,S3-333654884,S3-95291067,S3-43991527
S1-882063407	S2-115497647,S3-595245936
S1-341907921	S2-241952676,S2-834354390,S3-623504600,S3-374199706
S1-398415740	S2-403199066,S2-623407920,S3-981260176,S3-942188312
S1-269639970	S2-399960821,S2-750706936,S3-961377419,S3-623734273
S1-321267232	S2-937459898,S2-327809063,S3-437818210,S3-666950796,S3-903292395
S1-503958794	S2-375677540,S3-236630190,S3-606690831,S3-238186629
S1-850818418	S2-993860354,S2-370113823,S3-783774990
S1-741655711	S2-323607476,S2-255860044,S2-129805306,S3-191212057,S3-581455923
S1-345783336	S2-546318263,S3-699563456,S3-450196908
S1-965958595	S2-583860334,S2-278116579,S2-643676343,S3-878851703
S1-586892756	S2-847687942,S3-527913649
S1-607497089	S3-224023938,S3-337621496
S1-556108422	S2-842527665,S3-865441112
S1-430687099	S2-439833296,S2-246722030,S3-376423775,S3-273359959
S1-212373524	S2-351947470,S2-685082174,S2-945312423,S3-329320471,S3-63356492
S1-850446969	S2-878819356,S3-963734333
S1-826524016	S2-870650944,S2-363310951,S3-387291187,S3-374079628
S1-43373069	S2-793354632,S2-918266767,S3-519503429,S3-385946354,S3-974557861
S1-426560207	S2-436462556,S2-98984528,S2-774324456,S2-392521505,S3-542451065,S3-177979827,S3-580006548
S1-386673042	S2-889926061,S3-900328835,S3-770311849,S3-484376922
S1-25084594	S2-47871183,S2-903097067,S3-552747915,S3-484423515,S3-65437316
S1-368495293	S2-4034067,S2-436892201,S2-170955339,S2-492869815,S3-379127858,S3-213927572,S3-493521023
S1-521626372	S2-762899008,S3-470834837,S3-543813107
S1-851195447	S2-919452788,S2-315368986,S3-843622921,S3-731578646
S1-482000700	S2-258817673,S2-146102141,S3-815553885
S1-141671826	S2-332967447,S2-309898305,S3-498340824,S3-327354085,S3-689831557
S1-289459147	S2-813342823,S2-198552227,S2-271530909,S2-910621686
S1-480708275	S2-887167913,S3-204722344
S1-571266030	S2-927041056,S2-714684684,S2-319681733,S3-921711812
S1-842315034	S2-116315519,S2-67103106,S3-532480898
S1-156986701	S3-275191759,S3-887918572
S1-784994616	S2-205306212,S3-859802451,S3-87545049,S3-279790634,S3-545786
S1-217423954	S2-678265916,S2-808030809,S2-634115420,S3-300321883
S1-96338336	S2-409378627,S3-447056930,S3-920752261
S1-344347269	S2-399869656,S2-924676412,S2-901592090,S3-415566251
S1-253121843	S2-76651018,S2-572748604,S3-344817199
S1-3309490	S2-846436669,S2-821053702,S3-677969969
S1-623792187	S2-29777583,S2-413991246,S2-567404836,S2-419479266,S2-907813893,S3-256054588
S1-20298895	S2-798197126,S2-782724387,S2-842245274,S3-366117297
S1-932102645	S2-894605892,S2-1498472,S3-6645256
S1-914584709	S2-195369224,S3-999256540
S1-512727807	S3-255392577
S1-728080300	S2-124898446,S2-985455038,S3-350414512
S1-521858015	S2-123482045,S2-264629328,S2-783803473,S3-527280897,S3-584254571
S1-381331448	S2-846566829,S2-274387152,S3-388291526,S3-497176249,S3-992279483
S1-480122257	S2-730744678,S3-437173366
S1-651259781	S2-38064413,S2-880119551,S3-146336679,S3-295580995
S1-590027248	S2-296029862,S2-403839736,S2-172573508,S3-715420927,S3-602127767,S3-614819919
S1-705701290	S2-77210747,S2-553474504,S3-56152962
S1-500487204	S2-195006399,S3-657740053,S3-199325268,S3-4480893
S1-109401009	S2-989888750,S2-808310177,S3-746958838,S3-155078946
S1-9260664	S2-106771021,S2-371304258,S2-879674980,S2-918199268,S3-436675152,S3-124670159
S1-297845780	S2-804559966,S2-114769230,S2-897945358,S2-804737148,S3-530162824,S3-961267277
S1-254283235	S2-813825574,S3-910701524,S3-320619671,S3-269636139,S3-129639777
S1-19468744	S2-808533530,S2-311440052,S3-325770201
S1-383668456	S3-53969164,S3-377063102
S1-702841802	S2-84586593,S2-923713495,S3-787682504,S3-460308135,S3-24282388
S1-892075754	S2-510150662,S3-565185832,S3-90776743,S3-78434019
S1-916136510	S2-876037185,S2-532842279,S2-499190683,S3-714070981,S3-546715248
S1-99831869	S2-77201976,S2-233802966,S2-223512626,S2-250400079,S3-972238839
S1-323065704	S2-261343362,S3-547495736,S3-957994031,S3-163467420
S1-328071336	S2-617199320,S2-208396550,S2-203229111,S3-300871008,S3-312712305
S1-916737786	S2-328669965,S2-986707784,S3-771657940,S3-231142306
S1-490029337	S2-349921650,S2-183833798,S2-123604747,S3-891035030,S3-175688265
S1-856310744	S2-201110115,S3-365315355
S1-113859821	S2-947833665,S2-52679544,S3-400378426
S1-572447282	S2-511894886,S2-284528679,S3-388735524,S3-355437080
S1-989341704	S2-639453851,S3-193223112
S1-78526724	S2-748911580,S2-746659645,S3-583610887,S3-57441564
S1-400474708	
S1-274976082	S2-950588327,S2-599029009,S2-886163448,S3-948609951,S3-151220910
S1-167534891	S2-563856920,S2-339856749,S2-297865489,S3-492989091,S3-130354943
S1-587447810	
S1-550762638	
S1-184125083	S2-443976814,S2-58199108,S3-859257718
S1-178713737	S2-158796893,S3-656197824,S3-763609842
S1-500160636	S2-18064079,S3-347553823
S1-852466051	S2-182449963,S2-522304175
S1-874958435	S2-390369897,S2-422210904,S3-451814126
S1-914557817	S2-510281361,S3-800335630,S3-705507487,S3-503109702,S3-90129712
S1-103825891	S2-760696885,S3-619870109,S3-542579550
S1-98771588	S2-474560037,S2-955055921,S3-776836989,S3-7916715,S3-58176288
S1-89542864	S2-425089290,S2-641678833,S3-564431993
S1-343492052	S2-941596798,S2-887887876,S2-985134700,S3-214201457,S3-507249714,S3-80622158
S1-287760985	S2-246640765,S2-577904310,S3-436846611,S3-983630260
S1-425424363	S2-539079078,S3-976176308,S3-355719873,S3-326701889
S1-895543029	
S1-204779220	S2-77466618,S3-523685191,S3-903064337
S1-32341884	
S1-580676278	S3-412233032,S3-138453344
S1-624692149	S3-127929954,S3-25132910
S1-998734336	
S1-528124567	S3-132230104,S3-180354297,S3-847967391
S1-240930963	S2-653218975,S2-790643001,S2-741794533,S3-851919410
S1-59304689	S2-141055796,S3-171789587
S1-231158168	S2-926392303,S2-734955543,S3-939753071,S3-48883979
S1-771906567	S2-886123988,S2-427444450,S2-64233797,S3-785437231,S3-241171211,S3-275191338,S3-114101619
S1-907109064	S3-219832433
S1-911864057	S3-639992292
S1-35092676	S2-512629942,S2-188792910,S3-612868203,S3-443274188
S1-615400045	S2-950085591,S2-560848410,S2-922936397,S2-294162983,S3-74552567,S3-107462489
S1-643836901	
S1-943155701	S2-564811728,S2-262510226,S2-357601811,S2-63810631,S3-814353567
S1-864859878	S2-577592299,S2-650536091,S3-185320634,S3-675832482,S3-631400993
S1-266737387	S2-847784195,S2-416994376,S3-653318242,S3-568362571
S1-536879606	S2-500457129,S3-272909791,S3-407865856
S1-590430656	S3-613730352,S3-725360747
S1-203040890	S2-798694816,S3-158731583
S1-795107791	S2-56716248,S3-78681238,S3-311232861,S3-453301065
S1-109399068	S2-698480529,S3-235065921,S3-626041741
S1-775325168	S2-398634951,S2-290600059,S3-264257646,S3-656210749,S3-532251055
S1-277972866	S3-210173226
S1-92498702	S2-614427541,S3-466570236,S3-541930472,S3-294829772
S1-257580374	S2-308851242,S2-577967025,S2-203127734
S1-915559306	S2-405617690,S3-750944914
S1-820530310	S2-12491312,S2-841184930,S3-467743039,S3-729277240,S3-802721688
S1-533715224	S2-580903768,S3-166402344,S3-707568573,S3-795512300,S3-355540256
S1-568500353	S3-915625591,S3-316900901,S3-868647773
S1-286084134	S2-395252846,S2-763479402
S1-315204299	S2-640639622,S2-937545760,S3-460723621,S3-674313795
S1-377971860	S2-214660200,S2-727245172,S3-623882086,S3-545645390,S3-19813355,S3-157445807,S3-623929954
S1-781841522	S2-23030099,S2-843033182,S3-412836082,S3-260084998,S3-403203372
S1-940093331	S3-46785794,S3-380958747,S3-874572576
S1-839648667	S2-332020859,S3-564607278,S3-910404106
S1-33389796	S2-790164547,S2-982593247,S3-796316998,S3-570789831
S1-48623715	S3-872878364,S3-623531022,S3-823749924
S1-371692247	S2-734408741,S2-831840306
S1-958290776	S2-600741081,S3-963602477,S3-462689551
S1-868688961	S2-156444913,S2-555643957,S3-137044392
S1-718814268	S2-639273351,S2-495003397,S3-264252500,S3-192928481,S3-494293387,S3-637636387
S1-230903431	S2-177022041,S3-205217432,S3-479452333
S1-738180057	S2-197475440,S3-310829139,S3-168154562,S3-537384104
S1-171227578	
S1-307327482	S2-124017311,S3-172969428,S3-916500520,S3-435553228
S1-132982204	S2-337204406,S3-919997293
S1-443423436	S2-886046201,S3-782877402,S3-799841407
S1-65356113	S2-784564008,S3-859284632,S3-634051861
S1-198912725	S2-469318913,S3-275967712,S3-42275994,S3-559464372
S1-625810213	S2-44859880,S2-891700200,S3-40038947,S3-72328381,S3-390893628,S3-922460338,S3-480342227
S1-593308496	S2-244733676,S3-454173632
S1-572858032	S2-88451936,S2-27226095,S3-182258572,S3-773087053,S3-631918817
S1-950704113	S2-207756282,S2-400952278,S3-185415922,S3-950945912
S1-5533077	S2-204523964,S3-145029809
S1-307153352	S2-467286787,S3-305192563,S3-158098567
S1-594722761	S2-292345951,S2-688114760,S3-37654601,S3-982448080
S1-873848523	S2-711125220,S2-71544118,S2-668242718,S2-597158381,S2-814843234,S3-453290498,S3-424926212,S3-142187604,S3-676306349
S1-741114706	S2-638990969,S2-60526899,S2-341378716,S2-373118190,S3-650803293,S3-436718631,S3-107877092,S3-375075558
S1-712845575	S2-549243243,S2-26295189,S3-350865456
S1-123136903	S2-651513571,S2-287114287,S2-95348074,S2-496749855
S1-450786991	S2-363756741,S3-845531711
S1-386190954	S2-209051153,S2-776190279,S3-966253717
S1-648739308	S2-607044424,S3-841409491,S3-710720933
S1-552559165	S2-709676000,S3-461919889,S3-708421804
S1-694075438	S2-362473847,S2-507280465,S2-783548130,S3-651610471,S3-782781338,S3-827961798
S1-304418037	S2-194415015,S3-267785324
S1-881381966	S2-850591326,S3-423450213,S3-156233860,S3-910639367
S1-14452666	S2-676418591,S2-343420221,S2-292593360,S3-871832947
S1-509364858	S2-85549158,S3-124125967
S1-428865188	S2-97302149,S2-776297735,S2-517342186,S3-483254711,S3-145686998
S1-27528968	S2-841133172,S3-464510025,S3-681781536
S1-466701080	S2-172670655,S2-792516556,S2-852765186,S3-123629583,S3-525902826
S1-303213089	S2-247240698,S3-68913908
S1-853288386	S2-25794428,S3-43786485,S3-968523258
S1-207103226	
S1-870643264	S2-598331578,S2-455192796,S3-986200652,S3-104092293
S1-671467544	S2-450075642,S2-569518315,S2-615620081,S3-635354828,S3-285187566,S3-519086447,S3-366930110,S3-960076840
S1-37853003	S2-654977948,S3-741722144,S3-971887014
S1-283711671	
S1-221158258	S2-137153167
S1-125222536	S2-390954152,S2-391961047,S2-348377481
S1-569430193	S2-705430014
S1-799847590	S3-649264995,S3-673757316,S3-949584587
S1-469254908	S2-128518980,S2-244721902,S2-130370285,S2-109031872,S3-85527993,S3-380155617
S1-106509381	S2-975404119,S2-294386387,S2-482189143,S3-839891425
S1-675330162	S2-702205571,S2-756537829,S3-647386568,S3-71464082,S3-64272339
S1-884575132	S2-156001025,S2-627389459,S3-865875927,S3-850873457,S3-260704685,S3-736352560
S1-103999509	
S1-241387504	S2-954237619,S2-818353608,S2-754112404,S3-739876919,S3-816775921
S1-914370646	S2-580063920,S2-613528884,S3-999531536,S3-83783238,S3-948486466,S3-73976213,S3-932431736
S1-863718413	S2-385709740,S3-252006867,S3-306563694
S1-745710002	S2-892753181,S3-339711519,S3-555335225
S1-942865013	S2-630565735,S3-133757167,S3-742234149
S1-673396611	
S1-147894543	S2-500352930,S2-548630842,S2-546213877,S2-391005580,S3-265072444
S1-993681177	S2-192783931,S3-594725719
S1-98540790	S2-424753655,S3-108370598,S3-62207619
S1-418983739	S2-515441795,S2-529740127,S2-350955944
S1-8710235	
S1-933622160	S2-782377053,S3-210057214,S3-384372930
S1-87101629	S2-874957780,S2-299334524,S2-47430326,S3-483073557,S3-449975264,S3-772930251,S3-555529902
S1-1890230	S2-646716271,S2-440586459,S3-173234216,S3-394289498
S1-806911662	S2-783528642,S2-681770175,S3-182617946,S3-757715237,S3-158119305
S1-654016539	S2-582189198,S3-398757971,S3-908407194
S1-840008449	S3-588569532
S1-292189304	S2-843813954,S3-590741128,S3-594126218
S1-396315958	S2-774735916,S2-41521501,S2-255302591,S2-289142836,S3-256678626,S3-260863102,S3-341045580
S1-693351627	S2-138257415,S2-130022677,S3-779121429
S1-544945591	S2-106957088,S3-308718756,S3-293587175,S3-496977597
S1-85828136	S2-447295290,S2-923026952,S3-446395209
S1-609520452	S2-57816783,S2-446934312,S3-545255725,S3-840508908,S3-158942726
S1-555068093	S2-979750395,S3-515511681
S1-118105384	S2-572870582,S2-344053028,S3-849442940
S1-962711858	S2-477629116,S2-530045693,S2-413287195,S3-717483527,S3-918434814
S1-215584606	S2-14586796,S2-133427601,S3-20760797,S3-57219897,S3-403328629
S1-75516635	S2-945390007,S2-999172118,S3-724354212
S1-675482634	S2-815892289,S3-576883029
S1-854876973	
S1-450429185	S2-205127429,S2-512879192,S3-76279686,S3-502287794,S3-719322532
S1-66521698	S2-274281141,S3-89229960,S3-216966027
S1-11005970	S2-477469747,S3-437614771,S3-717005139
S1-651174924	S2-435492857,S2-350793056,S3-881689915,S3-77547342
S1-767814695	S2-61443140,S2-432161957,S2-719010242,S3-849219668,S3-754947344,S3-188158964
S1-420336356	S2-28462004
S1-786553935	S2-760293635,S3-175433348,S3-605772851
S1-775593965	S2-83406038,S2-536112672,S2-488534534,S2-772715993,S3-879962872,S3-558601228
S1-745327270	S2-990365700,S2-56675385,S3-499907285
S1-960332694	S2-14987615,S3-795936298
S1-753671245	S2-183254658,S2-980616180,S3-323995832,S3-417080414,S3-834047699
S1-818291842	S2-107671769,S3-181228189,S3-133422109
S1-23378033	S2-394546355,S3-843251887,S3-68348887,S3-463822549
S1-314911084	S2-883757532,S2-632048258,S2-3647125,S3-117788488
S1-520930345	S3-362708949,S3-422390733
S1-183383090	S2-694683355,S3-995811405
S1-276764109	S2-111622392,S2-427540739,S3-283500897,S3-540415167,S3-189048254
S1-519178141	S2-771006321
S1-42520307	S2-465329479,S3-61904933
S1-863135603	S2-251471807,S3-186544095,S3-857644906
S1-838777864	S2-398317057,S3-233998190,S3-112475277
S1-419094432	S2-415093527,S2-820562078,S3-994701065,S3-352097061,S3-980175993
S1-314595162	S2-795999510
S1-56337589	S2-735517579,S3-981440336
S1-617545907	S2-547368479,S2-603225063,S3-148860286,S3-117328598,S3-756509388,S3-347569388,S3-209060188
S1-630733612	S2-778508944,S2-5355308,S2-186861797,S2-379278172,S3-561768033,S3-832930752
S1-114004303	S2-943191667,S2-684897521,S2-678138208,S2-868581245,S3-78319059,S3-576432616,S3-570076205
S1-170427713	S2-340662129
S1-275500294	S2-419709586,S2-132064097,S3-833589120,S3-613533368
S1-676824866	S2-313358055,S2-350154650,S3-953422371,S3-582897988,S3-40491217,S3-673764714
S1-696374587	S2-427641626,S2-548740825,S2-403010166,S3-965374193
S1-988499116	S2-985969718,S2-997521515
S1-460082238	S2-790792304,S3-564781311,S3-425535714
S1-813361285	S2-791134808,S2-932409178,S3-810494697
S1-354101614	S2-577107988,S2-628983834,S3-797863504,S3-282758580,S3-59560872
S1-410082965	S2-22403007,S2-150732562,S3-605778477,S3-777122861,S3-844319579
S1-547741249	S2-200612315,S2-298606125
S1-410404563	S2-140018920,S3-238079181,S3-211237726,S3-357231829
S1-797119898	S2-133822462,S3-363354629
S1-858636025	S2-889023678,S2-770421865,S3-322599984,S3-889952410
S1-781466250	S2-647755326,S2-862944640,S2-292884852,S3-124825108,S3-813430184
S1-885489266	S2-221158836,S2-81984216,S3-172766648
S1-625970269	S2-306061487,S3-548985900,S3-179401156,S3-702823884,S3-504771343
S1-798857186	S2-732541059,S2-123386704,S2-860381598,S3-141948547,S3-888202193
S1-11480320	S2-66759419,S2-472714210,S3-495672658,S3-829092134
S1-933353710	S2-540175358,S2-316018798,S3-211555444,S3-926435288
S1-21820782	S2-967226633,S2-462047179,S3-355310653,S3-237689926
S1-902072822	S2-521447984,S2-670318189,S3-88034232,S3-927443455
S1-164105080	
S1-693913998	S2-395199471,S3-592357727
S1-658658931	S2-803328014,S2-150064081,S3-17661522,S3-182335798
S1-376998837	S2-959621859,S2-94723890,S2-424022015,S3-419925606
S1-542760173	S2-81508654,S2-448422093,S3-98201659,S3-559174640
S1-364801811	S2-592146160,S3-991409950
S1-219328684	S2-662666180,S2-647479178,S2-625108603,S3-154030014
S1-406335562	S2-368871560,S2-825028628,S2-712271124,S3-877632539,S3-624270868
S1-372708994	S2-617624125,S2-88259505,S3-429255618
S1-161344859	S2-663105009,S3-612756505,S3-615620828,S3-725732823,S3-86327265,S3-10027116
S1-534253989	S2-113327793,S3-676197243,S3-738858999
S1-226143068	S2-219070345,S2-6289616,S2-894128444,S2-756561977,S3-943590898
S1-797443621	S2-748941570,S3-32133313
S1-725193053	S2-24813304,S2-553751315,S3-25508248,S3-821906631,S3-886155445
S1-227748745	S2-825314779,S3-902521477,S3-711477271
S1-426287797	S2-616499566,S3-343345104
S1-825078081	S2-127768763,S2-939036911,S2-78877850,S2-967031042,S3-383366075
S1-124591643	S2-853612106,S2-139049670,S3-132992873,S3-917110493
S1-971532112	S2-613408694,S3-322088832
S1-534804733	
S1-112672841	S3-970638786,S3-954721215
S1-132283330	S2-236570522,S3-762710980,S3-53417099,S3-281798655
S1-284984320	S2-37705832,S2-28194183,S2-872921947,S2-11850881,S3-514928408,S3-318576472,S3-459221267
S1-403374275	S2-830979278,S3-610315408,S3-649758363
S1-85449419	S2-26338447,S3-637867292,S3-457711738
S1-225185151	
S1-185302322	S2-229959734,S3-330127527,S3-763476519
S1-948449042	S2-664978374,S3-253428184,S3-896204558
S1-995615193	S2-367832128,S2-861937030,S3-374149120,S3-50168169
S1-607048303	S2-192062284,S2-730937160,S2-555382962,S3-617891832,S3-877934489,S3-873986282
S1-685432813	
S1-191218490	S3-884791424,S3-67678286
S1-566717878	
S1-190660311	S2-81430119,S3-427855563,S3-396977011,S3-283402266
S1-653479339	S2-64892498,S3-73160276
S1-941774291	S2-556453915,S2-867262804,S3-89706364,S3-446316070
S1-631129624	S2-812061730,S2-132256046,S2-440459291,S3-697539527,S3-359690678,S3-974908808,S3-329794292
S1-267126755	S2-637679081,S2-705608823,S2-889232970
S1-530598135	S2-843455663,S2-864687632,S3-140016427,S3-767313639,S3-718755255
S1-856769914	S2-12826956,S2-595262358,S3-837316018,S3-540934816
S1-537776002	S2-962534250,S2-646066251,S2-318548032,S3-462899277,S3-505815493,S3-409860560
S1-992827820	S3-727686658
S1-289145071	S2-87746072,S3-907373639
S1-703096172	S2-1635925,S2-637688321,S3-774894458
S1-497327583	S2-473101829,S2-885610672
S1-130915661	S2-955053256,S3-379545969
S1-67456270	S2-341837102,S2-953146928,S2-207443279,S2-948594980,S3-29180303,S3-605984840,S3-5370914,S3-774278390
S1-22920497	S2-957428649
S1-211918171	S2-616203702,S2-311055089,S3-376526865,S3-933969626
S1-376741621	S2-174916108,S2-768506114,S2-641954272,S2-862038858,S2-460640536,S3-779924815,S3-123930198,S3-426018225
S1-388801777	S2-732047399,S2-969771112,S3-942361427
S1-584238490	S2-394478018,S2-878334169,S2-260385818,S2-11494376,S3-952016832
S1-323094864	S2-103424718,S2-741673907,S3-817912549,S3-111479406
S1-321114134	S2-634467002,S2-515851080,S3-467263941,S3-763976752,S3-16506689
S1-556572335	S2-291111901,S3-778635104
S1-971052275	S2-558695507,S3-780609476,S3-799280098
S1-511763884	S2-875297555,S3-626154038,S3-684643290
S1-322964615	S2-279171204,S3-755700770
S1-405354307	S2-995179706,S3-652101819
S1-200494661	S3-507398068
S1-675565403	S2-120336473,S2-469598708,S3-60594682,S3-504938037,S3-271008849
S1-786353031	S2-254897372,S2-429390007,S2-265690859,S3-222508419,S3-815722777,S3-797406068
S1-313295455	S2-607985786,S3-809363847,S3-287913713
S1-644980350	S2-923325676,S2-533433981,S2-768412048,S3-914370592,S3-5002415
S1-873088570	S2-518513851,S2-844871823,S2-280226546,S3-382857765,S3-992432374,S3-408513108
S1-436300979	S3-132493202,S3-458720606
S1-432203086	S2-327702920,S3-402003776
S1-740567789	S2-872382745,S3-889397572,S3-383250679,S3-442919171
S1-489255633	S2-398947191,S2-745248011,S3-470313890,S3-425027475,S3-846017389
S1-524661091	S2-226236361,S3-460245670,S3-447497594
S1-155935439	S2-334367394,S3-114135760,S3-922455376,S3-597583636
S1-816817943	S2-372727896,S2-689845339,S2-421564654,S2-515639238,S3-610700557,S3-881961312,S3-427706525
S1-867163608	S2-5207308,S3-927552695,S3-482005797
S1-539077121	S2-910080567,S2-424065233,S2-812209397,S2-100824198,S3-332170107,S3-561515116
S1-557716936	S2-513582646,S3-422557056,S3-157723808
S1-21501904	S3-451088439
S1-74385651	S2-101263137,S3-165349000,S3-335931475,S3-939209655,S3-147448159
S1-39728019	S2-919388882,S3-170561888
S1-120998949	S2-647588474,S2-997866389,S3-595976703
S1-844154244	S2-406134,S2-803275571,S3-276802677
S1-358105699	
S1-750809986	S2-958865206,S2-953527130,S2-336511425,S3-168363917
S1-734974969	S2-671706365,S2-655523828,S3-168482003,S3-977686436
S1-580671755	S2-710955650,S3-744630421,S3-537727624
S1-197471630	S2-245381062,S3-860756083,S3-263873857,S3-773169530
S1-883565059	S2-913825910,S2-987117004,S3-205985439,S3-935822716,S3-520110600
S1-682472628	S2-450536495,S2-399593262,S3-830626714,S3-71964372
S1-764306571	S2-309010377,S2-657263797,S3-476444765,S3-137834630
S1-847967218	S2-94465926,S2-455464828,S3-332047742,S3-310348244,S3-305753514,S3-452889798
S1-573544116	S2-655948746,S2-435850563,S3-315896447,S3-205728559,S3-632275061
S1-345635411	S2-567947923,S2-996335181,S3-485670920,S3-36417389,S3-701394563
S1-35124137	S2-521547309,S3-900722973,S3-657557579
S1-296536496	S2-100979413,S2-88923066,S3-926625083
S1-604982372	S2-555891013,S2-955124199,S3-383797855,S3-761953848,S3-472049959,S3-977885601
S1-218210178	S2-5812438,S3-220138932,S3-625472377
S1-148227840	S2-779242596,S3-689789650,S3-274046392
S1-560279977	S2-782242246,S3-406175886,S3-656943197,S3-454247163,S3-238833516
S1-909831529	S2-974764907,S2-446785847,S2-312934117,S3-331901275,S3-463397203,S3-27199280
S1-684080449	S2-469640025,S2-369075652,S3-525876022
S1-872659870	S2-346126693,S2-618037549,S3-356117770,S3-329210644
S1-175026850	S3-148587273,S3-447491295
S1-182091775	S2-433153724,S3-276902028
S1-676346022	S2-136820203,S2-71663923,S3-63968296,S3-241669198
S1-116472221	S2-704715793,S2-455308420,S2-944920320,S2-160968348,S3-198105790
S1-121033107	S2-450975105,S2-192191711,S2-306470644,S2-556379857,S2-179208590,S3-797477455,S3-772643125
S1-507838363	S2-849896447,S2-822599916,S2-288197695,S3-974522258,S3-345686579
S1-802286979	S2-266723830,S3-326473170
S1-132579801	S2-11374042,S3-434979799,S3-452068312,S3-29408074,S3-336584551
S1-990235790	S2-566028651,S2-906777823,S3-107309610,S3-556097964
S1-221082826	S2-973780058,S2-353344131,S3-365948304,S3-765848267,S3-13537974
S1-579350468	S2-369203743,S2-280356643,S3-612474451,S3-128070097
S1-879001209	S2-670060474,S2-533919438,S2-135032948,S2-613883821,S3-711067641,S3-225366297,S3-945191891,S3-753979932
S1-229295478	S2-735361219,S3-929938435,S3-994115840,S3-81251460
S1-930566027	S2-316948399,S2-15733391,S2-609269978,S3-657186544,S3-922334885
S1-513536912	S2-953852126,S3-439662724,S3-326282431,S3-99614828,S3-564022542,S3-205177210
S1-213411847	S2-508234297,S2-560822434,S3-934642239,S3-642999348,S3-805854551
S1-483427898	S2-70101604,S2-761234750,S2-151586659,S2-161914177,S3-250606734,S3-361008467,S3-839327578,S3-159287811,S3-202606479
S1-282192452	S2-271416485,S2-283691706,S2-944492127,S3-728614781,S3-610937371,S3-257856796
S1-341028097	S2-741594040,S2-431885365,S2-577794132,S3-48395409,S3-443148176
S1-596230046	S2-558093911,S3-289360395,S3-710605860
S1-104563105	S2-540392163,S2-569791331,S3-62440250
S1-688581194	S2-252980800,S2-72329091,S2-169213360,S3-371603039
S1-775199677	S2-431587014,S2-11099848,S2-141301483,S3-323147422,S3-921578039
S1-12116264	S2-47873265,S3-168123723,S3-153380867,S3-513335811,S3-857447255
S1-705377834	S2-731583843,S2-255214425,S3-166874418,S3-196500071
S1-831029143	S2-217114792,S2-66375054,S2-778792376,S3-588337475
S1-636980392	S2-974812965,S3-693202476,S3-752277473,S3-169844803
S1-358412588	S2-262274003,S3-658041084
S1-381434501	S3-513156653
S1-740210917	S2-550594524,S2-701405572,S2-254838739,S3-931182508,S3-708924070
S1-795342979	S2-150704358,S2-198308883,S3-385433670
S1-908930245	S3-755848242,S3-649895764,S3-988383364
S1-991671970	S2-348311673,S3-31712938
S1-259412805	S3-789825156
S1-444637680	S2-948950487,S2-298455682,S3-614606797,S3-901433
S1-571651114	S2-783311474,S3-151369453,S3-11572255,S3-659448507
S1-119204641	S2-136793489,S2-118267125,S3-509195605,S3-84606427
S1-121483236	S2-561873632
S1-907501667	S2-774617234,S2-48606814,S2-89033592,S3-460039956
S1-326240977	S2-793345404,S3-793602199,S3-140064832
S1-415457463	S2-125133218,S3-485987688,S3-784809834
S1-475138845	S2-279225870,S3-768077334
S1-974215292	S2-486993709,S2-32657605,S2-917571897,S3-779924419
S1-740848347	S2-975492516,S2-427740762,S3-87125070
S1-504662775	S2-983539119,S2-103278842,S2-508517011,S3-549665394
S1-920173683	S2-671506018,S2-907866285,S2-220836888,S3-319167607
S1-752723427	S2-360853655,S2-432126585,S2-385819586,S3-302125640,S3-412903153,S3-581042902
S1-217978311	S2-306191925,S2-164691520,S3-423841444,S3-780056321,S3-913781332
S1-884636999	S2-502590427,S3-687735722
S1-551230653	S2-447959107,S2-558922017,S3-914904546,S3-939846507
S1-356474973	S2-42755072,S3-421578118,S3-916633410,S3-223991776
S1-247564649	S2-224765896,S3-658828352
S1-493248069	S2-97664536,S3-827977816
S1-584794957	S2-97561311,S2-890763776,S2-247568819,S2-597669697,S3-907456467,S3-114337414,S3-994295035
S1-630814833	S2-926785242,S2-791730917,S3-7681927,S3-979283392
S1-566475306	
S1-621075768	S2-938332538,S2-235129437,S2-630357585,S3-105686387
S1-316288487	S2-126303293,S3-291327472,S3-893794023
S1-194409830	S2-861569461,S2-135242285,S2-330364421,S2-819353705,S3-899520997,S3-294246906
S1-13395717	S2-978274419,S3-834729484,S3-180036848,S3-572364342,S3-635251263
S1-427706809	S2-597337700,S3-877763122,S3-271369607
S1-648140362	S2-949966661,S3-309021173,S3-784320266
S1-42838737	S2-365547463,S2-187928160,S3-953377214
S1-135341017	S2-304005826,S3-607691830,S3-758425078,S3-227923551,S3-536818912
S1-475175648	
S1-953201642	S2-292439473,S2-900716242,S2-69909205,S3-539022978,S3-665424778
S1-582064203	S2-437446843,S2-195348924,S2-597786952,S3-141049513
S1-660761194	
S1-874330329	S2-891035705,S2-703247673,S2-196945143,S2-870635783,S3-597726631,S3-880577893
S1-333312225	S2-625188497,S2-338174137,S3-757373451,S3-57306581,S3-994592404
S1-985557718	S2-561500694,S3-665601204,S3-666800040,S3-169945689
S1-422837328	S2-389250145,S2-509620654,S2-917871810,S3-840025295,S3-599136142
S1-491504892	S2-212320149,S3-730271467
S1-633399408	S2-319628377,S2-285229383,S3-148416037,S3-524125097,S3-854046855,S3-603235497
S1-433149252	S2-941764356
S1-188459474	S2-715321815,S2-3770803,S3-639492375,S3-931673886,S3-804949485
S1-654754803	S2-753617261,S3-870202990
S1-916349902	S2-376422016,S2-644188577,S2-109865830,S3-230549133,S3-83670901
S1-464802684	S2-717865906,S2-943763718,S2-201164620,S3-613829600
S1-476099707	S2-721589596,S2-460268104
S1-237442617	S2-340334555,S2-476160090,S2-82844606,S3-665587627,S3-75903389
S1-355666451	S2-259025550,S2-164506262,S2-58239549,S3-333642423,S3-679927369
S1-659948356	S2-908463346,S2-837930904,S3-50527286
S1-873324904	S2-975233955,S2-194502561,S3-97737834
S1-171613793	S2-188942516,S2-614155984,S3-734055755,S3-304886236
S1-503537903	S2-416756723,S2-789705679,S3-863410866
S1-869803823	S3-935032327
S1-558968084	S2-30797798,S2-353695340,S3-84179955,S3-795105916
S1-667436389	S2-631345728,S3-61670422
S1-739349743	S2-712372316,S2-574865912,S3-703420884
S1-15317499	S2-542576236,S3-324874116
S1-850676790	S2-747719362,S2-193262965,S3-114647918,S3-987774027
S1-519812788	S2-81712527,S2-450331260,S2-284791242,S3-458674973
S1-604364797	
S1-806204865	S2-246995223,S2-879409720,S3-856732011,S3-370494075
S1-794878927	S2-945851041,S2-596899973,S3-396410892
S1-762111452	S2-977186531,S2-71915986,S3-843853683,S3-890837470,S3-545934786
S1-904922583	S2-787780086,S3-520744504,S3-498210556
S1-988632000	S2-174311569
S1-492918874	S2-422903154,S3-321406460,S3-643632862
S1-334878813	S2-334600947,S2-73970856,S3-549499511
S1-150726726	S2-939061860,S3-211368580,S3-108815164
S1-816124711	S3-970533517,S3-109779789
S1-75559409	S2-305655726,S2-216899649,S2-132855566,S3-46403436
S1-47603285	S2-483668271,S2-217267130,S3-192145320,S3-149766952
S1-376103276	
S1-810531282	
S1-791782697	S2-357882880,S3-812091862,S3-394364106
S1-21556608	S2-368902075,S3-794763043
S1-287692036	S2-132764151,S2-904584522,S3-310618251
S1-205585935	S2-988348285,S3-870242758,S3-230270506
S1-817116959	S2-713896541,S2-130199848,S3-675899545
S1-7681588	S3-54389512,S3-963856383
S1-828686386	S2-968065849,S3-900919596,S3-842409199
S1-492886730	S2-178282772,S3-183309061,S3-884893255,S3-704791870
S1-306700396	S2-13089353,S2-393364283,S3-897017912
S1-289336529	S2-699758600,S3-831231999
S1-877420240	S2-530570915,S2-541372936,S2-164841040,S3-169991175,S3-871391936
S1-442711153	S2-720917017,S2-564930758,S2-624345373,S3-600239388
S1-259990998	S3-392848012,S3-401556485,S3-121317096,S3-67774425
S1-380599639	S2-768231371,S2-442060909,S3-72872705,S3-579913980,S3-657685718
S1-211420328	S2-921320981,S3-334265376
S1-757815451	S2-245049769,S2-439248479,S3-659162033
S1-407890999	S2-673185424,S3-71417886,S3-242979753
S1-517333119	S2-677949008,S3-708412749,S3-614691129,S3-144554014
S1-722110759	S2-444838743,S2-963154998,S3-837425148,S3-589343506,S3-916247180,S3-367122321
S1-159109680	S3-172376327,S3-445005571,S3-809152938,S3-707912323
S1-308783408	S2-402903183,S2-44949955,S2-146577649,S3-639471551
S1-339771600	S2-11922900,S2-842276601,S2-300815907,S2-107752304,S3-23715778,S3-152858274
S1-784573402	S2-258332119,S2-261023254,S3-554965397,S3-411038162
S1-675380886	
S1-767611081	S2-872272852,S2-231421735,S3-796483659
S1-314263708	S2-948634191,S3-412881791
S1-50129599	S2-425410432,S3-424824571,S3-453672135,S3-720800802
S1-511575877	S2-649733098,S3-866739797
S1-125624867	S3-272102815
S1-568388680	S2-906569218,S2-21869669,S2-595195390,S3-967594043,S3-411414912,S3-987899416
S1-656768927	S2-475689404,S2-815994906,S2-284097694,S2-868611015,S3-430449970,S3-101406192
S1-186239559	S2-794463422,S2-97531043,S3-207997915,S3-503195425
S1-376391153	S3-528551133,S3-126000445,S3-82618932
S1-956996546	S2-345133608,S2-634726422,S3-96315835,S3-217566797,S3-220183289
S1-787185381	S2-317500295,S2-935138415,S3-807385935
S1-825235669	S2-485682234,S2-890639995,S3-364621796
S1-494247173	S3-892073649,S3-6266892,S3-331490765
S1-473107012	S3-453398498,S3-972571874
S1-860257264	S3-808900233
S1-63982160	S2-843567014,S3-886424108,S3-760598868,S3-541514002,S3-933174567
S1-178108140	S2-936826647,S2-677424936,S3-435176850,S3-39183984
S1-264367952	S2-431353110,S3-391807578,S3-310538728
S1-784648116	S2-88864336,S2-608510162,S3-454112666,S3-290647927
S1-847368421	S2-704338214,S2-135239426,S3-236489949
S1-581234770	S2-410464647,S2-231100252,S3-39297968,S3-153241382,S3-131913959,S3-920205603
S1-845094461	S3-221150030,S3-89446081,S3-687679157,S3-160348997
S1-687234945	S2-955202155,S3-547196754,S3-532259599,S3-756297884
S1-20989996	S2-717645169,S2-176369929,S3-507394990,S3-568137470,S3-252351430
S1-672425448	S2-66682590,S3-486727368
S1-713044775	S2-843866704,S3-408054315
S1-540054011	S2-596766444,S2-852002501,S2-177059806,S3-248875637
S1-65864153	S2-940067050,S3-510908046
S1-916642103	S3-365978450,S3-424515120
S1-236498825	S2-317647861,S3-337733164,S3-691576207,S3-384283597
S1-305833797	S2-433793333,S3-542149898
S1-444259359	
S1-412087678	S3-464382881,S3-447174024,S3-443001764,S3-837152456
S1-163842153	S3-455821170,S3-188215079,S3-151085208
S1-297331797	S3-8622909,S3-386182661,S3-972530364,S3-232153076,S3-638173044
S1-467548375	S3-89370150
S1-519088206	S2-643539022,S2-907170200,S3-760281703,S3-541146469
S1-865768342	S2-258921942,S3-437421600,S3-890790327
S1-58319273	S2-190709494,S2-906827770,S2-821050856,S2-121170269,S3-85317755
S1-83002942	S2-547643470,S2-673280612,S3-236038377
S1-718118348	S2-682881066,S3-240456580,S3-336875197,S3-196942038
S1-867372187	S2-456942664,S3-452295165,S3-582484568
S1-522471170	S2-817302550,S2-56205456,S3-154113460,S3-524861562,S3-179701081
S1-38477494	S2-157806144,S3-415555675
S1-327662270	S2-868805583,S2-133274356,S2-885538327,S2-654614404,S3-953684931
S1-236247546	S2-188244842,S2-149781495,S3-621996228
S1-916755050	S2-268246194,S3-6849128,S3-29232639,S3-625020170
S1-642152257	S2-362800639,S3-592066890,S3-779156339
S1-81311561	S2-660462,S3-242609092
S1-736831985	S2-422786327,S3-539369153,S3-770022670
S1-203060484	S2-135645237,S3-57798455
S1-472717963	S2-36900206,S3-427373163,S3-156311101
S1-549064380	S2-95026626,S2-663234059,S3-725668599
S1-524574059	S2-586654174
S1-456038488	S2-736793700
S1-725217361	S2-402903755,S2-963052489,S2-9016041,S3-75249409,S3-625376180
S1-633001638	S2-880605167,S2-854996024,S3-456541204,S3-365954452
S1-579355576	S2-378563864,S2-831159532,S2-264828932,S3-878664664
S1-155197685	S2-291023924,S2-855372556,S3-905043876,S3-406040054,S3-373892011
S1-871138751	S3-89396643
S1-510844601	S2-20857116,S2-212536035,S3-256280326
S1-160737494	S2-253527695,S3-676875696
S1-573128828	S2-807957849,S3-261044325
S1-439705127	S2-801173176,S3-334720214,S3-498795459,S3-742273440
S1-27554343	S2-596773644,S3-316908263,S3-505442108
S1-67471118	S2-499384126,S2-613613932,S3-216641291
S1-649219236	S2-21746692,S2-930841725,S2-36738773,S3-584848809,S3-110191434,S3-325364083
S1-353052522	S2-145817744,S3-459739254,S3-498186795,S3-672076053
S1-179080764	S3-247476541,S3-529604680,S3-263925722
S1-567346896	S2-780132176,S2-379884517,S2-881745847,S2-354711841,S3-829172630
S1-605895393	S2-994080352,S2-515829880,S3-540085241
S1-285908073	
S1-218897463	S2-360802509,S2-145490464,S3-378159595,S3-295370136
S1-244323995	S2-320920379,S3-369775192,S3-769732352,S3-118609573
S1-450925662	S2-487754263,S2-588415512,S2-709393268,S2-451182261,S3-419549804,S3-406735398
S1-41669896	S2-965429466,S2-497885766,S3-719181928,S3-195187947,S3-191154487,S3-639737753
S1-50216285	S2-59533104,S2-956148001,S3-831788987,S3-347342075,S3-708947692
S1-871713883	S2-296915293,S3-147153733,S3-916920681,S3-297007968,S3-911979041
S1-261700926	S2-626097780,S2-416857242,S3-788638446,S3-679088606,S3-757100336
S1-409568084	S2-203364065,S2-192150933,S2-393645143,S3-246719160,S3-141272443,S3-92866499
S1-62411357	S2-799443977,S2-425340352,S3-252263417
S1-94958600	S2-740561092,S2-980372801,S2-770099041,S3-719488778,S3-736268628,S3-47738963
S1-742087910	S2-575259355
S1-468649797	S2-59289793,S3-664155868,S3-258095470
S1-203066110	S2-482978094,S2-773076943,S3-953975707,S3-725939984
S1-538010219	S2-439462488,S3-738991948
S1-245444578	S2-145855815,S2-77538109,S3-534971760
S1-540008396	S2-175123405,S3-18804806,S3-586477434
S1-672158279	S2-606473926,S3-535493079,S3-925567715,S3-914397167,S3-920821009
S1-720423857	S2-619885620,S3-834559878,S3-999311427,S3-221953445,S3-308588466,S3-877072745
S1-797472388	S2-946348524,S2-68918347,S2-939411004,S3-132942290,S3-203856290
S1-404713279	S2-963683003,S2-941160334,S3-214632988,S3-839602267
S1-578767920	S2-811528382,S2-239783226
S1-42010881	S2-561298112,S3-189469123,S3-782922994
S1-686644821	S2-823116833,S3-625209718
S1-44012628	
S1-314822990	S2-17717237,S2-331081258,S3-107505310
S1-730463260	S2-827467424,S2-502095499,S3-497424166,S3-39940492
S1-920029234	S2-682623570,S2-23999262,S2-294448471,S3-937977373,S3-480153918
S1-187150544	S2-58967761,S2-882950340,S3-264928692,S3-624400813,S3-851552738,S3-492292661,S3-784226912
S1-360057456	S2-266246798,S3-319197558,S3-135056529,S3-241019502
S1-557794946	S3-653140610
S1-890089186	S2-398146363,S3-99886184
S1-801660956	S2-373830691,S2-542095073,S2-792874555,S3-896058970,S3-507436569
S1-397358582	S2-788000547,S3-858256455
S1-467673009	S2-306847010,S2-467341228,S2-420200301,S2-763789918,S3-928242002
S1-685373738	S2-86869249,S3-380572742,S3-129531324
S1-745641812	S2-814653951,S3-559298988,S3-16007119
S1-859877187	S2-495989751,S3-377063813
S1-772469838	S2-82286457,S2-866643712,S3-706689101,S3-425350544,S3-821378376
S1-366852657	S2-491717298,S3-465718477
S1-78042034	S2-966390719,S2-461874160,S2-609238810,S3-198954253,S3-23960364,S3-439474710
S1-809067285	S2-264612121,S3-959464499
S1-144616959	S2-390310950,S3-538402402,S3-82262411
S1-824002293	S2-27251869,S3-591444753,S3-120718397,S3-620627530
S1-191377084	S2-360968908,S2-459174667,S3-714079933,S3-791221272,S3-20054739
S1-599143415	S2-878387232,S3-393641300,S3-143960754
S1-157929685	S2-332295000,S2-731597148,S3-747924976
S1-300509080	S2-168278517,S2-511943606,S3-968125862
S1-152284300	
S1-940689739	S3-180257510,S3-510215389
S1-260718434	S2-755255715,S2-282286343,S2-867955495,S3-930149271,S3-253758698
S1-75009675	S2-305739693,S2-296080650,S3-425292936
S1-699090243	S2-147307224,S2-648014906,S3-798422845
S1-651454980	
S1-931781623	S2-46348864,S2-268670503,S3-146781181
S1-42424182	S2-310174834,S3-567154964
S1-179421355	S2-29562792,S2-598247314,S2-385650081,S2-771585575,S3-32282610
S1-15041991	S2-239468985,S3-291356646,S3-365206556,S3-252968163
S1-718814894	S2-735586681,S3-961604892
S1-562162276	S2-59827312,S3-289302555,S3-877160336
S1-551687251	S2-178626812,S2-507482516,S2-64589380,S3-418683389,S3-898196778
S1-365055173	S2-988936751,S2-681991192,S3-765725315,S3-191631642,S3-580386958
S1-182023619	S2-947146714,S2-604621674,S3-382341453
S1-621557622	S3-565200493,S3-442376472
S1-931236704	S2-26897029,S3-424994967
S1-664730049	S2-92031512,S2-635316094,S3-4996196,S3-170247817
S1-805695000	S2-823080764,S2-81865731,S3-18985924,S3-387948402,S3-493440370,S3-911459264
S1-567605016	S2-560072382,S3-111152324,S3-58886541
S1-612786743	S2-599468654,S2-773380777,S3-331086722,S3-891876588,S3-43265461,S3-467452824
S1-521675088	S2-176813718,S3-579214332
S1-722710795	S2-248318948,S3-346536892,S3-886087171,S3-556168180,S3-42013261
S1-152210395	S2-39922765,S2-478701146,S2-370390999,S2-583027706,S3-532210278,S3-21776277
S1-477052343	S3-351942538
S1-214484592	S2-338518874,S2-333525379,S3-858614583,S3-278714299
S1-325154825	S2-521508387,S3-990949533
S1-640650149	S2-366984776,S3-937429948,S3-241054536,S3-609812176
S1-590201672	S2-299248262,S2-406936413,S2-540724481,S3-507618777
S1-914142408	S2-1192527,S2-32983499,S3-928017871,S3-827326905,S3-741992405
S1-30532704	S2-853535047,S3-697435015,S3-598780684,S3-214895610,S3-843177148
S1-240291825	
S1-99156027	S2-743831123,S2-827055601,S3-805273773
S1-364335336	S2-988662471,S2-580710746,S3-13744368
S1-971746426	S3-709852263,S3-539417046
S1-90806170	S2-647535710,S2-11929626,S2-633839855,S2-518483201,S3-996977601,S3-338560963
S1-477846117	S2-797025507,S2-677026116,S2-982834255,S3-271856745,S3-886844652,S3-380140034
S1-899237800	S2-436021164,S2-604980982,S2-284088914,S3-714306198
S1-765563791	
S1-520488757	S2-336858080,S2-922122474,S2-293338885,S3-900308653,S3-275412594,S3-660537586
S1-622583375	S3-161390073,S3-177257287
S1-498372929	S2-735245429,S3-293381579,S3-830323972
S1-281144602	S2-836488506,S2-115381484,S2-258890187,S2-478302290,S3-309134576
S1-602232026	S2-778783262,S3-342785665
S1-250542952	S2-775198567,S2-25418032,S2-442886519,S3-151625895
S1-130980668	S2-400219504,S3-547761454,S3-96064031
S1-48760025	S2-501405457,S2-760971211,S3-693364556,S3-927785780
S1-919536057	S2-535948269,S3-782397057,S3-593841712,S3-693584904
S1-774639994	S3-344832450
S1-352951940	S2-427631051,S2-341090757,S3-407763839,S3-911361242
S1-329660148	S2-746949583,S3-515038938
S1-986832215	S2-121353183,S2-823322484,S2-731837378,S3-676406869,S3-494220378
S1-472079482	
S1-73310156	S3-277177711,S3-359156962,S3-241839853
S1-292925034	S2-606962766,S3-61899662,S3-817863888
S1-428587907	S2-196470422,S3-65716925,S3-598718869
S1-549400388	
S1-532681239	
S1-326357198	
S1-786464518	S2-341094166,S2-499157669,S2-761507527,S3-748753263,S3-803226968,S3-603813289
S1-457087698	S2-395695486,S2-131282711,S2-922324332,S2-814440888
S1-65040638	S2-659805259,S3-276959433,S3-654696614,S3-660739667
S1-819491897	S2-31648246,S3-738683382,S3-458120613,S3-482057052,S3-388254855,S3-181144000
S1-682099300	S2-170516975,S3-208963581,S3-958912813
S1-140011689	S3-193497692,S3-526368710,S3-423657026
S1-561648424	S2-11858648,S2-144409523,S3-522975867,S3-733694746,S3-960514294
S1-241542861	S2-84172816,S2-922126633,S2-136485830,S3-619245160,S3-952232329,S3-387838104
S1-282684893	S2-767141358,S2-46494479,S2-311396059,S3-743950768,S3-347264433,S3-320781818,S3-489068895
S1-304796938	S2-56829645,S2-740543733,S3-673400765,S3-560080626
S1-198998414	S3-373058811,S3-691768856
S1-898625006	S2-244401989,S3-7881959,S3-727873822,S3-799624677
S1-902338084	S2-982812614,S2-289362718,S2-834536003,S3-334703800,S3-577920202,S3-975042924,S3-392996410,S3-73700802
S1-956388244	S2-128354331,S2-837114218,S2-45545105,S3-821197137
S1-953635565	S2-960535457,S2-936877984,S3-338334903,S3-317298097,S3-132251168
S1-727060606	S2-668550485,S3-947149863
S1-213111284	S2-256585137,S2-339303496,S2-63279770
S1-399605881	S2-405384219,S2-159518740,S3-13942292,S3-257205346,S3-436293991
S1-81883255	S2-45116604,S2-35542204
S1-385874217	
S1-888838678	S2-30774426,S3-749729131,S3-5124386
S1-362676759	S2-228073585,S2-36134109,S3-987129569,S3-636027738,S3-591419402,S3-795445942
S1-607917259	S2-653359259,S2-52785753,S3-2100582,S3-602361791
S1-257552083	S2-341241275,S2-549328704,S2-752359888
S1-474066057	S2-669873608,S2-133902803,S2-521165077,S3-679004696,S3-779574400,S3-190574300,S3-407637176
S1-92426272	S2-282614131,S2-636524530,S2-233247457,S2-627094046
S1-362196933	S2-823781830,S2-69415586,S2-788504443,S2-739178233,S3-14169350,S3-887608603,S3-277063820
S1-648320837	S3-890151655
S1-575024098	S2-848154457,S2-52008653,S2-938155836,S2-525464740,S3-94724618,S3-49984981,S3-330232429,S3-159476425
S1-988504883	S2-366478749,S2-507776116,S3-778665625,S3-127038193,S3-219400061
S1-259566176	S2-592878179,S2-922578686,S3-673230550,S3-540114735
S1-9677911	S2-266960902,S2-814078884,S2-815162647,S3-275470234
S1-331890905	S2-264937556,S2-854867872,S3-965486297,S3-586483194
S1-71112458	S2-389749084,S2-941106663,S2-683808461,S3-906559929,S3-459433749
S1-575078132	S2-822838348,S2-724011719,S3-392523555,S3-381427879
S1-678553922	S2-562968001,S3-150793825,S3-251922193,S3-398395765,S3-963829198,S3-101585466,S3-438625676
S1-438240273	S3-69634135,S3-227860951,S3-657946226,S3-887140336
S1-911158884	S2-920341316,S3-925863158,S3-967871667
S1-826848875	S2-353210640,S3-615393109,S3-252928594,S3-199518998
S1-466590618	S3-497464734,S3-40718403,S3-656627989
S1-427054535	S2-362561825
S1-975468295	S2-48487158,S2-17396401,S2-268253652,S3-62972507,S3-55619348
S1-600985551	S2-306106414,S2-750056480,S2-177327967,S3-438439996
S1-643796964	S2-587320254,S3-724624679,S3-915200836,S3-793428873
S1-698819992	S2-881246122,S2-28675067,S3-458390719,S3-367606782,S3-487028516,S3-451235813,S3-207356932
S1-800419832	S2-379622810,S2-584608728,S2-986511621,S2-418524077,S3-468487050,S3-932016318,S3-814760508
S1-989882629	S2-768763956,S2-635086307,S2-913106075,S3-911211495,S3-276698743
S1-907673049	S2-216614663,S2-742330468,S2-12533261,S3-768710400
S1-532085230	S2-77603379,S2-889262913,S2-897885873,S3-364497230,S3-783793916
S1-928738219	S2-860238547
S1-833769341	S2-131325287,S2-970161964
S1-825531359	S2-884091284,S3-620067444,S3-904632111
S1-699164418	S2-501928804,S2-194856357,S3-128336263,S3-866401297
S1-58873701	S2-492450731
S1-154566559	S3-450584763,S3-456130472
S1-907448678	S2-787093468,S2-48346224,S3-640560244
S1-621363561	S3-363422247
S1-599817155	S2-513065148,S2-463465128,S2-599848241,S3-410124869,S3-635241328
S1-440348732	S2-665216497,S3-417640699,S3-513330383
S1-120273584	S2-545454766,S2-328633765,S2-42224273,S2-397407734,S3-737651768
S1-889904524	S2-935063068,S3-320206820,S3-979080688,S3-136378227
S1-58852190	S2-830319485,S2-772277916,S3-809560929,S3-315800817,S3-625879735
S1-795443528	S2-629449858,S2-573590166,S2-543965214,S2-342987468,S3-375549893,S3-23058912
S1-130816034	S2-697220216
S1-975917621	S2-495767415,S2-59017051,S2-793881182,S3-226486264,S3-687288635,S3-383521806
S1-296968454	S2-389320189,S3-727942925,S3-636208728
S1-30433076	S2-260134407
S1-66211820	S2-287357387,S3-697531401
S1-709547115	S2-835229417,S3-398461269,S3-378362830,S3-784497369
S1-220632236	S2-811729142
S1-627098240	S3-194842300,S3-80310188,S3-709894098
S1-205966635	S2-192261043,S3-55465218
S1-133974685	
S1-130339946	
S1-744657407	S2-645809090,S3-390656889,S3-89971412
S1-553299556	S2-393602163,S3-42110902,S3-790842158
S1-235042749	S2-310118155,S2-956566532,S3-724382794
S1-70734274	S2-147860013,S3-611196289,S3-809453965
S1-676789114	S2-716658279,S2-623042494,S3-51133335,S3-818627556
S1-988142876	S2-80099817,S2-576897818,S3-893957514,S3-211462063
S1-167244213	S2-784996006,S2-363512742,S3-676635040,S3-462489266,S3-856760525
S1-207077205	S2-538680423,S2-151952151,S2-380655515,S3-336410705
S1-565865937	S2-379775341,S2-899216318,S2-660232201,S2-214091052,S3-748081354
S1-198305549	S2-41334261,S2-655344356,S3-992328644,S3-233678377,S3-237226712,S3-855627391
S1-866991935	
S1-701953510	S2-985897085,S2-900964578,S3-637590499,S3-136241923,S3-104755163
S1-340821504	S2-793299331,S3-445077321,S3-796225511,S3-688420075,S3-768141619
S1-24238717	S2-914014468,S2-224271937,S3-823680506
S1-656661291	S2-752789002,S2-469515170,S2-681544188
S1-737161069	S2-293766884,S2-862384470,S3-875947304
S1-444134786	S2-447254724,S3-516379391,S3-551405415,S3-399763901
S1-385745620	S2-640433424,S3-141090423,S3-857012972
S1-652768169	S2-910225461,S2-498323267,S2-132480966,S3-500115673,S3-22236144,S3-671319195,S3-586543785,S3-180227473
S1-689150096	S2-398392178,S2-856295038,S2-618813799,S3-947324080
S1-137447100	S2-56977875,S2-501551780
S1-146830532	S2-889563941,S2-287905629,S3-204907353
S1-125387633	S2-38627597,S3-731144173
S1-284120052	S2-443080172,S3-520343012,S3-91305398,S3-117816941,S3-755940902
S1-779462204	S2-628251390,S2-696452662,S2-734390946,S2-292552802,S2-736853159,S3-483854458
S1-305296122	S2-792584959,S2-863396389,S2-242365837,S3-994696022
S1-368389223	S2-393798097,S2-732076967,S3-488850335,S3-33998223,S3-308976435,S3-799088793
S1-24009279	S2-318411876,S2-131404318,S3-939962038,S3-259288393,S3-362652060
S1-184569783	S2-251993310,S3-669948603,S3-931086758,S3-329607149
S1-6219666	S2-428268309,S2-263580690,S2-549596533,S2-46512554,S3-572530551
S1-760880296	S2-538112414,S3-636298179,S3-639315064
S1-145664388	S2-262490601,S2-685448375
S1-613968337	S2-380972656,S3-742519962
S1-318820315	S2-791740476,S2-957134245,S2-769503296,S3-228408047
S1-527692330	S2-714244170,S2-314875736,S2-359211126,S3-257189159
S1-145156679	S2-999153642,S2-392633370,S2-549123944,S3-752642269,S3-936214657
S1-361639348	S2-191373677,S3-142765085,S3-126167879,S3-465691049,S3-69896317
S1-352424042	S2-135222397,S3-435199277,S3-775807484
S1-583580358	S2-635845891,S2-361702240,S2-336661520,S3-16880265,S3-13840471
S1-656315190	S3-811110478,S3-811573450
S1-683371522	
S1-670108503	S2-821660009,S3-472717227
S1-389352947	S2-255461417,S2-836214193,S3-947440736,S3-849526532,S3-335472753,S3-213358470
S1-99270597	S2-444552127,S3-641494837
S1-234633045	S2-609476776,S2-404883036,S3-713783318,S3-348410143
S1-671230899	S2-994664902,S3-750963911,S3-366383040,S3-726212855
S1-501539770	S2-787315940,S2-746160673,S2-192387773,S3-297794743
S1-61299283	S2-516453266,S2-768586551,S2-930800095,S3-872356876,S3-445201942
S1-500625133	S2-561531040,S3-683420371,S3-807390789,S3-537151415
S1-897546196	S2-944792603,S2-502404466,S3-867712087,S3-513066136,S3-352352972,S3-621940413,S3-688551312
S1-285073344	S2-688047689,S2-152132859,S2-954125471,S3-91220402
S1-837208022	S2-163639274,S3-731511002,S3-941805953
S1-800181010	S2-958374816,S2-110342247,S2-131399421,S3-210932253,S3-321276992
S1-412461145	S2-488965343,S2-277187300,S2-730854407,S2-976759523,S3-938063224,S3-276591789
S1-782661240	S2-188029154,S2-435854364,S3-926959186,S3-413918934
S1-590154292	S2-329636531,S2-619297677,S3-568725272
S1-265848037	S2-910681817,S2-659964630,S2-811577513,S3-253900818,S3-584474816
S1-549013470	S2-176900875,S2-681204687,S3-20888806,S3-135971410,S3-453816057
S1-150750700	S2-106334878,S2-20702569
S1-712367311	S2-376478052,S2-134150954,S3-106953972,S3-907456856
S1-848254	S2-138147310,S2-744515789,S3-17840458,S3-142377956
S1-571531854	
S1-151739688	
S1-508230574	S2-225496192,S2-932119902,S3-571642554,S3-591109047
S1-527380975	S2-774004670,S2-415843007,S3-422058067
S1-88292828	S2-303527134,S2-21655286,S2-405923329,S2-290927368,S3-569028418,S3-445823212
S1-934961508	S2-497378998
S1-521103908	S2-488492798,S3-294502541,S3-637152984,S3-839750296
S1-951842800	S2-45397173,S3-928581269
S1-419672869	S2-112877401,S3-5778112,S3-362340926
S1-659955609	S2-264032642,S3-187340388
S1-445759141	S2-41139736,S3-189924264
S1-394030500	S2-517931876,S3-684292248
S1-760163783	S2-306700058,S2-447287892,S3-85361228,S3-151818877
S1-497414596	S2-544938620,S2-654428445,S2-289676958,S3-723599657,S3-700512504,S3-150680374
S1-577385858	S2-889036815,S3-449807190
S1-183107553	S2-666579500,S2-330644596,S3-944022475,S3-19845652
S1-601249893	S2-640940214,S2-450341061,S2-530352607,S3-686049814,S3-523343279,S3-912795468,S3-243661534
S1-780580958	S2-284307426,S3-295615212,S3-527159745
S1-57138672	S2-567089443,S3-77016315
S1-105520454	S2-693145436,S3-748023074
S1-670198918	S2-438282377,S2-840217995,S2-546153243,S3-783262160
S1-348910089	S2-263362717,S2-670904666
S1-527211919	S2-504783306,S2-728570092,S3-925766474,S3-645857064
S1-391768479	S2-511799974,S3-675933497,S3-100216100,S3-818325082,S3-396239631
S1-417911820	S3-750066385
S1-394578101	S3-972344512
S1-58952647	S2-840412887,S2-781127862,S2-733866857,S3-896331675,S3-662874588,S3-801795207
S1-953117252	S2-857415446,S2-248073669,S2-575118541
S1-336730852	S2-169734348,S3-796960490
S1-197104275	S2-299906525,S2-47852107,S2-505839472,S3-822665258,S3-711772944
S1-3951546	S2-889787671,S3-427420712,S3-616835390
S1-243418150	S2-908094974,S2-989905860,S3-839620943
S1-825762685	S2-941110007,S3-446041163,S3-204112932
S1-387307987	S2-104026138,S3-778476118
S1-894501402	S2-389832714,S2-327673628,S2-689400116,S3-14659368,S3-918830283
S1-47940374	S2-150381877,S2-962135253,S2-269302736,S2-132650772,S3-186865582
S1-367476188	
S1-270207149	S2-765495492,S3-71909359
S1-72819811	S2-6685906,S2-249168069,S2-293311340,S3-679065145
S1-83929837	S2-624894909,S3-137050468
S1-565164111	S2-169792929,S3-309580847
S1-367594936	S2-291477242,S2-203947325,S2-15340356,S3-235729659,S3-196359294
S1-924726674	S2-714091854,S3-807072359,S3-450048409,S3-30082903
S1-205064391	S2-262700116,S2-959209527,S3-112720270
S1-895530935	
S1-146949209	S2-579638834
S1-659348748	S2-172207378,S3-195385165,S3-460246913,S3-894866457,S3-328564120
S1-830562506	S2-956396693,S2-992206556,S2-822192531,S3-20242953,S3-177096049,S3-477582153
S1-313473623	S2-873533140,S3-147043732,S3-473145605,S3-976015108,S3-122864044
S1-4654382	S2-949303261,S3-431981375,S3-23332698,S3-881536059,S3-174729233
S1-414613491	S2-447868297,S3-956009281
S1-978597738	S2-256532142,S2-107741570,S3-487473107,S3-775061410,S3-89422741
S1-270475627	
S1-61272647	S2-69466063,S2-822892267,S3-981604574,S3-784535104,S3-121919700
S1-974939808	S2-746122675
S1-367804292	S2-991693039,S2-887678796,S2-212410997,S3-815203309,S3-353007422,S3-825243286
S1-394963859	S2-523199580,S3-86582831,S3-352158156,S3-642952732,S3-875010054
S1-694118499	S2-456718296,S2-594457593,S2-755722290,S3-869056226
S1-57407295	S2-921289169,S3-445053181
S1-199573737	S2-662644637,S2-719415452,S3-272297705
